2022-08-29T13:43:27,dense.1.relu,769,7,1.0100927352905273,0.5,0.1,32,64,14336,3836082708,5.173737525939941,1024,1024,1
2022-08-29T13:43:29,dense.1.tanh,769,51,1.0042576789855957,0.5,0.1,32,64,104448,3836082708,4.465119361877441,1024,1024,1
2022-08-29T13:43:31,rec.1.tanh,770,70,1.0108342170715332,0.5,0.1,32,64,143360,3836082708,4.444352626800537,1024,1024,1
2022-08-29T13:43:33,rec.1.relu,770,89,1.0091309547424316,0.5,0.1,32,64,182272,3836082708,4.45277214050293,1024,1024,1
2022-08-29T13:43:34,rec.1.tanh-dense.1.tanh,772,90,1.010603666305542,0.5,0.1,32,64,184320,3836082708,4.4344305992126465,1024,1024,1
2022-08-29T13:43:36,rec.1.relu-dense.1.tanh,772,93,1.0034098625183105,0.5,0.1,32,64,190464,3836082708,4.832717418670654,1024,1024,1
2022-08-29T13:43:38,rec.1.tanh-dense.1.relu,772,93,1.00447678565979,0.5,0.1,32,64,190464,3836082708,4.420161247253418,1024,1024,1
2022-08-29T13:43:40,rec.1.relu-dense.1.relu,772,94,1.001072883605957,0.5,0.1,32,64,192512,3836082708,4.8120622634887695,1024,1024,1
2022-08-29T13:43:42,rec.1.tanh-rec.1.tanh,773,76,1.0005500316619873,0.5,0.1,32,64,155648,3836082708,4.429997444152832,1024,1024,1
2022-08-29T13:43:44,rec.1.tanh-gru.1.tanh,779,1,1.0030779838562012,0.5,0.1,32,64,2048,3836082708,7.641787528991699,1024,1024,1
2022-08-29T13:43:47,rec.1.tanh-lstm.1,782,1,1.1646361351013184,0.5,0.1,32,64,2048,3836082708,7.937622547149658,1024,1024,1
2022-08-29T13:43:49,rec.1.tanh-dense.1.relu-dense.1.tanh,774,63,1.0056729316711426,0.5,0.1,32,64,129024,3836082708,4.848989009857178,1024,1024,1
2022-08-29T13:43:51,rec.1.tanh-dense.1.relu,772,96,1.0123109817504883,0.5,0.1,64,32,196608,3836082708,4.807175636291504,1024,1024,1
2022-08-29T13:43:53,rec.1.tanh-dense.1.relu,772,61,1.0051801204681396,0.5,0.1,16,128,124928,3836082708,4.598330020904541,1024,1024,1
2022-08-29T13:43:55,rec.1.tanh-dense.1.relu,772,40,1.0045750141143799,0.5,0.1,32,128,163840,3836082708,4.707237720489502,1024,1024,1
2022-08-29T13:43:57,rec.1.tanh-dense.1.relu,772,110,1.00410795211792,0.5,0.1,32,32,112640,3836082708,4.509721279144287,1024,1024,1
2022-08-29T13:43:59,rec.1.tanh-dense.1.relu,772,97,1.0015990734100342,0.2,0.1,32,64,198656,3836082708,4.915351390838623,1024,1024,1
2022-08-29T13:44:01,rec.1.tanh-dense.1.relu,772,87,1.0012338161468506,1.0,0.1,32,64,178176,3836082708,4.782349109649658,1024,1024,1
2022-08-29T13:44:03,rec.1.relu-rec.1.tanh,773,85,1.000072956085205,0.5,0.1,32,64,174080,3836082708,4.791278839111328,1024,1024,1
2022-08-29T13:44:04,dense.1.tanh-rec.1.tanh,772,91,1.005431890487671,0.5,0.1,32,64,186368,3836082708,4.438878536224365,1024,1024,1
2022-08-29T13:44:06,rec.1.tanh-rec.1.relu,773,83,1.001270055770874,0.5,0.1,32,64,169984,3836082708,4.821029186248779,1024,1024,1
2022-08-29T13:44:08,rec.1.tanh-rec.1.tanh-dense.1.tanh,775,48,1.0037760734558105,0.5,0.1,32,64,98304,3836082708,4.665828704833984,1024,1024,1
2022-08-29T13:44:10,rec.1.tanh-rec.1.tanh,773,89,1.0035111904144287,0.5,0.1,64,32,182272,3836082708,4.528594493865967,1024,1024,1
2022-08-29T13:44:12,rec.1.tanh-rec.1.tanh,773,69,1.005101203918457,0.5,0.1,16,128,141312,3836082708,4.47613000869751,1024,1024,1
2022-08-29T13:44:14,rec.1.tanh-rec.1.tanh,773,46,1.0061869621276855,0.5,0.1,32,128,188416,3836082708,4.4636054039001465,1024,1024,1
2022-08-29T13:44:16,rec.1.tanh-rec.1.tanh,773,115,1.004945993423462,0.5,0.1,32,32,117760,3836082708,4.500576496124268,1024,1024,1
2022-08-29T13:44:18,rec.1.tanh-rec.1.tanh,773,83,1.0020842552185059,0.2,0.1,32,64,169984,3836082708,4.570614814758301,1024,1024,1
2022-08-29T13:44:20,rec.1.tanh-rec.1.tanh,773,78,1.0017869472503662,1.0,0.1,32,64,159744,3836082708,4.8455915451049805,1024,1024,1
2022-08-29T13:44:22,rec.1.tanh-dense.1.tanh-dense.1.tanh,774,66,1.0022649765014648,0.5,0.1,32,64,135168,3836082708,4.482433319091797,1024,1024,1
2022-08-29T13:44:24,rec.1.tanh-dense.1.tanh,772,89,1.003756046295166,0.5,0.1,64,32,182272,3836082708,4.495838165283203,1024,1024,1
2022-08-29T13:44:26,rec.1.tanh-dense.1.tanh,772,56,1.005631923675537,0.5,0.1,16,128,114688,3836082708,4.525343418121338,1024,1024,1
2022-08-29T13:44:28,rec.1.tanh-dense.1.tanh,772,41,1.003065824508667,0.5,0.1,32,128,167936,3836082708,4.462278842926025,1024,1024,1
2022-08-29T13:44:30,rec.1.tanh-dense.1.tanh,772,122,1.0000898838043213,0.5,0.1,32,32,124928,3836082708,4.454858779907227,1024,1024,1
2022-08-29T13:44:32,rec.1.tanh-dense.1.tanh,772,84,1.0007109642028809,0.2,0.1,32,64,172032,3836082708,4.541554927825928,1024,1024,1
2022-08-29T13:44:34,rec.1.tanh-dense.1.tanh,772,89,1.0043766498565674,1.0,0.1,32,64,182272,3836082708,4.739364147186279,1024,1024,1
2022-08-29T13:44:36,dense.1.relu-rec.1.tanh,772,91,1.0013799667358398,0.5,0.1,32,64,186368,3836082708,4.799678325653076,1024,1024,1
2022-08-29T13:44:38,dense.1.tanh-rec.1.relu,772,88,1.0042848587036133,0.5,0.1,32,64,180224,3836082708,4.80290412902832,1024,1024,1
2022-08-29T13:44:40,dense.1.tanh-dense.1.tanh,771,94,1.000364065170288,0.5,0.1,32,64,192512,3836082708,4.423644065856934,1024,1024,1
2022-08-29T13:44:42,dense.1.relu-dense.1.tanh,771,99,1.0028061866760254,0.5,0.1,32,64,202752,3836082708,4.788263320922852,1024,1024,1
2022-08-29T13:44:44,dense.1.tanh-dense.1.relu,771,98,1.0048093795776367,0.5,0.1,32,64,200704,3836082708,4.845339298248291,1024,1024,1
2022-08-29T13:44:57,dense.1.relu,769,1,1.0074279308319092,0.5,0.1,32,64,2048,3836082708,7.182600021362305,1024,1024,1
2022-08-29T13:44:59,dense.1.tanh,769,45,1.0006279945373535,0.5,0.1,32,64,92160,3836082708,4.461235046386719,1024,1024,1
2022-08-29T13:45:01,rec.1.tanh,770,66,1.002403974533081,0.5,0.1,32,64,135168,3836082708,4.403270244598389,1024,1024,1
2022-08-29T13:45:03,rec.1.relu,770,84,1.0043997764587402,0.5,0.1,32,64,172032,3836082708,4.37955379486084,1024,1024,1
2022-08-29T13:45:05,rec.1.relu-dense.1.tanh,772,87,1.00478196144104,0.5,0.1,32,64,178176,3836082708,4.710052490234375,1024,1024,1
2022-08-29T13:45:07,rec.1.relu,770,99,1.0034668445587158,0.5,0.1,64,32,202752,3836082708,4.368647575378418,1024,1024,1
2022-08-29T13:45:08,rec.1.tanh,770,110,1.0016570091247559,0.5,0.1,64,32,225280,3836082708,4.417636394500732,1024,1024,1
2022-08-29T13:45:10,dense.1.tanh,769,122,1.0098938941955566,0.5,0.1,64,32,249856,3836082708,4.442107677459717,1024,1024,1
2022-08-29T13:45:12,rec.1.relu-dense.1.tanh,772,99,1.0000238418579102,0.5,0.1,64,32,202752,3836082708,4.546860694885254,1024,1024,1
2022-08-29T13:45:14,rec.1.relu,770,110,1.00054931640625,0.5,0.1,128,16,225280,3836082708,4.395656585693359,1024,1024,1
2022-08-29T13:45:16,rec.1.relu,770,69,1.002629041671753,0.5,0.1,64,64,282624,3836082708,4.524936199188232,1024,1024,1
2022-08-29T13:45:18,rec.1.relu,770,135,1.0084772109985352,0.5,0.1,64,16,138240,3836082708,4.81732177734375,1024,1024,1
2022-08-29T13:45:20,rec.1.relu,770,127,1.0021240711212158,0.2,0.1,64,32,260096,3836082708,4.574306964874268,1024,1024,1
2022-08-29T13:45:22,rec.1.relu,770,119,1.003843069076538,1.0,0.1,64,32,243712,3836082708,4.845428943634033,1024,1024,1
2022-08-29T13:45:24,rec.1.relu,770,97,1.0007059574127197,0.5,0.1,16,128,198656,3836082708,4.770443916320801,1024,1024,1
2022-08-29T13:45:26,rec.1.relu,770,64,1.0028040409088135,0.5,0.1,32,128,262144,3836082708,4.499490737915039,1024,1024,1
2022-08-29T13:45:28,rec.1.relu,770,147,1.0071029663085938,0.5,0.1,32,32,150528,3836082708,4.470493793487549,1024,1024,1
2022-08-29T13:45:30,rec.1.relu,770,112,1.0007102489471436,0.2,0.1,32,64,229376,3836082708,4.467126846313477,1024,1024,1
2022-08-29T13:45:32,rec.1.relu,770,121,1.0043950080871582,1.0,0.1,32,64,247808,3836082708,4.877108097076416,1024,1024,1
2022-08-29T13:45:34,rec.1.tanh,770,116,1.0001578330993652,0.5,0.1,128,16,237568,3836082708,4.405570030212402,1024,1024,1
2022-08-29T13:45:36,dense.1.tanh,769,128,1.002638816833496,0.5,0.1,128,16,262144,3836082708,4.394970417022705,1024,1024,1
2022-08-29T13:45:38,dense.1.relu,769,130,1.003934383392334,0.5,0.1,128,16,266240,3836082708,4.598067283630371,1024,1024,1
2022-08-29T13:45:40,dense.1.tanh-dense.1.tanh,771,106,1.0018119812011719,0.5,0.1,128,16,217088,3836082708,4.484213352203369,1024,1024,1
2022-08-29T13:45:42,dense.1.tanh,769,140,1.0039689540863037,0.5,0.1,256,8,286720,3836082708,4.4246673583984375,1024,1024,1
2022-08-29T13:45:44,dense.1.tanh,769,80,1.000777006149292,0.5,0.1,128,32,327680,3836082708,4.507546424865723,1024,1024,1
2022-08-29T13:45:46,dense.1.tanh,769,154,1.0091969966888428,0.5,0.1,128,8,157696,3836082708,4.489753723144531,1024,1024,1
2022-08-29T13:45:48,dense.1.tanh,769,128,1.0002849102020264,0.2,0.1,128,16,262144,3836082708,4.576635837554932,1024,1024,1
2022-08-29T13:45:50,dense.1.tanh,769,125,1.0035488605499268,1.0,0.1,128,16,256000,3836082708,4.540077209472656,1024,1024,1
2022-08-29T13:45:51,rec.1.relu-dense.1.tanh,772,95,1.0010061264038086,0.5,0.1,128,16,194560,3836082708,4.836240291595459,1024,1024,1
2022-08-29T13:45:53,rec.1.relu,770,127,1.002134084701538,0.5,0.1,256,8,260096,3836082708,4.4653401374816895,1024,1024,1
2022-08-29T13:45:55,rec.1.relu,770,68,1.0000393390655518,0.5,0.1,128,32,278528,3836082708,4.403157711029053,1024,1024,1
2022-08-29T13:45:57,rec.1.relu,770,155,1.0088818073272705,0.5,0.1,128,8,158720,3836082708,4.843979835510254,1024,1024,1
2022-08-29T13:45:59,rec.1.relu,770,116,1.0043470859527588,0.2,0.1,128,16,237568,3836082708,4.5760498046875,1024,1024,1
2022-08-29T13:46:01,rec.1.relu,770,114,1.0022799968719482,1.0,0.1,128,16,233472,3836082708,4.6449971199035645,1024,1024,1
2022-08-29T13:46:03,rec.1.tanh,770,75,1.0049400329589844,0.5,0.1,128,32,307200,3836082708,4.409618377685547,1024,1024,1
2022-08-29T13:46:05,rec.1.relu-dense.1.tanh,772,63,1.006338119506836,0.5,0.1,128,32,258048,3836082708,4.60532808303833,1024,1024,1
2022-08-29T13:46:07,rec.1.relu,770,82,1.00291109085083,0.5,0.1,256,16,335872,3836082708,4.401219367980957,1024,1024,1
2022-08-29T13:46:09,rec.1.tanh,770,84,1.0031349658966064,0.5,0.1,256,16,344064,3836082708,4.40008020401001,1024,1024,1
2022-08-29T13:46:11,dense.1.tanh,769,89,1.0026888847351074,0.5,0.1,256,16,364544,3836082708,4.449671745300293,1024,1024,1
2022-08-29T13:46:13,rec.1.tanh-dense.1.tanh,772,73,1.0000948905944824,0.5,0.1,256,16,299008,3836082708,4.50255823135376,1024,1024,1
2022-08-29T13:46:15,rec.1.tanh,770,83,1.0021309852600098,0.5,0.1,512,8,339968,3836082708,4.470618724822998,1024,1024,1
2022-08-29T13:46:17,rec.1.tanh,770,46,1.0097169876098633,0.5,0.1,256,32,376832,3836082708,4.4176740646362305,1024,1024,1
2022-08-29T13:46:19,rec.1.tanh,770,118,1.0001158714294434,0.5,0.1,256,8,241664,3836082708,4.461483478546143,1024,1024,1
2022-08-29T13:46:21,rec.1.tanh,770,82,1.0035150051116943,0.2,0.1,256,16,335872,3836082708,4.716972827911377,1024,1024,1
2022-08-29T13:46:23,rec.1.tanh,770,85,1.0029258728027344,1.0,0.1,256,16,348160,3836082708,4.830376148223877,1024,1024,1
2022-08-29T13:46:25,rec.1.relu-dense.1.tanh,772,73,1.0027861595153809,0.5,0.1,256,16,299008,3836082708,4.494036674499512,1024,1024,1
2022-08-29T13:46:27,rec.1.relu,770,82,1.0045571327209473,0.5,0.1,512,8,335872,3836082708,4.484193801879883,1024,1024,1
2022-08-29T13:46:29,rec.1.relu,770,46,1.0001380443572998,0.5,0.1,256,32,376832,3836082708,4.770446300506592,1024,1024,1
2022-08-29T13:46:31,rec.1.relu,770,84,1.0048410892486572,0.2,0.1,256,16,344064,3836082708,4.587553024291992,1024,1024,1
2022-08-29T13:46:33,rec.1.relu,770,81,1.006479024887085,1.0,0.1,256,16,331776,3836082708,4.813680648803711,1024,1024,1
2022-08-29T13:46:35,rec.1.relu,770,36,1.0119233131408691,0.5,0.1,128,64,294912,3836082708,4.61952018737793,1024,1024,1
2022-08-29T13:46:37,rec.1.relu,770,72,1.0019781589508057,0.2,0.1,128,32,294912,3836082708,4.677333831787109,1024,1024,1
2022-08-29T13:46:39,rec.1.relu,770,74,1.002993106842041,1.0,0.1,128,32,303104,3836082708,4.717399597167969,1024,1024,1
2022-08-29T13:46:41,rec.1.tanh-dense.1.tanh,772,86,1.002781867980957,0.5,0.1,32,64,176128,3836082708,4.3938469886779785,1024,1024,1
2022-08-29T13:46:42,rec.1.tanh-dense.1.relu,772,96,1.0051589012145996,0.5,0.1,32,64,196608,3836082708,4.879615306854248,1024,1024,1
2022-08-29T13:46:44,rec.1.tanh-rec.1.tanh,773,79,1.0047249794006348,0.5,0.1,32,64,161792,3836082708,4.4394121170043945,1024,1024,1
2022-08-29T13:46:46,rec.1.tanh-gru.1.tanh,779,6,1.0049338340759277,0.5,0.1,32,64,12288,3836082708,5.42025899887085,1024,1024,1
2022-08-29T13:46:49,rec.1.tanh-lstm.1,782,1,1.1604559421539307,0.5,0.1,32,64,2048,3836082708,7.493114948272705,1024,1024,1
2022-08-29T13:46:51,rec.1.tanh-dense.1.tanh-dense.1.tanh,774,64,1.0015790462493896,0.5,0.1,32,64,131072,3836082708,4.525028705596924,1024,1024,1
2022-08-29T13:46:53,rec.1.tanh-dense.1.tanh,772,103,1.0044400691986084,0.5,0.1,64,32,210944,3836082708,4.487885475158691,1024,1024,1
2022-08-29T13:46:55,rec.1.tanh-dense.1.tanh,772,59,1.0051300525665283,0.5,0.1,16,128,120832,3836082708,4.405490398406982,1024,1024,1
2022-08-29T13:46:57,rec.1.tanh-dense.1.tanh,772,41,1.0078248977661133,0.5,0.1,32,128,167936,3836082708,4.47373104095459,1024,1024,1
2022-08-29T13:46:58,rec.1.tanh-dense.1.tanh,772,142,1.0012540817260742,0.5,0.1,32,32,145408,3836082708,4.487700939178467,1024,1024,1
2022-08-29T13:47:00,rec.1.tanh-dense.1.tanh,772,90,1.0007150173187256,0.2,0.1,32,64,184320,3836082708,4.572653293609619,1024,1024,1
2022-08-29T13:47:02,rec.1.tanh-dense.1.tanh,772,88,1.003187894821167,1.0,0.1,32,64,180224,3836082708,4.797487735748291,1024,1024,1
2022-08-29T13:47:04,rec.1.tanh,770,90,1.0000362396240234,0.5,0.1,16,128,184320,3836082708,4.439113616943359,1024,1024,1
2022-08-29T13:47:06,rec.1.tanh,770,60,1.0004680156707764,0.5,0.1,32,128,245760,3836082708,4.429195880889893,1024,1024,1
2022-08-29T13:47:08,rec.1.tanh,770,162,1.0104503631591797,0.5,0.1,32,32,165888,3836082708,4.452491283416748,1024,1024,1
2022-08-29T13:47:10,rec.1.tanh,770,116,1.0017530918121338,0.2,0.1,32,64,237568,3836082708,4.547205448150635,1024,1024,1
2022-08-29T13:47:12,rec.1.tanh,770,116,1.0041148662567139,1.0,0.1,32,64,237568,3836082708,4.531893253326416,1024,1024,1
2022-08-29T13:47:14,rec.1.relu-dense.1.tanh,772,71,1.0055418014526367,0.5,0.1,16,128,145408,3836082708,4.819822788238525,1024,1024,1
2022-08-29T13:47:16,rec.1.tanh-dense.1.relu,772,67,1.0013937950134277,0.5,0.1,16,128,137216,3836082708,4.77900505065918,1024,1024,1
2022-08-29T13:47:18,rec.1.tanh-rec.1.tanh,773,66,1.0007081031799316,0.5,0.1,16,128,135168,3836082708,4.553595066070557,1024,1024,1
2022-08-29T13:47:20,rec.1.tanh-gru.1.tanh,779,28,1.0069410800933838,0.5,0.1,16,128,57344,3836082708,4.7528839111328125,1024,1024,1
2022-08-29T13:47:22,rec.1.tanh-lstm.1,782,17,1.002690076828003,0.5,0.1,16,128,34816,3836082708,4.7964277267456055,1024,1024,1
2022-08-29T13:47:24,rec.1.tanh-dense.1.tanh-dense.1.tanh,774,28,1.0048997402191162,0.5,0.1,16,128,57344,3836082708,4.851438522338867,1024,1024,1
2022-08-29T13:47:26,rec.1.tanh-dense.1.tanh,772,50,1.0055198669433594,0.5,0.1,8,256,102400,3836082708,4.479741096496582,1024,1024,1
2022-08-29T13:47:28,rec.1.tanh-dense.1.tanh,772,33,1.0006890296936035,0.5,0.1,16,256,135168,3836082708,4.526458740234375,1024,1024,1
2022-08-29T13:47:30,rec.1.tanh-dense.1.tanh,772,106,1.0010559558868408,0.5,0.1,16,64,108544,3836082708,4.435364723205566,1024,1024,1
2022-08-29T13:47:32,rec.1.tanh-dense.1.tanh,772,61,1.004701852798462,0.2,0.1,16,128,124928,3836082708,4.685036659240723,1024,1024,1
2022-08-29T13:47:34,rec.1.tanh-dense.1.tanh,772,60,1.0022449493408203,1.0,0.1,16,128,122880,3836082708,4.8567962646484375,1024,1024,1
2022-08-29T13:47:36,rec.1.tanh-dense.1.tanh,772,97,1.0019090175628662,0.5,0.1,128,16,198656,3836082708,4.422492980957031,1024,1024,1
2022-08-29T13:47:38,rec.1.tanh,770,158,1.0013370513916016,0.5,0.1,128,8,161792,3836082708,4.45892858505249,1024,1024,1
2022-08-29T13:47:40,rec.1.tanh,770,117,1.0016140937805176,0.2,0.1,128,16,239616,3836082708,4.49875545501709,1024,1024,1
2022-08-29T13:47:42,rec.1.tanh,770,115,1.0007359981536865,1.0,0.1,128,16,235520,3836082708,4.834269046783447,1024,1024,1
2022-08-29T13:47:44,rec.1.tanh-dense.1.tanh,772,63,1.0026872158050537,0.5,0.1,128,32,258048,3836082708,4.428271770477295,1024,1024,1
2022-08-29T13:47:46,rec.1.tanh,770,70,1.0071101188659668,0.5,0.1,64,64,286720,3836082708,4.403170585632324,1024,1024,1
2022-08-29T13:47:48,dense.1.tanh,769,76,1.0002660751342773,0.5,0.1,64,64,311296,3836082708,4.421987056732178,1024,1024,1
2022-08-29T13:47:50,rec.1.tanh-dense.1.tanh,772,56,1.0065858364105225,0.5,0.1,64,64,229376,3836082708,4.389918804168701,1024,1024,1
2022-08-29T13:47:51,rec.1.relu-dense.1.tanh,772,60,1.0063679218292236,0.5,0.1,64,64,245760,3836082708,4.820514678955078,1024,1024,1
2022-08-29T13:47:53,rec.1.tanh-dense.1.relu,772,51,1.0031089782714844,0.5,0.1,64,64,208896,3836082708,4.8345136642456055,1024,1024,1
2022-08-29T13:47:55,rec.1.tanh-rec.1.tanh,773,53,1.002709150314331,0.5,0.1,64,64,217088,3836082708,4.577298641204834,1024,1024,1
2022-08-29T13:47:57,rec.1.tanh-gru.1.tanh,779,2,1.010655164718628,0.5,0.1,64,64,8192,3836082708,6.7147955894470215,1024,1024,1
2022-08-29T13:48:00,rec.1.tanh-lstm.1,782,1,1.1402530670166016,0.5,0.1,64,64,4096,3836082708,7.536752223968506,1024,1024,1
2022-08-29T13:48:02,rec.1.tanh-dense.1.tanh-dense.1.tanh,774,42,1.0020332336425781,0.5,0.1,64,64,172032,3836082708,4.624035835266113,1024,1024,1
2022-08-29T13:48:04,rec.1.tanh-dense.1.tanh,772,19,1.0086348056793213,0.5,0.1,64,128,155648,3836082708,4.5452752113342285,1024,1024,1
2022-08-29T13:48:05,rec.1.tanh-dense.1.tanh,772,56,1.0007679462432861,0.2,0.1,64,64,229376,3836082708,4.761113166809082,1024,1024,1
2022-08-29T13:48:07,rec.1.tanh-dense.1.tanh,772,56,1.0007009506225586,1.0,0.1,64,64,229376,3836082708,4.634770393371582,1024,1024,1
2022-08-29T13:48:09,rec.1.tanh,770,32,1.0023880004882812,0.5,0.1,64,128,262144,3836082708,4.494889736175537,1024,1024,1
2022-08-29T13:48:11,rec.1.tanh,770,70,1.001309871673584,0.2,0.1,64,64,286720,3836082708,4.741948127746582,1024,1024,1
2022-08-29T13:48:13,rec.1.tanh,770,70,1.0048961639404297,1.0,0.1,64,64,286720,3836082708,4.497859954833984,1024,1024,1
2022-08-29T13:48:15,rec.1.tanh,770,36,1.010944128036499,0.5,0.1,128,64,294912,3836082708,4.48389196395874,1024,1024,1
2022-08-29T13:48:17,rec.1.tanh,770,74,1.0063450336456299,0.2,0.1,128,32,303104,3836082708,4.58518648147583,1024,1024,1
2022-08-29T13:48:19,rec.1.tanh,770,74,1.005876064300537,1.0,0.1,128,32,303104,3836082708,4.539339065551758,1024,1024,1
2022-08-29T13:48:21,rec.1.tanh,770,129,1.001474142074585,0.5,0.1,64,32,264192,3836082708,4.402644157409668,1024,1024,1
2022-08-29T13:48:23,rec.1.tanh,770,167,1.008908987045288,0.5,0.1,64,16,171008,3836082708,4.459807872772217,1024,1024,1
2022-08-29T13:48:25,rec.1.tanh,770,126,1.0005409717559814,0.2,0.1,64,32,258048,3836082708,4.593764305114746,1024,1024,1
2022-08-29T13:48:27,rec.1.tanh,770,128,1.0006930828094482,1.0,0.1,64,32,262144,3836082708,4.579453945159912,1024,1024,1
2022-08-29T13:48:29,rec.1.relu,770,126,1.0039010047912598,0.5,0.1,64,32,258048,3836082708,4.458811283111572,1024,1024,1
2022-08-29T13:48:31,dense.1.tanh,769,50,1.010106086730957,0.5,0.1,256,32,409600,3836082708,4.427902698516846,1024,1024,1
2022-08-29T13:48:33,rec.1.tanh-dense.1.tanh,772,41,1.0019938945770264,0.5,0.1,256,32,335872,3836082708,4.5471272468566895,1024,1024,1
2022-08-29T13:48:35,rec.1.tanh,770,46,1.0121021270751953,0.5,0.1,512,16,376832,3836082708,4.472935199737549,1024,1024,1
2022-08-29T13:48:37,rec.1.tanh,770,22,1.024855136871338,0.5,0.1,256,64,360448,3836082708,4.599088668823242,1024,1024,1
2022-08-29T13:48:39,rec.1.tanh,770,45,1.0004138946533203,0.2,0.1,256,32,368640,3836082708,4.895569324493408,1024,1024,1
2022-08-29T13:48:41,rec.1.tanh,770,46,1.0024890899658203,1.0,0.1,256,32,376832,3836082708,4.622797012329102,1024,1024,1
2022-08-29T13:48:43,dense.1.relu,769,79,1.0057320594787598,0.5,0.1,64,64,323584,3836082708,4.6804704666137695,1024,1024,1
2022-08-29T13:48:45,dense.1.tanh-dense.1.tanh,771,59,1.0036380290985107,0.5,0.1,64,64,241664,3836082708,4.471981048583984,1024,1024,1
2022-08-29T13:48:47,dense.1.tanh,769,69,1.0066099166870117,0.5,0.1,32,128,282624,3836082708,4.4313578605651855,1024,1024,1
2022-08-29T13:48:49,dense.1.tanh,769,37,1.01096510887146,0.5,0.1,64,128,303104,3836082708,4.520598888397217,1024,1024,1
2022-08-29T13:48:51,dense.1.tanh,769,77,1.0070149898529053,0.2,0.1,64,64,315392,3836082708,4.6455254554748535,1024,1024,1
2022-08-29T13:48:53,dense.1.tanh,769,78,1.0052220821380615,1.0,0.1,64,64,319488,3836082708,4.434002876281738,1024,1024,1
2022-08-29T13:48:54,rec.1.tanh-dense.1.relu,772,79,1.0042309761047363,0.5,0.1,128,16,161792,3836082708,4.85899019241333,1024,1024,1
2022-08-29T13:48:56,rec.1.tanh-rec.1.tanh,773,83,1.0036420822143555,0.5,0.1,128,16,169984,3836082708,4.4832658767700195,1024,1024,1
2022-08-29T13:48:58,rec.1.tanh-gru.1.tanh,779,41,1.0010080337524414,0.5,0.1,128,16,83968,3836082708,4.401362895965576,1024,1024,1
2022-08-29T13:49:00,rec.1.relu-gru.1.tanh,779,41,1.005584955215454,0.5,0.1,128,16,83968,3836082708,4.794848918914795,1024,1024,1
2022-08-29T13:49:02,rec.1.tanh-gru.1.relu,779,31,1.003675937652588,0.5,0.1,128,16,63488,3836082708,4.865273475646973,1024,1024,1
2022-08-29T13:49:04,rec.1.tanh-lstm.1,782,27,1.0066688060760498,0.5,0.1,128,16,55296,3836082708,4.8686699867248535,1024,1024,1
2022-08-29T13:49:07,rec.1.tanh-gru.1.tanh-dense.1.tanh,781,34,1.0038766860961914,0.5,0.1,128,16,69632,3836082708,4.700984477996826,1024,1024,1
2022-08-29T13:49:09,rec.1.tanh-gru.1.tanh,779,46,1.0057508945465088,0.5,0.1,256,8,94208,3836082708,4.621721267700195,1024,1024,1
2022-08-29T13:49:11,rec.1.tanh-gru.1.tanh,779,27,1.0053372383117676,0.5,0.1,64,32,55296,3836082708,4.48479700088501,1024,1024,1
2022-08-29T13:49:13,rec.1.tanh-gru.1.tanh,779,23,1.0039739608764648,0.5,0.1,128,32,94208,3836082708,4.615365982055664,1024,1024,1
2022-08-29T13:49:15,rec.1.tanh-gru.1.tanh,779,53,1.0048460960388184,0.5,0.1,128,8,54272,3836082708,4.527044296264648,1024,1024,1
2022-08-29T13:49:17,rec.1.tanh-gru.1.tanh,779,42,1.000580072402954,0.2,0.1,128,16,86016,3836082708,4.915645122528076,1024,1024,1
2022-08-29T13:49:19,rec.1.tanh-gru.1.tanh,779,39,1.0030279159545898,1.0,0.1,128,16,79872,3836082708,4.8107218742370605,1024,1024,1
2022-08-29T13:49:21,rec.1.tanh-dense.1.tanh-dense.1.tanh,774,71,1.0046131610870361,0.5,0.1,128,16,145408,3836082708,4.501677989959717,1024,1024,1
2022-08-29T13:49:23,rec.1.tanh-dense.1.tanh,772,106,1.0012180805206299,0.5,0.1,256,8,217088,3836082708,4.502277374267578,1024,1024,1
2022-08-29T13:49:25,rec.1.tanh-dense.1.tanh,772,125,1.003058910369873,0.5,0.1,128,8,128000,3836082708,4.5251617431640625,1024,1024,1
2022-08-29T13:49:27,rec.1.tanh-dense.1.tanh,772,93,1.000699758529663,0.2,0.1,128,16,190464,3836082708,4.683760643005371,1024,1024,1
2022-08-29T13:49:29,rec.1.tanh-dense.1.tanh,772,94,1.0000979900360107,1.0,0.1,128,16,192512,3836082708,4.7582855224609375,1024,1024,1
2022-08-29T13:49:31,rec.1.tanh,770,114,1.0001108646392822,0.5,0.1,32,64,233472,3836082708,4.4088521003723145,1024,1024,1
2022-08-29T13:49:33,rec.1.relu,770,118,1.0030438899993896,0.5,0.1,32,64,241664,3836082708,4.768166542053223,1024,1024,1
2022-08-29T13:49:34,dense.1.relu,769,137,1.0018177032470703,0.5,0.1,256,8,280576,3836082708,4.782615661621094,1024,1024,1
2022-08-29T13:49:36,dense.1.tanh-dense.1.tanh,771,112,1.002457857131958,0.5,0.1,256,8,229376,3836082708,4.508172035217285,1024,1024,1
2022-08-29T13:49:38,dense.1.tanh,769,127,1.0038609504699707,0.5,0.1,512,4,260096,3836082708,4.502635478973389,1024,1024,1
2022-08-29T13:49:40,dense.1.tanh,769,170,1.0017640590667725,0.5,0.1,256,4,174080,3836082708,4.512604713439941,1024,1024,1
2022-08-29T13:49:42,dense.1.tanh,769,136,1.000236988067627,0.2,0.1,256,8,278528,3836082708,4.577434539794922,1024,1024,1
2022-08-29T13:49:44,dense.1.tanh,769,136,1.0037026405334473,1.0,0.1,256,8,278528,3836082708,4.548972129821777,1024,1024,1
2022-08-29T13:49:46,dense.1.relu,769,49,1.0101771354675293,0.5,0.1,256,32,401408,3836082708,4.478754997253418,1024,1024,1
2022-08-29T13:49:48,dense.1.tanh-dense.1.tanh,771,42,1.006671667098999,0.5,0.1,256,32,344064,3836082708,4.550628662109375,1024,1024,1
2022-08-29T13:49:50,dense.1.tanh,769,49,1.0048010349273682,0.5,0.1,512,16,401408,3836082708,4.631860256195068,1024,1024,1
2022-08-29T13:49:52,dense.1.tanh,769,38,1.0011200904846191,0.5,0.1,128,64,311296,3836082708,4.538134574890137,1024,1024,1
2022-08-29T13:49:54,dense.1.tanh,769,23,1.0125830173492432,0.5,0.1,256,64,376832,3836082708,4.497483730316162,1024,1024,1
2022-08-29T13:49:56,dense.1.tanh,769,49,1.0079023838043213,0.2,0.1,256,32,401408,3836082708,4.998100757598877,1024,1024,1
2022-08-29T13:49:58,dense.1.tanh,769,49,1.0034961700439453,1.0,0.1,256,32,401408,3836082708,4.51461124420166,1024,1024,1
2022-08-29T13:50:00,rec.1.tanh-dense.1.relu,772,62,1.0021328926086426,0.5,0.1,128,32,253952,3836082708,4.820509433746338,1024,1024,1
2022-08-29T13:50:02,rec.1.tanh-rec.1.tanh,773,55,1.0019159317016602,0.5,0.1,128,32,225280,3836082708,4.788909912109375,1024,1024,1
2022-08-29T13:50:04,rec.1.tanh-lstm.1,782,5,1.0003330707550049,0.5,0.1,128,32,20480,3836082708,5.546788215637207,1024,1024,1
2022-08-29T13:50:06,rec.1.tanh-dense.1.tanh-dense.1.tanh,774,52,1.000675916671753,0.5,0.1,128,32,212992,3836082708,4.548182487487793,1024,1024,1
2022-08-29T13:50:08,rec.1.tanh-dense.1.tanh,772,28,1.000359058380127,0.5,0.1,128,64,229376,3836082708,4.769893646240234,1024,1024,1
2022-08-29T13:50:10,rec.1.tanh-dense.1.tanh,772,63,1.0032639503479004,0.2,0.1,128,32,258048,3836082708,4.732217788696289,1024,1024,1
2022-08-29T13:50:12,rec.1.tanh-dense.1.tanh,772,61,1.0075290203094482,1.0,0.1,128,32,249856,3836082708,4.585679531097412,1024,1024,1
2022-08-29T13:50:14,rec.1.tanh,770,52,1.0033719539642334,0.5,0.1,16,256,212992,3836082708,4.440726280212402,1024,1024,1
2022-08-29T13:50:16,rec.1.tanh,770,34,1.0150282382965088,0.5,0.1,32,256,278528,3836082708,4.504105567932129,1024,1024,1
2022-08-29T13:50:18,rec.1.tanh,770,57,1.0066282749176025,0.2,0.1,32,128,233472,3836082708,4.697187423706055,1024,1024,1
2022-08-29T13:50:20,rec.1.tanh,770,59,1.0018038749694824,1.0,0.1,32,128,241664,3836082708,4.584221363067627,1024,1024,1
2022-08-29T13:50:22,dense.1.relu,769,68,1.0009491443634033,0.5,0.1,32,128,278528,3836082708,4.661043643951416,1024,1024,1
2022-08-29T13:50:24,dense.1.tanh-dense.1.tanh,771,47,1.0050549507141113,0.5,0.1,32,128,192512,3836082708,4.4034342765808105,1024,1024,1
2022-08-29T13:50:26,dense.1.relu-dense.1.tanh,771,53,1.0063080787658691,0.5,0.1,32,128,217088,3836082708,4.784519672393799,1024,1024,1
2022-08-29T13:50:28,dense.1.tanh-dense.1.relu,771,54,1.0030310153961182,0.5,0.1,32,128,221184,3836082708,4.758192539215088,1024,1024,1
2022-08-29T13:50:30,dense.1.tanh-rec.1.tanh,772,51,1.0008878707885742,0.5,0.1,32,128,208896,3836082708,4.403468608856201,1024,1024,1
2022-08-29T13:50:32,dense.1.tanh-gru.1.tanh,778,23,1.0031070709228516,0.5,0.1,32,128,94208,3836082708,4.6788530349731445,1024,1024,1
2022-08-29T13:50:34,dense.1.tanh-lstm.1,781,12,1.011185884475708,0.5,0.1,32,128,49152,3836082708,4.936798572540283,1024,1024,1
2022-08-29T13:50:36,dense.1.tanh-dense.1.tanh-dense.1.tanh,773,27,1.008570909500122,0.5,0.1,32,128,110592,3836082708,4.810734748840332,1024,1024,1
2022-08-29T13:50:38,dense.1.tanh-dense.1.tanh,771,32,1.0033440589904785,0.5,0.1,16,256,131072,3836082708,4.4565653800964355,1024,1024,1
2022-08-29T13:50:40,dense.1.tanh-dense.1.tanh,771,22,1.0057289600372314,0.5,0.1,32,256,180224,3836082708,4.704504013061523,1024,1024,1
2022-08-29T13:50:42,dense.1.tanh-dense.1.tanh,771,95,1.0025689601898193,0.5,0.1,32,64,194560,3836082708,4.385068416595459,1024,1024,1
2022-08-29T13:50:44,dense.1.relu-dense.1.tanh,771,103,1.0037357807159424,0.5,0.1,32,64,210944,3836082708,4.774473190307617,1024,1024,1
2022-08-29T13:50:46,dense.1.tanh-dense.1.relu,771,96,1.0048201084136963,0.5,0.1,32,64,196608,3836082708,4.81904411315918,1024,1024,1
2022-08-29T13:50:48,dense.1.tanh-rec.1.tanh,772,83,1.005173921585083,0.5,0.1,32,64,169984,3836082708,4.504908084869385,1024,1024,1
2022-08-29T13:50:50,dense.1.tanh-gru.1.tanh,778,7,1.0028798580169678,0.5,0.1,32,64,14336,3836082708,5.175889015197754,1024,1024,1
2022-08-29T13:50:52,dense.1.tanh-lstm.1,781,1,1.084259033203125,0.5,0.1,32,64,2048,3836082708,7.631670951843262,1024,1024,1
2022-08-29T13:50:54,dense.1.tanh-dense.1.tanh-dense.1.tanh,773,68,1.0029540061950684,0.5,0.1,32,64,139264,3836082708,4.651944160461426,1024,1024,1
2022-08-29T13:50:56,dense.1.tanh-dense.1.tanh,771,114,1.004586935043335,0.5,0.1,64,32,233472,3836082708,4.4730119705200195,1024,1024,1
2022-08-29T13:50:58,dense.1.tanh-dense.1.tanh,771,68,1.0030200481414795,0.5,0.1,16,128,139264,3836082708,4.447465419769287,1024,1024,1
2022-08-29T13:51:00,dense.1.tanh-dense.1.tanh,771,161,1.0028791427612305,0.5,0.1,32,32,164864,3836082708,4.454699516296387,1024,1024,1
2022-08-29T13:51:02,dense.1.tanh-dense.1.tanh,771,103,1.0016930103302002,0.2,0.1,32,64,210944,3836082708,4.639931678771973,1024,1024,1
2022-08-29T13:51:03,dense.1.tanh-dense.1.tanh,771,103,1.001281976699829,1.0,0.1,32,64,210944,3836082708,4.84965181350708,1024,1024,1
2022-08-29T13:51:05,dense.1.tanh-dense.1.tanh,771,48,1.002723217010498,0.2,0.1,32,128,196608,3836082708,4.80572509765625,1024,1024,1
2022-08-29T13:51:07,dense.1.tanh-dense.1.tanh,771,47,1.0000262260437012,1.0,0.1,32,128,192512,3836082708,4.807157039642334,1024,1024,1
2022-08-29T13:51:09,dense.1.relu-rec.1.tanh,772,55,1.0068821907043457,0.5,0.1,32,128,225280,3836082708,4.838896751403809,1024,1024,1
2022-08-29T13:51:11,dense.1.tanh-rec.1.relu,772,41,1.0044350624084473,0.5,0.1,32,128,167936,3836082708,4.833991050720215,1024,1024,1
2022-08-29T13:51:13,dense.1.tanh-rec.1.tanh-dense.1.tanh,774,38,1.0039610862731934,0.5,0.1,32,128,155648,3836082708,4.5545220375061035,1024,1024,1
2022-08-29T13:51:15,dense.1.tanh-rec.1.tanh,772,54,1.0075981616973877,0.5,0.1,64,64,221184,3836082708,4.469685077667236,1024,1024,1
2022-08-29T13:51:17,dense.1.tanh-rec.1.tanh,772,19,1.0071048736572266,0.5,0.1,16,256,77824,3836082708,4.902406215667725,1024,1024,1
2022-08-29T13:51:19,dense.1.tanh-rec.1.tanh,772,21,1.0142629146575928,0.5,0.1,32,256,172032,3836082708,4.7648701667785645,1024,1024,1
2022-08-29T13:51:21,dense.1.tanh-rec.1.tanh,772,50,1.0082018375396729,0.2,0.1,32,128,204800,3836082708,4.802542686462402,1024,1024,1
2022-08-29T13:51:23,dense.1.tanh-rec.1.tanh,772,50,1.0085067749023438,1.0,0.1,32,128,204800,3836082708,4.8459577560424805,1024,1024,1
2022-08-29T13:51:25,dense.1.tanh-dense.1.tanh,771,101,1.001924991607666,0.5,0.1,32,64,206848,3836082708,4.405572891235352,1024,1024,1
2022-08-29T13:51:27,dense.1.tanh,769,49,1.006629228591919,0.5,0.1,16,256,200704,3836082708,4.407317638397217,1024,1024,1
2022-08-29T13:51:29,dense.1.relu,769,65,1.0081837177276611,0.5,0.1,16,256,266240,3836082708,4.520206928253174,1024,1024,1
2022-08-29T13:51:31,dense.1.tanh,769,54,1.0036571025848389,0.5,0.1,8,512,221184,3836082708,4.435935020446777,1024,1024,1
2022-08-29T13:51:33,dense.1.tanh,769,31,1.000671148300171,0.5,0.1,16,512,253952,3836082708,4.556473731994629,1024,1024,1
2022-08-29T13:51:35,dense.1.tanh,769,106,1.0045440196990967,0.5,0.1,16,128,217088,3836082708,4.384653568267822,1024,1024,1
2022-08-29T13:51:37,dense.1.relu,769,115,1.0036017894744873,0.5,0.1,16,128,235520,3836082708,4.388452529907227,1024,1024,1
2022-08-29T13:51:39,dense.1.tanh,769,73,1.0027427673339844,0.5,0.1,8,256,149504,3836082708,4.485937118530273,1024,1024,1
2022-08-29T13:51:41,dense.1.tanh,769,170,1.00295090675354,0.5,0.1,16,64,174080,3836082708,4.463296413421631,1024,1024,1
2022-08-29T13:51:43,dense.1.tanh,769,105,1.0070319175720215,0.2,0.1,16,128,215040,3836082708,4.582626819610596,1024,1024,1
2022-08-29T13:51:45,dense.1.tanh,769,107,1.004408836364746,1.0,0.1,16,128,219136,3836082708,4.477647304534912,1024,1024,1
2022-08-29T13:51:47,dense.1.relu-dense.1.tanh,771,83,1.0036301612854004,0.5,0.1,16,128,169984,3836082708,4.79768180847168,1024,1024,1
2022-08-29T13:51:48,dense.1.relu,769,100,1.0019679069519043,0.5,0.1,8,256,204800,3836082708,4.3986711502075195,1024,1024,1
2022-08-29T13:51:50,dense.1.relu,769,172,1.0069770812988281,0.5,0.1,16,64,176128,3836082708,4.526110649108887,1024,1024,1
2022-08-29T13:51:52,dense.1.relu,769,115,1.0044941902160645,0.2,0.1,16,128,235520,3836082708,4.496580600738525,1024,1024,1
2022-08-29T13:51:54,dense.1.relu,769,108,1.001694917678833,1.0,0.1,16,128,221184,3836082708,4.882443904876709,1024,1024,1
2022-08-29T13:51:56,rec.1.tanh,770,81,1.002007007598877,0.5,0.1,8,256,165888,3836082708,4.417416572570801,1024,1024,1
2022-08-29T13:51:58,dense.1.relu-dense.1.tanh,771,79,1.003817081451416,0.5,0.1,8,256,161792,3836082708,4.546023368835449,1024,1024,1
2022-08-29T13:52:00,dense.1.relu,769,90,1.0041391849517822,0.5,0.1,4,512,184320,3836082708,4.528377056121826,1024,1024,1
2022-08-29T13:52:02,dense.1.relu,769,54,1.0082120895385742,0.5,0.1,8,512,221184,3836082708,4.795251846313477,1024,1024,1
2022-08-29T13:52:04,dense.1.relu,769,149,1.001513957977295,0.5,0.1,8,128,152576,3836082708,4.3925323486328125,1024,1024,1
2022-08-29T13:52:06,dense.1.tanh,769,146,1.0029478073120117,0.5,0.1,8,128,149504,3836082708,4.456459999084473,1024,1024,1
2022-08-29T13:52:08,rec.1.tanh,770,120,1.0023679733276367,0.5,0.1,8,128,122880,3836082708,4.399343967437744,1024,1024,1
2022-08-29T13:52:10,dense.1.relu-dense.1.tanh,771,111,1.00048828125,0.5,0.1,8,128,113664,3836082708,4.814601421356201,1024,1024,1
2022-08-29T13:52:12,dense.1.relu,769,151,1.0003459453582764,0.5,0.1,4,256,154624,3836082708,4.691689968109131,1024,1024,1
2022-08-29T13:52:14,dense.1.relu,769,184,1.0042188167572021,0.5,0.1,8,64,94208,3836082708,4.451007843017578,1024,1024,1
2022-08-29T13:52:16,dense.1.relu,769,155,1.0024709701538086,0.2,0.1,8,128,158720,3836082708,4.525703430175781,1024,1024,1
2022-08-29T13:52:18,dense.1.relu,769,156,1.0022270679473877,1.0,0.1,8,128,159744,3836082708,4.796298980712891,1024,1024,1
2022-08-29T13:52:20,dense.1.relu,769,99,1.0013439655303955,0.2,0.1,8,256,202752,3836082708,4.527005195617676,1024,1024,1
2022-08-29T13:52:22,dense.1.relu,769,99,1.0043449401855469,1.0,0.1,8,256,202752,3836082708,4.569843769073486,1024,1024,1
2022-08-29T13:52:24,rec.1.relu,770,125,1.0040509700775146,0.5,0.1,8,128,128000,3836082708,4.437353610992432,1024,1024,1
2022-08-29T13:52:26,rec.1.tanh-dense.1.tanh,772,73,1.0006709098815918,0.5,0.1,8,128,74752,3836082708,4.419570446014404,1024,1024,1
2022-08-29T13:52:28,rec.1.tanh,770,152,1.001791000366211,0.5,0.1,16,64,155648,3836082708,4.432480812072754,1024,1024,1
2022-08-29T13:52:30,rec.1.tanh,770,117,1.0022461414337158,0.5,0.1,4,256,119808,3836082708,4.444163799285889,1024,1024,1
2022-08-29T13:52:32,rec.1.tanh,770,188,1.0077738761901855,0.5,0.1,8,64,96256,3836082708,4.438472747802734,1024,1024,1
2022-08-29T13:52:34,rec.1.tanh,770,124,1.003310203552246,0.2,0.1,8,128,126976,3836082708,4.544729709625244,1024,1024,1
2022-08-29T13:52:36,rec.1.tanh,770,118,1.0006790161132812,1.0,0.1,8,128,120832,3836082708,4.458922863006592,1024,1024,1
2022-08-29T13:52:37,dense.1.tanh,769,49,1.0086958408355713,0.2,0.1,16,256,200704,3836082708,4.748077869415283,1024,1024,1
2022-08-29T13:52:39,dense.1.tanh,769,47,1.0046818256378174,1.0,0.1,16,256,192512,3836082708,4.59280252456665,1024,1024,1
2022-08-29T13:52:41,rec.1.relu,770,91,1.0034658908843994,0.5,0.1,8,256,186368,3836082708,4.445111274719238,1024,1024,1
2022-08-29T13:52:43,rec.1.tanh,770,87,1.0000388622283936,0.5,0.1,4,512,178176,3836082708,4.393161773681641,1024,1024,1
2022-08-29T13:52:45,rec.1.relu,770,87,1.0019111633300781,0.5,0.1,4,512,178176,3836082708,4.402157783508301,1024,1024,1
2022-08-29T13:52:47,dense.1.tanh,769,92,1.0008728504180908,0.5,0.1,4,512,188416,3836082708,4.416019439697266,1024,1024,1
2022-08-29T13:52:49,rec.1.tanh-dense.1.tanh,772,74,1.0014359951019287,0.5,0.1,4,512,151552,3836082708,4.451784610748291,1024,1024,1
2022-08-29T13:52:51,rec.1.tanh,770,86,1.0062768459320068,0.5,0.1,2,1024,176128,3836082708,4.405510902404785,1024,1024,1
2022-08-29T13:52:53,rec.1.tanh,770,50,1.0012497901916504,0.5,0.1,4,1024,204800,3836082708,4.481849670410156,1024,1024,1
2022-08-29T13:52:55,rec.1.tanh,770,86,1.0032117366790771,0.2,0.1,4,512,176128,3836082708,4.603893280029297,1024,1024,1
2022-08-29T13:52:57,rec.1.tanh,770,89,1.00465989112854,1.0,0.1,4,512,182272,3836082708,4.484150409698486,1024,1024,1
2022-08-29T13:52:59,rec.1.relu-dense.1.tanh,772,75,1.003669023513794,0.5,0.1,4,512,153600,3836082708,4.565496444702148,1024,1024,1
2022-08-29T13:53:01,rec.1.relu,770,86,1.0025560855865479,0.5,0.1,2,1024,176128,3836082708,4.713667392730713,1024,1024,1
2022-08-29T13:53:03,rec.1.relu,770,52,1.0064167976379395,0.5,0.1,4,1024,212992,3836082708,4.4391279220581055,1024,1024,1
2022-08-29T13:53:05,rec.1.relu,770,126,1.0012221336364746,0.5,0.1,4,256,129024,3836082708,4.438127517700195,1024,1024,1
2022-08-29T13:53:07,rec.1.relu,770,88,1.0058839321136475,0.2,0.1,4,512,180224,3836082708,4.921436786651611,1024,1024,1
2022-08-29T13:53:09,rec.1.relu,770,87,1.0013020038604736,1.0,0.1,4,512,178176,3836082708,4.877416133880615,1024,1024,1
2022-08-29T13:53:11,dense.1.tanh,769,79,1.0027270317077637,0.5,0.1,2,1024,161792,3836082708,4.374795436859131,1024,1024,1
2022-08-29T13:53:13,dense.1.relu,769,92,1.0008938312530518,0.5,0.1,2,1024,188416,3836082708,4.814483165740967,1024,1024,1
2022-08-29T13:53:15,dense.1.tanh-dense.1.tanh,771,80,1.0003020763397217,0.5,0.1,2,1024,163840,3836082708,4.407391548156738,1024,1024,1
2022-08-29T13:53:17,dense.1.tanh,769,189,1.0123541355133057,0.5,0.1,1,2048,387072,3836082708,8.000948905944824,1024,1024,1
2022-08-29T13:53:19,dense.1.tanh,769,50,1.0028879642486572,0.5,0.1,2,2048,204800,3836082708,4.442952632904053,1024,1024,1
2022-08-29T13:53:21,dense.1.tanh,769,139,1.0018031597137451,0.5,0.1,2,512,142336,3836082708,4.461820125579834,1024,1024,1
2022-08-29T13:53:22,dense.1.tanh,769,95,1.003903865814209,0.2,0.1,2,1024,194560,3836082708,4.538624286651611,1024,1024,1
2022-08-29T13:53:24,dense.1.tanh,769,93,1.0019330978393555,1.0,0.1,2,1024,190464,3836082708,4.503335475921631,1024,1024,1
2022-08-29T13:53:26,rec.1.tanh-dense.1.tanh,772,74,1.0042240619659424,0.5,0.1,2,1024,151552,3836082708,4.52838659286499,1024,1024,1
2022-08-29T13:53:28,rec.1.tanh,770,167,1.0027639865875244,0.5,0.1,1,2048,342016,3836082708,7.985734462738037,1024,1024,1
2022-08-29T13:53:30,rec.1.tanh,770,47,1.0046842098236084,0.5,0.1,2,2048,192512,3836082708,4.452176570892334,1024,1024,1
2022-08-29T13:53:32,rec.1.tanh,770,131,1.0014111995697021,0.5,0.1,2,512,134144,3836082708,4.4554924964904785,1024,1024,1
2022-08-29T13:53:34,rec.1.tanh,770,86,1.0012588500976562,0.2,0.1,2,1024,176128,3836082708,4.509105682373047,1024,1024,1
2022-08-29T13:53:36,rec.1.tanh,770,85,1.004267930984497,1.0,0.1,2,1024,174080,3836082708,4.499023914337158,1024,1024,1
2022-08-29T13:53:38,dense.1.relu-dense.1.tanh,771,79,1.0005838871002197,0.5,0.1,2,1024,161792,3836082708,4.864749431610107,1024,1024,1
2022-08-29T13:53:40,dense.1.tanh-dense.1.relu,771,81,1.0041241645812988,0.5,0.1,2,1024,165888,3836082708,4.8151984214782715,1024,1024,1
2022-08-29T13:53:42,dense.1.tanh-rec.1.tanh,772,76,1.0031628608703613,0.5,0.1,2,1024,155648,3836082708,4.500123977661133,1024,1024,1
2022-08-29T13:53:44,dense.1.tanh-gru.1.tanh,778,43,1.0070140361785889,0.5,0.1,2,1024,88064,3836082708,4.602626323699951,1024,1024,1
2022-08-29T13:53:46,dense.1.tanh-lstm.1,781,31,1.0091047286987305,0.5,0.1,2,1024,63488,3836082708,4.578656196594238,1024,1024,1
2022-08-29T13:53:48,dense.1.tanh-dense.1.tanh-dense.1.tanh,773,70,1.0028390884399414,0.5,0.1,2,1024,143360,3836082708,4.498009204864502,1024,1024,1
2022-08-29T13:53:50,dense.1.tanh-dense.1.tanh,771,82,1.0022308826446533,0.5,0.1,4,512,167936,3836082708,4.404855251312256,1024,1024,1
2022-08-29T13:53:52,dense.1.relu-dense.1.tanh,771,66,1.0054130554199219,0.5,0.1,4,512,135168,3836082708,4.825174331665039,1024,1024,1
2022-08-29T13:53:54,dense.1.tanh-dense.1.relu,771,81,1.0028762817382812,0.5,0.1,4,512,165888,3836082708,4.794928073883057,1024,1024,1
2022-08-29T13:53:56,dense.1.tanh-rec.1.tanh,772,72,1.0063128471374512,0.5,0.1,4,512,147456,3836082708,4.477850914001465,1024,1024,1
2022-08-29T13:53:58,dense.1.tanh-gru.1.tanh,778,40,1.0022261142730713,0.5,0.1,4,512,81920,3836082708,4.869362831115723,1024,1024,1
2022-08-29T13:54:00,dense.1.tanh-lstm.1,781,29,1.005889892578125,0.5,0.1,4,512,59392,3836082708,4.8347344398498535,1024,1024,1
2022-08-29T13:54:02,dense.1.tanh-dense.1.tanh-dense.1.tanh,773,68,1.0017459392547607,0.5,0.1,4,512,139264,3836082708,4.440390586853027,1024,1024,1
2022-08-29T13:54:04,dense.1.tanh-dense.1.tanh,771,47,1.0008671283721924,0.5,0.1,8,256,96256,3836082708,4.5032219886779785,1024,1024,1
2022-08-29T13:54:06,dense.1.tanh-dense.1.tanh,771,49,1.010547161102295,0.5,0.1,4,1024,200704,3836082708,4.43637752532959,1024,1024,1
2022-08-29T13:54:08,dense.1.tanh-dense.1.tanh,771,75,1.0005109310150146,0.5,0.1,4,256,76800,3836082708,4.448064804077148,1024,1024,1
2022-08-29T13:54:10,dense.1.tanh-dense.1.tanh,771,83,1.0041000843048096,0.2,0.1,4,512,169984,3836082708,4.6645426750183105,1024,1024,1
2022-08-29T13:54:12,dense.1.tanh-dense.1.tanh,771,81,1.0051991939544678,1.0,0.1,4,512,165888,3836082708,4.818508625030518,1024,1024,1
2022-08-29T13:54:14,dense.1.tanh-dense.1.tanh,771,172,1.003938913345337,0.5,0.1,1,2048,352256,3836082708,7.983488082885742,1024,1024,1
2022-08-29T13:54:16,dense.1.tanh-dense.1.tanh,771,46,1.0068378448486328,0.5,0.1,2,2048,188416,3836082708,4.5020432472229,1024,1024,1
2022-08-29T13:54:18,dense.1.tanh-dense.1.tanh,771,119,1.0037970542907715,0.5,0.1,2,512,121856,3836082708,4.4831743240356445,1024,1024,1
2022-08-29T13:54:19,dense.1.tanh-dense.1.tanh,771,82,1.002856969833374,0.2,0.1,2,1024,167936,3836082708,4.59702205657959,1024,1024,1
2022-08-29T13:54:21,dense.1.tanh-dense.1.tanh,771,79,1.0030021667480469,1.0,0.1,2,1024,161792,3836082708,4.905977725982666,1024,1024,1
2022-08-29T13:54:23,dense.1.tanh,769,55,1.004262924194336,0.5,0.1,4,1024,225280,3836082708,4.474979400634766,1024,1024,1
2022-08-29T13:54:25,dense.1.tanh,769,117,1.0011639595031738,0.5,0.1,4,256,119808,3836082708,4.4217305183410645,1024,1024,1
2022-08-29T13:54:27,dense.1.tanh,769,95,1.000047206878662,0.2,0.1,4,512,194560,3836082708,4.5689473152160645,1024,1024,1
2022-08-29T13:54:29,dense.1.tanh,769,94,1.0055031776428223,1.0,0.1,4,512,192512,3836082708,4.468845844268799,1024,1024,1
2022-08-29T13:54:31,rec.1.tanh,770,52,1.0029170513153076,0.5,0.1,8,512,212992,3836082708,4.370790004730225,1024,1024,1
2022-08-29T13:54:33,rec.1.relu,770,52,1.003861665725708,0.5,0.1,8,512,212992,3836082708,4.7559075355529785,1024,1024,1
2022-08-29T13:54:35,rec.1.tanh-dense.1.tanh,772,46,1.009103775024414,0.5,0.1,8,512,188416,3836082708,4.51104211807251,1024,1024,1
2022-08-29T13:54:37,rec.1.tanh,770,28,1.0089631080627441,0.5,0.1,8,1024,229376,3836082708,4.443604469299316,1024,1024,1
2022-08-29T13:54:39,rec.1.tanh,770,53,1.0087261199951172,0.2,0.1,8,512,217088,3836082708,4.64162540435791,1024,1024,1
2022-08-29T13:54:41,rec.1.tanh,770,52,1.003310203552246,1.0,0.1,8,512,212992,3836082708,4.418035507202148,1024,1024,1
2022-08-29T13:54:43,rec.1.tanh,770,53,1.0099949836730957,0.5,0.1,8,512,217088,3836082708,4.420413494110107,1024,1024,1
2022-08-29T13:54:45,rec.1.tanh,770,82,1.0032989978790283,0.2,0.1,8,256,167936,3836082708,4.600564002990723,1024,1024,1
2022-08-29T13:54:47,rec.1.tanh,770,77,1.0050711631774902,1.0,0.1,8,256,157696,3836082708,4.458759307861328,1024,1024,1
2022-08-29T13:54:49,rec.1.relu,770,52,1.0052320957183838,1.0,0.1,8,512,212992,3836082708,4.811295986175537,1024,1024,1
2022-08-29T13:54:51,dense.1.tanh,769,56,1.001629114151001,1.0,0.1,8,512,229376,3836082708,4.78313684463501,1024,1024,1
2022-08-29T13:54:53,rec.1.tanh-dense.1.tanh,772,45,1.004551887512207,1.0,0.1,8,512,184320,3836082708,4.571673393249512,1024,1024,1
2022-08-29T13:54:55,rec.1.tanh,770,53,1.0064971446990967,1.0,0.1,16,256,217088,3836082708,4.487930774688721,1024,1024,1
2022-08-29T13:54:57,rec.1.tanh,770,51,1.0038981437683105,1.0,0.1,4,1024,208896,3836082708,4.466765403747559,1024,1024,1
2022-08-29T13:54:59,rec.1.tanh,770,30,1.0164580345153809,1.0,0.1,8,1024,245760,3836082708,4.534214973449707,1024,1024,1
2022-08-29T13:55:01,rec.1.tanh,770,52,1.0061969757080078,2.0,0.1,8,512,212992,3836082708,4.85770845413208,1024,1024,1
2022-08-29T13:55:03,dense.1.tanh,769,92,1.0000090599060059,0.5,0.1,2,1024,188416,3836082708,4.390024185180664,1024,1024,1
2022-08-29T13:55:05,rec.1.relu-dense.1.tanh,772,100,1.0006091594696045,0.5,0.1,8,128,102400,3836082708,4.825338363647461,1024,1024,1
2022-08-29T13:55:07,rec.1.tanh-dense.1.relu,772,84,1.0039730072021484,0.5,0.1,8,128,86016,3836082708,4.800854206085205,1024,1024,1
2022-08-29T13:55:08,rec.1.tanh-rec.1.tanh,773,81,1.0021588802337646,0.5,0.1,8,128,82944,3836082708,4.437335014343262,1024,1024,1
2022-08-29T13:55:10,rec.1.tanh-gru.1.tanh,779,15,1.0024430751800537,0.5,0.1,8,128,15360,3836082708,4.938708305358887,1024,1024,1
2022-08-29T13:55:13,rec.1.tanh-lstm.1,782,17,1.0007438659667969,0.5,0.1,8,128,17408,3836082708,4.8726301193237305,1024,1024,1
2022-08-29T13:55:15,rec.1.tanh-dense.1.tanh-dense.1.tanh,774,41,1.0035231113433838,0.5,0.1,8,128,41984,3836082708,4.794614315032959,1024,1024,1
2022-08-29T13:55:16,rec.1.tanh-dense.1.tanh,772,72,1.0019772052764893,0.5,0.1,4,256,73728,3836082708,4.487470626831055,1024,1024,1
2022-08-29T13:55:18,rec.1.tanh-dense.1.tanh,772,139,1.0017297267913818,0.5,0.1,8,64,71168,3836082708,4.451028347015381,1024,1024,1
2022-08-29T13:55:20,rec.1.tanh-dense.1.tanh,772,77,1.00223708152771,0.2,0.1,8,128,78848,3836082708,4.570219993591309,1024,1024,1
2022-08-29T13:55:22,rec.1.tanh-dense.1.tanh,772,75,1.0005812644958496,1.0,0.1,8,128,76800,3836082708,4.830513954162598,1024,1024,1
2022-08-29T13:55:24,dense.1.tanh,769,193,1.000364065170288,0.5,0.1,4,128,98816,3836082708,4.435356616973877,1024,1024,1
2022-08-29T13:55:26,dense.1.tanh,769,118,1.0024120807647705,0.2,0.1,4,256,120832,3836082708,4.559440612792969,1024,1024,1
2022-08-29T13:55:28,dense.1.tanh,769,112,1.0030300617218018,1.0,0.1,4,256,114688,3836082708,4.607678413391113,1024,1024,1
2022-08-29T13:55:30,dense.1.relu,769,94,1.0001220703125,0.5,0.1,2,1024,192512,3836082708,4.769655227661133,1024,1024,1
2022-08-29T13:55:32,rec.1.tanh,770,84,1.0018181800842285,0.5,0.1,2,1024,172032,3836082708,4.399214267730713,1024,1024,1
2022-08-29T13:55:34,dense.1.tanh-dense.1.tanh,771,82,1.0066258907318115,0.5,0.1,2,1024,167936,3836082708,4.470021724700928,1024,1024,1
2022-08-29T13:55:36,dense.1.tanh,769,95,1.0028009414672852,0.5,0.1,4,512,194560,3836082708,4.4105706214904785,1024,1024,1
2022-08-29T13:55:38,dense.1.tanh,769,186,1.0026252269744873,0.5,0.1,1,2048,380928,3836082708,7.966540813446045,1024,1024,1
2022-08-29T13:55:40,dense.1.tanh,769,49,1.0020561218261719,0.5,0.1,2,2048,200704,3836082708,4.468595504760742,1024,1024,1
2022-08-29T13:55:42,dense.1.tanh,769,146,1.002634048461914,0.5,0.1,2,512,149504,3836082708,4.443378925323486,1024,1024,1
2022-08-29T13:55:44,dense.1.tanh,769,91,1.0040440559387207,0.2,0.1,2,1024,186368,3836082708,4.6206536293029785,1024,1024,1
2022-08-29T13:55:46,dense.1.tanh,769,76,1.0028560161590576,1.0,0.1,2,1024,155648,3836082708,4.499197006225586,1024,1024,1
2022-08-29T13:55:48,dense.1.tanh,769,102,1.0047798156738281,0.5,0.1,16,128,208896,3836082708,4.414146423339844,1024,1024,1
2022-08-29T13:55:50,dense.1.tanh,769,30,1.0149109363555908,0.5,0.1,32,256,245760,3836082708,4.633674144744873,1024,1024,1
2022-08-29T13:55:52,dense.1.tanh,769,67,1.0055701732635498,0.2,0.1,32,128,274432,3836082708,4.6528425216674805,1024,1024,1
2022-08-29T13:55:54,dense.1.tanh,769,65,1.0057799816131592,1.0,0.1,32,128,266240,3836082708,4.489736557006836,1024,1024,1
2022-08-29T13:55:56,dense.1.relu,769,113,1.0020170211791992,0.5,0.1,16,128,231424,3836082708,4.45563268661499,1024,1024,1
2022-08-29T13:55:58,rec.1.relu,770,150,1.0019440650939941,0.5,0.1,16,64,153600,3836082708,4.520174026489258,1024,1024,1
2022-08-29T13:56:00,rec.1.tanh,770,195,1.0108258724212646,0.5,0.1,16,32,99840,3836082708,4.472076892852783,1024,1024,1
2022-08-29T13:56:02,rec.1.tanh,770,150,1.0002191066741943,0.2,0.1,16,64,153600,3836082708,4.488431930541992,1024,1024,1
2022-08-29T13:56:04,rec.1.tanh,770,145,1.0007579326629639,1.0,0.1,16,64,148480,3836082708,4.458297252655029,1024,1024,1
2022-08-29T13:56:06,rec.1.tanh-dense.1.tanh,772,55,1.00822114944458,0.5,0.1,64,64,225280,3836082708,4.410149574279785,1024,1024,1
2022-08-29T13:56:08,dense.1.relu,769,77,1.0020148754119873,1.0,0.1,64,64,315392,3836082708,4.767418384552002,1024,1024,1
2022-08-29T13:56:10,dense.1.tanh-dense.1.tanh,771,60,1.0018830299377441,1.0,0.1,64,64,245760,3836082708,4.8785834312438965,1024,1024,1
2022-08-29T13:56:11,dense.1.tanh,769,80,1.0024337768554688,1.0,0.1,128,32,327680,3836082708,4.479296684265137,1024,1024,1
2022-08-29T13:56:13,dense.1.tanh,769,37,1.0122370719909668,1.0,0.1,64,128,303104,3836082708,4.550512313842773,1024,1024,1
2022-08-29T13:56:15,dense.1.tanh,769,142,1.0000791549682617,1.0,0.1,64,32,290816,3836082708,4.53330659866333,1024,1024,1
2022-08-29T13:56:17,dense.1.tanh,769,74,1.0050280094146729,2.0,0.1,64,64,303104,3836082708,4.754345417022705,1024,1024,1
2022-08-29T13:56:19,dense.1.relu,769,202,1.0109450817108154,0.5,0.1,4,128,103424,3836082708,4.4547119140625,1024,1024,1
2022-08-29T13:56:21,rec.1.tanh,770,181,1.0012338161468506,0.5,0.1,4,128,92672,3836082708,4.496097564697266,1024,1024,1
2022-08-29T13:56:23,dense.1.tanh-dense.1.tanh,771,139,1.000087022781372,0.5,0.1,4,128,71168,3836082708,4.507723808288574,1024,1024,1
2022-08-29T13:56:25,dense.1.tanh,769,209,1.0066730976104736,0.5,0.1,8,64,107008,3836082708,4.5073933601379395,1024,1024,1
2022-08-29T13:56:27,dense.1.tanh,769,153,1.000749111175537,0.5,0.1,2,256,78336,3836082708,4.527759552001953,1024,1024,1
2022-08-29T13:56:29,dense.1.tanh,769,227,1.00968599319458,0.5,0.1,4,64,58112,3836082708,4.469695091247559,1024,1024,1
2022-08-29T13:56:31,dense.1.tanh,769,212,1.0021469593048096,0.2,0.1,4,128,108544,3836082708,4.534600734710693,1024,1024,1
2022-08-29T13:56:33,dense.1.tanh,769,210,1.000964879989624,1.0,0.1,4,128,107520,3836082708,4.584432601928711,1024,1024,1
2022-08-29T13:56:35,rec.1.relu-dense.1.tanh,772,114,1.0028009414672852,0.5,0.1,16,64,116736,3836082708,4.792788505554199,1024,1024,1
2022-08-29T13:56:37,rec.1.tanh-dense.1.relu,772,118,1.0017590522766113,0.5,0.1,16,64,120832,3836082708,4.856705188751221,1024,1024,1
2022-08-29T13:56:39,rec.1.tanh-rec.1.tanh,773,100,1.0034360885620117,0.5,0.1,16,64,102400,3836082708,4.423861026763916,1024,1024,1
2022-08-29T13:56:41,rec.1.relu-rec.1.tanh,773,99,1.0003681182861328,0.5,0.1,16,64,101376,3836082708,4.777811050415039,1024,1024,1
2022-08-29T13:56:43,dense.1.tanh-rec.1.tanh,772,99,1.003087043762207,0.5,0.1,16,64,101376,3836082708,4.44321870803833,1024,1024,1
2022-08-29T13:56:45,rec.1.tanh-rec.1.relu,773,95,1.0001142024993896,0.5,0.1,16,64,97280,3836082708,4.777740001678467,1024,1024,1
2022-08-29T13:56:47,rec.1.tanh-gru.1.tanh,779,2,1.004164218902588,0.5,0.1,16,64,2048,3836082708,6.876286506652832,1024,1024,1
2022-08-29T13:56:49,rec.1.tanh-lstm.1,782,1,1.2726070880889893,0.5,0.1,16,64,1024,3836082708,7.447271823883057,1024,1024,1
2022-08-29T13:56:51,rec.1.tanh-rec.1.tanh-dense.1.tanh,775,47,1.003354787826538,0.5,0.1,16,64,48128,3836082708,4.675092697143555,1024,1024,1
2022-08-29T13:56:53,rec.1.tanh-rec.1.tanh,773,119,1.0040359497070312,0.5,0.1,32,32,121856,3836082708,4.5236592292785645,1024,1024,1
2022-08-29T13:56:55,rec.1.tanh-rec.1.tanh,773,139,1.0009450912475586,0.5,0.1,16,32,71168,3836082708,4.531412601470947,1024,1024,1
2022-08-29T13:56:57,rec.1.tanh-rec.1.tanh,773,98,1.001357078552246,0.2,0.1,16,64,100352,3836082708,4.564326763153076,1024,1024,1
2022-08-29T13:56:59,rec.1.tanh-rec.1.tanh,773,98,1.000852346420288,1.0,0.1,16,64,100352,3836082708,4.5880961418151855,1024,1024,1
2022-08-29T13:57:01,rec.1.tanh-dense.1.tanh-dense.1.tanh,774,75,1.001929759979248,0.5,0.1,16,64,76800,3836082708,4.533936023712158,1024,1024,1
2022-08-29T13:57:03,rec.1.tanh-dense.1.tanh,772,167,1.0029799938201904,0.5,0.1,16,32,85504,3836082708,4.506674766540527,1024,1024,1
2022-08-29T13:57:05,rec.1.tanh-dense.1.tanh,772,107,1.0040225982666016,0.2,0.1,16,64,109568,3836082708,4.6744818687438965,1024,1024,1
2022-08-29T13:57:07,rec.1.tanh-dense.1.tanh,772,110,1.0019938945770264,1.0,0.1,16,64,112640,3836082708,4.860975742340088,1024,1024,1
2022-08-29T13:57:09,dense.1.tanh-dense.1.tanh,771,48,1.0034410953521729,0.5,0.1,8,512,196608,3836082708,4.39879035949707,1024,1024,1
2022-08-29T13:57:11,dense.1.relu-dense.1.tanh,771,46,1.0010130405426025,0.5,0.1,8,512,188416,3836082708,4.837286472320557,1024,1024,1
2022-08-29T13:57:13,dense.1.tanh-dense.1.relu,771,49,1.004378080368042,0.5,0.1,8,512,200704,3836082708,4.436563968658447,1024,1024,1
2022-08-29T13:57:15,dense.1.tanh-rec.1.tanh,772,46,1.0048620700836182,0.5,0.1,8,512,188416,3836082708,4.506870746612549,1024,1024,1
2022-08-29T13:57:17,dense.1.tanh-gru.1.tanh,778,27,1.0073559284210205,0.5,0.1,8,512,110592,3836082708,4.6526641845703125,1024,1024,1
2022-08-29T13:57:19,dense.1.tanh-lstm.1,781,20,1.0057988166809082,0.5,0.1,8,512,81920,3836082708,4.812736511230469,1024,1024,1
2022-08-29T13:57:21,dense.1.tanh-dense.1.tanh-dense.1.tanh,773,38,1.004955768585205,0.5,0.1,8,512,155648,3836082708,4.591645240783691,1024,1024,1
2022-08-29T13:57:23,dense.1.tanh-dense.1.tanh,771,26,1.0104420185089111,0.5,0.1,8,1024,212992,3836082708,4.559134483337402,1024,1024,1
2022-08-29T13:57:25,dense.1.tanh-dense.1.tanh,771,46,1.0083281993865967,0.2,0.1,8,512,188416,3836082708,4.765127182006836,1024,1024,1
2022-08-29T13:57:27,dense.1.tanh-dense.1.tanh,771,50,1.0030310153961182,1.0,0.1,8,512,204800,3836082708,4.8113908767700195,1024,1024,1
2022-08-29T13:57:29,dense.1.tanh,769,32,1.0176446437835693,0.5,0.1,8,1024,262144,3836082708,4.408585548400879,1024,1024,1
2022-08-29T13:57:31,dense.1.relu,769,31,1.0125770568847656,0.5,0.1,8,1024,253952,3836082708,4.598625659942627,1024,1024,1
2022-08-29T13:57:33,dense.1.tanh,769,29,1.0068838596343994,0.5,0.1,4,2048,237568,3836082708,4.500672340393066,1024,1024,1
2022-08-29T13:57:35,dense.1.tanh,769,13,1.018907070159912,0.5,0.1,8,2048,212992,3836082708,4.661923885345459,1024,1024,1
2022-08-29T13:57:37,dense.1.tanh,769,31,1.0086581707000732,0.2,0.1,8,1024,253952,3836082708,5.227391242980957,1024,1024,1
2022-08-29T13:57:39,dense.1.tanh,769,30,1.0006909370422363,1.0,0.1,8,1024,245760,3836082708,4.467666149139404,1024,1024,1
2022-08-29T13:57:41,dense.1.tanh,769,54,1.0050599575042725,0.2,0.1,8,512,221184,3836082708,4.691725254058838,1024,1024,1
2022-08-29T13:57:43,dense.1.relu-dense.1.tanh,771,49,1.0077083110809326,0.5,0.1,4,1024,200704,3836082708,4.718961238861084,1024,1024,1
2022-08-29T13:57:45,rec.1.tanh-dense.1.tanh,772,46,1.00453519821167,0.5,0.1,4,1024,188416,3836082708,4.399223804473877,1024,1024,1
2022-08-29T13:57:47,rec.1.relu-dense.1.tanh,772,45,1.0062799453735352,0.5,0.1,4,1024,184320,3836082708,4.574454307556152,1024,1024,1
2022-08-29T13:57:49,rec.1.tanh-dense.1.relu,772,45,1.0018937587738037,0.5,0.1,4,1024,184320,3836082708,4.839920997619629,1024,1024,1
2022-08-29T13:57:51,rec.1.tanh-rec.1.tanh,773,43,1.0004792213439941,0.5,0.1,4,1024,176128,3836082708,4.45527982711792,1024,1024,1
2022-08-29T13:57:53,rec.1.tanh-gru.1.tanh,779,25,1.0070011615753174,0.5,0.1,4,1024,102400,3836082708,5.126978397369385,1024,1024,1
2022-08-29T13:57:55,rec.1.tanh-lstm.1,782,18,1.006432056427002,0.5,0.1,4,1024,73728,3836082708,4.610202789306641,1024,1024,1
2022-08-29T13:57:57,rec.1.tanh-dense.1.tanh-dense.1.tanh,774,41,1.0105130672454834,0.5,0.1,4,1024,167936,3836082708,4.533482074737549,1024,1024,1
2022-08-29T13:57:59,rec.1.tanh-dense.1.tanh,772,43,1.0020301342010498,0.5,0.1,2,2048,176128,3836082708,4.480236530303955,1024,1024,1
2022-08-29T13:58:01,rec.1.tanh-dense.1.tanh,772,26,1.0131502151489258,0.5,0.1,4,2048,212992,3836082708,4.480335235595703,1024,1024,1
2022-08-29T13:58:03,rec.1.tanh-dense.1.tanh,772,46,1.0068531036376953,0.2,0.1,4,1024,188416,3836082708,4.778744220733643,1024,1024,1
2022-08-29T13:58:05,rec.1.tanh-dense.1.tanh,772,33,1.0076298713684082,1.0,0.1,4,1024,135168,3836082708,4.688088893890381,1024,1024,1
2022-08-29T13:58:07,dense.1.tanh-dense.1.relu,771,43,1.0040628910064697,0.5,0.1,4,1024,176128,3836082708,4.759546279907227,1024,1024,1
2022-08-29T13:58:09,dense.1.tanh-rec.1.tanh,772,44,1.003316879272461,0.5,0.1,4,1024,180224,3836082708,4.4942169189453125,1024,1024,1
2022-08-29T13:58:11,dense.1.tanh-gru.1.tanh,778,27,1.0041730403900146,0.5,0.1,4,1024,110592,3836082708,4.507972240447998,1024,1024,1
2022-08-29T13:58:13,dense.1.tanh-lstm.1,781,21,1.0102558135986328,0.5,0.1,4,1024,86016,3836082708,4.730864524841309,1024,1024,1
2022-08-29T13:58:14,dense.1.tanh-dense.1.tanh-dense.1.tanh,773,42,1.0022881031036377,0.5,0.1,4,1024,172032,3836082708,4.458675384521484,1024,1024,1
2022-08-29T13:58:16,dense.1.tanh-dense.1.tanh,771,27,1.004734992980957,0.5,0.1,4,2048,221184,3836082708,4.638747692108154,1024,1024,1
2022-08-29T13:58:18,dense.1.tanh-dense.1.tanh,771,48,1.002152919769287,0.2,0.1,4,1024,196608,3836082708,4.832780361175537,1024,1024,1
2022-08-29T13:58:20,dense.1.tanh-dense.1.tanh,771,47,1.0046510696411133,1.0,0.1,4,1024,192512,3836082708,4.620978832244873,1024,1024,1
2022-08-29T13:58:22,dense.1.tanh,769,142,1.0029590129852295,0.5,0.1,8,128,145408,3836082708,4.431090354919434,1024,1024,1
2022-08-29T13:58:24,dense.1.relu,769,152,1.0008158683776855,0.5,0.1,8,128,155648,3836082708,4.403696060180664,1024,1024,1
2022-08-29T13:58:26,dense.1.relu-dense.1.relu,771,41,1.005133867263794,0.5,0.1,8,512,167936,3836082708,4.6261067390441895,1024,1024,1
2022-08-29T13:58:28,rec.1.tanh-dense.1.relu,772,46,1.0072658061981201,0.5,0.1,8,512,188416,3836082708,4.819247722625732,1024,1024,1
2022-08-29T13:58:30,dense.1.tanh-dense.1.relu-dense.1.tanh,773,41,1.0058619976043701,0.5,0.1,8,512,167936,3836082708,4.819131851196289,1024,1024,1
2022-08-29T13:58:32,dense.1.tanh-dense.1.relu,771,37,1.0083436965942383,0.5,0.1,16,256,151552,3836082708,4.809088230133057,1024,1024,1
2022-08-29T13:58:34,dense.1.tanh-dense.1.relu,771,28,1.0038120746612549,0.5,0.1,8,1024,229376,3836082708,4.8343329429626465,1024,1024,1
2022-08-29T13:58:36,dense.1.tanh-dense.1.relu,771,53,1.0036678314208984,0.5,0.1,8,256,108544,3836082708,4.808940410614014,1024,1024,1
2022-08-29T13:58:38,dense.1.tanh-dense.1.relu,771,50,1.0065960884094238,0.2,0.1,8,512,204800,3836082708,4.69529390335083,1024,1024,1
2022-08-29T13:58:40,dense.1.tanh-dense.1.relu,771,44,1.0002591609954834,1.0,0.1,8,512,180224,3836082708,4.862694263458252,1024,1024,1
2022-08-29T13:58:42,rec.1.tanh,770,79,1.004119873046875,0.5,0.1,4,512,161792,3836082708,4.412527084350586,1024,1024,1
2022-08-29T13:58:44,rec.1.relu-rec.1.tanh,773,93,1.0002961158752441,0.5,0.1,8,128,95232,3836082708,4.439448356628418,1024,1024,1
2022-08-29T13:58:46,dense.1.tanh-rec.1.tanh,772,66,1.0015778541564941,0.5,0.1,8,128,67584,3836082708,4.422698974609375,1024,1024,1
2022-08-29T13:58:48,dense.1.relu-rec.1.tanh,772,103,1.0025410652160645,0.5,0.1,8,128,105472,3836082708,4.748094081878662,1024,1024,1
2022-08-29T13:58:50,dense.1.tanh-rec.1.relu,772,93,1.0038728713989258,0.5,0.1,8,128,95232,3836082708,4.799209117889404,1024,1024,1
2022-08-29T13:58:52,dense.1.tanh-dense.1.tanh,771,81,1.0008831024169922,0.5,0.1,8,128,82944,3836082708,4.506616115570068,1024,1024,1
2022-08-29T13:58:54,dense.1.tanh-gru.1.tanh,778,34,1.0036790370941162,0.5,0.1,8,128,34816,3836082708,4.452253341674805,1024,1024,1
2022-08-29T13:58:56,dense.1.tanh-lstm.1,781,22,1.0049548149108887,0.5,0.1,8,128,22528,3836082708,4.799112796783447,1024,1024,1
2022-08-29T13:58:58,dense.1.tanh-rec.1.tanh-dense.1.tanh,774,64,1.0004642009735107,0.5,0.1,8,128,65536,3836082708,4.460965156555176,1024,1024,1
2022-08-29T13:59:00,dense.1.tanh-rec.1.tanh,772,44,1.004347801208496,0.5,0.1,4,256,45056,3836082708,4.498858451843262,1024,1024,1
2022-08-29T13:59:02,dense.1.tanh-rec.1.tanh,772,26,1.004837989807129,0.5,0.1,8,256,53248,3836082708,4.827709674835205,1024,1024,1
2022-08-29T13:59:04,dense.1.tanh-rec.1.tanh,772,127,1.0016257762908936,0.5,0.1,8,64,65024,3836082708,4.434206485748291,1024,1024,1
2022-08-29T13:59:06,dense.1.tanh-rec.1.tanh,772,85,1.0032410621643066,0.2,0.1,8,128,87040,3836082708,4.550776481628418,1024,1024,1
2022-08-29T13:59:08,dense.1.tanh-rec.1.tanh,772,95,1.003000259399414,1.0,0.1,8,128,97280,3836082708,4.642726421356201,1024,1024,1
2022-08-29T13:59:10,dense.1.relu-rec.1.tanh,772,148,1.0022330284118652,0.5,0.1,8,64,75776,3836082708,4.852668762207031,1024,1024,1
2022-08-29T13:59:12,dense.1.tanh-rec.1.relu,772,141,1.0004711151123047,0.5,0.1,8,64,72192,3836082708,4.8215460777282715,1024,1024,1
2022-08-29T13:59:14,dense.1.tanh-dense.1.tanh,771,166,1.0011608600616455,0.5,0.1,8,64,84992,3836082708,4.502577781677246,1024,1024,1
2022-08-29T13:59:16,dense.1.tanh-gru.1.tanh,778,9,1.0024299621582031,0.5,0.1,8,64,4608,3836082708,5.038402557373047,1024,1024,1
2022-08-29T13:59:18,dense.1.tanh-lstm.1,781,1,1.0904722213745117,0.5,0.1,8,64,512,3836082708,7.524412631988525,1024,1024,1
2022-08-29T13:59:20,dense.1.tanh-rec.1.tanh-dense.1.tanh,774,93,1.0018930435180664,0.5,0.1,8,64,47616,3836082708,4.50832986831665,1024,1024,1
2022-08-29T13:59:22,dense.1.tanh-rec.1.tanh,772,161,1.0025842189788818,0.5,0.1,16,32,82432,3836082708,4.453865051269531,1024,1024,1
2022-08-29T13:59:24,dense.1.tanh-rec.1.tanh,772,103,1.0026001930236816,0.5,0.1,4,128,52736,3836082708,4.503152370452881,1024,1024,1
2022-08-29T13:59:26,dense.1.tanh-rec.1.tanh,772,174,1.0014238357543945,0.5,0.1,8,32,44544,3836082708,4.481820106506348,1024,1024,1
2022-08-29T13:59:28,dense.1.tanh-rec.1.tanh,772,131,1.0031087398529053,0.2,0.1,8,64,67072,3836082708,4.580384731292725,1024,1024,1
2022-08-29T13:59:30,dense.1.tanh-rec.1.tanh,772,115,1.000830888748169,1.0,0.1,8,64,58880,3836082708,4.883812427520752,1024,1024,1
2022-08-29T13:59:32,rec.1.tanh-rec.1.relu,773,74,1.0,0.5,0.1,8,128,75776,3836082708,4.833916664123535,1024,1024,1
2022-08-29T13:59:34,rec.1.tanh-rec.1.tanh-dense.1.tanh,775,53,1.0003550052642822,0.5,0.1,8,128,54272,3836082708,4.57711935043335,1024,1024,1
2022-08-29T13:59:36,rec.1.tanh-rec.1.tanh,773,50,1.0007448196411133,0.5,0.1,4,256,51200,3836082708,4.4751362800598145,1024,1024,1
2022-08-29T13:59:38,rec.1.tanh-rec.1.tanh,773,34,1.0012166500091553,0.5,0.1,8,256,69632,3836082708,4.6171793937683105,1024,1024,1
2022-08-29T13:59:39,rec.1.tanh-rec.1.tanh,773,127,1.0004279613494873,0.5,0.1,8,64,65024,3836082708,4.508489608764648,1024,1024,1
2022-08-29T13:59:41,rec.1.tanh-rec.1.tanh,773,73,1.0004920959472656,0.2,0.1,8,128,74752,3836082708,4.655237197875977,1024,1024,1
2022-08-29T13:59:43,rec.1.tanh-rec.1.tanh,773,84,1.0042657852172852,1.0,0.1,8,128,86016,3836082708,4.8884735107421875,1024,1024,1
2022-08-29T13:59:45,rec.1.relu,770,197,1.0003838539123535,0.5,0.1,8,64,100864,3836082708,4.424047470092773,1024,1024,1
2022-08-29T13:59:47,rec.1.relu-dense.1.tanh,772,145,1.0023689270019531,0.5,0.1,8,64,74240,3836082708,4.454946517944336,1024,1024,1
2022-08-29T13:59:49,rec.1.relu,770,212,1.0013060569763184,0.5,0.1,16,32,108544,3836082708,4.443034648895264,1024,1024,1
2022-08-29T13:59:51,rec.1.relu,770,186,1.0020520687103271,0.5,0.1,4,128,95232,3836082708,4.468562126159668,1024,1024,1
2022-08-29T13:59:53,rec.1.relu,770,234,1.0050640106201172,0.5,0.1,8,32,59904,3836082708,4.758807182312012,1024,1024,1
2022-08-29T13:59:55,rec.1.relu,770,199,1.0021939277648926,0.2,0.1,8,64,101888,3836082708,4.48786735534668,1024,1024,1
2022-08-29T13:59:57,rec.1.relu,770,194,1.002269983291626,1.0,0.1,8,64,99328,3836082708,4.8632893562316895,1024,1024,1
2022-08-29T13:59:59,rec.1.relu,770,129,1.0002098083496094,0.2,0.1,8,128,132096,3836082708,4.847937107086182,1024,1024,1
2022-08-29T14:00:01,rec.1.relu,770,127,1.0026040077209473,1.0,0.1,8,128,130048,3836082708,4.710721015930176,1024,1024,1
2022-08-29T14:00:03,rec.1.tanh-dense.1.tanh,772,90,1.001788854598999,0.5,0.1,32,64,184320,3836082708,4.463346004486084,1024,1024,1
2022-08-29T14:00:05,rec.1.relu-dense.1.tanh,772,101,1.0010888576507568,0.5,0.1,4,256,103424,3836082708,4.663958549499512,1024,1024,1
2022-08-29T14:00:07,rec.1.relu,770,126,1.0031461715698242,0.5,0.1,2,512,129024,3836082708,4.671600818634033,1024,1024,1
2022-08-29T14:00:09,rec.1.relu,770,133,1.000148057937622,0.2,0.1,4,256,136192,3836082708,4.480274677276611,1024,1024,1
2022-08-29T14:00:11,rec.1.relu,770,132,1.0021090507507324,1.0,0.1,4,256,135168,3836082708,4.736205577850342,1024,1024,1
2022-08-29T14:00:13,rec.1.tanh,770,240,1.004497766494751,0.5,0.1,8,32,61440,3836082708,4.506445407867432,1024,1024,1
2022-08-29T14:00:15,rec.1.tanh,770,196,1.0022814273834229,0.2,0.1,8,64,100352,3836082708,4.499453544616699,1024,1024,1
2022-08-29T14:00:17,rec.1.tanh,770,197,1.0001530647277832,1.0,0.1,8,64,100864,3836082708,4.6178202629089355,1024,1024,1
2022-08-29T14:00:19,dense.1.tanh,769,124,1.0007779598236084,0.5,0.1,128,16,253952,3836082708,4.4193644523620605,1024,1024,1
2022-08-29T14:00:21,rec.1.tanh,770,92,1.0033321380615234,0.2,0.1,16,128,188416,3836082708,4.499378204345703,1024,1024,1
2022-08-29T14:00:23,rec.1.tanh,770,89,1.0000331401824951,1.0,0.1,16,128,182272,3836082708,4.481839179992676,1024,1024,1
2022-08-29T14:00:25,rec.1.relu,770,48,1.0032908916473389,0.5,0.1,2,2048,196608,3836082708,4.448309421539307,1024,1024,1
2022-08-29T14:00:27,rec.1.relu,770,28,1.0067150592803955,0.5,0.1,4,2048,229376,3836082708,4.695946216583252,1024,1024,1
2022-08-29T14:00:29,rec.1.relu,770,44,1.0538139343261719,0.2,0.1,4,1024,180224,3836082708,5.303713798522949,1024,1024,1
2022-08-29T14:00:31,rec.1.relu,770,50,1.0060429573059082,1.0,0.1,4,1024,204800,3836082708,4.718583583831787,1024,1024,1
2022-08-29T14:00:32,dense.1.relu-dense.1.tanh,771,103,1.0018680095672607,0.5,0.1,32,64,210944,3836082708,4.445127487182617,1024,1024,1
2022-08-29T14:00:34,dense.1.tanh-dense.1.relu,771,105,1.0010008811950684,0.5,0.1,32,64,215040,3836082708,4.826691627502441,1024,1024,1
2022-08-29T14:00:36,dense.1.tanh-rec.1.tanh,772,86,1.0052549839019775,0.5,0.1,32,64,176128,3836082708,4.432822227478027,1024,1024,1
2022-08-29T14:00:38,dense.1.tanh-gru.1.tanh,778,6,1.003756046295166,0.5,0.1,32,64,12288,3836082708,5.531154155731201,1024,1024,1
2022-08-29T14:00:41,dense.1.tanh-lstm.1,781,1,1.0862290859222412,0.5,0.1,32,64,2048,3836082708,7.370314121246338,1024,1024,1
2022-08-29T14:00:42,dense.1.tanh,769,131,1.0057799816131592,0.5,0.1,32,64,268288,3836082708,4.389960765838623,1024,1024,1
2022-08-29T14:00:44,dense.1.tanh,769,199,1.0004539489746094,0.5,0.1,32,32,203776,3836082708,4.410815238952637,1024,1024,1
2022-08-29T14:00:46,dense.1.relu,769,200,1.0002870559692383,0.5,0.1,32,32,204800,3836082708,4.8126654624938965,1024,1024,1
2022-08-29T14:00:48,dense.1.tanh,769,192,1.0010240077972412,0.5,0.1,64,16,196608,3836082708,4.455124855041504,1024,1024,1
2022-08-29T14:00:50,dense.1.tanh,769,246,1.0057270526885986,0.5,0.1,32,16,125952,3836082708,4.46744441986084,1024,1024,1
2022-08-29T14:00:52,dense.1.tanh,769,198,1.00209379196167,0.2,0.1,32,32,202752,3836082708,4.498698711395264,1024,1024,1
2022-08-29T14:00:54,dense.1.tanh,769,198,1.0019738674163818,1.0,0.1,32,32,202752,3836082708,4.5653157234191895,1024,1024,1
2022-08-29T14:00:56,dense.1.tanh,769,130,1.0021770000457764,0.2,0.1,32,64,266240,3836082708,4.55777645111084,1024,1024,1
2022-08-29T14:00:58,dense.1.tanh,769,128,1.0040760040283203,1.0,0.1,32,64,262144,3836082708,4.507907867431641,1024,1024,1
2022-08-29T14:01:00,dense.1.tanh-dense.1.tanh-dense.1.tanh,773,76,1.0050246715545654,0.5,0.1,32,64,155648,3836082708,4.415776252746582,1024,1024,1
2022-08-29T14:01:02,dense.1.tanh-dense.1.tanh,771,117,1.0005278587341309,0.5,0.1,64,32,239616,3836082708,4.448480129241943,1024,1024,1
2022-08-29T14:01:04,dense.1.tanh-dense.1.tanh,771,71,1.0040771961212158,0.5,0.1,16,128,145408,3836082708,4.412330150604248,1024,1024,1
2022-08-29T14:01:06,dense.1.tanh-dense.1.relu,771,82,1.0007622241973877,0.5,0.1,16,128,167936,3836082708,4.37943172454834,1024,1024,1
2022-08-29T14:01:08,dense.1.relu-dense.1.relu,771,91,1.0036017894744873,0.5,0.1,16,128,186368,3836082708,4.797103404998779,1024,1024,1
2022-08-29T14:01:10,dense.1.tanh-rec.1.tanh,772,74,1.001568078994751,0.5,0.1,16,128,151552,3836082708,4.437799453735352,1024,1024,1
2022-08-29T14:01:12,dense.1.tanh-gru.1.tanh,778,32,1.0035400390625,0.5,0.1,16,128,65536,3836082708,4.729897499084473,1024,1024,1
2022-08-29T14:01:14,dense.1.tanh-lstm.1,781,21,1.005321979522705,0.5,0.1,16,128,43008,3836082708,4.881799221038818,1024,1024,1
2022-08-29T14:01:16,dense.1.tanh-dense.1.relu-dense.1.tanh,773,61,1.0055758953094482,0.5,0.1,16,128,124928,3836082708,4.8239898681640625,1024,1024,1
2022-08-29T14:01:18,dense.1.tanh-dense.1.relu,771,132,1.0003418922424316,0.5,0.1,16,64,135168,3836082708,4.822943210601807,1024,1024,1
2022-08-29T14:01:20,dense.1.tanh-dense.1.relu,771,82,1.0045418739318848,0.2,0.1,16,128,167936,3836082708,4.931854248046875,1024,1024,1
2022-08-29T14:01:22,dense.1.tanh-dense.1.relu,771,82,1.003100872039795,1.0,0.1,16,128,167936,3836082708,4.867704391479492,1024,1024,1
2022-08-29T14:01:24,dense.1.tanh-dense.1.relu,771,79,1.0044758319854736,0.5,0.1,16,128,161792,3836082708,4.657494068145752,1024,1024,1
2022-08-29T14:01:26,dense.1.tanh-dense.1.tanh-dense.1.tanh,773,43,1.0007660388946533,0.5,0.1,16,128,88064,3836082708,4.832003593444824,1024,1024,1
2022-08-29T14:01:28,dense.1.tanh-dense.1.tanh,771,124,1.0000770092010498,0.5,0.1,16,64,126976,3836082708,4.470271587371826,1024,1024,1
2022-08-29T14:01:30,dense.1.tanh-dense.1.tanh,771,72,1.0024514198303223,0.2,0.1,16,128,147456,3836082708,4.60141658782959,1024,1024,1
2022-08-29T14:01:31,dense.1.tanh-dense.1.tanh,771,72,1.0029520988464355,1.0,0.1,16,128,147456,3836082708,4.757782936096191,1024,1024,1
2022-08-29T14:01:34,dense.1.relu-rec.1.tanh,772,82,1.0039138793945312,0.5,0.1,16,128,167936,3836082708,4.782354354858398,1024,1024,1
2022-08-29T14:01:36,dense.1.tanh-rec.1.relu,772,74,1.0004253387451172,0.5,0.1,16,128,151552,3836082708,4.6788740158081055,1024,1024,1
2022-08-29T14:01:38,dense.1.tanh-rec.1.tanh-dense.1.tanh,774,50,1.003279685974121,0.5,0.1,16,128,102400,3836082708,4.445974826812744,1024,1024,1
2022-08-29T14:01:40,dense.1.tanh-rec.1.tanh,772,68,1.0008952617645264,0.2,0.1,16,128,139264,3836082708,4.6221184730529785,1024,1024,1
2022-08-29T14:01:41,dense.1.tanh-rec.1.tanh,772,73,1.0012381076812744,1.0,0.1,16,128,149504,3836082708,4.849212646484375,1024,1024,1
2022-08-29T14:01:43,dense.1.tanh-dense.1.tanh,771,49,1.0045418739318848,0.5,0.1,32,128,200704,3836082708,4.410072326660156,1024,1024,1
2022-08-29T14:01:45,dense.1.tanh-dense.1.tanh,771,158,1.0007359981536865,0.5,0.1,32,32,161792,3836082708,4.474772930145264,1024,1024,1
2022-08-29T14:01:47,dense.1.tanh-dense.1.tanh,771,100,1.0016651153564453,0.2,0.1,32,64,204800,3836082708,4.613211154937744,1024,1024,1
2022-08-29T14:01:49,dense.1.tanh-dense.1.tanh,771,97,1.0017502307891846,1.0,0.1,32,64,198656,3836082708,4.836428165435791,1024,1024,1
2022-08-29T14:01:51,rec.1.relu-rec.1.tanh,773,82,1.000478982925415,0.5,0.1,32,64,167936,3836082708,4.4955925941467285,1024,1024,1
2022-08-29T14:01:53,rec.1.tanh-rec.1.relu,773,82,1.002295970916748,0.5,0.1,32,64,167936,3836082708,4.7766218185424805,1024,1024,1
2022-08-29T14:01:55,rec.1.tanh-rec.1.tanh-dense.1.tanh,775,52,1.0013201236724854,0.5,0.1,32,64,106496,3836082708,4.736999988555908,1024,1024,1
2022-08-29T14:01:57,rec.1.tanh-rec.1.tanh,773,89,1.0005769729614258,0.5,0.1,64,32,182272,3836082708,4.454769611358643,1024,1024,1
2022-08-29T14:01:59,rec.1.tanh-rec.1.tanh,773,45,1.008220911026001,0.5,0.1,32,128,184320,3836082708,4.523195743560791,1024,1024,1
2022-08-29T14:02:01,rec.1.tanh-rec.1.tanh,773,80,1.0053400993347168,0.2,0.1,32,64,163840,3836082708,4.624002933502197,1024,1024,1
2022-08-29T14:02:03,rec.1.tanh-rec.1.tanh,773,79,1.0025999546051025,1.0,0.1,32,64,161792,3836082708,4.831428527832031,1024,1024,1
2022-08-29T14:02:05,rec.1.relu-rec.1.relu,773,87,1.0044479370117188,0.5,0.1,8,128,89088,3836082708,4.797194957733154,1024,1024,1
2022-08-29T14:02:07,rec.1.relu-gru.1.tanh,779,28,1.004349946975708,0.5,0.1,8,128,28672,3836082708,4.8681111335754395,1024,1024,1
2022-08-29T14:02:09,rec.1.relu-lstm.1,782,20,1.0039801597595215,0.5,0.1,8,128,20480,3836082708,4.865339279174805,1024,1024,1
2022-08-29T14:02:11,rec.1.relu-rec.1.tanh-dense.1.tanh,775,56,1.0008950233459473,0.5,0.1,8,128,57344,3836082708,4.827412128448486,1024,1024,1
2022-08-29T14:02:13,rec.1.relu-rec.1.tanh,773,84,1.001213788986206,0.5,0.1,4,256,86016,3836082708,4.838977813720703,1024,1024,1
2022-08-29T14:02:15,rec.1.relu-rec.1.tanh,773,60,1.0042338371276855,0.5,0.1,8,256,122880,3836082708,4.601800441741943,1024,1024,1
2022-08-29T14:02:17,rec.1.relu-rec.1.tanh,773,129,1.001720905303955,0.5,0.1,8,64,66048,3836082708,4.79440450668335,1024,1024,1
2022-08-29T14:02:19,rec.1.relu-rec.1.tanh,773,92,1.0022132396697998,0.2,0.1,8,128,94208,3836082708,4.8245320320129395,1024,1024,1
2022-08-29T14:02:21,rec.1.relu-rec.1.tanh,773,90,1.0010449886322021,1.0,0.1,8,128,92160,3836082708,4.883523464202881,1024,1024,1
2022-08-29T14:02:23,rec.1.relu,770,52,1.0033822059631348,0.5,0.1,8,512,212992,3836082708,4.71604061126709,1024,1024,1
2022-08-29T14:02:25,dense.1.tanh,769,55,1.0039119720458984,0.5,0.1,8,512,225280,3836082708,4.443929195404053,1024,1024,1
2022-08-29T14:02:27,rec.1.tanh-dense.1.tanh,772,45,1.0069949626922607,0.5,0.1,8,512,184320,3836082708,4.533929347991943,1024,1024,1
2022-08-29T14:02:29,rec.1.tanh,770,52,1.0023319721221924,0.5,0.1,16,256,212992,3836082708,4.45413875579834,1024,1024,1
2022-08-29T14:02:31,rec.1.tanh,770,37,1.0093891620635986,0.5,0.1,4,1024,151552,3836082708,4.4563751220703125,1024,1024,1
2022-08-29T14:02:33,rec.1.tanh,770,29,1.0063810348510742,0.5,0.1,8,1024,237568,3836082708,4.47646951675415,1024,1024,1
2022-08-29T14:02:35,rec.1.tanh,770,78,1.0035629272460938,0.5,0.1,8,256,159744,3836082708,4.416569232940674,1024,1024,1
2022-08-29T14:02:37,rec.1.tanh,770,51,1.0073001384735107,0.2,0.1,8,512,208896,3836082708,4.773451328277588,1024,1024,1
2022-08-29T14:02:39,rec.1.tanh,770,51,1.004244089126587,1.0,0.1,8,512,208896,3836082708,4.626706123352051,1024,1024,1
2022-08-29T14:02:41,rec.1.tanh,770,112,1.004464864730835,0.5,0.1,128,16,229376,3836082708,4.405689716339111,1024,1024,1
2022-08-29T14:02:43,rec.1.relu,770,111,1.0011169910430908,0.5,0.1,128,16,227328,3836082708,4.7885422706604,1024,1024,1
2022-08-29T14:02:45,dense.1.relu-dense.1.tanh-dense.1.tanh,773,65,1.0050749778747559,0.5,0.1,4,512,133120,3836082708,4.825436115264893,1024,1024,1
2022-08-29T14:02:47,rec.1.tanh-dense.1.tanh-dense.1.tanh,774,61,1.0071728229522705,0.5,0.1,4,512,124928,3836082708,4.5096564292907715,1024,1024,1
2022-08-29T14:02:49,dense.1.tanh-dense.2.tanh-dense.1.tanh,776,28,1.0057218074798584,0.5,0.1,4,512,57344,3836082708,4.661283016204834,1024,1024,1
2022-08-29T14:02:51,dense.1.tanh-dense.1.relu-dense.1.tanh,773,67,1.0011301040649414,0.5,0.1,4,512,137216,3836082708,4.816706657409668,1024,1024,1
2022-08-29T14:02:53,dense.1.tanh-rec.1.tanh-dense.1.tanh,774,61,1.0023858547210693,0.5,0.1,4,512,124928,3836082708,4.559981822967529,1024,1024,1
2022-08-29T14:02:55,dense.1.tanh-gru.1.tanh-dense.1.tanh,780,33,1.0087108612060547,0.5,0.1,4,512,67584,3836082708,4.544676780700684,1024,1024,1
2022-08-29T14:02:57,dense.1.tanh-lstm.1-dense.1.tanh,783,23,1.0083138942718506,0.5,0.1,4,512,47104,3836082708,4.790517330169678,1024,1024,1
2022-08-29T14:02:59,dense.1.tanh-dense.1.tanh-dense.1.relu,773,70,1.006026029586792,0.5,0.1,4,512,143360,3836082708,4.7994160652160645,1024,1024,1
2022-08-29T14:03:01,dense.1.tanh-dense.1.tanh-rec.1.tanh,774,61,1.003028154373169,0.5,0.1,4,512,124928,3836082708,4.511106967926025,1024,1024,1
2022-08-29T14:03:03,dense.1.tanh-dense.1.tanh-gru.1.tanh,780,33,1.0026490688323975,0.5,0.1,4,512,67584,3836082708,4.864919662475586,1024,1024,1
2022-08-29T14:03:05,dense.1.tanh-dense.1.tanh-lstm.1,783,22,1.0041189193725586,0.5,0.1,4,512,45056,3836082708,4.821056842803955,1024,1024,1
2022-08-29T14:03:07,dense.1.tanh-dense.1.tanh-dense.1.tanh-dense.1.tanh,775,57,1.0064961910247803,0.5,0.1,4,512,116736,3836082708,4.484170436859131,1024,1024,1
2022-08-29T14:03:09,dense.1.tanh-dense.1.tanh-dense.1.tanh,773,19,1.0024561882019043,0.5,0.1,8,256,38912,3836082708,4.770476818084717,1024,1024,1
2022-08-29T14:03:11,dense.1.tanh-dense.1.tanh-dense.1.tanh,773,31,1.0041608810424805,0.5,0.1,4,256,31744,3836082708,4.805187225341797,1024,1024,1
2022-08-29T14:03:13,dense.1.tanh-dense.1.tanh-dense.1.tanh,773,68,1.001589059829712,0.2,0.1,4,512,139264,3836082708,4.646759033203125,1024,1024,1
2022-08-29T14:03:15,dense.1.tanh-dense.1.tanh-dense.1.tanh,773,71,1.0029618740081787,1.0,0.1,4,512,145408,3836082708,4.9000325202941895,1024,1024,1
2022-08-29T14:03:16,rec.1.tanh,770,121,1.0026860237121582,0.5,0.1,8,128,123904,3836082708,4.421989440917969,1024,1024,1
2022-08-29T14:03:18,dense.1.relu-dense.1.tanh,771,110,1.0024299621582031,0.5,0.1,8,128,112640,3836082708,4.493368148803711,1024,1024,1
2022-08-29T14:03:20,dense.1.relu,769,177,1.001708984375,0.5,0.1,16,64,181248,3836082708,4.453159332275391,1024,1024,1
2022-08-29T14:03:22,dense.1.relu,769,153,1.0010790824890137,0.5,0.1,4,256,156672,3836082708,4.398901462554932,1024,1024,1
2022-08-29T14:03:24,dense.1.relu,769,98,1.0004608631134033,0.5,0.1,8,256,200704,3836082708,4.392297267913818,1024,1024,1
2022-08-29T14:03:26,dense.1.tanh,769,30,1.0013277530670166,0.5,0.1,8,256,61440,3836082708,4.499269962310791,1024,1024,1
2022-08-29T14:03:28,dense.1.relu-dense.1.tanh,771,66,1.005835771560669,0.5,0.1,8,256,135168,3836082708,4.468691825866699,1024,1024,1
2022-08-29T14:03:30,dense.1.relu,769,92,1.0054631233215332,0.5,0.1,4,512,188416,3836082708,4.431783199310303,1024,1024,1
2022-08-29T14:03:32,dense.1.relu,769,48,1.0040440559387207,0.5,0.1,8,512,196608,3836082708,4.554447174072266,1024,1024,1
2022-08-29T14:03:34,dense.1.relu,769,88,1.00040602684021,0.2,0.1,8,256,180224,3836082708,4.581331253051758,1024,1024,1
2022-08-29T14:03:36,dense.1.relu,769,98,1.0001111030578613,1.0,0.1,8,256,200704,3836082708,4.815995693206787,1024,1024,1
2022-08-29T14:03:38,dense.1.relu,769,226,1.001570224761963,0.5,0.1,8,64,115712,3836082708,4.825016021728516,1024,1024,1
2022-08-29T14:03:40,dense.1.relu,769,155,1.0032260417938232,0.2,0.1,8,128,158720,3836082708,4.433051586151123,1024,1024,1
2022-08-29T14:03:42,dense.1.relu,769,152,1.001197099685669,1.0,0.1,8,128,155648,3836082708,4.572489261627197,1024,1024,1
2022-08-29T14:03:44,dense.1.relu,769,141,1.0019512176513672,0.5,0.1,64,32,288768,3836082708,4.400745868682861,1024,1024,1
2022-08-29T14:03:46,dense.1.relu-dense.1.tanh,771,114,1.0002050399780273,0.5,0.1,64,32,233472,3836082708,4.501538276672363,1024,1024,1
2022-08-29T14:03:48,dense.1.relu,769,197,1.0001940727233887,0.5,0.1,64,16,201728,3836082708,4.395772457122803,1024,1024,1
2022-08-29T14:03:50,dense.1.relu-dense.1.tanh,771,152,1.0021634101867676,0.5,0.1,64,16,155648,3836082708,4.447666168212891,1024,1024,1
2022-08-29T14:03:52,dense.1.relu,769,169,1.0000529289245605,0.5,0.1,128,8,173056,3836082708,4.482597351074219,1024,1024,1
2022-08-29T14:03:54,dense.1.relu,769,234,1.0016651153564453,0.5,0.1,64,8,119808,3836082708,4.574573516845703,1024,1024,1
2022-08-29T14:03:56,dense.1.relu,769,194,1.0009939670562744,0.2,0.1,64,16,198656,3836082708,4.837081432342529,1024,1024,1
2022-08-29T14:03:58,dense.1.relu,769,194,1.0002110004425049,1.0,0.1,64,16,198656,3836082708,4.831685543060303,1024,1024,1
2022-08-29T14:04:00,dense.1.relu,769,121,1.0015161037445068,0.2,0.1,64,32,247808,3836082708,4.483811378479004,1024,1024,1
2022-08-29T14:04:02,dense.1.relu,769,140,1.003113031387329,1.0,0.1,64,32,286720,3836082708,4.830148696899414,1024,1024,1
2022-08-29T14:04:04,dense.1.tanh,769,199,1.0002930164337158,0.5,0.1,64,16,203776,3836082708,4.393898010253906,1024,1024,1
2022-08-29T14:04:06,dense.1.tanh-dense.1.tanh,771,160,1.0022783279418945,0.5,0.1,64,16,163840,3836082708,4.542807579040527,1024,1024,1
2022-08-29T14:04:08,dense.1.tanh,769,247,1.0035479068756104,0.5,0.1,64,8,126464,3836082708,4.463479995727539,1024,1024,1
2022-08-29T14:04:10,dense.1.tanh,769,196,1.001089096069336,0.2,0.1,64,16,200704,3836082708,4.53026008605957,1024,1024,1
2022-08-29T14:04:12,dense.1.tanh,769,197,1.0010488033294678,1.0,0.1,64,16,201728,3836082708,4.549919128417969,1024,1024,1
2022-08-29T14:04:13,dense.1.relu,769,194,1.0013887882232666,0.5,0.1,64,16,198656,3836082708,4.799802303314209,1024,1024,1
2022-08-29T14:04:15,dense.1.tanh,769,143,1.0038831233978271,0.2,0.1,64,32,292864,3836082708,4.465149402618408,1024,1024,1
2022-08-29T14:04:17,dense.1.tanh-dense.1.tanh,771,50,1.008829116821289,0.5,0.1,8,512,204800,3836082708,4.387245178222656,1024,1024,1
2022-08-29T14:04:19,dense.1.relu-dense.1.tanh,771,44,1.0067138671875,0.5,0.1,8,512,180224,3836082708,4.835468292236328,1024,1024,1
2022-08-29T14:04:21,dense.1.tanh-dense.1.relu,771,48,1.0013487339019775,0.5,0.1,8,512,196608,3836082708,4.50783634185791,1024,1024,1
2022-08-29T14:04:23,dense.1.tanh-rec.1.tanh,772,44,1.0034511089324951,0.5,0.1,8,512,180224,3836082708,4.498352527618408,1024,1024,1
2022-08-29T14:04:25,dense.1.tanh-gru.1.tanh,778,26,1.0009028911590576,0.5,0.1,8,512,106496,3836082708,5.141915321350098,1024,1024,1
2022-08-29T14:04:27,dense.1.tanh-lstm.1,781,19,1.0015511512756348,0.5,0.1,8,512,77824,3836082708,4.8124566078186035,1024,1024,1
2022-08-29T14:04:29,dense.1.tanh-dense.1.tanh-dense.1.tanh,773,44,1.010002851486206,0.5,0.1,8,512,180224,3836082708,4.499277591705322,1024,1024,1
2022-08-29T14:04:31,dense.1.tanh-dense.1.tanh,771,33,1.0029659271240234,0.5,0.1,16,256,135168,3836082708,4.547151565551758,1024,1024,1
2022-08-29T14:04:33,dense.1.tanh-dense.1.tanh,771,49,1.0064687728881836,0.5,0.1,4,1024,200704,3836082708,4.404309272766113,1024,1024,1
2022-08-29T14:04:35,dense.1.tanh-dense.1.tanh,771,28,1.0100741386413574,0.5,0.1,8,1024,229376,3836082708,4.627836227416992,1024,1024,1
2022-08-29T14:04:37,dense.1.tanh-dense.1.tanh,771,48,1.0019540786743164,0.5,0.1,8,256,98304,3836082708,4.424286842346191,1024,1024,1
2022-08-29T14:04:39,dense.1.tanh-dense.1.tanh,771,48,1.0070841312408447,0.2,0.1,8,512,196608,3836082708,4.972685813903809,1024,1024,1
2022-08-29T14:04:41,dense.1.tanh-dense.1.tanh,771,50,1.0046179294586182,1.0,0.1,8,512,204800,3836082708,4.87342643737793,1024,1024,1
2022-08-29T14:04:43,dense.1.tanh,769,249,1.0064971446990967,0.5,0.1,16,32,127488,3836082708,4.4642133712768555,1024,1024,1
2022-08-29T14:04:45,rec.1.relu-dense.1.tanh,772,163,1.0030601024627686,0.5,0.1,16,32,83456,3836082708,4.856151103973389,1024,1024,1
2022-08-29T14:04:47,rec.1.relu,770,233,1.0013370513916016,0.5,0.1,32,16,119296,3836082708,4.506986618041992,1024,1024,1
2022-08-29T14:04:49,rec.1.relu,770,253,1.001838207244873,0.5,0.1,16,16,64768,3836082708,4.891016483306885,1024,1024,1
2022-08-29T14:04:51,rec.1.relu,770,214,1.0001790523529053,0.2,0.1,16,32,109568,3836082708,4.391787052154541,1024,1024,1
2022-08-29T14:04:53,rec.1.tanh,770,218,1.001767873764038,0.2,0.1,16,32,111616,3836082708,4.501760959625244,1024,1024,1
2022-08-29T14:04:55,dense.1.tanh,769,233,1.0008478164672852,0.2,0.1,16,32,119296,3836082708,4.57475471496582,1024,1024,1
2022-08-29T14:04:57,rec.1.relu-dense.1.tanh,772,158,1.0028069019317627,0.2,0.1,16,32,80896,3836082708,4.5680460929870605,1024,1024,1
2022-08-29T14:04:59,rec.1.relu,770,224,1.002242088317871,0.2,0.1,32,16,114688,3836082708,4.534030914306641,1024,1024,1
2022-08-29T14:05:01,rec.1.relu,770,148,1.0027070045471191,0.2,0.1,16,64,151552,3836082708,4.49434232711792,1024,1024,1
2022-08-29T14:05:03,rec.1.relu,770,257,1.0083880424499512,0.2,0.1,16,16,65792,3836082708,4.392711162567139,1024,1024,1
2022-08-29T14:05:05,rec.1.relu,770,151,1.0024778842926025,0.1,0.1,16,32,77312,3836082708,4.9452619552612305,1024,1024,1
2022-08-29T14:05:07,rec.1.tanh,770,258,1.0017123222351074,0.2,0.1,16,16,66048,3836082708,4.545969486236572,1024,1024,1
2022-08-29T14:05:09,dense.1.tanh,769,270,1.00331711769104,0.2,0.1,16,16,69120,3836082708,4.391181945800781,1024,1024,1
2022-08-29T14:05:11,dense.1.relu,769,280,1.0017189979553223,0.2,0.1,16,16,71680,3836082708,4.395628452301025,1024,1024,1
2022-08-29T14:05:12,dense.1.tanh-dense.1.tanh,771,242,1.00105619430542,0.2,0.1,16,16,61952,3836082708,4.529528617858887,1024,1024,1
2022-08-29T14:05:14,dense.1.tanh,769,285,1.001418113708496,0.2,0.1,32,8,72960,3836082708,4.447392463684082,1024,1024,1
2022-08-29T14:05:16,dense.1.tanh,769,290,1.0098662376403809,0.2,0.1,8,32,74240,3836082708,4.449204921722412,1024,1024,1
2022-08-29T14:05:18,dense.1.tanh,769,295,1.0016908645629883,0.2,0.1,16,8,37760,3836082708,4.4863600730896,1024,1024,1
2022-08-29T14:05:20,dense.1.tanh,769,302,1.0099561214447021,0.1,0.1,16,16,77312,3836082708,4.78199577331543,1024,1024,1
2022-08-29T14:05:22,dense.1.tanh,769,305,1.000566005706787,0.5,0.1,16,16,78080,3836082708,4.516358375549316,1024,1024,1
2022-08-29T14:05:24,rec.1.relu-dense.1.tanh,772,212,1.0026607513427734,0.2,0.1,16,16,54272,3836082708,4.602244853973389,1024,1024,1
2022-08-29T14:05:26,rec.1.relu,770,267,1.0011518001556396,0.2,0.1,32,8,68352,3836082708,4.414105415344238,1024,1024,1
2022-08-29T14:05:28,rec.1.relu,770,266,1.0017149448394775,0.2,0.1,8,32,68096,3836082708,4.855929851531982,1024,1024,1
2022-08-29T14:05:30,rec.1.relu,770,279,1.0007009506225586,0.2,0.1,16,8,35712,3836082708,4.451140880584717,1024,1024,1
2022-08-29T14:05:32,rec.1.relu,770,275,1.0020859241485596,0.1,0.1,16,16,70400,3836082708,4.615357875823975,1024,1024,1
2022-08-29T14:05:34,dense.1.relu-dense.1.tanh,771,241,1.0014419555664062,0.2,0.1,16,16,61696,3836082708,4.812592029571533,1024,1024,1
2022-08-29T14:05:36,dense.1.relu,769,306,1.008267879486084,0.2,0.1,32,8,78336,3836082708,4.4208879470825195,1024,1024,1
2022-08-29T14:05:38,dense.1.relu,769,307,1.0091757774353027,0.2,0.1,8,32,78592,3836082708,4.420084476470947,1024,1024,1
2022-08-29T14:05:40,dense.1.relu,769,252,1.00111985206604,0.2,0.1,16,32,129024,3836082708,4.427204608917236,1024,1024,1
2022-08-29T14:05:42,dense.1.relu,769,312,1.0012011528015137,0.2,0.1,16,8,39936,3836082708,4.558803081512451,1024,1024,1
2022-08-29T14:05:44,dense.1.relu,769,314,1.0039873123168945,0.1,0.1,16,16,80384,3836082708,5.044360637664795,1024,1024,1
2022-08-29T14:05:46,dense.1.relu,769,317,1.005044937133789,0.5,0.1,16,16,81152,3836082708,4.600660800933838,1024,1024,1
2022-08-29T14:05:48,rec.1.tanh,770,269,1.0005810260772705,0.2,0.1,32,8,68864,3836082708,4.552371978759766,1024,1024,1
2022-08-29T14:05:50,rec.1.relu-dense.1.tanh,772,204,1.0010161399841309,0.2,0.1,32,8,52224,3836082708,4.616077423095703,1024,1024,1
2022-08-29T14:05:51,rec.1.relu,770,260,1.0009777545928955,0.2,0.1,64,4,66560,3836082708,4.4951910972595215,1024,1024,1
2022-08-29T14:05:53,rec.1.relu,770,266,1.0014259815216064,0.2,0.1,32,4,34048,3836082708,4.542420387268066,1024,1024,1
2022-08-29T14:05:55,rec.1.relu,770,264,1.0000190734863281,0.1,0.1,32,8,67584,3836082708,4.747189044952393,1024,1024,1
2022-08-29T14:05:57,rec.1.relu,770,264,1.001004934310913,0.5,0.1,32,8,67584,3836082708,4.652390003204346,1024,1024,1
2022-08-29T14:05:59,rec.1.tanh,770,262,1.0021817684173584,0.2,0.1,8,32,67072,3836082708,4.49949312210083,1024,1024,1
2022-08-29T14:06:01,dense.1.relu-dense.1.tanh,771,226,1.0006301403045654,0.2,0.1,8,32,57856,3836082708,4.618632793426514,1024,1024,1
2022-08-29T14:06:03,dense.1.relu,769,314,1.0017080307006836,0.2,0.1,4,64,80384,3836082708,4.446964263916016,1024,1024,1
2022-08-29T14:06:05,dense.1.relu,769,230,1.0010790824890137,0.2,0.1,8,64,117760,3836082708,4.406508445739746,1024,1024,1
2022-08-29T14:06:07,dense.1.tanh,769,231,1.0010461807250977,0.2,0.1,8,64,118272,3836082708,4.434581279754639,1024,1024,1
2022-08-29T14:06:09,dense.1.relu-dense.1.tanh,771,176,1.0021350383758545,0.2,0.1,8,64,90112,3836082708,4.838111877441406,1024,1024,1
2022-08-29T14:06:11,dense.1.relu,769,227,1.0018179416656494,0.2,0.1,4,128,116224,3836082708,4.45465612411499,1024,1024,1
2022-08-29T14:06:13,dense.1.relu,769,238,1.0020811557769775,0.1,0.1,8,64,121856,3836082708,4.722850799560547,1024,1024,1
2022-08-29T14:06:15,dense.1.relu,769,320,1.005251169204712,0.2,0.1,8,16,40960,3836082708,4.490678310394287,1024,1024,1
2022-08-29T14:06:17,dense.1.relu,769,314,1.000399112701416,0.1,0.1,8,32,80384,3836082708,4.595332622528076,1024,1024,1
2022-08-29T14:06:19,dense.1.relu,769,311,1.0008900165557861,0.5,0.1,8,32,79616,3836082708,4.82214879989624,1024,1024,1
2022-08-29T14:06:21,dense.1.relu-dense.1.tanh,771,237,1.001572847366333,0.2,0.1,32,8,60672,3836082708,4.509815692901611,1024,1024,1
2022-08-29T14:06:23,dense.1.relu,769,318,1.0008440017700195,0.2,0.1,64,4,81408,3836082708,4.451722145080566,1024,1024,1
2022-08-29T14:06:25,dense.1.relu,769,275,1.0014278888702393,0.2,0.1,32,16,140800,3836082708,4.4004130363464355,1024,1024,1
2022-08-29T14:06:27,dense.1.tanh,769,280,1.0000529289245605,0.2,0.1,32,16,143360,3836082708,4.508261203765869,1024,1024,1
2022-08-29T14:06:29,rec.1.tanh,770,239,1.000114917755127,0.2,0.1,32,16,122368,3836082708,4.549383163452148,1024,1024,1
2022-08-29T14:06:31,dense.1.relu-dense.1.tanh,771,215,1.0025160312652588,0.2,0.1,32,16,110080,3836082708,4.799069404602051,1024,1024,1
2022-08-29T14:06:32,dense.1.relu,769,253,1.0013859272003174,0.2,0.1,64,8,129536,3836082708,4.491297721862793,1024,1024,1
2022-08-29T14:06:34,dense.1.relu,769,204,1.0024809837341309,0.2,0.1,32,32,208896,3836082708,4.423773288726807,1024,1024,1
2022-08-29T14:06:36,dense.1.relu,769,271,1.0004141330718994,0.1,0.1,32,16,138752,3836082708,4.657191276550293,1024,1024,1
2022-08-29T14:06:38,dense.1.relu,769,278,1.0018587112426758,0.5,0.1,32,16,142336,3836082708,4.539876937866211,1024,1024,1
2022-08-29T14:06:40,dense.1.relu,769,321,1.0005898475646973,0.2,0.1,32,4,41088,3836082708,4.492177486419678,1024,1024,1
2022-08-29T14:06:42,dense.1.relu,769,315,1.0002048015594482,0.1,0.1,32,8,80640,3836082708,4.666383266448975,1024,1024,1
2022-08-29T14:06:44,dense.1.relu,769,320,1.000377893447876,0.5,0.1,32,8,81920,3836082708,4.603822231292725,1024,1024,1
2022-08-29T14:06:46,rec.1.tanh,770,177,1.0017199516296387,0.2,0.1,32,32,181248,3836082708,4.541164398193359,1024,1024,1
2022-08-29T14:06:48,dense.1.relu-dense.1.tanh,771,161,1.0016438961029053,0.2,0.1,32,32,164864,3836082708,4.8166184425354,1024,1024,1
2022-08-29T14:06:50,dense.1.relu,769,171,1.0018470287322998,0.2,0.1,16,64,175104,3836082708,4.4322309494018555,1024,1024,1
2022-08-29T14:06:52,dense.1.relu,769,135,1.0039050579071045,0.2,0.1,32,64,276480,3836082708,4.486600399017334,1024,1024,1
2022-08-29T14:06:54,dense.1.relu,769,205,1.0006740093231201,0.1,0.1,32,32,209920,3836082708,4.666680812835693,1024,1024,1
2022-08-29T14:06:56,dense.1.relu-dense.1.tanh,771,193,1.0013210773468018,0.2,0.1,16,32,98816,3836082708,4.609167098999023,1024,1024,1
2022-08-29T14:06:58,dense.1.relu,769,258,1.000216007232666,0.1,0.1,16,32,132096,3836082708,4.693706035614014,1024,1024,1
2022-08-29T14:07:00,dense.1.relu,769,254,1.0000948905944824,0.5,0.1,16,32,130048,3836082708,4.436819553375244,1024,1024,1
2022-08-29T14:07:02,dense.1.tanh,769,173,1.0028109550476074,0.2,0.1,16,64,177152,3836082708,4.5113983154296875,1024,1024,1
2022-08-29T14:07:04,dense.1.relu-dense.1.tanh,771,132,1.0002968311309814,0.2,0.1,16,64,135168,3836082708,4.682978630065918,1024,1024,1
2022-08-29T14:07:06,dense.1.relu,769,178,1.0007810592651367,0.1,0.1,16,64,182272,3836082708,5.417910099029541,1024,1024,1
2022-08-29T14:07:08,dense.1.tanh-dense.1.tanh,771,169,1.0014801025390625,0.2,0.1,8,64,86528,3836082708,4.694411754608154,1024,1024,1
2022-08-29T14:07:09,dense.1.tanh,769,147,1.0000357627868652,0.2,0.1,8,128,150528,3836082708,4.511789798736572,1024,1024,1
2022-08-29T14:07:11,dense.1.tanh,769,233,1.00217604637146,0.1,0.1,8,64,119296,3836082708,4.806892395019531,1024,1024,1
2022-08-29T14:07:13,dense.1.tanh,769,323,1.0069818496704102,0.2,0.1,16,16,82688,3836082708,4.453812122344971,1024,1024,1
2022-08-29T14:07:15,rec.1.tanh,770,221,1.002018690109253,0.2,0.1,16,32,113152,3836082708,4.490760326385498,1024,1024,1
2022-08-29T14:07:17,rec.1.relu,770,211,1.001965045928955,0.2,0.1,16,32,108032,3836082708,4.46649169921875,1024,1024,1
2022-08-29T14:07:19,rec.1.tanh,770,282,1.0018792152404785,0.2,0.1,16,16,72192,3836082708,4.524246692657471,1024,1024,1
2022-08-29T14:07:21,rec.1.relu,770,201,1.0021138191223145,0.2,0.1,16,16,51456,3836082708,4.448994159698486,1024,1024,1
2022-08-29T14:07:23,dense.1.relu-dense.1.tanh,771,186,1.0004379749298096,0.5,0.1,16,32,95232,3836082708,4.5114617347717285,1024,1024,1
2022-08-29T14:07:25,dense.1.relu,769,248,1.001307725906372,1.0,0.1,16,32,126976,3836082708,4.854388236999512,1024,1024,1
2022-08-29T14:07:27,dense.1.relu,769,322,1.0008289813995361,0.2,0.1,16,16,82432,3836082708,4.405773639678955,1024,1024,1
2022-08-29T14:07:29,rec.1.relu,770,210,1.0008797645568848,1.0,0.1,16,32,107520,3836082708,4.802999496459961,1024,1024,1
2022-08-29T14:07:31,rec.1.tanh-dense.1.tanh,772,45,1.0081851482391357,0.5,0.1,4,1024,184320,3836082708,4.496873378753662,1024,1024,1
2022-08-29T14:07:33,dense.1.relu-rec.1.tanh,772,117,1.0040102005004883,0.5,0.1,16,64,119808,3836082708,4.83807897567749,1024,1024,1
2022-08-29T14:07:35,dense.1.tanh-rec.1.relu,772,110,1.0035130977630615,0.5,0.1,16,64,112640,3836082708,4.792855739593506,1024,1024,1
2022-08-29T14:07:37,dense.1.tanh-gru.1.tanh,778,5,1.0034449100494385,0.5,0.1,16,64,5120,3836082708,5.371127605438232,1024,1024,1
2022-08-29T14:07:39,dense.1.tanh-lstm.1,781,1,1.1042120456695557,0.5,0.1,16,64,1024,3836082708,7.497107028961182,1024,1024,1
2022-08-29T14:07:41,dense.1.tanh-rec.1.tanh-dense.1.tanh,774,73,1.0026812553405762,0.5,0.1,16,64,74752,3836082708,4.558452606201172,1024,1024,1
2022-08-29T14:07:43,dense.1.tanh-rec.1.tanh,772,137,1.0012781620025635,0.5,0.1,32,32,140288,3836082708,4.5213541984558105,1024,1024,1
2022-08-29T14:07:45,dense.1.tanh-rec.1.tanh,772,108,1.0017001628875732,0.2,0.1,16,64,110592,3836082708,4.594411373138428,1024,1024,1
2022-08-29T14:07:47,dense.1.tanh-rec.1.tanh,772,107,1.0011179447174072,1.0,0.1,16,64,109568,3836082708,4.605079174041748,1024,1024,1
2022-08-29T14:07:49,rec.1.tanh,770,91,1.004837989807129,0.5,0.1,16,128,186368,3836082708,4.401467800140381,1024,1024,1
2022-08-29T14:07:51,dense.1.tanh,769,40,1.0084638595581055,0.5,0.1,16,256,163840,3836082708,4.4254679679870605,1024,1024,1
2022-08-29T14:07:53,dense.1.tanh,769,137,1.000999927520752,0.5,0.1,16,64,140288,3836082708,4.427482604980469,1024,1024,1
2022-08-29T14:07:55,dense.1.tanh,769,96,1.0018720626831055,0.2,0.1,16,128,196608,3836082708,4.54684591293335,1024,1024,1
2022-08-29T14:07:57,dense.1.tanh,769,99,1.0031399726867676,1.0,0.1,16,128,202752,3836082708,4.422360897064209,1024,1024,1
2022-08-29T14:07:59,dense.1.tanh,769,145,1.000910997390747,1.0,0.1,8,128,148480,3836082708,4.48715353012085,1024,1024,1
2022-08-29T14:08:01,rec.1.relu-dense.1.tanh,772,58,1.0083448886871338,0.5,0.1,64,64,237568,3836082708,4.57295036315918,1024,1024,1
2022-08-29T14:08:03,rec.1.tanh-dense.1.relu,772,58,1.0073628425598145,0.5,0.1,64,64,237568,3836082708,4.794729232788086,1024,1024,1
2022-08-29T14:08:05,rec.1.tanh-rec.1.tanh,773,52,1.0027689933776855,0.5,0.1,64,64,212992,3836082708,4.515139102935791,1024,1024,1
2022-08-29T14:08:07,rec.1.tanh-gru.1.tanh,779,1,1.0032920837402344,0.5,0.1,64,64,4096,3836082708,8.180512428283691,1024,1024,1
2022-08-29T14:08:09,rec.1.tanh-lstm.1,782,1,1.148592233657837,0.5,0.1,64,64,4096,3836082708,7.25327205657959,1024,1024,1
2022-08-29T14:08:11,rec.1.tanh,770,69,1.0076472759246826,0.5,0.1,64,64,282624,3836082708,4.369389533996582,1024,1024,1
2022-08-29T14:08:13,rec.1.relu,770,71,1.0005788803100586,0.5,0.1,64,64,290816,3836082708,4.44251012802124,1024,1024,1
2022-08-29T14:08:15,dense.1.tanh,769,77,1.0050711631774902,0.5,0.1,64,64,315392,3836082708,4.412241458892822,1024,1024,1
2022-08-29T14:08:17,rec.1.tanh,770,74,1.0066359043121338,0.5,0.1,128,32,303104,3836082708,4.398166656494141,1024,1024,1
2022-08-29T14:08:19,rec.1.tanh,770,61,1.002777099609375,0.5,0.1,32,128,249856,3836082708,4.374322891235352,1024,1024,1
2022-08-29T14:08:21,rec.1.tanh,770,33,1.0131831169128418,0.5,0.1,64,128,270336,3836082708,4.416924953460693,1024,1024,1
2022-08-29T14:08:23,rec.1.tanh,770,72,1.000910758972168,0.2,0.1,64,64,294912,3836082708,4.589756965637207,1024,1024,1
2022-08-29T14:08:25,rec.1.tanh,770,71,1.002553939819336,1.0,0.1,64,64,290816,3836082708,4.796858787536621,1024,1024,1
2022-08-29T14:08:27,rec.1.tanh-dense.1.tanh-dense.1.tanh,774,42,1.0004663467407227,0.5,0.1,64,64,172032,3836082708,4.481560707092285,1024,1024,1
2022-08-29T14:08:29,rec.1.tanh-dense.1.tanh,772,63,1.004018783569336,0.5,0.1,128,32,258048,3836082708,4.46755838394165,1024,1024,1
2022-08-29T14:08:31,rec.1.tanh-dense.1.tanh,772,41,1.0004260540008545,0.5,0.1,32,128,167936,3836082708,4.585475444793701,1024,1024,1
2022-08-29T14:08:33,rec.1.tanh-dense.1.tanh,772,23,1.0015101432800293,0.5,0.1,64,128,188416,3836082708,4.595391273498535,1024,1024,1
2022-08-29T14:08:35,rec.1.tanh-dense.1.tanh,772,102,1.003159999847412,0.5,0.1,64,32,208896,3836082708,4.499063491821289,1024,1024,1
2022-08-29T14:08:37,rec.1.tanh-dense.1.tanh,772,54,1.000218152999878,0.2,0.1,64,64,221184,3836082708,4.699258327484131,1024,1024,1
2022-08-29T14:08:39,rec.1.tanh-dense.1.tanh,772,55,1.003404140472412,1.0,0.1,64,64,225280,3836082708,4.5345635414123535,1024,1024,1
2022-08-29T14:08:41,rec.1.tanh,770,85,1.0044143199920654,0.5,0.1,256,16,348160,3836082708,4.418213367462158,1024,1024,1
2022-08-29T14:08:42,rec.1.tanh,770,112,1.0019068717956543,0.2,0.1,4,256,114688,3836082708,4.570406436920166,1024,1024,1
2022-08-29T14:08:44,rec.1.tanh,770,123,1.000624179840088,1.0,0.1,4,256,125952,3836082708,4.529175758361816,1024,1024,1
2022-08-29T14:08:46,dense.1.tanh,769,268,1.0009429454803467,0.2,0.1,32,16,137216,3836082708,4.466486930847168,1024,1024,1
2022-08-29T14:08:48,dense.1.relu,769,269,1.0004830360412598,0.2,0.1,32,16,137728,3836082708,4.417239665985107,1024,1024,1
2022-08-29T14:08:50,dense.1.relu-dense.1.tanh,771,241,1.0022940635681152,0.2,0.1,16,16,61696,3836082708,4.552511692047119,1024,1024,1
2022-08-29T14:08:52,dense.1.relu,769,310,1.0019810199737549,0.2,0.1,32,8,79360,3836082708,4.436396598815918,1024,1024,1
2022-08-29T14:08:54,dense.1.relu,769,307,1.0006048679351807,0.2,0.1,8,32,78592,3836082708,4.38989782333374,1024,1024,1
2022-08-29T14:08:56,dense.1.relu,769,224,1.0000290870666504,0.2,0.1,16,32,114688,3836082708,4.379324436187744,1024,1024,1
2022-08-29T14:08:58,dense.1.relu,769,322,1.000279188156128,0.2,0.1,16,8,41216,3836082708,4.831155776977539,1024,1024,1
2022-08-29T14:09:00,dense.1.relu,769,219,1.0005638599395752,0.1,0.1,16,16,56064,3836082708,4.737614154815674,1024,1024,1
2022-08-29T14:09:02,dense.1.relu,769,314,1.0007529258728027,0.5,0.1,16,16,80384,3836082708,4.791622161865234,1024,1024,1
2022-08-29T14:09:04,dense.1.tanh,769,140,1.003915786743164,0.5,0.1,64,32,286720,3836082708,4.385921478271484,1024,1024,1
2022-08-29T14:09:06,dense.1.relu,769,138,1.001816987991333,0.5,0.1,64,32,282624,3836082708,4.431375503540039,1024,1024,1
2022-08-29T14:09:08,rec.1.relu-dense.1.tanh,772,70,1.0016729831695557,0.5,0.1,8,256,143360,3836082708,4.5151143074035645,1024,1024,1
2022-08-29T14:09:10,rec.1.relu,770,84,1.0047812461853027,0.2,0.1,8,256,172032,3836082708,4.548409938812256,1024,1024,1
2022-08-29T14:09:12,rec.1.relu,770,88,1.0021777153015137,1.0,0.1,8,256,180224,3836082708,4.7562384605407715,1024,1024,1
2022-08-29T14:09:14,rec.1.relu,770,77,1.0007507801055908,0.5,0.1,256,16,315392,3836082708,4.532748699188232,1024,1024,1
2022-08-29T14:09:16,rec.1.tanh-gru.1.tanh,779,41,1.0065910816192627,0.5,0.1,128,16,83968,3836082708,4.547941207885742,1024,1024,1
2022-08-29T14:09:18,dense.1.tanh,769,169,1.0018360614776611,1.0,0.1,16,64,173056,3836082708,4.564467430114746,1024,1024,1
2022-08-29T14:09:20,rec.1.relu,770,63,1.0018959045410156,0.5,0.1,32,128,258048,3836082708,4.509668350219727,1024,1024,1
2022-08-29T14:09:22,dense.1.tanh,769,68,1.0045912265777588,0.5,0.1,32,128,278528,3836082708,4.3843159675598145,1024,1024,1
2022-08-29T14:09:24,rec.1.tanh,770,35,1.0130610466003418,0.5,0.1,32,256,286720,3836082708,4.479725360870361,1024,1024,1
2022-08-29T14:09:26,rec.1.tanh,770,60,1.0021262168884277,0.2,0.1,32,128,245760,3836082708,4.634956359863281,1024,1024,1
2022-08-29T14:09:28,rec.1.tanh,770,58,1.0008962154388428,1.0,0.1,32,128,237568,3836082708,4.849843502044678,1024,1024,1
2022-08-29T14:09:30,dense.1.relu-rec.1.tanh-dense.1.tanh,774,56,1.0033421516418457,0.5,0.1,16,128,114688,3836082708,4.767451286315918,1024,1024,1
2022-08-29T14:09:32,dense.1.tanh-rec.2.tanh-dense.1.tanh,780,32,1.006256103515625,0.5,0.1,16,128,65536,3836082708,4.604250907897949,1024,1024,1
2022-08-29T14:09:34,dense.1.tanh-rec.1.relu-dense.1.tanh,774,58,1.0006530284881592,0.5,0.1,16,128,118784,3836082708,4.815878868103027,1024,1024,1
2022-08-29T14:09:36,dense.1.tanh-gru.1.tanh-dense.1.tanh,780,16,1.000633955001831,0.5,0.1,16,128,32768,3836082708,4.867344856262207,1024,1024,1
2022-08-29T14:09:38,dense.1.tanh-lstm.1-dense.1.tanh,783,9,1.0065417289733887,0.5,0.1,16,128,18432,3836082708,5.037044048309326,1024,1024,1
2022-08-29T14:09:40,dense.1.tanh-rec.1.tanh-dense.1.relu,774,50,1.0049469470977783,0.5,0.1,16,128,102400,3836082708,4.573034286499023,1024,1024,1
2022-08-29T14:09:42,dense.1.tanh-rec.1.tanh-rec.1.tanh,775,52,1.0040090084075928,0.5,0.1,16,128,106496,3836082708,4.552964210510254,1024,1024,1
2022-08-29T14:09:44,dense.1.tanh-rec.1.tanh-gru.1.tanh,781,20,1.0079960823059082,0.5,0.1,16,128,40960,3836082708,4.8794074058532715,1024,1024,1
2022-08-29T14:09:46,dense.1.tanh-rec.1.tanh-lstm.1,784,12,1.0060150623321533,0.5,0.1,16,128,24576,3836082708,4.942443370819092,1024,1024,1
2022-08-29T14:09:48,dense.1.tanh-rec.1.tanh-dense.1.tanh-dense.1.tanh,776,29,1.002366065979004,0.5,0.1,16,128,59392,3836082708,4.812054634094238,1024,1024,1
2022-08-29T14:09:50,dense.1.tanh-rec.1.tanh-dense.1.tanh,774,62,1.0003290176391602,0.5,0.1,32,64,126976,3836082708,4.527892112731934,1024,1024,1
2022-08-29T14:09:52,dense.1.tanh-rec.1.tanh-dense.1.tanh,774,2,1.003173828125,0.5,0.1,8,256,4096,3836082708,7.059901714324951,1024,1024,1
2022-08-29T14:09:54,dense.1.tanh-rec.1.tanh-dense.1.tanh,774,4,1.0054988861083984,0.5,0.1,16,256,16384,3836082708,6.021002292633057,1024,1024,1
2022-08-29T14:09:56,dense.1.tanh-rec.1.tanh-dense.1.tanh,774,48,1.0056500434875488,0.2,0.1,16,128,98304,3836082708,4.768420696258545,1024,1024,1
2022-08-29T14:09:58,dense.1.tanh-rec.1.tanh-dense.1.tanh,774,50,1.003342866897583,1.0,0.1,16,128,102400,3836082708,4.852968692779541,1024,1024,1
2022-08-29T14:10:00,rec.1.relu,770,86,1.003861904144287,0.5,0.1,4,512,176128,3836082708,4.784697532653809,1024,1024,1
2022-08-29T14:10:02,rec.1.relu,770,86,1.004507064819336,0.5,0.1,2,1024,176128,3836082708,4.438872337341309,1024,1024,1
2022-08-29T14:10:04,rec.1.tanh-dense.1.tanh,772,76,1.0056607723236084,0.5,0.1,2,1024,155648,3836082708,4.439762592315674,1024,1024,1
2022-08-29T14:10:05,rec.1.tanh,770,142,1.0001180171966553,0.5,0.1,1,2048,290816,3836082708,8.015813827514648,1024,1024,1
2022-08-29T14:10:07,rec.1.tanh,770,48,1.0027320384979248,0.5,0.1,2,2048,196608,3836082708,4.436175346374512,1024,1024,1
2022-08-29T14:10:09,rec.1.tanh,770,110,1.0065600872039795,0.5,0.1,1,4096,450560,3836082708,7.979483127593994,1024,1024,1
2022-08-29T14:10:11,rec.1.tanh,770,30,1.0116100311279297,0.5,0.1,2,4096,245760,3836082708,4.540412902832031,1024,1024,1
2022-08-29T14:10:13,rec.1.tanh,770,47,1.0036180019378662,0.2,0.1,2,2048,192512,3836082708,4.891677379608154,1024,1024,1
2022-08-29T14:10:15,rec.1.tanh,770,47,1.000204086303711,1.0,0.1,2,2048,192512,3836082708,4.515228748321533,1024,1024,1
2022-08-29T14:10:17,rec.1.tanh,770,130,1.0026049613952637,0.5,0.1,2,512,133120,3836082708,4.4496989250183105,1024,1024,1
2022-08-29T14:10:19,rec.1.tanh,770,86,1.002788782119751,0.2,0.1,2,1024,176128,3836082708,4.557037353515625,1024,1024,1
2022-08-29T14:10:21,rec.1.tanh,770,85,1.002915859222412,1.0,0.1,2,1024,174080,3836082708,4.496975898742676,1024,1024,1
2022-08-29T14:10:23,rec.1.tanh-dense.1.tanh,772,73,1.0039849281311035,0.5,0.1,4,512,149504,3836082708,4.397261619567871,1024,1024,1
2022-08-29T14:10:25,rec.1.tanh-dense.1.relu,772,75,1.0055780410766602,0.5,0.1,4,512,153600,3836082708,4.842496871948242,1024,1024,1
2022-08-29T14:10:27,rec.1.tanh-rec.1.tanh,773,70,1.005713939666748,0.5,0.1,4,512,143360,3836082708,4.447072505950928,1024,1024,1
2022-08-29T14:10:29,rec.1.tanh-gru.1.tanh,779,37,1.0083801746368408,0.5,0.1,4,512,75776,3836082708,4.467925548553467,1024,1024,1
2022-08-29T14:10:31,rec.1.tanh-lstm.1,782,26,1.0046088695526123,0.5,0.1,4,512,53248,3836082708,4.630400657653809,1024,1024,1
2022-08-29T14:10:33,rec.1.tanh-dense.1.tanh,772,75,1.0049262046813965,0.2,0.1,4,512,153600,3836082708,4.666842460632324,1024,1024,1
2022-08-29T14:10:35,rec.1.tanh-dense.1.tanh,772,74,1.0035998821258545,1.0,0.1,4,512,151552,3836082708,4.612096309661865,1024,1024,1
2022-08-29T14:10:37,rec.1.tanh,770,72,1.0027661323547363,0.5,0.1,4,256,73728,3836082708,4.41208553314209,1024,1024,1
2022-08-29T14:10:39,rec.1.tanh,770,85,1.0006630420684814,0.2,0.1,4,512,174080,3836082708,4.709630489349365,1024,1024,1
2022-08-29T14:10:41,rec.1.tanh,770,86,1.0006828308105469,1.0,0.1,4,512,176128,3836082708,4.475128173828125,1024,1024,1
2022-08-29T14:10:43,dense.1.tanh,769,298,1.000701904296875,0.2,0.1,4,64,76288,3836082708,4.459136009216309,1024,1024,1
2022-08-29T14:10:45,rec.1.tanh,770,257,1.0021557807922363,0.2,0.1,4,64,65792,3836082708,4.477546215057373,1024,1024,1
2022-08-29T14:10:47,dense.1.relu-dense.1.tanh,771,219,1.0022010803222656,0.2,0.1,4,64,56064,3836082708,4.542341232299805,1024,1024,1
2022-08-29T14:10:49,dense.1.relu,769,295,1.000277042388916,0.2,0.1,2,128,75520,3836082708,4.4879536628723145,1024,1024,1
2022-08-29T14:10:51,dense.1.relu,769,326,1.0024347305297852,0.2,0.1,4,32,41728,3836082708,4.578707695007324,1024,1024,1
2022-08-29T14:10:53,dense.1.relu,769,309,1.0005908012390137,0.1,0.1,4,64,79104,3836082708,4.713191509246826,1024,1024,1
2022-08-29T14:10:55,dense.1.relu,769,311,1.001451015472412,0.5,0.1,4,64,79616,3836082708,4.654564380645752,1024,1024,1
2022-08-29T14:10:57,rec.1.relu-rec.1.tanh,773,69,1.002255916595459,0.5,0.1,4,512,141312,3836082708,4.8354573249816895,1024,1024,1
2022-08-29T14:10:59,rec.1.tanh-rec.1.relu,773,68,1.0022130012512207,0.5,0.1,4,512,139264,3836082708,4.507722854614258,1024,1024,1
2022-08-29T14:11:00,rec.1.tanh-rec.1.tanh-dense.1.tanh,775,58,1.00492525100708,0.5,0.1,4,512,118784,3836082708,4.463524341583252,1024,1024,1
2022-08-29T14:11:02,rec.1.tanh-rec.1.tanh,773,71,1.0031490325927734,0.5,0.1,2,1024,145408,3836082708,4.457345962524414,1024,1024,1
2022-08-29T14:11:04,rec.1.tanh-rec.1.tanh,773,71,1.0043210983276367,0.2,0.1,4,512,145408,3836082708,4.689559459686279,1024,1024,1
2022-08-29T14:11:06,rec.1.tanh-rec.1.tanh,773,70,1.0012199878692627,1.0,0.1,4,512,143360,3836082708,4.8282318115234375,1024,1024,1
2022-08-29T14:11:08,rec.1.relu,770,72,1.0005686283111572,0.5,0.1,128,32,294912,3836082708,4.741172790527344,1024,1024,1
2022-08-29T14:11:10,dense.1.tanh,769,248,1.0009100437164307,0.2,0.1,16,32,126976,3836082708,4.5001373291015625,1024,1024,1
2022-08-29T14:11:12,dense.1.relu-dense.1.tanh,771,195,1.0027108192443848,0.2,0.1,16,32,99840,3836082708,4.608543872833252,1024,1024,1
2022-08-29T14:11:14,dense.1.relu,769,236,1.0001919269561768,0.2,0.1,8,64,120832,3836082708,4.3917927742004395,1024,1024,1
2022-08-29T14:11:16,dense.1.tanh,769,231,1.0007498264312744,0.2,0.1,8,64,118272,3836082708,4.575631618499756,1024,1024,1
2022-08-29T14:11:18,rec.1.tanh,770,202,1.0000839233398438,0.2,0.1,8,64,103424,3836082708,4.527348518371582,1024,1024,1
2022-08-29T14:11:20,dense.1.relu-dense.1.tanh,771,174,1.0001740455627441,0.2,0.1,8,64,89088,3836082708,4.569836139678955,1024,1024,1
2022-08-29T14:11:22,dense.1.relu,769,228,1.0024640560150146,0.2,0.1,4,128,116736,3836082708,4.534650802612305,1024,1024,1
2022-08-29T14:11:24,dense.1.relu,769,228,1.0016109943389893,0.1,0.1,8,64,116736,3836082708,4.640687942504883,1024,1024,1
2022-08-29T14:11:26,dense.1.relu,769,175,1.0013539791107178,0.2,0.1,16,64,179200,3836082708,4.404319763183594,1024,1024,1
2022-08-29T14:11:28,dense.1.relu,769,255,1.0001327991485596,0.1,0.1,16,32,130560,3836082708,4.702201843261719,1024,1024,1
2022-08-29T14:11:30,dense.1.relu,769,253,1.0022358894348145,0.5,0.1,16,32,129536,3836082708,4.464729309082031,1024,1024,1
2022-08-29T14:11:32,dense.1.tanh-dense.1.tanh,771,239,1.000082015991211,0.2,0.1,32,8,61184,3836082708,4.597696781158447,1024,1024,1
2022-08-29T14:11:34,dense.1.tanh,769,322,1.0008609294891357,0.2,0.1,64,4,82432,3836082708,4.488097667694092,1024,1024,1
2022-08-29T14:11:36,dense.1.tanh,769,327,1.011333703994751,0.2,0.1,32,4,41856,3836082708,4.569939613342285,1024,1024,1
2022-08-29T14:11:38,dense.1.tanh,769,322,1.0015840530395508,0.1,0.1,32,8,82432,3836082708,4.712136268615723,1024,1024,1
2022-08-29T14:11:40,dense.1.tanh,769,322,1.0009431838989258,0.5,0.1,32,8,82432,3836082708,4.516016006469727,1024,1024,1
2022-08-29T14:11:42,rec.1.relu,770,59,1.0045030117034912,0.5,0.1,16,256,241664,3836082708,4.4949517250061035,1024,1024,1
2022-08-29T14:11:43,rec.1.tanh,770,32,1.0140609741210938,0.5,0.1,16,512,262144,3836082708,4.461508750915527,1024,1024,1
2022-08-29T14:11:45,rec.1.tanh,770,53,1.0055959224700928,0.2,0.1,16,256,217088,3836082708,4.673215866088867,1024,1024,1
2022-08-29T14:11:47,dense.1.tanh-rec.1.tanh,772,51,1.0024521350860596,0.5,0.1,32,128,208896,3836082708,4.463006496429443,1024,1024,1
2022-08-29T14:11:49,rec.1.tanh-dense.1.tanh,772,141,1.0023419857025146,0.5,0.1,64,16,144384,3836082708,4.435364246368408,1024,1024,1
2022-08-29T14:11:51,rec.1.relu-dense.1.tanh,772,140,1.0010418891906738,0.5,0.1,64,16,143360,3836082708,4.617940902709961,1024,1024,1
2022-08-29T14:11:53,rec.1.tanh-dense.1.relu,772,143,1.0016603469848633,0.5,0.1,64,16,146432,3836082708,4.432840347290039,1024,1024,1
2022-08-29T14:11:55,rec.1.relu-dense.1.relu,772,140,1.0005760192871094,0.5,0.1,64,16,143360,3836082708,4.829741477966309,1024,1024,1
2022-08-29T14:11:57,rec.1.tanh-rec.1.tanh,773,129,1.00177001953125,0.5,0.1,64,16,132096,3836082708,4.485642910003662,1024,1024,1
2022-08-29T14:11:59,rec.1.tanh-gru.1.tanh,779,61,1.0026981830596924,0.5,0.1,64,16,62464,3836082708,4.525893688201904,1024,1024,1
2022-08-29T14:12:01,rec.1.tanh-lstm.1,782,39,1.003190040588379,0.5,0.1,64,16,39936,3836082708,4.669277191162109,1024,1024,1
2022-08-29T14:12:03,rec.1.tanh-dense.1.relu-dense.1.tanh,774,116,1.001236915588379,0.5,0.1,64,16,118784,3836082708,4.767422199249268,1024,1024,1
2022-08-29T14:12:05,rec.1.tanh-dense.1.relu,772,124,1.0010700225830078,0.5,0.1,128,8,126976,3836082708,4.860355854034424,1024,1024,1
2022-08-29T14:12:07,rec.1.tanh-dense.1.relu,772,143,1.0006721019744873,0.5,0.1,32,32,146432,3836082708,4.485051155090332,1024,1024,1
2022-08-29T14:12:09,rec.1.tanh-dense.1.relu,772,105,1.003950834274292,0.5,0.1,64,32,215040,3836082708,4.667074680328369,1024,1024,1
2022-08-29T14:12:11,rec.1.tanh-dense.1.relu,772,166,1.0000598430633545,0.5,0.1,64,8,84992,3836082708,4.800231456756592,1024,1024,1
2022-08-29T14:12:13,rec.1.tanh-dense.1.relu,772,141,1.0029311180114746,0.2,0.1,64,16,144384,3836082708,4.828006744384766,1024,1024,1
2022-08-29T14:12:15,rec.1.tanh-dense.1.relu,772,140,1.0027000904083252,1.0,0.1,64,16,143360,3836082708,4.886961460113525,1024,1024,1
2022-08-29T14:12:17,rec.1.tanh-dense.1.tanh-dense.1.tanh,774,118,1.003453254699707,0.5,0.1,64,16,120832,3836082708,4.467792987823486,1024,1024,1
2022-08-29T14:12:19,rec.1.tanh-dense.1.tanh,772,102,1.0020921230316162,0.5,0.1,64,8,52224,3836082708,4.535871505737305,1024,1024,1
2022-08-29T14:12:21,rec.1.tanh-dense.1.tanh,772,141,1.0028400421142578,0.2,0.1,64,16,144384,3836082708,4.548400402069092,1024,1024,1
2022-08-29T14:12:23,rec.1.tanh-dense.1.tanh,772,142,1.0032341480255127,1.0,0.1,64,16,145408,3836082708,4.895988464355469,1024,1024,1
2022-08-29T14:12:25,dense.1.relu-dense.1.relu,771,155,1.0007760524749756,0.5,0.1,64,16,158720,3836082708,4.804156303405762,1024,1024,1
2022-08-29T14:12:27,dense.1.relu-rec.1.tanh,772,137,1.0017447471618652,0.5,0.1,64,16,140288,3836082708,4.811863422393799,1024,1024,1
2022-08-29T14:12:29,dense.1.relu-gru.1.tanh,778,66,1.0041460990905762,0.5,0.1,64,16,67584,3836082708,4.7009124755859375,1024,1024,1
2022-08-29T14:12:31,dense.1.relu-lstm.1,781,44,1.0046257972717285,0.5,0.1,64,16,45056,3836082708,4.621620178222656,1024,1024,1
2022-08-29T14:12:33,dense.1.relu-dense.1.tanh-dense.1.tanh,773,129,1.0034942626953125,0.5,0.1,64,16,132096,3836082708,4.51904821395874,1024,1024,1
2022-08-29T14:12:35,dense.1.relu-dense.1.tanh,771,138,1.0010900497436523,0.5,0.1,128,8,141312,3836082708,4.797790050506592,1024,1024,1
2022-08-29T14:12:36,dense.1.relu-dense.1.tanh,771,159,1.0022881031036377,0.5,0.1,32,32,162816,3836082708,4.44436502456665,1024,1024,1
2022-08-29T14:12:38,dense.1.relu-dense.1.relu,771,156,1.0033321380615234,0.5,0.1,32,32,159744,3836082708,4.813701629638672,1024,1024,1
2022-08-29T14:12:40,dense.1.relu-rec.1.tanh,772,139,1.0035440921783447,0.5,0.1,32,32,142336,3836082708,4.492128849029541,1024,1024,1
2022-08-29T14:12:42,dense.1.relu-gru.1.tanh,778,59,1.0003540515899658,0.5,0.1,32,32,60416,3836082708,4.819757461547852,1024,1024,1
2022-08-29T14:12:44,dense.1.relu-lstm.1,781,36,1.0045809745788574,0.5,0.1,32,32,36864,3836082708,4.827928066253662,1024,1024,1
2022-08-29T14:12:46,dense.1.relu-dense.1.tanh-dense.1.tanh,773,126,1.0007798671722412,0.5,0.1,32,32,129024,3836082708,4.6103835105896,1024,1024,1
2022-08-29T14:12:48,dense.1.relu-dense.1.tanh,771,132,1.002748966217041,0.5,0.1,16,64,135168,3836082708,4.754271984100342,1024,1024,1
2022-08-29T14:12:50,dense.1.relu-dense.1.tanh,771,209,1.0018951892852783,0.5,0.1,32,16,107008,3836082708,4.585317134857178,1024,1024,1
2022-08-29T14:12:52,dense.1.relu-dense.1.tanh,771,162,1.0032997131347656,1.0,0.1,32,32,165888,3836082708,4.669250965118408,1024,1024,1
2022-08-29T14:12:54,dense.1.relu-dense.1.tanh,771,193,1.0000710487365723,0.5,0.1,64,8,98816,3836082708,4.657524585723877,1024,1024,1
2022-08-29T14:12:56,dense.1.relu-dense.1.tanh,771,156,1.001037836074829,0.2,0.1,64,16,159744,3836082708,4.596286773681641,1024,1024,1
2022-08-29T14:12:58,dense.1.relu-dense.1.tanh,771,158,1.0032217502593994,1.0,0.1,64,16,161792,3836082708,4.948647499084473,1024,1024,1
2022-08-29T14:13:00,dense.1.tanh,769,79,1.0015780925750732,0.5,0.1,128,32,323584,3836082708,4.398353099822998,1024,1024,1
2022-08-29T14:13:02,rec.1.tanh,770,36,1.003943920135498,0.5,0.1,128,64,294912,3836082708,4.416342258453369,1024,1024,1
2022-08-29T14:13:04,rec.1.tanh,770,74,1.00148606300354,0.2,0.1,128,32,303104,3836082708,4.573399543762207,1024,1024,1
2022-08-29T14:13:06,rec.1.tanh,770,74,1.0013229846954346,1.0,0.1,128,32,303104,3836082708,4.57363748550415,1024,1024,1
2022-08-29T14:13:08,dense.1.relu-dense.1.tanh,771,118,1.0019779205322266,0.5,0.1,4,256,120832,3836082708,4.850384712219238,1024,1024,1
2022-08-29T14:13:10,dense.1.tanh-dense.1.relu,771,77,1.0037009716033936,0.5,0.1,4,256,78848,3836082708,4.828758716583252,1024,1024,1
2022-08-29T14:13:12,dense.1.tanh-gru.1.tanh,778,1,1.314892053604126,0.5,0.1,4,256,1024,3836082708,7.332514762878418,1024,1024,1
2022-08-29T14:13:15,dense.1.tanh-lstm.1,781,1,1.796731948852539,0.5,0.1,4,256,1024,3836082708,7.470155715942383,1024,1024,1
2022-08-29T14:13:17,dense.1.tanh-dense.1.tanh,771,74,1.0000481605529785,0.2,0.1,4,256,75776,3836082708,4.596127033233643,1024,1024,1
2022-08-29T14:13:19,dense.1.tanh-dense.1.tanh,771,80,1.0036499500274658,1.0,0.1,4,256,81920,3836082708,4.825864791870117,1024,1024,1
2022-08-29T14:13:21,rec.1.relu-dense.1.tanh,772,43,1.0045928955078125,0.5,0.1,2,2048,176128,3836082708,4.780641555786133,1024,1024,1
2022-08-29T14:13:23,rec.1.relu,770,84,1.0052540302276611,0.5,0.1,1,4096,344064,3836082708,7.966628551483154,1024,1024,1
2022-08-29T14:13:25,rec.1.relu,770,30,1.001905918121338,0.5,0.1,2,4096,245760,3836082708,4.463913917541504,1024,1024,1
2022-08-29T14:13:27,rec.1.relu,770,48,1.009871006011963,0.2,0.1,2,2048,196608,3836082708,4.747134685516357,1024,1024,1
2022-08-29T14:13:29,rec.1.relu,770,49,1.0044589042663574,1.0,0.1,2,2048,200704,3836082708,4.78835916519165,1024,1024,1
2022-08-29T14:13:31,dense.1.tanh-dense.1.tanh,771,84,1.0039668083190918,0.5,0.1,4,512,172032,3836082708,4.693666458129883,1024,1024,1
2022-08-29T14:13:33,dense.1.tanh,769,313,1.0012249946594238,0.2,0.1,8,32,80128,3836082708,4.490650653839111,1024,1024,1
2022-08-29T14:13:35,rec.1.tanh,770,260,1.0002360343933105,0.2,0.1,8,32,66560,3836082708,4.48698616027832,1024,1024,1
2022-08-29T14:13:37,dense.1.relu-dense.1.tanh,771,230,1.0025231838226318,0.2,0.1,8,32,58880,3836082708,4.536618709564209,1024,1024,1
2022-08-29T14:13:38,dense.1.relu,769,314,1.0009770393371582,0.2,0.1,4,64,80384,3836082708,4.531265735626221,1024,1024,1
2022-08-29T14:13:40,dense.1.relu,769,331,1.009833812713623,0.2,0.1,8,16,42368,3836082708,4.819978713989258,1024,1024,1
2022-08-29T14:13:42,dense.1.relu,769,311,1.0009567737579346,0.1,0.1,8,32,79616,3836082708,4.655054569244385,1024,1024,1
2022-08-29T14:13:44,dense.1.relu,769,313,1.00099778175354,0.5,0.1,8,32,80128,3836082708,4.613088130950928,1024,1024,1
2022-08-29T14:13:46,rec.1.tanh-dense.1.tanh,772,60,1.0037009716033936,0.5,0.1,16,128,122880,3836082708,4.46542501449585,1024,1024,1
2022-08-29T14:13:48,dense.1.relu,769,89,1.0021991729736328,0.5,0.1,256,16,364544,3836082708,4.422363758087158,1024,1024,1
2022-08-29T14:13:50,dense.1.relu-dense.1.tanh,771,78,1.0024099349975586,0.5,0.1,256,16,319488,3836082708,4.590019226074219,1024,1024,1
2022-08-29T14:13:52,dense.1.relu,769,90,1.002371072769165,0.5,0.1,512,8,368640,3836082708,4.609358787536621,1024,1024,1
2022-08-29T14:13:54,dense.1.relu,769,81,1.0028517246246338,0.5,0.1,128,32,331776,3836082708,4.428501605987549,1024,1024,1
2022-08-29T14:13:56,dense.1.relu,769,91,1.0028672218322754,0.2,0.1,256,16,372736,3836082708,4.597829341888428,1024,1024,1
2022-08-29T14:13:58,dense.1.relu,769,89,1.0026500225067139,1.0,0.1,256,16,364544,3836082708,4.813143730163574,1024,1024,1
2022-08-29T14:14:00,dense.1.relu-dense.1.tanh,771,70,1.0063738822937012,0.5,0.1,128,32,286720,3836082708,4.805404186248779,1024,1024,1
2022-08-29T14:14:02,dense.1.relu,769,40,1.0132050514221191,0.5,0.1,128,64,327680,3836082708,4.548805236816406,1024,1024,1
2022-08-29T14:14:04,dense.1.relu,769,81,1.0050911903381348,0.2,0.1,128,32,331776,3836082708,4.5984601974487305,1024,1024,1
2022-08-29T14:14:06,dense.1.relu,769,79,1.0001511573791504,1.0,0.1,128,32,323584,3836082708,4.698432922363281,1024,1024,1
2022-08-29T14:14:08,dense.1.tanh-dense.1.tanh,771,78,1.0023739337921143,0.5,0.1,256,16,319488,3836082708,4.441133499145508,1024,1024,1
2022-08-29T14:14:10,dense.1.tanh-dense.1.relu,771,79,1.0026729106903076,0.5,0.1,256,16,323584,3836082708,4.856744289398193,1024,1024,1
2022-08-29T14:14:12,dense.1.tanh-rec.1.tanh,772,72,1.0014219284057617,0.5,0.1,256,16,294912,3836082708,4.486889839172363,1024,1024,1
2022-08-29T14:14:14,dense.1.tanh-gru.1.tanh,778,41,1.006814956665039,0.5,0.1,256,16,167936,3836082708,4.448568344116211,1024,1024,1
2022-08-29T14:14:16,dense.1.tanh-lstm.1,781,30,1.0061521530151367,0.5,0.1,256,16,122880,3836082708,4.679936408996582,1024,1024,1
2022-08-29T14:14:18,dense.1.tanh-dense.1.tanh-dense.1.tanh,773,67,1.0027530193328857,0.5,0.1,256,16,274432,3836082708,4.509549617767334,1024,1024,1
2022-08-29T14:14:20,dense.1.tanh-dense.1.tanh,771,79,1.0067040920257568,0.5,0.1,512,8,323584,3836082708,4.532843589782715,1024,1024,1
2022-08-29T14:14:22,dense.1.tanh-dense.1.tanh,771,69,1.0021939277648926,0.5,0.1,128,32,282624,3836082708,4.504238128662109,1024,1024,1
2022-08-29T14:14:24,dense.1.tanh-dense.1.tanh,771,80,1.0044000148773193,0.2,0.1,256,16,327680,3836082708,4.715119361877441,1024,1024,1
2022-08-29T14:14:26,dense.1.tanh-dense.1.tanh,771,79,1.0015900135040283,1.0,0.1,256,16,323584,3836082708,4.5516510009765625,1024,1024,1
2022-08-29T14:14:28,dense.1.relu-gru.1.tanh,778,39,1.0062520503997803,0.5,0.1,256,16,159744,3836082708,4.681644916534424,1024,1024,1
2022-08-29T14:14:30,dense.1.tanh-gru.1.relu,778,40,1.001896858215332,0.5,0.1,256,16,163840,3836082708,4.8266777992248535,1024,1024,1
2022-08-29T14:14:32,dense.1.tanh-gru.1.tanh-dense.1.tanh,780,11,1.0092651844024658,0.5,0.1,256,16,45056,3836082708,4.938633918762207,1024,1024,1
2022-08-29T14:14:34,dense.1.tanh-gru.1.tanh,778,41,1.0090281963348389,0.5,0.1,512,8,167936,3836082708,4.471668243408203,1024,1024,1
2022-08-29T14:14:36,dense.1.tanh-gru.1.tanh,778,28,1.0073096752166748,0.5,0.1,128,32,114688,3836082708,4.699443340301514,1024,1024,1
2022-08-29T14:14:38,dense.1.tanh-gru.1.tanh,778,21,1.0126268863677979,0.5,0.1,256,32,172032,3836082708,4.570712566375732,1024,1024,1
2022-08-29T14:14:40,dense.1.tanh-gru.1.tanh,778,57,1.0062839984893799,0.5,0.1,256,8,116736,3836082708,4.661579132080078,1024,1024,1
2022-08-29T14:14:42,dense.1.tanh-gru.1.tanh,778,41,1.0022528171539307,0.2,0.1,256,16,167936,3836082708,4.876993179321289,1024,1024,1
2022-08-29T14:14:44,dense.1.tanh-gru.1.tanh,778,41,1.0066800117492676,1.0,0.1,256,16,167936,3836082708,4.888443470001221,1024,1024,1
2022-08-29T14:14:46,dense.1.tanh,769,90,1.001619815826416,0.5,0.1,512,8,368640,3836082708,4.4837565422058105,1024,1024,1
2022-08-29T14:14:48,dense.1.tanh,769,90,1.00472092628479,0.2,0.1,256,16,368640,3836082708,4.739706516265869,1024,1024,1
2022-08-29T14:14:50,dense.1.tanh,769,90,1.0031871795654297,1.0,0.1,256,16,368640,3836082708,4.874881744384766,1024,1024,1
2022-08-29T14:14:52,rec.1.tanh-dense.1.tanh,772,95,1.0000789165496826,0.5,0.1,128,16,194560,3836082708,4.473150730133057,1024,1024,1
2022-08-29T14:14:53,rec.1.tanh,770,126,1.001293659210205,0.5,0.1,256,8,258048,3836082708,4.452888011932373,1024,1024,1
2022-08-29T14:14:55,rec.1.tanh,770,159,1.001312017440796,0.5,0.1,128,8,162816,3836082708,4.442108154296875,1024,1024,1
2022-08-29T14:14:57,rec.1.tanh,770,116,1.0024781227111816,0.2,0.1,128,16,237568,3836082708,4.55937385559082,1024,1024,1
2022-08-29T14:14:59,rec.1.tanh,770,112,1.0018320083618164,1.0,0.1,128,16,229376,3836082708,4.4754157066345215,1024,1024,1
2022-08-29T14:15:01,dense.1.tanh,769,74,1.0051629543304443,1.0,0.1,8,256,151552,3836082708,4.479007244110107,1024,1024,1
2022-08-29T14:15:03,dense.1.tanh,769,108,1.0042071342468262,2.0,0.1,16,128,221184,3836082708,5.087213516235352,1024,1024,1
2022-08-29T14:15:05,rec.1.tanh,770,16,1.0190300941467285,0.5,0.1,128,128,262144,3836082708,4.58741569519043,1024,1024,1
2022-08-29T14:15:07,rec.1.tanh,770,35,1.001579999923706,0.2,0.1,128,64,286720,3836082708,5.2328901290893555,1024,1024,1
2022-08-29T14:15:09,rec.1.tanh,770,36,1.000864028930664,1.0,0.1,128,64,294912,3836082708,4.602431297302246,1024,1024,1
2022-08-29T14:15:11,rec.1.tanh,770,177,1.0010511875152588,0.5,0.1,32,32,181248,3836082708,4.411665439605713,1024,1024,1
2022-08-29T14:15:13,rec.1.tanh,770,236,1.001777172088623,0.5,0.1,32,16,120832,3836082708,4.486139297485352,1024,1024,1
2022-08-29T14:15:15,rec.1.tanh,770,176,1.0005738735198975,1.0,0.1,32,32,180224,3836082708,4.482109546661377,1024,1024,1
2022-08-29T14:15:17,rec.1.tanh,770,118,1.002614974975586,0.2,0.1,32,64,241664,3836082708,4.653400897979736,1024,1024,1
2022-08-29T14:15:19,rec.1.tanh,770,118,1.0021750926971436,1.0,0.1,32,64,241664,3836082708,4.51658821105957,1024,1024,1
2022-08-29T14:15:21,rec.1.tanh,770,165,1.000478982925415,0.5,0.1,256,4,168960,3836082708,4.495367050170898,1024,1024,1
2022-08-29T14:15:23,rec.1.tanh,770,197,1.0015628337860107,0.5,0.1,128,4,100864,3836082708,4.425658702850342,1024,1024,1
2022-08-29T14:15:25,rec.1.relu,770,196,1.0014550685882568,0.5,0.1,128,4,100352,3836082708,4.562691688537598,1024,1024,1
2022-08-29T14:15:27,dense.1.tanh,769,237,1.0015621185302734,0.5,0.1,128,4,121344,3836082708,4.477969646453857,1024,1024,1
2022-08-29T14:15:29,rec.1.tanh-dense.1.tanh,772,164,1.0006260871887207,0.5,0.1,128,4,83968,3836082708,4.5917463302612305,1024,1024,1
2022-08-29T14:15:31,rec.1.tanh,770,230,1.0023441314697266,0.5,0.1,256,2,117760,3836082708,4.545281887054443,1024,1024,1
2022-08-29T14:15:33,rec.1.tanh,770,212,1.0012462139129639,0.5,0.1,64,8,108544,3836082708,4.4663472175598145,1024,1024,1
2022-08-29T14:15:35,rec.1.tanh,770,249,1.0009262561798096,0.5,0.1,128,2,63744,3836082708,4.536475658416748,1024,1024,1
2022-08-29T14:15:37,rec.1.tanh,770,200,1.0005199909210205,0.2,0.1,128,4,102400,3836082708,4.48473596572876,1024,1024,1
2022-08-29T14:15:39,rec.1.tanh,770,202,1.0023517608642578,1.0,0.1,128,4,103424,3836082708,4.6918158531188965,1024,1024,1
2022-08-29T14:15:41,rec.1.tanh,770,147,1.0024280548095703,0.2,0.1,128,8,150528,3836082708,4.569908142089844,1024,1024,1
2022-08-29T14:15:43,rec.1.tanh,770,156,1.0031616687774658,1.0,0.1,128,8,159744,3836082708,4.547091960906982,1024,1024,1
2022-08-29T14:15:45,dense.1.relu-dense.1.tanh,771,52,1.007812261581421,0.5,0.1,32,128,212992,3836082708,4.56019926071167,1024,1024,1
2022-08-29T14:15:47,dense.1.tanh-dense.1.relu,771,53,1.0003700256347656,0.5,0.1,32,128,217088,3836082708,4.792113304138184,1024,1024,1
2022-08-29T14:15:49,dense.1.tanh-gru.1.tanh,778,26,1.0078020095825195,0.5,0.1,32,128,106496,3836082708,4.824111461639404,1024,1024,1
2022-08-29T14:15:51,dense.1.tanh-lstm.1,781,19,1.0053160190582275,0.5,0.1,32,128,77824,3836082708,4.6903605461120605,1024,1024,1
2022-08-29T14:15:53,dense.1.tanh-dense.1.tanh-dense.1.tanh,773,28,1.0016090869903564,0.5,0.1,32,128,114688,3836082708,4.736776351928711,1024,1024,1
2022-08-29T14:15:55,dense.1.tanh-dense.1.tanh,771,60,1.0061769485473633,0.5,0.1,64,64,245760,3836082708,4.514893054962158,1024,1024,1
2022-08-29T14:15:57,dense.1.tanh-dense.1.tanh,771,22,1.0036900043487549,0.5,0.1,32,256,180224,3836082708,4.585196495056152,1024,1024,1
2022-08-29T14:15:59,dense.1.tanh-dense.1.tanh,771,47,1.0020930767059326,0.2,0.1,32,128,192512,3836082708,4.797082424163818,1024,1024,1
2022-08-29T14:16:01,dense.1.tanh-dense.1.tanh,771,48,1.008018970489502,1.0,0.1,32,128,196608,3836082708,4.7770094871521,1024,1024,1
2022-08-29T14:16:03,rec.1.tanh-dense.1.relu,772,142,1.0001609325408936,0.5,0.1,8,64,72704,3836082708,4.823571681976318,1024,1024,1
2022-08-29T14:16:05,rec.1.tanh-gru.1.tanh,779,1,1.2985999584197998,0.5,0.1,8,64,512,3836082708,7.763485908508301,1024,1024,1
2022-08-29T14:16:07,rec.1.tanh-lstm.1,782,1,1.1677842140197754,0.5,0.1,8,64,512,3836082708,7.3610005378723145,1024,1024,1
2022-08-29T14:16:09,rec.1.tanh-dense.1.tanh-dense.1.tanh,774,92,1.0014240741729736,0.5,0.1,8,64,47104,3836082708,4.555633068084717,1024,1024,1
2022-08-29T14:16:11,rec.1.tanh-dense.1.tanh,772,102,1.0034260749816895,0.5,0.1,4,128,52224,3836082708,4.531566143035889,1024,1024,1
2022-08-29T14:16:13,rec.1.tanh-dense.1.tanh,772,193,1.001857042312622,0.5,0.1,8,32,49408,3836082708,4.546818733215332,1024,1024,1
2022-08-29T14:16:15,rec.1.tanh-dense.1.tanh,772,130,1.0011861324310303,0.2,0.1,8,64,66560,3836082708,4.7349443435668945,1024,1024,1
2022-08-29T14:16:17,rec.1.tanh-dense.1.tanh,772,129,1.0022740364074707,1.0,0.1,8,64,66048,3836082708,4.869257926940918,1024,1024,1
2022-08-29T14:16:19,rec.1.tanh,770,271,1.0000219345092773,0.2,0.1,16,8,34688,3836082708,4.500122547149658,1024,1024,1
2022-08-29T14:16:21,rec.1.relu-dense.1.tanh,772,206,1.000075101852417,0.2,0.1,16,8,26368,3836082708,4.8108229637146,1024,1024,1
2022-08-29T14:16:23,rec.1.relu,770,284,1.0019299983978271,0.2,0.1,8,16,36352,3836082708,4.557958126068115,1024,1024,1
2022-08-29T14:16:25,rec.1.relu,770,257,1.0000579357147217,0.2,0.1,16,4,16448,3836082708,4.597815036773682,1024,1024,1
2022-08-29T14:16:27,rec.1.relu,770,270,1.0008203983306885,0.1,0.1,16,8,34560,3836082708,4.715485572814941,1024,1024,1
2022-08-29T14:16:29,rec.1.relu,770,277,1.0004770755767822,0.5,0.1,16,8,35456,3836082708,4.566542625427246,1024,1024,1
2022-08-29T14:16:31,dense.1.relu,769,120,1.0027811527252197,0.5,0.1,128,16,245760,3836082708,4.789698600769043,1024,1024,1
2022-08-29T14:16:33,dense.1.tanh-dense.1.tanh,771,104,1.0044159889221191,0.5,0.1,128,16,212992,3836082708,4.465865612030029,1024,1024,1
2022-08-29T14:16:35,dense.1.tanh,769,138,1.0036840438842773,0.5,0.1,256,8,282624,3836082708,4.467933177947998,1024,1024,1
2022-08-29T14:16:37,dense.1.tanh,769,178,1.0001258850097656,0.5,0.1,128,8,182272,3836082708,4.483189105987549,1024,1024,1
2022-08-29T14:16:39,dense.1.tanh,769,127,1.0018558502197266,0.2,0.1,128,16,260096,3836082708,4.648144245147705,1024,1024,1
2022-08-29T14:16:41,dense.1.tanh,769,123,1.0024378299713135,1.0,0.1,128,16,251904,3836082708,4.526459693908691,1024,1024,1
2022-08-29T14:16:43,rec.1.tanh,770,269,1.000087022781372,0.2,0.1,64,4,68864,3836082708,4.56549072265625,1024,1024,1
2022-08-29T14:16:45,dense.1.relu-dense.1.tanh,771,231,1.0003199577331543,0.2,0.1,64,4,59136,3836082708,4.848379135131836,1024,1024,1
2022-08-29T14:16:47,dense.1.relu,769,293,1.000849962234497,0.2,0.1,128,2,75008,3836082708,4.477260589599609,1024,1024,1
2022-08-29T14:16:49,dense.1.relu,769,326,1.000452995300293,0.2,0.1,64,2,41728,3836082708,4.565123081207275,1024,1024,1
2022-08-29T14:16:51,dense.1.relu,769,315,1.00040602684021,0.1,0.1,64,4,80640,3836082708,4.717531681060791,1024,1024,1
2022-08-29T14:16:53,dense.1.relu,769,316,1.0012879371643066,0.5,0.1,64,4,80896,3836082708,4.530796527862549,1024,1024,1
2022-08-29T14:16:55,dense.1.relu,769,73,1.0065679550170898,0.5,0.1,32,128,299008,3836082708,4.373651027679443,1024,1024,1
2022-08-29T14:16:57,dense.1.tanh,769,29,1.0003399848937988,0.5,0.1,32,256,237568,3836082708,4.487155914306641,1024,1024,1
2022-08-29T14:16:59,dense.1.tanh,769,68,1.0058481693267822,0.2,0.1,32,128,278528,3836082708,4.657098770141602,1024,1024,1
2022-08-29T14:17:01,dense.1.tanh,769,67,1.0071148872375488,1.0,0.1,32,128,274432,3836082708,4.49626350402832,1024,1024,1
2022-08-29T14:17:03,dense.1.relu-gru.1.tanh,778,42,1.0044488906860352,0.5,0.1,8,128,43008,3836082708,4.881655216217041,1024,1024,1
2022-08-29T14:17:05,dense.1.tanh-gru.1.relu,778,27,1.0008361339569092,0.5,0.1,8,128,27648,3836082708,4.796585559844971,1024,1024,1
2022-08-29T14:17:07,dense.1.tanh-gru.1.tanh-dense.1.tanh,780,18,1.006913185119629,0.5,0.1,8,128,18432,3836082708,4.89548397064209,1024,1024,1
2022-08-29T14:17:09,dense.1.tanh-gru.1.tanh,778,1,1.3754010200500488,0.5,0.1,8,256,2048,3836082708,7.5788960456848145,1024,1024,1
2022-08-29T14:17:11,dense.1.tanh-gru.1.tanh,778,36,1.0034739971160889,0.2,0.1,8,128,36864,3836082708,5.124214172363281,1024,1024,1
2022-08-29T14:17:13,dense.1.tanh-gru.1.tanh,778,32,1.0035860538482666,1.0,0.1,8,128,32768,3836082708,4.876522064208984,1024,1024,1
2022-08-29T14:17:15,rec.1.tanh-dense.1.tanh,772,107,1.0008511543273926,0.5,0.1,2,512,109568,3836082708,4.483495235443115,1024,1024,1
2022-08-29T14:17:17,rec.1.tanh,770,244,1.00191068649292,0.5,0.1,1,1024,249856,3836082708,7.993964195251465,1024,1024,1
2022-08-29T14:17:19,rec.1.tanh,770,156,1.002342939376831,0.5,0.1,2,256,79872,3836082708,4.468366622924805,1024,1024,1
2022-08-29T14:17:21,rec.1.tanh,770,128,1.0018398761749268,0.2,0.1,2,512,131072,3836082708,4.5952348709106445,1024,1024,1
2022-08-29T14:17:23,rec.1.tanh,770,131,1.002465009689331,1.0,0.1,2,512,134144,3836082708,4.602028846740723,1024,1024,1
2022-08-29T14:17:25,dense.1.relu,769,140,1.0012500286102295,0.5,0.1,2,512,143360,3836082708,4.610279560089111,1024,1024,1
2022-08-29T14:17:27,dense.1.tanh,769,286,1.0018439292907715,0.5,0.1,1,1024,292864,3836082708,7.9915618896484375,1024,1024,1
2022-08-29T14:17:29,dense.1.tanh,769,149,1.0033478736877441,0.2,0.1,2,512,152576,3836082708,4.591358661651611,1024,1024,1
2022-08-29T14:17:31,dense.1.tanh,769,149,1.0023550987243652,1.0,0.1,2,512,152576,3836082708,4.934897422790527,1024,1024,1
2022-08-29T14:17:33,dense.1.tanh,769,17,1.0150001049041748,0.5,0.1,8,1024,139264,3836082708,4.6256866455078125,1024,1024,1
2022-08-29T14:17:35,rec.1.tanh,770,232,1.0012879371643066,0.2,0.1,32,16,118784,3836082708,4.440240859985352,1024,1024,1
2022-08-29T14:17:37,dense.1.relu-dense.1.tanh,771,208,1.0027549266815186,0.2,0.1,32,16,106496,3836082708,4.532540798187256,1024,1024,1
2022-08-29T14:17:39,dense.1.relu,769,247,1.0017592906951904,0.2,0.1,64,8,126464,3836082708,4.551055908203125,1024,1024,1
2022-08-29T14:17:40,dense.1.relu,769,199,1.0002832412719727,0.2,0.1,32,32,203776,3836082708,4.799129962921143,1024,1024,1
2022-08-29T14:17:42,dense.1.relu,769,272,1.0022709369659424,0.1,0.1,32,16,139264,3836082708,4.668176174163818,1024,1024,1
2022-08-29T14:17:44,dense.1.relu,769,269,1.0001680850982666,0.5,0.1,32,16,137728,3836082708,4.657227993011475,1024,1024,1
2022-08-29T14:17:46,dense.1.tanh,769,80,1.0022950172424316,0.2,0.1,128,32,327680,3836082708,4.738128662109375,1024,1024,1
2022-08-29T14:17:48,dense.1.tanh,769,88,1.0056500434875488,0.5,0.1,256,16,360448,3836082708,4.450177192687988,1024,1024,1
2022-08-29T14:17:50,rec.1.tanh-dense.1.tanh,772,72,1.0025830268859863,0.5,0.1,256,16,294912,3836082708,4.614620208740234,1024,1024,1
2022-08-29T14:17:52,rec.1.tanh,770,84,1.0037319660186768,0.5,0.1,512,8,344064,3836082708,4.565128326416016,1024,1024,1
2022-08-29T14:17:54,rec.1.tanh,770,46,1.005878210067749,0.5,0.1,256,32,376832,3836082708,4.516707897186279,1024,1024,1
2022-08-29T14:17:56,rec.1.tanh,770,83,1.0062601566314697,0.2,0.1,256,16,339968,3836082708,4.592938423156738,1024,1024,1
2022-08-29T14:17:58,rec.1.tanh,770,82,1.0058350563049316,1.0,0.1,256,16,335872,3836082708,4.551506042480469,1024,1024,1
2022-08-29T14:18:00,dense.1.relu-rec.1.tanh,772,161,1.0016100406646729,0.5,0.1,16,32,82432,3836082708,4.83980655670166,1024,1024,1
2022-08-29T14:18:02,dense.1.tanh-rec.1.relu,772,147,1.0029489994049072,0.5,0.1,16,32,75264,3836082708,4.568662166595459,1024,1024,1
2022-08-29T14:18:04,dense.1.tanh-dense.1.tanh,771,190,1.0009071826934814,0.5,0.1,16,32,97280,3836082708,4.482291221618652,1024,1024,1
2022-08-29T14:18:06,dense.1.tanh-gru.1.tanh,778,65,1.0023808479309082,0.5,0.1,16,32,33280,3836082708,4.68084716796875,1024,1024,1
2022-08-29T14:18:08,dense.1.tanh-lstm.1,781,38,1.001319169998169,0.5,0.1,16,32,19456,3836082708,4.584962368011475,1024,1024,1
2022-08-29T14:18:10,dense.1.tanh-rec.1.tanh-dense.1.tanh,774,129,1.000298261642456,0.5,0.1,16,32,66048,3836082708,4.475362777709961,1024,1024,1
2022-08-29T14:18:12,dense.1.tanh-rec.1.tanh,772,179,1.0029010772705078,0.5,0.1,32,16,91648,3836082708,4.440986633300781,1024,1024,1
2022-08-29T14:18:14,dense.1.relu-rec.1.tanh,772,178,1.001986026763916,0.5,0.1,32,16,91136,3836082708,4.8244171142578125,1024,1024,1
2022-08-29T14:18:16,dense.1.tanh-rec.1.relu,772,180,1.0001769065856934,0.5,0.1,32,16,92160,3836082708,4.816643714904785,1024,1024,1
2022-08-29T14:18:18,dense.1.tanh-dense.1.tanh,771,210,1.0013208389282227,0.5,0.1,32,16,107520,3836082708,4.444491386413574,1024,1024,1
2022-08-29T14:18:20,dense.1.tanh-gru.1.tanh,778,87,1.0038180351257324,0.5,0.1,32,16,44544,3836082708,4.4767913818359375,1024,1024,1
2022-08-29T14:18:22,dense.1.tanh-lstm.1,781,56,1.0055608749389648,0.5,0.1,32,16,28672,3836082708,4.531774997711182,1024,1024,1
2022-08-29T14:18:24,dense.1.tanh-rec.1.tanh-dense.1.tanh,774,144,1.0032320022583008,0.5,0.1,32,16,73728,3836082708,4.538376808166504,1024,1024,1
2022-08-29T14:18:26,dense.1.tanh-rec.1.tanh,772,156,1.0006780624389648,0.5,0.1,64,8,79872,3836082708,4.552489280700684,1024,1024,1
2022-08-29T14:18:28,dense.1.tanh-rec.1.tanh,772,192,1.0017619132995605,0.5,0.1,32,8,49152,3836082708,4.549989223480225,1024,1024,1
2022-08-29T14:18:30,dense.1.tanh-rec.1.tanh,772,173,1.002650260925293,0.2,0.1,32,16,88576,3836082708,4.543542385101318,1024,1024,1
2022-08-29T14:18:32,dense.1.tanh-rec.1.tanh,772,178,1.0013771057128906,1.0,0.1,32,16,91136,3836082708,4.971889495849609,1024,1024,1
2022-08-29T14:18:34,rec.1.tanh-dense.1.tanh,772,177,1.0025367736816406,0.5,0.1,32,16,90624,3836082708,4.459838390350342,1024,1024,1
2022-08-29T14:18:36,dense.1.tanh-dense.1.relu,771,202,1.0028200149536133,0.5,0.1,32,16,103424,3836082708,4.87137508392334,1024,1024,1
2022-08-29T14:18:38,dense.1.tanh-dense.1.tanh-dense.1.tanh,773,161,1.0016860961914062,0.5,0.1,32,16,82432,3836082708,4.494675159454346,1024,1024,1
2022-08-29T14:18:40,dense.1.tanh-dense.1.tanh,771,182,1.002713918685913,0.5,0.1,64,8,93184,3836082708,4.484702110290527,1024,1024,1
2022-08-29T14:18:42,dense.1.tanh-dense.1.tanh,771,232,1.0002779960632324,0.5,0.1,32,8,59392,3836082708,4.592225074768066,1024,1024,1
2022-08-29T14:18:44,dense.1.tanh-dense.1.tanh,771,205,1.0020451545715332,0.2,0.1,32,16,104960,3836082708,4.475658416748047,1024,1024,1
2022-08-29T14:18:46,dense.1.tanh-dense.1.tanh,771,211,1.0013160705566406,1.0,0.1,32,16,108032,3836082708,4.865818500518799,1024,1024,1
2022-08-29T14:18:48,dense.1.tanh-rec.1.tanh,772,206,1.0025050640106201,0.5,0.1,16,16,52736,3836082708,4.518405914306641,1024,1024,1
2022-08-29T14:18:50,dense.1.tanh-rec.1.tanh,772,159,1.0030980110168457,0.2,0.1,16,32,81408,3836082708,4.510166645050049,1024,1024,1
2022-08-29T14:18:52,dense.1.tanh-rec.1.tanh,772,157,1.0028457641601562,1.0,0.1,16,32,80384,3836082708,4.976291656494141,1024,1024,1
2022-08-29T14:18:53,rec.1.tanh,770,160,1.003079891204834,0.5,0.1,64,16,163840,3836082708,4.484800338745117,1024,1024,1
2022-08-29T14:18:55,rec.1.tanh,770,120,1.0021958351135254,0.2,0.1,64,32,245760,3836082708,4.619719505310059,1024,1024,1
2022-08-29T14:18:57,rec.1.tanh,770,124,1.0013649463653564,1.0,0.1,64,32,253952,3836082708,4.55938720703125,1024,1024,1
2022-08-29T14:18:59,dense.1.relu-dense.1.tanh,771,145,1.0010440349578857,0.5,0.1,4,128,74240,3836082708,4.4579925537109375,1024,1024,1
2022-08-29T14:19:01,dense.1.relu,769,188,1.0004279613494873,0.5,0.1,2,256,96256,3836082708,4.4321608543396,1024,1024,1
2022-08-29T14:19:03,dense.1.relu-dense.1.tanh,771,137,1.000061273574829,0.5,0.1,2,256,70144,3836082708,4.725263595581055,1024,1024,1
2022-08-29T14:19:05,dense.1.relu,769,337,1.0103120803833008,0.5,0.1,1,512,172544,3836082708,8.007460594177246,1024,1024,1
2022-08-29T14:19:07,dense.1.relu,769,295,1.0014657974243164,0.5,0.1,2,128,75520,3836082708,4.479350566864014,1024,1024,1
2022-08-29T14:19:09,dense.1.relu,769,192,1.0023322105407715,0.2,0.1,2,256,98304,3836082708,4.4744439125061035,1024,1024,1
2022-08-29T14:19:11,dense.1.relu,769,192,1.0031812191009521,1.0,0.1,2,256,98304,3836082708,4.955615997314453,1024,1024,1
2022-08-29T14:19:13,dense.1.relu,769,217,1.0022730827331543,1.0,0.1,4,128,111104,3836082708,4.914333343505859,1024,1024,1
2022-08-29T14:19:15,rec.1.relu-rec.1.tanh,773,85,1.0026538372039795,0.5,0.1,64,32,174080,3836082708,4.798621654510498,1024,1024,1
2022-08-29T14:19:17,dense.1.tanh-rec.1.tanh,772,101,1.0041959285736084,0.5,0.1,64,32,206848,3836082708,4.507327556610107,1024,1024,1
2022-08-29T14:19:19,rec.1.tanh-rec.1.relu,773,84,1.0030829906463623,0.5,0.1,64,32,172032,3836082708,4.817737579345703,1024,1024,1
2022-08-29T14:19:21,rec.1.tanh-lstm.1,782,18,1.0078892707824707,0.5,0.1,64,32,36864,3836082708,4.871131420135498,1024,1024,1
2022-08-29T14:19:23,rec.1.tanh-rec.1.tanh-dense.1.tanh,775,25,1.0021228790283203,0.5,0.1,64,32,51200,3836082708,4.944990634918213,1024,1024,1
2022-08-29T14:19:25,rec.1.tanh-rec.1.tanh,773,90,1.0045738220214844,0.2,0.1,64,32,184320,3836082708,4.597911834716797,1024,1024,1
2022-08-29T14:19:27,rec.1.tanh-rec.1.tanh,773,90,1.0047938823699951,1.0,0.1,64,32,184320,3836082708,4.843631744384766,1024,1024,1
2022-08-29T14:19:29,rec.1.relu,770,131,1.0025689601898193,0.5,0.1,8,128,134144,3836082708,4.791744232177734,1024,1024,1
2022-08-29T14:19:31,rec.1.tanh-dense.1.tanh,772,63,1.0029759407043457,0.5,0.1,8,128,64512,3836082708,4.5256547927856445,1024,1024,1
2022-08-29T14:19:33,rec.1.tanh,770,141,1.002453088760376,0.5,0.1,16,64,144384,3836082708,4.439376354217529,1024,1024,1
2022-08-29T14:19:35,rec.1.tanh,770,186,1.0005860328674316,0.5,0.1,8,64,95232,3836082708,4.484670162200928,1024,1024,1
2022-08-29T14:19:37,rec.1.tanh,770,107,1.0012638568878174,0.2,0.1,8,128,109568,3836082708,4.533859729766846,1024,1024,1
2022-08-29T14:19:39,rec.1.tanh,770,116,1.0031228065490723,1.0,0.1,8,128,118784,3836082708,4.512691974639893,1024,1024,1
2022-08-29T14:19:41,dense.1.tanh,769,185,1.0019810199737549,0.5,0.1,32,32,189440,3836082708,4.4109578132629395,1024,1024,1
2022-08-29T14:19:43,rec.1.relu-dense.1.relu,772,136,1.0024619102478027,0.5,0.1,8,64,69632,3836082708,4.798618316650391,1024,1024,1
2022-08-29T14:19:45,rec.1.relu-gru.1.tanh,779,18,1.0027332305908203,0.5,0.1,8,64,9216,3836082708,4.868920803070068,1024,1024,1
2022-08-29T14:19:47,rec.1.relu-lstm.1,782,7,1.0045640468597412,0.5,0.1,8,64,3584,3836082708,5.191787242889404,1024,1024,1
2022-08-29T14:19:49,rec.1.relu-dense.1.tanh-dense.1.tanh,774,93,1.0030479431152344,0.5,0.1,8,64,47616,3836082708,4.852273941040039,1024,1024,1
2022-08-29T14:19:51,rec.1.relu-dense.1.tanh,772,132,1.0005769729614258,0.5,0.1,4,128,67584,3836082708,4.80323600769043,1024,1024,1
2022-08-29T14:19:53,rec.1.relu-dense.1.tanh,772,190,1.0010559558868408,0.5,0.1,8,32,48640,3836082708,4.533827781677246,1024,1024,1
2022-08-29T14:19:55,rec.1.relu-dense.1.tanh,772,144,1.0032861232757568,0.2,0.1,8,64,73728,3836082708,4.649811744689941,1024,1024,1
2022-08-29T14:19:57,rec.1.relu-dense.1.tanh,772,144,1.0002110004425049,1.0,0.1,8,64,73728,3836082708,4.926698684692383,1024,1024,1
2022-08-29T14:19:59,dense.1.relu,769,195,1.0028979778289795,0.5,0.1,32,32,199680,3836082708,4.586459636688232,1024,1024,1
2022-08-29T14:20:01,dense.1.tanh,769,256,1.0000278949737549,0.5,0.1,32,16,131072,3836082708,4.491031646728516,1024,1024,1
2022-08-29T14:20:03,dense.1.tanh,769,194,1.0027940273284912,0.2,0.1,32,32,198656,3836082708,4.456729412078857,1024,1024,1
2022-08-29T14:20:05,dense.1.tanh,769,198,1.0032219886779785,1.0,0.1,32,32,202752,3836082708,4.524748802185059,1024,1024,1
2022-08-29T14:20:07,rec.1.relu-rec.1.tanh,773,42,1.0082478523254395,0.5,0.1,4,1024,172032,3836082708,4.7692155838012695,1024,1024,1
2022-08-29T14:20:09,rec.1.tanh-rec.1.relu,773,41,1.0025908946990967,0.5,0.1,4,1024,167936,3836082708,4.573348045349121,1024,1024,1
2022-08-29T14:20:11,rec.1.tanh-rec.1.tanh-dense.1.tanh,775,36,1.009800910949707,0.5,0.1,4,1024,147456,3836082708,4.5481791496276855,1024,1024,1
2022-08-29T14:20:13,rec.1.tanh-rec.1.tanh,773,40,1.004683017730713,0.5,0.1,8,512,163840,3836082708,4.801600456237793,1024,1024,1
2022-08-29T14:20:15,rec.1.tanh-rec.1.tanh,773,38,1.0061290264129639,0.5,0.1,2,2048,155648,3836082708,4.473054885864258,1024,1024,1
2022-08-29T14:20:17,rec.1.tanh-rec.1.tanh,773,25,1.0192110538482666,0.5,0.1,4,2048,204800,3836082708,4.644404411315918,1024,1024,1
2022-08-29T14:20:19,rec.1.tanh-rec.1.tanh,773,43,1.0098679065704346,0.2,0.1,4,1024,176128,3836082708,4.838321685791016,1024,1024,1
2022-08-29T14:20:21,rec.1.tanh-rec.1.tanh,773,42,1.009552001953125,1.0,0.1,4,1024,172032,3836082708,4.814385414123535,1024,1024,1
2022-08-29T14:20:23,dense.1.relu,769,49,1.003330945968628,0.5,0.1,2,2048,200704,3836082708,4.4617486000061035,1024,1024,1
2022-08-29T14:20:25,dense.1.tanh,769,114,1.0062053203582764,0.5,0.1,1,4096,466944,3836082708,7.9662933349609375,1024,1024,1
2022-08-29T14:20:27,dense.1.tanh,769,17,1.0144970417022705,0.5,0.1,2,4096,139264,3836082708,4.608639240264893,1024,1024,1
2022-08-29T14:20:29,dense.1.tanh,769,51,1.0094501972198486,0.2,0.1,2,2048,208896,3836082708,4.8159966468811035,1024,1024,1
2022-08-29T14:20:31,dense.1.tanh,769,50,1.0109570026397705,1.0,0.1,2,2048,204800,3836082708,4.500161170959473,1024,1024,1
2022-08-29T14:20:33,rec.1.relu,770,35,1.0133368968963623,0.5,0.1,64,128,286720,3836082708,4.499148845672607,1024,1024,1
2022-08-29T14:20:35,rec.1.tanh,770,17,1.0041558742523193,0.5,0.1,64,256,278528,3836082708,4.654046058654785,1024,1024,1
2022-08-29T14:20:37,rec.1.tanh,770,32,1.000744104385376,0.2,0.1,64,128,262144,3836082708,5.731767177581787,1024,1024,1
2022-08-29T14:20:39,rec.1.tanh,770,33,1.0111687183380127,1.0,0.1,64,128,270336,3836082708,4.504911422729492,1024,1024,1
2022-08-29T14:20:41,rec.1.tanh,770,113,1.0037262439727783,0.5,0.1,512,4,231424,3836082708,4.454716205596924,1024,1024,1
2022-08-29T14:20:43,rec.1.relu,770,106,1.0029008388519287,0.5,0.1,512,4,217088,3836082708,4.822772979736328,1024,1024,1
2022-08-29T14:20:45,rec.1.tanh-dense.1.tanh,772,92,1.0049653053283691,0.5,0.1,512,4,188416,3836082708,4.57225227355957,1024,1024,1
2022-08-29T14:20:47,rec.1.tanh,770,110,1.002380132675171,0.5,0.1,1024,2,225280,3836082708,4.5119123458862305,1024,1024,1
2022-08-29T14:20:49,rec.1.tanh,770,159,1.0003619194030762,0.5,0.1,512,2,162816,3836082708,4.615104675292969,1024,1024,1
2022-08-29T14:20:51,rec.1.tanh,770,112,1.0008282661437988,0.2,0.1,512,4,229376,3836082708,4.644866943359375,1024,1024,1
2022-08-29T14:20:53,rec.1.tanh,770,111,1.0011601448059082,1.0,0.1,512,4,227328,3836082708,4.8047194480896,1024,1024,1
2022-08-29T14:20:55,rec.1.tanh,770,125,1.0024609565734863,0.2,0.1,256,8,256000,3836082708,4.568506717681885,1024,1024,1
2022-08-29T14:20:56,rec.1.tanh,770,119,1.0008788108825684,1.0,0.1,256,8,243712,3836082708,4.518976211547852,1024,1024,1
2022-08-29T14:20:58,rec.1.relu-rec.1.tanh,773,64,1.0030279159545898,0.5,0.1,2,1024,131072,3836082708,4.754219055175781,1024,1024,1
2022-08-29T14:21:00,rec.1.tanh-rec.1.relu,773,67,1.0059411525726318,0.5,0.1,2,1024,137216,3836082708,4.763587951660156,1024,1024,1
2022-08-29T14:21:02,rec.1.tanh-gru.1.tanh,779,38,1.0060479640960693,0.5,0.1,2,1024,77824,3836082708,4.562085151672363,1024,1024,1
2022-08-29T14:21:05,rec.1.tanh-lstm.1,782,27,1.0010371208190918,0.5,0.1,2,1024,55296,3836082708,4.70212984085083,1024,1024,1
2022-08-29T14:21:06,rec.1.tanh-rec.1.tanh-dense.1.tanh,775,56,1.0056111812591553,0.5,0.1,2,1024,114688,3836082708,4.521308898925781,1024,1024,1
2022-08-29T14:21:08,rec.1.tanh-rec.1.tanh,773,156,1.0050358772277832,0.5,0.1,1,2048,319488,3836082708,7.954139232635498,1024,1024,1
2022-08-29T14:21:10,rec.1.tanh-rec.1.tanh,773,101,1.003404140472412,0.5,0.1,2,512,103424,3836082708,4.4892191886901855,1024,1024,1
2022-08-29T14:21:12,rec.1.tanh-rec.1.tanh,773,69,1.0069830417633057,0.2,0.1,2,1024,141312,3836082708,4.712337970733643,1024,1024,1
2022-08-29T14:21:14,rec.1.tanh-rec.1.tanh,773,64,1.0039091110229492,1.0,0.1,2,1024,131072,3836082708,4.586205959320068,1024,1024,1
2022-08-29T14:21:16,dense.1.tanh,769,55,1.009004831314087,0.5,0.1,4,1024,225280,3836082708,4.424046039581299,1024,1024,1
2022-08-29T14:21:18,dense.1.relu,769,46,1.010587215423584,0.5,0.1,4,1024,188416,3836082708,4.767156600952148,1024,1024,1
2022-08-29T14:21:20,dense.1.tanh,769,52,1.0049848556518555,0.2,0.1,4,1024,212992,3836082708,4.67152738571167,1024,1024,1
2022-08-29T14:21:22,dense.1.tanh,769,56,1.0059199333190918,1.0,0.1,4,1024,229376,3836082708,4.530966758728027,1024,1024,1
2022-08-29T14:21:24,dense.1.tanh,769,115,1.0033290386199951,0.5,0.1,4,256,117760,3836082708,4.471639156341553,1024,1024,1
2022-08-29T14:21:26,dense.1.tanh,769,94,1.000185251235962,0.2,0.1,4,512,192512,3836082708,4.5485944747924805,1024,1024,1
2022-08-29T14:21:28,dense.1.tanh,769,97,1.001081943511963,1.0,0.1,4,512,198656,3836082708,4.4768805503845215,1024,1024,1
2022-08-29T14:21:30,rec.1.relu-dense.1.tanh,772,104,1.0033957958221436,0.5,0.1,64,32,212992,3836082708,4.7893571853637695,1024,1024,1
2022-08-29T14:21:32,rec.1.relu,770,175,1.0023250579833984,0.5,0.1,64,16,179200,3836082708,4.4684038162231445,1024,1024,1
2022-08-29T14:21:34,rec.1.relu,770,127,1.0010590553283691,0.2,0.1,64,32,260096,3836082708,4.481787204742432,1024,1024,1
2022-08-29T14:21:36,rec.1.relu,770,124,1.0027508735656738,1.0,0.1,64,32,253952,3836082708,4.710954666137695,1024,1024,1
2022-08-29T14:21:38,dense.1.relu-dense.1.relu,771,168,1.0027568340301514,0.5,0.1,4,128,86016,3836082708,4.863487720489502,1024,1024,1
2022-08-29T14:21:40,dense.1.relu-rec.1.tanh,772,145,1.0007998943328857,0.5,0.1,4,128,74240,3836082708,4.79326868057251,1024,1024,1
2022-08-29T14:21:42,dense.1.relu-gru.1.tanh,778,62,1.0031757354736328,0.5,0.1,4,128,31744,3836082708,4.715124607086182,1024,1024,1
2022-08-29T14:21:44,dense.1.relu-lstm.1,781,43,1.0001652240753174,0.5,0.1,4,128,22016,3836082708,4.66619348526001,1024,1024,1
2022-08-29T14:21:46,dense.1.relu-dense.1.tanh-dense.1.tanh,773,92,1.00095796585083,0.5,0.1,4,128,47104,3836082708,4.832522392272949,1024,1024,1
2022-08-29T14:21:48,dense.1.relu-dense.1.tanh,771,75,1.0028307437896729,0.5,0.1,8,64,38400,3836082708,4.8374199867248535,1024,1024,1
2022-08-29T14:21:50,dense.1.relu-dense.1.tanh,771,220,1.0023791790008545,0.5,0.1,4,64,56320,3836082708,4.467649459838867,1024,1024,1
2022-08-29T14:21:52,dense.1.relu-dense.1.tanh,771,150,1.0016520023345947,0.2,0.1,4,128,76800,3836082708,4.478966236114502,1024,1024,1
2022-08-29T14:21:54,dense.1.relu-dense.1.tanh,771,154,1.0019919872283936,1.0,0.1,4,128,78848,3836082708,4.96187686920166,1024,1024,1
2022-08-29T14:21:56,dense.1.tanh,769,140,1.0004239082336426,0.2,0.1,64,32,286720,3836082708,4.539623260498047,1024,1024,1
2022-08-29T14:21:58,dense.1.tanh,769,139,1.0009169578552246,1.0,0.1,64,32,284672,3836082708,4.520946979522705,1024,1024,1
2022-08-29T14:22:00,rec.1.tanh,770,266,1.0014801025390625,0.2,0.1,32,8,68096,3836082708,4.485289573669434,1024,1024,1
2022-08-29T14:22:02,rec.1.relu,770,258,1.0006661415100098,0.2,0.1,32,8,66048,3836082708,4.435572147369385,1024,1024,1
2022-08-29T14:22:04,rec.1.relu,770,145,1.0001788139343262,1.0,0.1,16,64,148480,3836082708,4.831500053405762,1024,1024,1
2022-08-29T14:22:06,rec.1.tanh,770,211,1.0003249645233154,1.0,0.1,16,32,108032,3836082708,4.598805904388428,1024,1024,1
2022-08-29T14:22:08,rec.1.tanh,770,138,1.00205397605896,2.0,0.1,16,64,141312,3836082708,4.7670135498046875,1024,1024,1
2022-08-29T14:22:10,dense.1.relu-dense.1.tanh-dense.1.tanh,773,40,1.0048770904541016,0.5,0.1,4,1024,163840,3836082708,4.735072135925293,1024,1024,1
2022-08-29T14:22:12,dense.1.tanh-dense.2.tanh-dense.1.tanh,776,35,1.0001490116119385,0.5,0.1,4,1024,143360,3836082708,4.787208080291748,1024,1024,1
2022-08-29T14:22:14,dense.1.tanh-dense.1.relu-dense.1.tanh,773,40,1.0024161338806152,0.5,0.1,4,1024,163840,3836082708,4.799196243286133,1024,1024,1
2022-08-29T14:22:16,dense.1.tanh-rec.1.tanh-dense.1.tanh,774,36,1.008984088897705,0.5,0.1,4,1024,147456,3836082708,4.535256385803223,1024,1024,1
2022-08-29T14:22:18,dense.1.tanh-gru.1.tanh-dense.1.tanh,780,22,1.0070221424102783,0.5,0.1,4,1024,90112,3836082708,4.889660835266113,1024,1024,1
2022-08-29T14:22:20,dense.1.tanh-lstm.1-dense.1.tanh,783,14,1.0052270889282227,0.5,0.1,4,1024,57344,3836082708,4.892995834350586,1024,1024,1
2022-08-29T14:22:22,dense.1.tanh-dense.1.tanh-dense.1.relu,773,39,1.003627061843872,0.5,0.1,4,1024,159744,3836082708,4.828241348266602,1024,1024,1
2022-08-29T14:22:24,dense.1.tanh-dense.1.tanh-rec.1.tanh,774,38,1.002187967300415,0.5,0.1,4,1024,155648,3836082708,4.6110405921936035,1024,1024,1
2022-08-29T14:22:26,dense.1.tanh-dense.1.tanh-gru.1.tanh,780,23,1.0096890926361084,0.5,0.1,4,1024,94208,3836082708,4.664212226867676,1024,1024,1
2022-08-29T14:22:28,dense.1.tanh-dense.1.tanh-lstm.1,783,15,1.0123531818389893,0.5,0.1,4,1024,61440,3836082708,4.823673248291016,1024,1024,1
2022-08-29T14:22:30,dense.1.tanh-dense.1.tanh-dense.1.tanh-dense.1.tanh,775,36,1.0024347305297852,0.5,0.1,4,1024,147456,3836082708,4.859437942504883,1024,1024,1
2022-08-29T14:22:32,dense.1.tanh-dense.1.tanh-dense.1.tanh,773,39,1.0117788314819336,0.5,0.1,2,2048,159744,3836082708,4.492279529571533,1024,1024,1
2022-08-29T14:22:34,dense.1.tanh-dense.1.tanh-dense.1.tanh,773,25,1.019092082977295,0.5,0.1,4,2048,204800,3836082708,4.705909252166748,1024,1024,1
2022-08-29T14:22:36,dense.1.tanh-dense.1.tanh-dense.1.tanh,773,44,1.0110619068145752,0.2,0.1,4,1024,180224,3836082708,4.780745506286621,1024,1024,1
2022-08-29T14:22:38,dense.1.tanh-dense.1.tanh-dense.1.tanh,773,43,1.006345272064209,1.0,0.1,4,1024,176128,3836082708,4.818118095397949,1024,1024,1
2022-08-29T14:22:40,rec.1.tanh-dense.1.tanh,772,48,1.0021231174468994,1.0,0.1,8,256,98304,3836082708,4.566631317138672,1024,1024,1
2022-08-29T14:22:42,rec.1.tanh,770,81,1.0035691261291504,2.0,0.1,8,256,165888,3836082708,4.7134785652160645,1024,1024,1
2022-08-29T14:22:44,dense.1.tanh-dense.1.tanh,771,213,1.0010418891906738,0.2,0.1,4,64,54528,3836082708,4.535802364349365,1024,1024,1
2022-08-29T14:22:46,dense.1.tanh,769,265,1.0021471977233887,0.2,0.1,2,128,67840,3836082708,4.526177883148193,1024,1024,1
2022-08-29T14:22:48,dense.1.tanh,769,338,1.0008840560913086,0.2,0.1,4,32,43264,3836082708,4.513121128082275,1024,1024,1
2022-08-29T14:22:50,dense.1.tanh,769,292,1.000298023223877,0.1,0.1,4,64,74752,3836082708,4.7638983726501465,1024,1024,1
2022-08-29T14:22:52,rec.1.relu-dense.1.tanh,772,178,1.0013079643249512,0.5,0.1,32,16,91136,3836082708,4.841684818267822,1024,1024,1
2022-08-29T14:22:54,rec.1.tanh-dense.1.relu,772,178,1.0028181076049805,0.5,0.1,32,16,91136,3836082708,4.466068267822266,1024,1024,1
2022-08-29T14:22:56,rec.1.tanh-rec.1.tanh,773,153,1.0005459785461426,0.5,0.1,32,16,78336,3836082708,4.515460968017578,1024,1024,1
2022-08-29T14:22:58,rec.1.tanh-gru.1.tanh,779,73,1.001887321472168,0.5,0.1,32,16,37376,3836082708,4.539435386657715,1024,1024,1
2022-08-29T14:23:00,rec.1.tanh-lstm.1,782,52,1.0049381256103516,0.5,0.1,32,16,26624,3836082708,4.606365203857422,1024,1024,1
2022-08-29T14:23:02,rec.1.tanh-dense.1.tanh-dense.1.tanh,774,140,1.0017530918121338,0.5,0.1,32,16,71680,3836082708,4.812341690063477,1024,1024,1
2022-08-29T14:23:04,rec.1.tanh-dense.1.tanh,772,204,1.0022621154785156,0.5,0.1,32,8,52224,3836082708,4.567720890045166,1024,1024,1
2022-08-29T14:23:06,rec.1.tanh-dense.1.tanh,772,182,1.0024440288543701,0.2,0.1,32,16,93184,3836082708,4.55848503112793,1024,1024,1
2022-08-29T14:23:08,rec.1.tanh-dense.1.tanh,772,176,1.0022058486938477,1.0,0.1,32,16,90112,3836082708,4.70952033996582,1024,1024,1
2022-08-29T14:23:09,rec.1.relu,770,29,1.0002717971801758,0.5,0.1,8,1024,237568,3836082708,4.435731887817383,1024,1024,1
2022-08-29T14:23:11,rec.1.relu-dense.1.tanh,772,10,1.006147861480713,0.5,0.1,8,1024,81920,3836082708,4.915423393249512,1024,1024,1
2022-08-29T14:23:13,rec.1.relu,770,30,1.0108020305633545,0.5,0.1,16,512,245760,3836082708,4.625341415405273,1024,1024,1
2022-08-29T14:23:15,rec.1.relu,770,15,1.0197279453277588,0.5,0.1,8,2048,245760,3836082708,4.798381805419922,1024,1024,1
2022-08-29T14:23:17,rec.1.relu,770,29,1.013767957687378,0.2,0.1,8,1024,237568,3836082708,5.344989776611328,1024,1024,1
2022-08-29T14:23:19,rec.1.relu,770,29,1.0112009048461914,1.0,0.1,8,1024,237568,3836082708,4.773440837860107,1024,1024,1
2022-08-29T14:23:21,rec.1.tanh-dense.1.tanh,772,26,1.0114800930023193,0.5,0.1,8,1024,212992,3836082708,4.515574932098389,1024,1024,1
2022-08-29T14:23:23,rec.1.tanh,770,27,1.0016961097717285,0.5,0.1,4,2048,221184,3836082708,4.486222267150879,1024,1024,1
2022-08-29T14:23:25,rec.1.tanh,770,16,1.0321307182312012,0.5,0.1,8,2048,262144,3836082708,4.624678611755371,1024,1024,1
2022-08-29T14:23:27,rec.1.tanh,770,29,1.0049831867218018,0.2,0.1,8,1024,237568,3836082708,5.296362400054932,1024,1024,1
2022-08-29T14:23:29,dense.1.relu-dense.1.tanh,771,115,1.003357172012329,0.5,0.1,64,32,235520,3836082708,4.810214996337891,1024,1024,1
2022-08-29T14:23:31,dense.1.relu,769,129,1.0028369426727295,0.5,0.1,32,64,264192,3836082708,4.351381301879883,1024,1024,1
2022-08-29T14:23:33,dense.1.relu,769,74,1.0067169666290283,0.5,0.1,64,64,303104,3836082708,4.80616569519043,1024,1024,1
2022-08-29T14:23:35,dense.1.relu,769,139,1.0007128715515137,0.2,0.1,64,32,284672,3836082708,4.447138786315918,1024,1024,1
2022-08-29T14:23:37,dense.1.relu,769,142,1.0033488273620605,1.0,0.1,64,32,290816,3836082708,4.866394996643066,1024,1024,1
2022-08-29T14:23:39,dense.1.relu,769,63,1.0084056854248047,0.5,0.1,16,256,258048,3836082708,4.706116199493408,1024,1024,1
2022-08-29T14:23:41,dense.1.tanh,769,33,1.0088419914245605,0.5,0.1,16,512,270336,3836082708,4.422168254852295,1024,1024,1
2022-08-29T14:23:43,dense.1.tanh,769,48,1.008301019668579,0.2,0.1,16,256,196608,3836082708,4.871313095092773,1024,1024,1
2022-08-29T14:23:45,dense.1.tanh,769,47,1.0035851001739502,1.0,0.1,16,256,192512,3836082708,4.510590076446533,1024,1024,1
2022-08-29T14:23:47,dense.1.tanh-dense.1.relu,771,112,1.0034708976745605,0.5,0.1,64,32,229376,3836082708,4.454516410827637,1024,1024,1
2022-08-29T14:23:49,dense.1.relu-dense.1.relu,771,113,1.0043609142303467,0.5,0.1,64,32,231424,3836082708,4.858249187469482,1024,1024,1
2022-08-29T14:23:51,dense.1.tanh-gru.1.tanh,778,43,1.0015127658843994,0.5,0.1,64,32,88064,3836082708,4.5177412033081055,1024,1024,1
2022-08-29T14:23:53,dense.1.tanh-lstm.1,781,25,1.007042646408081,0.5,0.1,64,32,51200,3836082708,4.849101543426514,1024,1024,1
2022-08-29T14:23:55,dense.1.tanh-dense.1.relu-dense.1.tanh,773,89,1.0003461837768555,0.5,0.1,64,32,182272,3836082708,4.802835464477539,1024,1024,1
2022-08-29T14:23:57,dense.1.tanh-dense.1.relu,771,97,1.0010099411010742,0.5,0.1,128,16,198656,3836082708,4.466701030731201,1024,1024,1
2022-08-29T14:23:59,dense.1.tanh-dense.1.relu,771,62,1.0045881271362305,0.5,0.1,64,64,253952,3836082708,4.791805267333984,1024,1024,1
2022-08-29T14:24:01,dense.1.tanh-dense.1.relu,771,148,1.0006020069122314,0.5,0.1,64,16,151552,3836082708,4.797354698181152,1024,1024,1
2022-08-29T14:24:03,dense.1.tanh-dense.1.relu,771,114,1.0005261898040771,0.2,0.1,64,32,233472,3836082708,4.531118392944336,1024,1024,1
2022-08-29T14:24:05,dense.1.tanh-dense.1.relu,771,111,1.0021800994873047,1.0,0.1,64,32,227328,3836082708,4.682738304138184,1024,1024,1
2022-08-29T14:24:07,dense.1.tanh-dense.1.tanh-dense.1.tanh,773,87,1.0016660690307617,0.5,0.1,64,32,178176,3836082708,4.470476150512695,1024,1024,1
2022-08-29T14:24:09,dense.1.tanh-dense.1.tanh,771,114,1.0012609958648682,0.2,0.1,64,32,233472,3836082708,4.59154748916626,1024,1024,1
2022-08-29T14:24:11,dense.1.tanh-dense.1.tanh,771,116,1.0042240619659424,1.0,0.1,64,32,237568,3836082708,4.843999862670898,1024,1024,1
2022-08-29T14:24:13,dense.1.relu-rec.1.tanh-dense.1.tanh,774,69,1.0005111694335938,0.5,0.1,8,128,70656,3836082708,4.817580223083496,1024,1024,1
2022-08-29T14:24:15,dense.1.tanh-rec.2.tanh-dense.1.tanh,780,56,1.0045051574707031,0.5,0.1,8,128,57344,3836082708,4.438253402709961,1024,1024,1
2022-08-29T14:24:17,dense.1.relu-rec.2.tanh-dense.1.tanh,780,63,1.0033299922943115,0.5,0.1,8,128,64512,3836082708,4.756683826446533,1024,1024,1
2022-08-29T14:24:19,dense.1.tanh-rec.4.tanh-dense.1.tanh,798,1,1.062502145767212,0.5,0.1,8,128,1024,3836082708,9.030323028564453,1024,1024,1
2022-08-29T14:24:21,dense.1.tanh-rec.2.relu-dense.1.tanh,780,60,1.0038740634918213,0.5,0.1,8,128,61440,3836082708,4.81651496887207,1024,1024,1
2022-08-29T14:24:23,dense.1.tanh-lstm.1-dense.1.tanh,783,10,1.0063560009002686,0.5,0.1,8,128,10240,3836082708,4.928360462188721,1024,1024,1
2022-08-29T14:24:25,dense.1.tanh-rec.2.tanh-dense.1.relu,780,64,1.004065990447998,0.5,0.1,8,128,65536,3836082708,4.838070869445801,1024,1024,1
2022-08-29T14:24:27,dense.1.tanh-rec.2.tanh-rec.1.tanh,781,50,1.0040390491485596,0.5,0.1,8,128,51200,3836082708,4.5695719718933105,1024,1024,1
2022-08-29T14:24:29,dense.1.tanh-rec.2.tanh-gru.1.tanh,789,3,1.0057871341705322,0.5,0.1,8,128,3072,3836082708,6.120215892791748,1024,1024,1
2022-08-29T14:24:31,dense.1.tanh-rec.2.tanh-lstm.1,793,1,1.045715093612671,0.5,0.1,8,128,1024,3836082708,9.790995597839355,1024,1024,1
2022-08-29T14:24:33,dense.1.tanh-rec.2.tanh-dense.1.tanh-dense.1.tanh,782,31,1.0049188137054443,0.5,0.1,8,128,31744,3836082708,4.85333776473999,1024,1024,1
2022-08-29T14:24:35,dense.1.tanh-rec.2.tanh-dense.1.tanh,780,75,1.0031752586364746,0.5,0.1,16,64,76800,3836082708,4.826470851898193,1024,1024,1
2022-08-29T14:24:37,dense.1.tanh-rec.2.tanh-dense.1.tanh,780,27,1.003533124923706,0.5,0.1,4,256,27648,3836082708,4.850918292999268,1024,1024,1
2022-08-29T14:24:39,dense.1.tanh-rec.2.tanh-dense.1.tanh,780,14,1.0054430961608887,0.5,0.1,8,256,28672,3836082708,4.8843560218811035,1024,1024,1
2022-08-29T14:24:41,dense.1.tanh-rec.2.tanh-dense.1.tanh,780,98,1.002074956893921,0.5,0.1,8,64,50176,3836082708,4.422126770019531,1024,1024,1
2022-08-29T14:24:43,dense.1.relu-rec.2.tanh-dense.1.tanh,780,108,1.0011508464813232,0.5,0.1,8,64,55296,3836082708,4.840022087097168,1024,1024,1
2022-08-29T14:24:45,dense.1.tanh-rec.4.tanh-dense.1.tanh,798,107,1.0038118362426758,0.5,0.1,8,64,54784,3836082708,4.801231861114502,1024,1024,1
2022-08-29T14:24:47,dense.1.tanh-rec.2.relu-dense.1.tanh,780,7,1.0006086826324463,0.5,0.1,8,64,3584,3836082708,5.1798200607299805,1024,1024,1
2022-08-29T14:24:49,dense.1.tanh-gru.1.tanh-dense.1.tanh,780,1,1.0652680397033691,0.5,0.1,8,64,512,3836082708,7.489760398864746,1024,1024,1
2022-08-29T14:24:51,dense.1.tanh-lstm.1-dense.1.tanh,783,1,1.219721794128418,0.5,0.1,8,64,512,3836082708,7.5485920906066895,1024,1024,1
2022-08-29T14:24:53,dense.1.tanh-rec.2.tanh-dense.1.relu,780,97,1.0011451244354248,0.5,0.1,8,64,49664,3836082708,4.5023088455200195,1024,1024,1
2022-08-29T14:24:55,dense.1.tanh-rec.2.tanh-rec.1.tanh,781,79,1.0019190311431885,0.5,0.1,8,64,40448,3836082708,4.8566975593566895,1024,1024,1
2022-08-29T14:24:57,dense.1.tanh-rec.2.tanh-gru.1.tanh,789,2,1.0009279251098633,0.5,0.1,8,64,1024,3836082708,6.885120868682861,1024,1024,1
2022-08-29T14:24:59,dense.1.tanh-rec.2.tanh-lstm.1,793,1,1.047130823135376,0.5,0.1,8,64,512,3836082708,7.51749849319458,1024,1024,1
2022-08-29T14:25:01,dense.1.tanh-rec.2.tanh-dense.1.tanh-dense.1.tanh,782,65,1.0011029243469238,0.5,0.1,8,64,33280,3836082708,4.7928242683410645,1024,1024,1
2022-08-29T14:25:03,dense.1.tanh-rec.2.tanh-dense.1.tanh,780,119,1.0006320476531982,0.5,0.1,16,32,60928,3836082708,4.478614807128906,1024,1024,1
2022-08-29T14:25:05,dense.1.tanh-rec.2.tanh-dense.1.tanh,780,82,1.0034229755401611,0.5,0.1,4,128,41984,3836082708,4.545036315917969,1024,1024,1
2022-08-29T14:25:07,dense.1.tanh-rec.2.tanh-dense.1.tanh,780,143,1.0017530918121338,0.5,0.1,8,32,36608,3836082708,4.781567573547363,1024,1024,1
2022-08-29T14:25:09,dense.1.tanh-rec.2.tanh-dense.1.tanh,780,94,1.0031096935272217,0.2,0.1,8,64,48128,3836082708,4.634662628173828,1024,1024,1
2022-08-29T14:25:11,dense.1.tanh-rec.2.tanh-dense.1.tanh,780,86,1.0031237602233887,1.0,0.1,8,64,44032,3836082708,4.860535621643066,1024,1024,1
2022-08-29T14:25:13,dense.1.tanh-rec.2.tanh-dense.1.tanh,780,58,1.003053903579712,0.2,0.1,8,128,59392,3836082708,4.711851596832275,1024,1024,1
2022-08-29T14:25:15,dense.1.tanh-rec.2.tanh-dense.1.tanh,780,58,1.0036540031433105,1.0,0.1,8,128,59392,3836082708,4.8167290687561035,1024,1024,1
2022-08-29T14:25:17,dense.1.tanh-rec.1.relu-dense.1.tanh,774,74,1.0027940273284912,0.5,0.1,8,128,75776,3836082708,4.813309669494629,1024,1024,1
2022-08-29T14:25:19,dense.1.tanh-rec.1.tanh-dense.1.relu,774,63,1.004560947418213,0.5,0.1,8,128,64512,3836082708,4.800517559051514,1024,1024,1
2022-08-29T14:25:21,dense.1.tanh-rec.1.tanh-rec.1.tanh,775,64,1.0013670921325684,0.5,0.1,8,128,65536,3836082708,4.486021995544434,1024,1024,1
2022-08-29T14:25:23,dense.1.tanh-rec.1.tanh-gru.1.tanh,781,22,1.003795862197876,0.5,0.1,8,128,22528,3836082708,4.729367733001709,1024,1024,1
2022-08-29T14:25:25,dense.1.tanh-rec.1.tanh-lstm.1,784,12,1.0036189556121826,0.5,0.1,8,128,12288,3836082708,4.857515811920166,1024,1024,1
2022-08-29T14:25:27,dense.1.tanh-rec.1.tanh-dense.1.tanh-dense.1.tanh,776,36,1.0012030601501465,0.5,0.1,8,128,36864,3836082708,4.5973639488220215,1024,1024,1
2022-08-29T14:25:29,dense.1.tanh-rec.1.tanh-dense.1.tanh,774,6,1.0046329498291016,0.5,0.1,4,256,6144,3836082708,5.191115379333496,1024,1024,1
2022-08-29T14:25:31,dense.1.tanh-rec.1.tanh-dense.1.tanh,774,62,1.00022292137146,0.2,0.1,8,128,63488,3836082708,4.849143981933594,1024,1024,1
2022-08-29T14:25:33,dense.1.tanh-rec.1.tanh-dense.1.tanh,774,65,1.0006647109985352,1.0,0.1,8,128,66560,3836082708,4.850529193878174,1024,1024,1
2022-08-29T14:25:35,rec.1.relu,770,90,1.0028979778289795,0.5,0.1,8,256,184320,3836082708,4.410138130187988,1024,1024,1
2022-08-29T14:25:37,rec.1.tanh-dense.1.tanh,772,51,1.0008797645568848,0.5,0.1,8,256,104448,3836082708,4.49236536026001,1024,1024,1
2022-08-29T14:25:39,rec.1.tanh,770,82,1.0047838687896729,0.2,0.1,8,256,167936,3836082708,4.62808895111084,1024,1024,1
2022-08-29T14:25:41,rec.1.tanh,770,80,1.0012059211730957,1.0,0.1,8,256,163840,3836082708,4.551694393157959,1024,1024,1
2022-08-29T14:25:43,dense.1.tanh,769,36,1.005990743637085,0.5,0.1,64,128,294912,3836082708,4.448696613311768,1024,1024,1
2022-08-29T14:25:45,dense.1.tanh,769,76,1.002403974533081,0.2,0.1,64,64,311296,3836082708,4.605091571807861,1024,1024,1
2022-08-29T14:25:47,dense.1.tanh,769,74,1.0004682540893555,1.0,0.1,64,64,303104,3836082708,4.517138481140137,1024,1024,1
2022-08-29T14:25:49,rec.1.tanh-dense.1.tanh,772,29,1.0149621963500977,0.5,0.1,16,512,237568,3836082708,4.449466705322266,1024,1024,1
2022-08-29T14:25:51,rec.1.relu-dense.1.tanh,772,28,1.0131008625030518,0.5,0.1,16,512,229376,3836082708,4.785177707672119,1024,1024,1
2022-08-29T14:25:53,rec.1.tanh-dense.1.relu,772,28,1.0074312686920166,0.5,0.1,16,512,229376,3836082708,4.843962669372559,1024,1024,1
2022-08-29T14:25:55,rec.1.tanh-rec.1.tanh,773,27,1.0131628513336182,0.5,0.1,16,512,221184,3836082708,4.6093316078186035,1024,1024,1
2022-08-29T14:25:57,rec.1.tanh-gru.1.tanh,779,16,1.0077810287475586,0.5,0.1,16,512,131072,3836082708,4.727883338928223,1024,1024,1
2022-08-29T14:25:59,rec.1.tanh-lstm.1,782,1,1.1022918224334717,0.5,0.1,16,512,8192,3836082708,7.53867769241333,1024,1024,1
2022-08-29T14:26:01,rec.1.tanh-dense.1.tanh-dense.1.tanh,774,24,1.000103235244751,0.5,0.1,16,512,196608,3836082708,4.708962440490723,1024,1024,1
2022-08-29T14:26:03,rec.1.tanh-dense.1.tanh,772,26,1.005997896194458,0.5,0.1,32,256,212992,3836082708,4.570795059204102,1024,1024,1
2022-08-29T14:26:05,rec.1.tanh-dense.1.tanh,772,15,1.0074758529663086,0.5,0.1,16,1024,245760,3836082708,4.83951997756958,1024,1024,1
2022-08-29T14:26:07,rec.1.tanh-dense.1.tanh,772,28,1.0157508850097656,0.2,0.1,16,512,229376,3836082708,5.435286045074463,1024,1024,1
2022-08-29T14:26:09,rec.1.tanh-dense.1.tanh,772,28,1.0126526355743408,1.0,0.1,16,512,229376,3836082708,4.54507303237915,1024,1024,1
2022-08-29T14:26:11,rec.1.tanh,770,17,1.007641077041626,0.5,0.1,16,1024,278528,3836082708,4.71691370010376,1024,1024,1
2022-08-29T14:26:13,rec.1.tanh,770,31,1.012186050415039,0.2,0.1,16,512,253952,3836082708,5.3670220375061035,1024,1024,1
2022-08-29T14:26:15,rec.1.tanh,770,31,1.0069539546966553,1.0,0.1,16,512,253952,3836082708,4.653238773345947,1024,1024,1
2022-08-29T14:27:36,dense.1.tanh,769,74,2.0096049308776855,0.5,0.1,2,1024,151552,3836082708,4.433620929718018,1024,1024,1
2022-08-29T14:27:39,dense.1.relu,769,148,2.0041720867156982,0.5,0.1,2,1024,303104,3836082708,4.410060882568359,1024,1024,1
2022-08-29T14:27:42,rec.1.tanh,770,181,2.012385129928589,0.5,0.1,2,1024,370688,3836082708,4.465369701385498,1024,1024,1
2022-08-29T14:27:45,dense.1.relu-dense.1.tanh,771,201,2.013552188873291,0.5,0.1,2,1024,411648,3836082708,4.428715705871582,1024,1024,1
2022-08-29T14:27:48,dense.1.relu,769,226,2.000670909881592,0.5,0.1,4,512,462848,3836082708,4.424917697906494,1024,1024,1
2022-08-29T14:27:51,dense.1.relu,769,136,2.0066230297088623,0.5,0.1,2,2048,557056,3836082708,4.692005634307861,1024,1024,1
2022-08-29T14:27:54,dense.1.relu,769,278,2.0038650035858154,0.5,0.1,2,512,284672,3836082708,4.85141658782959,1024,1024,1
2022-08-29T14:27:57,dense.1.relu,769,250,2.0026259422302246,0.2,0.1,2,1024,512000,3836082708,4.509562969207764,1024,1024,1
2022-08-29T14:28:00,dense.1.relu,769,239,2.003809928894043,1.0,0.1,2,1024,489472,3836082708,4.852083206176758,1024,1024,1
2022-08-29T14:28:03,dense.1.tanh,769,275,2.0011088848114014,0.5,0.1,4,512,563200,3836082708,4.418292999267578,1024,1024,1
2022-08-29T14:28:06,rec.1.tanh,770,257,2.002197027206421,0.5,0.1,4,512,526336,3836082708,4.450746059417725,1024,1024,1
2022-08-29T14:28:09,dense.1.tanh-dense.1.tanh,771,248,2.0051050186157227,0.5,0.1,4,512,507904,3836082708,4.4488019943237305,1024,1024,1
2022-08-29T14:28:11,dense.1.tanh,769,271,2.0028319358825684,0.5,0.1,8,256,555008,3836082708,4.384189605712891,1024,1024,1
2022-08-29T14:28:14,dense.1.relu,769,286,2.0064690113067627,0.5,0.1,8,256,585728,3836082708,4.541819095611572,1024,1024,1
2022-08-29T14:28:17,rec.1.tanh,770,269,2.0007059574127197,0.5,0.1,8,256,550912,3836082708,4.367839336395264,1024,1024,1
2022-08-29T14:28:20,rec.1.relu,770,273,2.004687786102295,0.5,0.1,8,256,559104,3836082708,4.3717145919799805,1024,1024,1
2022-08-29T14:28:23,rec.1.tanh-dense.1.tanh,772,213,2.0035879611968994,0.5,0.1,8,256,436224,3836082708,4.386232376098633,1024,1024,1
2022-08-29T14:28:26,rec.1.tanh,770,279,2.000792980194092,0.5,0.1,16,128,571392,3836082708,4.407100200653076,1024,1024,1
2022-08-29T14:28:29,rec.1.tanh,770,157,2.003293752670288,0.5,0.1,8,512,643072,3836082708,4.3790812492370605,1024,1024,1
2022-08-29T14:28:32,rec.1.tanh,770,318,2.010497808456421,0.5,0.1,8,128,325632,3836082708,4.432189464569092,1024,1024,1
2022-08-29T14:28:35,rec.1.tanh,770,265,2.0044190883636475,0.2,0.1,8,256,542720,3836082708,4.461841583251953,1024,1024,1
2022-08-29T14:28:38,rec.1.tanh,770,267,2.000256061553955,1.0,0.1,8,256,546816,3836082708,4.4915900230407715,1024,1024,1
2022-08-29T14:28:41,rec.1.relu-dense.1.tanh,772,229,2.0028648376464844,0.5,0.1,8,256,468992,3836082708,4.449425220489502,1024,1024,1
2022-08-29T14:28:44,rec.1.relu,770,295,2.002002000808716,0.5,0.1,16,128,604160,3836082708,4.403097629547119,1024,1024,1
2022-08-29T14:28:47,rec.1.relu,770,255,2.005549192428589,0.5,0.1,4,512,522240,3836082708,4.380870819091797,1024,1024,1
2022-08-29T14:28:50,rec.1.relu,770,155,2.003718852996826,0.5,0.1,8,512,634880,3836082708,4.738670825958252,1024,1024,1
2022-08-29T14:28:53,rec.1.relu,770,342,2.0037622451782227,0.5,0.1,8,128,350208,3836082708,4.42599630355835,1024,1024,1
2022-08-29T14:28:56,rec.1.relu,770,274,2.0032899379730225,0.2,0.1,8,256,561152,3836082708,4.777912139892578,1024,1024,1
2022-08-29T14:28:59,rec.1.relu,770,277,2.0026350021362305,1.0,0.1,8,256,567296,3836082708,4.402129173278809,1024,1024,1
2022-08-29T14:29:02,dense.1.tanh,769,164,2.0078840255737305,0.5,0.1,8,512,671744,3836082708,4.368679046630859,1024,1024,1
2022-08-29T14:29:05,dense.1.relu,769,163,2.0045711994171143,0.5,0.1,8,512,667648,3836082708,4.496469974517822,1024,1024,1
2022-08-29T14:29:07,dense.1.tanh-dense.1.tanh,771,152,2.0020999908447266,0.5,0.1,8,512,622592,3836082708,4.406576156616211,1024,1024,1
2022-08-29T14:29:10,dense.1.tanh,769,164,2.004549980163574,0.5,0.1,16,256,671744,3836082708,4.380044460296631,1024,1024,1
2022-08-29T14:29:13,dense.1.tanh,769,155,2.0016531944274902,0.5,0.1,4,1024,634880,3836082708,4.376986980438232,1024,1024,1
2022-08-29T14:29:16,dense.1.tanh,769,87,2.0028858184814453,0.5,0.1,8,1024,712704,3836082708,4.426696300506592,1024,1024,1
2022-08-29T14:29:19,dense.1.tanh,769,165,2.000808000564575,0.2,0.1,8,512,675840,3836082708,4.513915538787842,1024,1024,1
2022-08-29T14:29:22,dense.1.tanh,769,161,2.0086851119995117,1.0,0.1,8,512,659456,3836082708,4.437681674957275,1024,1024,1
2022-08-29T14:29:25,dense.1.relu,769,155,2.008074998855591,0.5,0.1,4,1024,634880,3836082708,4.332579135894775,1024,1024,1
2022-08-29T14:29:28,rec.1.tanh,770,149,2.0051283836364746,0.5,0.1,4,1024,610304,3836082708,4.381068706512451,1024,1024,1
2022-08-29T14:29:31,dense.1.relu-dense.1.tanh,771,143,2.000821113586426,0.5,0.1,4,1024,585728,3836082708,4.762895107269287,1024,1024,1
2022-08-29T14:29:34,dense.1.relu,769,82,2.0152440071105957,0.5,0.1,4,2048,671744,3836082708,4.781961441040039,1024,1024,1
2022-08-29T14:29:37,dense.1.relu,769,152,2.008287191390991,0.2,0.1,4,1024,622592,3836082708,4.362257480621338,1024,1024,1
2022-08-29T14:29:40,dense.1.relu,769,156,2.0085628032684326,1.0,0.1,4,1024,638976,3836082708,4.545864105224609,1024,1024,1
2022-08-29T14:29:43,dense.1.tanh,769,152,2.0039169788360596,0.2,0.1,4,1024,622592,3836082708,4.508391857147217,1024,1024,1
2022-08-29T14:29:46,rec.1.tanh,770,149,2.0091207027435303,0.2,0.1,4,1024,610304,3836082708,4.537336826324463,1024,1024,1
2022-08-29T14:29:49,dense.1.relu-dense.1.tanh,771,144,2.0092668533325195,0.2,0.1,4,1024,589824,3836082708,4.514486312866211,1024,1024,1
2022-08-29T14:29:52,dense.1.relu,769,159,2.0021660327911377,0.2,0.1,8,512,651264,3836082708,4.785789489746094,1024,1024,1
2022-08-29T14:29:55,dense.1.relu,769,139,2.0022823810577393,0.2,0.1,2,2048,569344,3836082708,4.556939601898193,1024,1024,1
2022-08-29T14:29:58,dense.1.relu,769,83,2.0068130493164062,0.2,0.1,4,2048,679936,3836082708,4.976797580718994,1024,1024,1
2022-08-29T14:30:01,dense.1.relu,769,268,2.0010459423065186,0.2,0.1,4,512,548864,3836082708,4.42927360534668,1024,1024,1
2022-08-29T14:30:03,dense.1.relu,769,154,2.000877857208252,0.1,0.1,4,1024,630784,3836082708,4.995957851409912,1024,1024,1
2022-08-29T14:30:06,dense.1.tanh,769,154,2.000607967376709,0.5,0.1,4,1024,630784,3836082708,4.423792362213135,1024,1024,1
2022-08-29T14:30:09,dense.1.relu,769,153,2.006226062774658,0.5,0.1,4,1024,626688,3836082708,4.818514823913574,1024,1024,1
2022-08-29T14:30:12,rec.1.tanh-dense.1.tanh,772,143,2.0049729347229004,0.5,0.1,8,512,585728,3836082708,4.415010452270508,1024,1024,1
2022-08-29T14:30:15,rec.1.tanh,770,166,2.0075771808624268,0.5,0.1,16,256,679936,3836082708,4.330683708190918,1024,1024,1
2022-08-29T14:30:18,rec.1.relu,770,170,2.0001630783081055,0.5,0.1,16,256,696320,3836082708,4.3679022789001465,1024,1024,1
2022-08-29T14:30:21,rec.1.tanh-dense.1.tanh,772,143,2.0086510181427,0.5,0.1,16,256,585728,3836082708,4.399078845977783,1024,1024,1
2022-08-29T14:30:24,rec.1.tanh,770,181,2.0073111057281494,0.5,0.1,32,128,741376,3836082708,4.410993576049805,1024,1024,1
2022-08-29T14:30:27,rec.1.tanh,770,90,2.0109100341796875,0.5,0.1,16,512,737280,3836082708,4.343167781829834,1024,1024,1
2022-08-29T14:30:30,rec.1.tanh,770,166,2.0024497509002686,0.2,0.1,16,256,679936,3836082708,4.517421245574951,1024,1024,1
2022-08-29T14:30:33,rec.1.tanh,770,164,2.003824234008789,1.0,0.1,16,256,671744,3836082708,4.42637300491333,1024,1024,1
2022-08-29T14:30:36,rec.1.relu,770,90,2.0015599727630615,0.5,0.1,16,512,737280,3836082708,4.334386348724365,1024,1024,1
2022-08-29T14:30:39,dense.1.tanh,769,93,2.001965045928955,0.5,0.1,16,512,761856,3836082708,4.387978553771973,1024,1024,1
2022-08-29T14:30:42,rec.1.relu-dense.1.tanh,772,85,2.0119121074676514,0.5,0.1,16,512,696320,3836082708,4.7586283683776855,1024,1024,1
2022-08-29T14:30:45,rec.1.relu,770,95,2.0079050064086914,0.5,0.1,32,256,778240,3836082708,4.774198532104492,1024,1024,1
2022-08-29T14:30:48,rec.1.relu,770,83,2.0059919357299805,0.5,0.1,8,1024,679936,3836082708,4.526103973388672,1024,1024,1
2022-08-29T14:30:51,rec.1.relu,770,47,2.004122734069824,0.5,0.1,16,1024,770048,3836082708,4.383914947509766,1024,1024,1
2022-08-29T14:30:54,rec.1.relu,770,91,2.0152909755706787,0.2,0.1,16,512,745472,3836082708,4.450962066650391,1024,1024,1
2022-08-29T14:30:57,rec.1.relu,770,90,2.0151162147521973,1.0,0.1,16,512,737280,3836082708,4.570140838623047,1024,1024,1
2022-08-29T14:31:00,rec.1.tanh-dense.1.tanh,772,86,2.0083518028259277,0.5,0.1,16,512,704512,3836082708,4.396991729736328,1024,1024,1
2022-08-29T14:31:03,rec.1.tanh,770,99,2.0052123069763184,0.5,0.1,32,256,811008,3836082708,4.379629135131836,1024,1024,1
2022-08-29T14:31:06,rec.1.tanh,770,86,2.007939100265503,0.5,0.1,8,1024,704512,3836082708,4.4042744636535645,1024,1024,1
2022-08-29T14:31:09,rec.1.tanh,770,48,2.005910873413086,0.5,0.1,16,1024,786432,3836082708,4.410416126251221,1024,1024,1
2022-08-29T14:31:12,rec.1.tanh,770,87,2.0003440380096436,0.2,0.1,16,512,712704,3836082708,4.626777172088623,1024,1024,1
2022-08-29T14:31:14,rec.1.tanh,770,88,2.0153589248657227,1.0,0.1,16,512,720896,3836082708,4.421210289001465,1024,1024,1
2022-08-29T14:31:17,rec.1.relu-dense.1.tanh,772,153,2.0005359649658203,0.5,0.1,16,256,626688,3836082708,4.426405429840088,1024,1024,1
2022-08-29T14:31:20,rec.1.relu,770,186,2.0060079097747803,0.5,0.1,32,128,761856,3836082708,4.390254497528076,1024,1024,1
2022-08-29T14:31:23,rec.1.relu,770,172,2.0025808811187744,0.2,0.1,16,256,704512,3836082708,4.625312328338623,1024,1024,1
2022-08-29T14:31:26,rec.1.relu,770,173,2.0068020820617676,1.0,0.1,16,256,708608,3836082708,4.500473499298096,1024,1024,1
2022-08-29T14:31:29,rec.1.tanh,770,166,2.0018792152404785,0.5,0.1,16,256,679936,3836082708,4.403377056121826,1024,1024,1
2022-08-29T14:31:32,rec.1.tanh,770,90,2.0069479942321777,0.5,0.1,16,512,737280,3836082708,4.370970249176025,1024,1024,1
2022-08-29T14:31:35,rec.1.relu,770,91,2.016846179962158,0.5,0.1,16,512,745472,3836082708,4.5122857093811035,1024,1024,1
2022-08-29T14:31:38,rec.1.tanh,770,156,2.008725166320801,0.2,0.1,8,512,638976,3836082708,4.5192437171936035,1024,1024,1
2022-08-29T14:31:41,rec.1.tanh,770,157,2.009186029434204,1.0,0.1,8,512,643072,3836082708,4.436506271362305,1024,1024,1
2022-08-29T14:31:44,dense.1.tanh,769,95,2.006113052368164,0.5,0.1,32,256,778240,3836082708,4.357469081878662,1024,1024,1
2022-08-29T14:31:47,dense.1.relu,769,104,2.0125439167022705,0.5,0.1,32,256,851968,3836082708,4.340035915374756,1024,1024,1
2022-08-29T14:31:50,dense.1.relu-dense.1.tanh,771,96,2.0133309364318848,0.5,0.1,32,256,786432,3836082708,4.389607906341553,1024,1024,1
2022-08-29T14:31:53,dense.1.relu,769,108,2.011597156524658,0.5,0.1,64,128,884736,3836082708,4.344238758087158,1024,1024,1
2022-08-29T14:31:56,dense.1.relu,769,93,2.0158441066741943,0.5,0.1,16,512,761856,3836082708,4.729486465454102,1024,1024,1
2022-08-29T14:31:59,dense.1.relu,769,49,2.022390842437744,0.5,0.1,32,512,802816,3836082708,4.369321823120117,1024,1024,1
2022-08-29T14:32:02,dense.1.relu,769,198,2.0024662017822266,0.5,0.1,32,128,811008,3836082708,4.736899375915527,1024,1024,1
2022-08-29T14:32:05,dense.1.relu,769,104,2.0136561393737793,0.2,0.1,32,256,851968,3836082708,4.508604526519775,1024,1024,1
2022-08-29T14:32:08,dense.1.relu,769,103,2.002671718597412,1.0,0.1,32,256,843776,3836082708,4.608434200286865,1024,1024,1
2022-08-29T14:32:11,dense.1.tanh,769,103,2.0121147632598877,0.5,0.1,64,128,843776,3836082708,4.375786781311035,1024,1024,1
2022-08-29T14:32:14,rec.1.tanh,770,98,2.010715961456299,0.5,0.1,64,128,802816,3836082708,4.376519680023193,1024,1024,1
2022-08-29T14:32:17,dense.1.relu-dense.1.tanh,771,98,2.0128509998321533,0.5,0.1,64,128,802816,3836082708,4.782063007354736,1024,1024,1
2022-08-29T14:32:20,dense.1.relu,769,113,2.0024349689483643,0.5,0.1,128,64,925696,3836082708,4.444128513336182,1024,1024,1
2022-08-29T14:32:23,dense.1.relu,769,54,2.020456075668335,0.5,0.1,64,256,884736,3836082708,4.720026969909668,1024,1024,1
2022-08-29T14:32:25,dense.1.relu,769,211,2.0034379959106445,0.5,0.1,64,64,864256,3836082708,4.423671722412109,1024,1024,1
2022-08-29T14:32:28,dense.1.relu,769,110,2.013490915298462,0.2,0.1,64,128,901120,3836082708,4.500296592712402,1024,1024,1
2022-08-29T14:32:31,dense.1.relu,769,109,2.0003581047058105,1.0,0.1,64,128,892928,3836082708,4.4832940101623535,1024,1024,1
2022-08-29T14:32:34,dense.1.tanh-dense.1.tanh,771,85,2.0081918239593506,0.5,0.1,32,256,696320,3836082708,4.401418685913086,1024,1024,1
2022-08-29T14:32:37,dense.1.tanh,769,52,2.0234880447387695,0.5,0.1,32,512,851968,3836082708,4.419346332550049,1024,1024,1
2022-08-29T14:32:40,dense.1.tanh,769,192,2.0055031776428223,0.5,0.1,32,128,786432,3836082708,4.418360710144043,1024,1024,1
2022-08-29T14:32:43,dense.1.tanh,769,95,2.0055999755859375,0.2,0.1,32,256,778240,3836082708,4.652027606964111,1024,1024,1
2022-08-29T14:32:46,dense.1.tanh,769,93,2.0002450942993164,1.0,0.1,32,256,761856,3836082708,4.436792373657227,1024,1024,1
2022-08-29T14:32:49,rec.1.tanh,770,50,2.005345106124878,0.5,0.1,32,512,819200,3836082708,4.422979831695557,1024,1024,1
2022-08-29T14:32:52,dense.1.relu-dense.1.tanh,771,46,2.0091567039489746,0.5,0.1,32,512,753664,3836082708,4.728046894073486,1024,1024,1
2022-08-29T14:32:55,dense.1.relu,769,49,2.013983964920044,0.5,0.1,16,1024,802816,3836082708,4.5464558601379395,1024,1024,1
2022-08-29T14:32:58,dense.1.relu,769,27,2.0446269512176514,0.5,0.1,32,1024,884736,3836082708,4.5592451095581055,1024,1024,1
2022-08-29T14:33:01,dense.1.relu,769,51,2.026257038116455,0.2,0.1,32,512,835584,3836082708,4.6582183837890625,1024,1024,1
2022-08-29T14:33:04,dense.1.relu,769,51,2.0181009769439697,1.0,0.1,32,512,835584,3836082708,4.684139251708984,1024,1024,1
2022-08-29T14:33:07,dense.1.tanh-dense.1.tanh,771,94,2.012929916381836,0.5,0.1,64,128,770048,3836082708,4.422646999359131,1024,1024,1
2022-08-29T14:33:10,dense.1.tanh,769,112,2.0097358226776123,0.5,0.1,128,64,917504,3836082708,4.398822784423828,1024,1024,1
2022-08-29T14:33:13,dense.1.tanh,769,50,2.0145092010498047,0.5,0.1,64,256,819200,3836082708,4.374430179595947,1024,1024,1
2022-08-29T14:33:16,rec.1.tanh,770,51,2.0051639080047607,0.5,0.1,64,256,835584,3836082708,4.393581390380859,1024,1024,1
2022-08-29T14:33:19,dense.1.tanh-dense.1.tanh,771,44,2.0111701488494873,0.5,0.1,64,256,720896,3836082708,4.422398567199707,1024,1024,1
2022-08-29T14:33:22,dense.1.tanh,769,53,2.011580228805542,0.5,0.1,128,128,868352,3836082708,4.475098133087158,1024,1024,1
2022-08-29T14:33:25,dense.1.tanh,769,28,2.0204386711120605,0.5,0.1,64,512,917504,3836082708,4.524678707122803,1024,1024,1
2022-08-29T14:33:28,dense.1.tanh,769,50,2.020443916320801,0.2,0.1,64,256,819200,3836082708,4.814483165740967,1024,1024,1
2022-08-29T14:33:31,dense.1.tanh,769,49,2.000018835067749,1.0,0.1,64,256,802816,3836082708,4.5061445236206055,1024,1024,1
2022-08-29T14:33:34,dense.1.tanh,769,211,2.006899833679199,0.5,0.1,64,64,864256,3836082708,4.371635437011719,1024,1024,1
2022-08-29T14:33:37,rec.1.tanh,770,202,2.0069870948791504,0.5,0.1,64,64,827392,3836082708,4.394824504852295,1024,1024,1
2022-08-29T14:33:39,dense.1.tanh-dense.1.tanh,771,186,2.0053229331970215,0.5,0.1,64,64,761856,3836082708,4.414405345916748,1024,1024,1
2022-08-29T14:33:42,dense.1.tanh,769,229,2.006472110748291,0.5,0.1,128,32,937984,3836082708,4.405660629272461,1024,1024,1
2022-08-29T14:33:45,dense.1.tanh,769,355,2.003537178039551,0.5,0.1,64,32,727040,3836082708,4.4170379638671875,1024,1024,1
2022-08-29T14:33:48,dense.1.tanh,769,211,2.0061981678009033,0.2,0.1,64,64,864256,3836082708,4.478760242462158,1024,1024,1
2022-08-29T14:33:51,dense.1.tanh,769,211,2.005620002746582,1.0,0.1,64,64,864256,3836082708,4.527600288391113,1024,1024,1
2022-08-29T14:33:54,dense.1.tanh,769,107,2.012524127960205,0.2,0.1,64,128,876544,3836082708,4.543776512145996,1024,1024,1
2022-08-29T14:33:57,dense.1.tanh,769,106,2.0092341899871826,1.0,0.1,64,128,868352,3836082708,4.381139278411865,1024,1024,1
2022-08-29T14:34:00,rec.1.relu,770,103,2.003201961517334,0.5,0.1,64,128,843776,3836082708,4.704195499420166,1024,1024,1
2022-08-29T14:34:03,rec.1.tanh-dense.1.tanh,772,88,2.0124402046203613,0.5,0.1,64,128,720896,3836082708,4.390227317810059,1024,1024,1
2022-08-29T14:34:06,rec.1.tanh,770,108,2.0073280334472656,0.5,0.1,128,64,884736,3836082708,4.3504133224487305,1024,1024,1
2022-08-29T14:34:09,rec.1.relu,770,107,2.000631093978882,0.5,0.1,128,64,876544,3836082708,4.418821811676025,1024,1024,1
2022-08-29T14:34:12,rec.1.tanh-dense.1.tanh,772,98,2.0096168518066406,0.5,0.1,128,64,802816,3836082708,4.386009693145752,1024,1024,1
2022-08-29T14:34:15,rec.1.tanh,770,127,2.011698007583618,0.5,0.1,256,32,1040384,3836082708,4.388895511627197,1024,1024,1
2022-08-29T14:34:18,rec.1.tanh,770,51,2.0205490589141846,0.5,0.1,128,128,835584,3836082708,4.393069267272949,1024,1024,1
2022-08-29T14:34:21,rec.1.tanh,770,215,2.0013229846954346,0.5,0.1,128,32,880640,3836082708,4.4705305099487305,1024,1024,1
2022-08-29T14:34:24,rec.1.tanh,770,108,2.0132970809936523,0.2,0.1,128,64,884736,3836082708,4.542605876922607,1024,1024,1
2022-08-29T14:34:27,rec.1.tanh,770,108,2.0091540813446045,1.0,0.1,128,64,884736,3836082708,4.435254096984863,1024,1024,1
2022-08-29T14:34:30,rec.1.tanh,770,101,2.008051872253418,0.2,0.1,64,128,827392,3836082708,4.525692939758301,1024,1024,1
2022-08-29T14:34:33,rec.1.tanh,770,101,2.0109848976135254,1.0,0.1,64,128,827392,3836082708,4.500006675720215,1024,1024,1
2022-08-29T14:34:36,rec.1.tanh-dense.1.tanh,772,89,2.0100619792938232,0.5,0.1,32,256,729088,3836082708,4.378427982330322,1024,1024,1
2022-08-29T14:34:39,rec.1.relu-dense.1.tanh,772,93,2.0117878913879395,0.5,0.1,32,256,761856,3836082708,4.753383159637451,1024,1024,1
2022-08-29T14:34:42,rec.1.tanh-dense.1.relu,772,90,2.0136420726776123,0.5,0.1,32,256,737280,3836082708,4.381421089172363,1024,1024,1
2022-08-29T14:34:45,rec.1.tanh-rec.1.tanh,773,84,2.005974054336548,0.5,0.1,32,256,688128,3836082708,4.389327526092529,1024,1024,1
2022-08-29T14:34:48,rec.1.tanh-gru.1.tanh,779,65,2.0141868591308594,0.5,0.1,32,256,532480,3836082708,4.4176926612854,1024,1024,1
2022-08-29T14:34:51,rec.1.tanh-lstm.1,782,63,2.005929946899414,0.5,0.1,32,256,516096,3836082708,4.853204250335693,1024,1024,1
2022-08-29T14:34:54,rec.1.tanh-dense.1.tanh-dense.1.tanh,774,81,2.009756088256836,0.5,0.1,32,256,663552,3836082708,4.458874225616455,1024,1024,1
2022-08-29T14:34:57,rec.1.tanh-dense.1.tanh,772,47,2.002391815185547,0.5,0.1,32,512,770048,3836082708,4.439074516296387,1024,1024,1
2022-08-29T14:35:00,rec.1.tanh-dense.1.tanh,772,152,2.002962827682495,0.5,0.1,32,128,622592,3836082708,4.395479679107666,1024,1024,1
2022-08-29T14:35:03,rec.1.tanh-dense.1.tanh,772,88,2.003084897994995,0.2,0.1,32,256,720896,3836082708,4.647516250610352,1024,1024,1
2022-08-29T14:35:06,rec.1.tanh-dense.1.tanh,772,85,2.0028438568115234,1.0,0.1,32,256,696320,3836082708,4.805412769317627,1024,1024,1
2022-08-29T14:35:09,rec.1.tanh,770,95,2.000962018966675,0.2,0.1,32,256,778240,3836082708,4.591919422149658,1024,1024,1
2022-08-29T14:35:12,rec.1.tanh,770,96,2.0077099800109863,1.0,0.1,32,256,786432,3836082708,4.400530815124512,1024,1024,1
2022-08-29T14:35:14,dense.1.relu,769,178,2.000108003616333,0.5,0.1,16,256,729088,3836082708,4.362201690673828,1024,1024,1
2022-08-29T14:35:17,dense.1.relu-dense.1.tanh,771,160,2.0034842491149902,0.5,0.1,16,256,655360,3836082708,4.811127662658691,1024,1024,1
2022-08-29T14:35:20,dense.1.relu,769,322,2.0044610500335693,0.5,0.1,16,128,659456,3836082708,4.404714584350586,1024,1024,1
2022-08-29T14:35:23,dense.1.relu,769,180,2.004276990890503,0.2,0.1,16,256,737280,3836082708,4.3898539543151855,1024,1024,1
2022-08-29T14:35:26,dense.1.relu,769,180,2.0081958770751953,1.0,0.1,16,256,737280,3836082708,4.716487884521484,1024,1024,1
2022-08-29T14:35:29,dense.1.tanh-dense.1.tanh,771,143,2.002938985824585,0.5,0.1,16,256,585728,3836082708,4.457618236541748,1024,1024,1
2022-08-29T14:35:32,dense.1.tanh,769,310,2.004028797149658,0.5,0.1,16,128,634880,3836082708,4.409639358520508,1024,1024,1
2022-08-29T14:35:35,dense.1.tanh,769,165,2.004831075668335,0.2,0.1,16,256,675840,3836082708,4.545149326324463,1024,1024,1
2022-08-29T14:35:38,dense.1.tanh,769,165,2.0084617137908936,1.0,0.1,16,256,675840,3836082708,4.493211269378662,1024,1024,1
2022-08-29T14:35:41,rec.1.relu-dense.1.tanh,772,217,2.0061960220336914,0.5,0.1,4,512,444416,3836082708,4.411439895629883,1024,1024,1
2022-08-29T14:35:44,rec.1.relu,770,237,2.0063021183013916,0.5,0.1,2,1024,485376,3836082708,4.382378101348877,1024,1024,1
2022-08-29T14:35:47,rec.1.relu,770,145,2.0007259845733643,0.5,0.1,4,1024,593920,3836082708,4.368241786956787,1024,1024,1
2022-08-29T14:35:50,rec.1.relu-dense.1.tanh,772,135,2.001394033432007,0.5,0.1,4,1024,552960,3836082708,4.410145282745361,1024,1024,1
2022-08-29T14:35:53,rec.1.relu,770,129,2.0043749809265137,0.5,0.1,2,2048,528384,3836082708,4.4388041496276855,1024,1024,1
2022-08-29T14:35:56,rec.1.relu,770,80,2.010768175125122,0.5,0.1,4,2048,655360,3836082708,4.356416702270508,1024,1024,1
2022-08-29T14:35:59,rec.1.tanh,770,81,2.0086052417755127,0.5,0.1,4,2048,663552,3836082708,4.427120685577393,1024,1024,1
2022-08-29T14:36:02,dense.1.tanh,769,81,2.0176970958709717,0.5,0.1,4,2048,663552,3836082708,4.392855644226074,1024,1024,1
2022-08-29T14:36:05,rec.1.relu-dense.1.tanh,772,74,2.013681173324585,0.5,0.1,4,2048,606208,3836082708,4.548911094665527,1024,1024,1
2022-08-29T14:36:08,rec.1.relu,770,84,2.000156879425049,0.5,0.1,2,4096,688128,3836082708,4.799394607543945,1024,1024,1
2022-08-29T14:36:11,rec.1.relu,770,54,2.0110409259796143,0.5,0.1,4,4096,884736,3836082708,4.808438301086426,1024,1024,1
2022-08-29T14:36:14,rec.1.relu,770,80,2.0091888904571533,0.2,0.1,4,2048,655360,3836082708,4.759974956512451,1024,1024,1
2022-08-29T14:36:17,rec.1.relu,770,78,2.018800973892212,1.0,0.1,4,2048,638976,3836082708,4.762885570526123,1024,1024,1
2022-08-29T14:36:20,rec.1.relu,770,146,2.0029869079589844,0.2,0.1,4,1024,598016,3836082708,4.473357200622559,1024,1024,1
2022-08-29T14:36:22,rec.1.relu,770,145,2.003359079360962,1.0,0.1,4,1024,593920,3836082708,4.859673023223877,1024,1024,1
2022-08-29T14:36:25,rec.1.relu,770,361,2.0081968307495117,0.5,0.1,4,256,369664,3836082708,4.784286022186279,1024,1024,1
2022-08-29T14:36:28,rec.1.relu,770,253,2.004085063934326,0.2,0.1,4,512,518144,3836082708,4.383702754974365,1024,1024,1
2022-08-29T14:36:31,rec.1.relu,770,256,2.0022642612457275,1.0,0.1,4,512,524288,3836082708,4.473067283630371,1024,1024,1
2022-08-29T14:36:34,rec.1.tanh-dense.1.tanh,772,138,2.009721040725708,0.5,0.1,4,1024,565248,3836082708,4.3900980949401855,1024,1024,1
2022-08-29T14:36:37,rec.1.tanh,770,129,2.0085229873657227,0.5,0.1,2,2048,528384,3836082708,4.405943870544434,1024,1024,1
2022-08-29T14:36:40,rec.1.tanh,770,147,2.0082521438598633,1.0,0.1,4,1024,602112,3836082708,4.401000022888184,1024,1024,1
2022-08-29T14:36:43,dense.1.tanh-dense.1.tanh,771,94,2.010270833969116,1.0,0.1,64,128,770048,3836082708,4.814302921295166,1024,1024,1
2022-08-29T14:36:46,dense.1.tanh,769,112,2.005078077316284,1.0,0.1,128,64,917504,3836082708,4.46488094329834,1024,1024,1
2022-08-29T14:36:49,dense.1.tanh,769,106,2.0098140239715576,2.0,0.1,64,128,868352,3836082708,4.860536098480225,1024,1024,1
2022-08-29T14:36:52,rec.1.relu-dense.1.relu,772,94,2.014713764190674,0.5,0.1,32,256,770048,3836082708,4.377172946929932,1024,1024,1
2022-08-29T14:36:55,rec.1.relu-rec.1.tanh,773,88,2.0027360916137695,0.5,0.1,32,256,720896,3836082708,4.836360931396484,1024,1024,1
2022-08-29T14:36:58,rec.1.relu-gru.1.tanh,779,67,2.0127570629119873,0.5,0.1,32,256,548864,3836082708,4.405379295349121,1024,1024,1
2022-08-29T14:37:01,rec.1.relu-lstm.1,782,61,2.011406183242798,0.5,0.1,32,256,499712,3836082708,4.365495204925537,1024,1024,1
2022-08-29T14:40:37,dense.1.relu,769,45,2.023930311203003,0.5,0.1,32,256,368640,3836082708,4.758492469787598,1024,1024,1
2022-08-29T14:40:40,dense.1.tanh,769,77,2.0132150650024414,0.5,0.1,32,256,630784,3836082708,4.428852558135986,1024,1024,1
2022-08-29T14:40:43,rec.1.tanh,770,88,2.017080783843994,0.5,0.1,32,256,720896,3836082708,4.344979763031006,1024,1024,1
2022-08-29T14:40:46,rec.1.relu,770,96,2.00887393951416,0.5,0.1,32,256,786432,3836082708,4.567436218261719,1024,1024,1
2022-08-29T14:40:49,rec.1.tanh-dense.1.tanh,772,88,2.004633903503418,0.5,0.1,32,256,720896,3836082708,4.385449409484863,1024,1024,1
2022-08-29T14:40:52,rec.1.tanh,770,98,2.001011848449707,0.5,0.1,64,128,802816,3836082708,4.388251781463623,1024,1024,1
2022-08-29T14:40:55,rec.1.tanh,770,90,2.0162858963012695,0.5,0.1,16,512,737280,3836082708,4.372479438781738,1024,1024,1
2022-08-29T14:40:58,rec.1.tanh,770,50,2.0119450092315674,0.5,0.1,32,512,819200,3836082708,4.4092841148376465,1024,1024,1
2022-08-29T14:41:01,rec.1.tanh,770,132,2.0028862953186035,0.5,0.1,32,128,540672,3836082708,4.407164573669434,1024,1024,1
2022-08-29T14:41:04,rec.1.tanh,770,98,2.0047760009765625,0.2,0.1,32,256,802816,3836082708,4.586288928985596,1024,1024,1
2022-08-29T14:41:07,rec.1.tanh,770,96,2.0082406997680664,1.0,0.1,32,256,786432,3836082708,4.400845050811768,1024,1024,1
2022-08-29T14:41:10,rec.1.relu,770,90,2.0067520141601562,0.5,0.1,16,512,737280,3836082708,4.453537940979004,1024,1024,1
2022-08-29T14:41:13,dense.1.tanh,769,94,2.008092164993286,0.5,0.1,16,512,770048,3836082708,4.37145471572876,1024,1024,1
2022-08-29T14:41:16,dense.1.relu,769,92,2.0160109996795654,0.5,0.1,16,512,753664,3836082708,4.777887344360352,1024,1024,1
2022-08-29T14:41:19,dense.1.tanh-dense.1.tanh,771,89,2.010503053665161,0.5,0.1,16,512,729088,3836082708,4.419381618499756,1024,1024,1
2022-08-29T14:41:21,dense.1.tanh,769,87,2.0010170936584473,0.5,0.1,8,1024,712704,3836082708,4.372651100158691,1024,1024,1
2022-08-29T14:41:24,dense.1.tanh,769,50,2.010129928588867,0.5,0.1,16,1024,819200,3836082708,4.410141468048096,1024,1024,1
2022-08-29T14:41:27,dense.1.tanh,769,148,2.01363205909729,0.5,0.1,16,256,606208,3836082708,4.375357151031494,1024,1024,1
2022-08-29T14:41:30,dense.1.tanh,769,93,2.007741928100586,0.2,0.1,16,512,761856,3836082708,4.558810710906982,1024,1024,1
2022-08-29T14:41:33,dense.1.tanh,769,94,2.0148048400878906,1.0,0.1,16,512,770048,3836082708,4.424592018127441,1024,1024,1
2022-08-29T14:41:36,rec.1.tanh-dense.1.tanh,772,84,2.0096631050109863,0.5,0.1,16,512,688128,3836082708,4.404510498046875,1024,1024,1
2022-08-29T14:41:39,rec.1.tanh,770,86,2.0142641067504883,0.5,0.1,8,1024,704512,3836082708,4.366509914398193,1024,1024,1
2022-08-29T14:41:42,rec.1.relu,770,86,2.0172410011291504,0.5,0.1,8,1024,704512,3836082708,4.400330543518066,1024,1024,1
2022-08-29T14:41:45,rec.1.tanh-dense.1.tanh,772,81,2.0007340908050537,0.5,0.1,8,1024,663552,3836082708,4.421996116638184,1024,1024,1
2022-08-29T14:41:48,rec.1.tanh,770,79,2.0126430988311768,0.5,0.1,4,2048,647168,3836082708,4.380943775177002,1024,1024,1
2022-08-29T14:41:51,rec.1.tanh,770,45,2.002570152282715,0.5,0.1,8,2048,737280,3836082708,4.385498046875,1024,1024,1
2022-08-29T14:41:54,rec.1.tanh,770,151,2.0161430835723877,0.5,0.1,8,512,618496,3836082708,4.398770809173584,1024,1024,1
2022-08-29T14:41:57,rec.1.tanh,770,86,2.0163121223449707,0.2,0.1,8,1024,704512,3836082708,4.552865505218506,1024,1024,1
2022-08-29T14:42:00,rec.1.tanh,770,84,2.000001907348633,1.0,0.1,8,1024,688128,3836082708,4.505659103393555,1024,1024,1
2022-08-29T14:42:03,rec.1.tanh,770,49,2.018496036529541,0.5,0.1,16,1024,802816,3836082708,4.378542900085449,1024,1024,1
2022-08-29T14:42:06,rec.1.tanh,770,157,2.001086950302124,0.5,0.1,16,256,643072,3836082708,4.357388973236084,1024,1024,1
2022-08-29T14:42:09,rec.1.relu,770,161,2.0102028846740723,0.5,0.1,16,256,659456,3836082708,4.3215436935424805,1024,1024,1
2022-08-29T14:42:12,rec.1.relu-dense.1.tanh,772,153,2.000594139099121,0.5,0.1,16,256,626688,3836082708,4.341705322265625,1024,1024,1
2022-08-29T14:42:15,rec.1.relu,770,170,2.01408314704895,0.5,0.1,32,128,696320,3836082708,4.408480644226074,1024,1024,1
2022-08-29T14:42:18,rec.1.relu,770,154,2.0075981616973877,0.5,0.1,8,512,630784,3836082708,4.390182018280029,1024,1024,1
2022-08-29T14:42:21,rec.1.relu,770,212,2.0074591636657715,0.5,0.1,16,128,434176,3836082708,4.398086071014404,1024,1024,1
2022-08-29T14:42:24,rec.1.relu,770,167,2.0036258697509766,0.2,0.1,16,256,684032,3836082708,4.392646789550781,1024,1024,1
2022-08-29T14:42:27,rec.1.relu,770,169,2.0061938762664795,1.0,0.1,16,256,692224,3836082708,4.8138556480407715,1024,1024,1
2022-08-29T14:42:30,rec.1.tanh-dense.1.tanh,772,139,2.0023529529571533,0.5,0.1,16,256,569344,3836082708,4.406852722167969,1024,1024,1
2022-08-29T14:42:33,rec.1.relu-dense.1.relu,772,158,2.0076870918273926,0.5,0.1,16,256,647168,3836082708,4.850830554962158,1024,1024,1
2022-08-29T14:42:36,rec.1.relu-rec.1.tanh,773,145,2.009277820587158,0.5,0.1,16,256,593920,3836082708,4.810323238372803,1024,1024,1
2022-08-29T14:42:39,rec.1.relu-gru.1.tanh,779,104,2.0052030086517334,0.5,0.1,16,256,425984,3836082708,4.464535236358643,1024,1024,1
2022-08-29T14:42:42,rec.1.relu-lstm.1,782,94,2.0025370121002197,0.5,0.1,16,256,385024,3836082708,4.835817813873291,1024,1024,1
2022-08-29T14:42:45,rec.1.relu-dense.1.tanh-dense.1.tanh,774,141,2.0036089420318604,0.5,0.1,16,256,577536,3836082708,4.556400775909424,1024,1024,1
2022-08-29T14:42:48,rec.1.relu-dense.1.tanh,772,164,2.0087859630584717,0.5,0.1,32,128,671744,3836082708,4.849639415740967,1024,1024,1
2022-08-29T14:42:51,rec.1.relu-dense.1.tanh,772,144,2.0070619583129883,0.5,0.1,8,512,589824,3836082708,4.782749652862549,1024,1024,1
2022-08-29T14:42:54,rec.1.relu-dense.1.tanh,772,83,2.0009679794311523,0.5,0.1,16,512,679936,3836082708,4.436961650848389,1024,1024,1
2022-08-29T14:42:57,rec.1.relu-dense.1.tanh,772,228,2.0107569694519043,0.5,0.1,16,128,466944,3836082708,4.723123550415039,1024,1024,1
2022-08-29T14:42:59,rec.1.relu-dense.1.tanh,772,154,2.007750988006592,0.2,0.1,16,256,630784,3836082708,4.495150566101074,1024,1024,1
2022-08-29T14:43:02,rec.1.relu-dense.1.tanh,772,148,2.008481025695801,1.0,0.1,16,256,606208,3836082708,4.769158840179443,1024,1024,1
2022-08-29T14:43:05,rec.1.tanh,770,251,2.0134878158569336,0.5,0.1,16,128,514048,3836082708,4.413184642791748,1024,1024,1
2022-08-29T14:43:08,rec.1.tanh,770,163,2.0000789165496826,0.2,0.1,16,256,667648,3836082708,4.529902458190918,1024,1024,1
2022-08-29T14:43:11,rec.1.tanh,770,166,2.001425266265869,1.0,0.1,16,256,679936,3836082708,4.495512962341309,1024,1024,1
2022-08-29T14:43:14,rec.1.tanh,770,166,2.0070390701293945,0.5,0.1,16,256,679936,3836082708,4.369499683380127,1024,1024,1
2022-08-29T14:43:17,rec.1.relu,770,171,2.0067148208618164,0.5,0.1,16,256,700416,3836082708,4.350006580352783,1024,1024,1
2022-08-29T14:43:20,rec.1.tanh,770,89,2.0098512172698975,0.2,0.1,16,512,729088,3836082708,4.718419551849365,1024,1024,1
2022-08-29T14:43:23,rec.1.tanh,770,91,2.0169289112091064,1.0,0.1,16,512,745472,3836082708,4.391451358795166,1024,1024,1
2022-08-29T14:43:26,dense.1.relu,769,86,2.000377893447876,0.5,0.1,8,1024,704512,3836082708,4.423306941986084,1024,1024,1
2022-08-29T14:43:29,dense.1.tanh-dense.1.tanh,771,84,2.0125229358673096,0.5,0.1,8,1024,688128,3836082708,4.379772663116455,1024,1024,1
2022-08-29T14:43:32,dense.1.tanh,769,82,2.0027120113372803,0.5,0.1,4,2048,671744,3836082708,4.385795593261719,1024,1024,1
2022-08-29T14:43:35,dense.1.tanh,769,46,2.0275750160217285,0.5,0.1,8,2048,753664,3836082708,4.467759132385254,1024,1024,1
2022-08-29T14:43:38,dense.1.tanh,769,164,2.006850004196167,0.5,0.1,8,512,671744,3836082708,4.419029235839844,1024,1024,1
2022-08-29T14:43:41,dense.1.tanh,769,86,2.0031890869140625,0.2,0.1,8,1024,704512,3836082708,4.597160339355469,1024,1024,1
2022-08-29T14:43:44,dense.1.tanh,769,85,2.002164125442505,1.0,0.1,8,1024,696320,3836082708,4.495277404785156,1024,1024,1
2022-08-29T14:43:47,dense.1.relu,769,171,2.002553701400757,0.5,0.1,16,256,700416,3836082708,4.415665626525879,1024,1024,1
2022-08-29T14:43:50,dense.1.tanh-dense.1.tanh,771,132,2.008229970932007,0.5,0.1,16,256,540672,3836082708,4.422000408172607,1024,1024,1
2022-08-29T14:43:53,dense.1.tanh,769,183,2.002636194229126,0.5,0.1,32,128,749568,3836082708,4.420691013336182,1024,1024,1
2022-08-29T14:43:56,dense.1.tanh,769,272,2.0089781284332275,0.5,0.1,16,128,557056,3836082708,4.455179691314697,1024,1024,1
2022-08-29T14:43:59,dense.1.tanh,769,164,2.0012447834014893,0.2,0.1,16,256,671744,3836082708,4.434100151062012,1024,1024,1
2022-08-29T14:44:02,dense.1.tanh,769,163,2.0011751651763916,1.0,0.1,16,256,667648,3836082708,4.448505878448486,1024,1024,1
2022-08-29T14:44:05,rec.1.relu,770,49,2.0180530548095703,0.5,0.1,16,1024,802816,3836082708,4.74066686630249,1024,1024,1
2022-08-29T14:44:08,rec.1.tanh-dense.1.tanh,772,47,2.031667947769165,0.5,0.1,16,1024,770048,3836082708,4.411218166351318,1024,1024,1
2022-08-29T14:44:11,rec.1.tanh,770,26,2.0029029846191406,0.5,0.1,16,2048,851968,3836082708,4.5268073081970215,1024,1024,1
2022-08-29T14:44:14,rec.1.tanh,770,49,2.0161290168762207,0.2,0.1,16,1024,802816,3836082708,4.825535774230957,1024,1024,1
2022-08-29T14:44:17,rec.1.tanh,770,49,2.0315310955047607,1.0,0.1,16,1024,802816,3836082708,4.500741958618164,1024,1024,1
2022-08-29T14:44:20,dense.1.tanh,769,162,2.0079798698425293,0.5,0.1,16,256,663552,3836082708,4.424365997314453,1024,1024,1
2022-08-29T14:44:23,rec.1.relu-dense.1.tanh,772,155,2.0032167434692383,0.5,0.1,16,256,634880,3836082708,4.5249505043029785,1024,1024,1
2022-08-29T14:44:25,rec.1.relu,770,183,2.0061721801757812,0.5,0.1,32,128,749568,3836082708,4.310639381408691,1024,1024,1
2022-08-29T14:44:28,rec.1.relu,770,192,2.003322124481201,0.5,0.1,64,64,786432,3836082708,4.356353282928467,1024,1024,1
2022-08-29T14:44:31,rec.1.tanh,770,198,2.0007681846618652,0.5,0.1,64,64,811008,3836082708,4.363749027252197,1024,1024,1
2022-08-29T14:44:34,dense.1.tanh,769,206,2.0037729740142822,0.5,0.1,64,64,843776,3836082708,4.403270721435547,1024,1024,1
2022-08-29T14:44:37,rec.1.relu-dense.1.tanh,772,179,2.004956007003784,0.5,0.1,64,64,733184,3836082708,4.393109321594238,1024,1024,1
2022-08-29T14:44:40,rec.1.relu,770,213,2.0023598670959473,0.5,0.1,128,32,872448,3836082708,4.7863006591796875,1024,1024,1
2022-08-29T14:44:43,rec.1.relu,770,101,2.0104188919067383,0.5,0.1,64,128,827392,3836082708,4.797502040863037,1024,1024,1
2022-08-29T14:44:46,rec.1.relu,770,296,2.0053141117095947,0.5,0.1,64,32,606208,3836082708,4.38323974609375,1024,1024,1
2022-08-29T14:44:49,rec.1.relu,770,194,2.001051902770996,0.2,0.1,64,64,794624,3836082708,4.390506744384766,1024,1024,1
2022-08-29T14:44:52,rec.1.relu,770,196,2.0047178268432617,1.0,0.1,64,64,802816,3836082708,4.640163898468018,1024,1024,1
2022-08-29T14:44:55,rec.1.relu,770,306,2.0126430988311768,0.5,0.1,32,64,626688,3836082708,4.80055046081543,1024,1024,1
2022-08-29T14:44:58,rec.1.relu,770,180,2.000955104827881,0.2,0.1,32,128,737280,3836082708,4.432967185974121,1024,1024,1
2022-08-29T14:45:01,rec.1.relu,770,177,2.002628803253174,1.0,0.1,32,128,724992,3836082708,4.7977728843688965,1024,1024,1
2022-08-29T14:45:04,rec.1.tanh-dense.1.tanh,772,173,2.0040719509124756,0.5,0.1,64,64,708608,3836082708,4.4091668128967285,1024,1024,1
2022-08-29T14:45:07,rec.1.tanh,770,210,2.0025720596313477,0.5,0.1,128,32,860160,3836082708,4.41352653503418,1024,1024,1
2022-08-29T14:45:10,rec.1.tanh,770,321,2.0013318061828613,0.5,0.1,64,32,657408,3836082708,4.494009971618652,1024,1024,1
2022-08-29T14:45:13,rec.1.tanh,770,193,2.0073931217193604,0.2,0.1,64,64,790528,3836082708,4.482139587402344,1024,1024,1
2022-08-29T14:45:16,rec.1.tanh,770,194,2.006114959716797,1.0,0.1,64,64,794624,3836082708,4.4245991706848145,1024,1024,1
2022-08-29T14:45:19,rec.1.relu,770,143,2.0085389614105225,0.5,0.1,8,512,585728,3836082708,4.805596828460693,1024,1024,1
2022-08-29T14:45:22,rec.1.relu,770,83,2.000269889831543,0.5,0.1,16,512,679936,3836082708,4.310730934143066,1024,1024,1
2022-08-29T14:45:25,rec.1.relu,770,281,2.001132011413574,0.5,0.1,16,128,575488,3836082708,4.415865421295166,1024,1024,1
2022-08-29T14:45:28,rec.1.relu,770,165,2.0067639350891113,0.2,0.1,16,256,675840,3836082708,4.355603218078613,1024,1024,1
2022-08-29T14:45:31,rec.1.relu,770,150,2.001101016998291,0.2,0.1,8,512,614400,3836082708,4.4289655685424805,1024,1024,1
2022-08-29T14:45:34,rec.1.relu,770,90,2.00940203666687,0.2,0.1,16,512,737280,3836082708,4.479310989379883,1024,1024,1
2022-08-29T14:45:37,rec.1.relu,770,292,2.0031580924987793,0.2,0.1,16,128,598016,3836082708,4.394982814788818,1024,1024,1
2022-08-29T14:45:40,rec.1.relu,770,168,2.00272274017334,0.1,0.1,16,256,688128,3836082708,4.689493656158447,1024,1024,1
2022-08-29T14:45:43,rec.1.relu,770,170,2.005290985107422,1.0,0.1,16,256,696320,3836082708,4.821865558624268,1024,1024,1
2022-08-29T14:45:46,dense.1.relu-dense.1.tanh,771,84,2.0125739574432373,0.5,0.1,8,1024,688128,3836082708,4.501885414123535,1024,1024,1
2022-08-29T14:45:49,dense.1.tanh-dense.1.relu,771,81,2.0087971687316895,0.5,0.1,8,1024,663552,3836082708,4.79931116104126,1024,1024,1
2022-08-29T14:45:52,dense.1.tanh-rec.1.tanh,772,81,2.018343925476074,0.5,0.1,8,1024,663552,3836082708,4.374459743499756,1024,1024,1
2022-08-29T14:45:55,dense.1.relu-rec.1.tanh,772,81,2.0138099193573,0.5,0.1,8,1024,663552,3836082708,4.852694511413574,1024,1024,1
2022-08-29T14:45:58,dense.1.tanh-rec.1.relu,772,81,2.005490303039551,0.5,0.1,8,1024,663552,3836082708,4.815235614776611,1024,1024,1
2022-08-29T14:46:01,dense.1.tanh-gru.1.tanh,778,67,2.0099942684173584,0.5,0.1,8,1024,548864,3836082708,4.379305839538574,1024,1024,1
2022-08-29T14:46:04,dense.1.tanh-lstm.1,781,57,2.0048439502716064,0.5,0.1,8,1024,466944,3836082708,4.4719133377075195,1024,1024,1
2022-08-29T14:46:07,dense.1.tanh-rec.1.tanh-dense.1.tanh,774,77,2.0120949745178223,0.5,0.1,8,1024,630784,3836082708,4.434309005737305,1024,1024,1
2022-08-29T14:46:10,dense.1.tanh-rec.1.tanh,772,85,2.0036940574645996,0.5,0.1,16,512,696320,3836082708,4.384416580200195,1024,1024,1
2022-08-29T14:46:13,dense.1.tanh-rec.1.tanh,772,77,2.018491268157959,0.5,0.1,4,2048,630784,3836082708,4.399908542633057,1024,1024,1
2022-08-29T14:46:16,dense.1.tanh-rec.1.tanh,772,44,2.020841121673584,0.5,0.1,8,2048,720896,3836082708,4.375461578369141,1024,1024,1
2022-08-29T14:46:18,dense.1.tanh-rec.1.tanh,772,137,2.005648136138916,0.5,0.1,8,512,561152,3836082708,4.392317771911621,1024,1024,1
2022-08-29T14:46:21,dense.1.tanh-rec.1.tanh,772,81,2.011301040649414,0.2,0.1,8,1024,663552,3836082708,4.61342191696167,1024,1024,1
2022-08-29T14:46:24,dense.1.tanh-rec.1.tanh,772,81,2.0146710872650146,1.0,0.1,8,1024,663552,3836082708,4.837208271026611,1024,1024,1
2022-08-29T14:46:27,dense.1.relu-rec.1.tanh,772,42,2.002007007598877,0.5,0.1,8,2048,688128,3836082708,4.656449317932129,1024,1024,1
2022-08-29T14:46:30,dense.1.tanh-rec.1.relu,772,44,2.031932830810547,0.5,0.1,8,2048,720896,3836082708,4.815300941467285,1024,1024,1
2022-08-29T14:46:33,dense.1.tanh-dense.1.tanh,771,45,2.011653184890747,0.5,0.1,8,2048,737280,3836082708,4.54569673538208,1024,1024,1
2022-08-29T14:46:36,dense.1.tanh-gru.1.tanh,778,37,2.020585775375366,0.5,0.1,8,2048,606208,3836082708,4.381768703460693,1024,1024,1
2022-08-29T14:46:39,dense.1.tanh-lstm.1,781,33,2.0231077671051025,0.5,0.1,8,2048,540672,3836082708,4.532379627227783,1024,1024,1
2022-08-29T14:46:42,dense.1.tanh-rec.1.tanh-dense.1.tanh,774,41,2.006588935852051,0.5,0.1,8,2048,671744,3836082708,4.759265899658203,1024,1024,1
2022-08-29T14:46:45,dense.1.tanh-rec.1.tanh,772,47,2.0213630199432373,0.5,0.1,16,1024,770048,3836082708,4.454736709594727,1024,1024,1
2022-08-29T14:46:48,dense.1.tanh-rec.1.tanh,772,50,2.0163848400115967,0.5,0.1,4,4096,819200,3836082708,4.489770889282227,1024,1024,1
2022-08-29T14:46:51,dense.1.tanh-rec.1.tanh,772,31,2.004149913787842,0.5,0.1,8,4096,1015808,3836082708,4.849337100982666,1024,1024,1
2022-08-29T14:46:54,dense.1.tanh-rec.1.tanh,772,44,2.021857976913452,0.2,0.1,8,2048,720896,3836082708,4.7890729904174805,1024,1024,1
2022-08-29T14:46:57,dense.1.tanh-rec.1.tanh,772,43,2.0330810546875,1.0,0.1,8,2048,704512,3836082708,4.811609745025635,1024,1024,1
2022-08-29T14:47:00,dense.1.relu-gru.1.tanh,778,66,2.0098471641540527,0.5,0.1,8,1024,540672,3836082708,4.802100658416748,1024,1024,1
2022-08-29T14:47:03,dense.1.tanh-gru.1.relu,778,66,2.0067548751831055,0.5,0.1,8,1024,540672,3836082708,4.790347099304199,1024,1024,1
2022-08-29T14:47:06,dense.1.tanh-gru.1.tanh-dense.1.tanh,780,63,2.0099778175354004,0.5,0.1,8,1024,516096,3836082708,4.412177562713623,1024,1024,1
2022-08-29T14:47:09,dense.1.tanh-gru.1.tanh,778,67,2.0057337284088135,0.5,0.1,16,512,548864,3836082708,4.364150047302246,1024,1024,1
2022-08-29T14:47:12,dense.1.relu-gru.1.tanh,778,69,2.0119099617004395,0.5,0.1,16,512,565248,3836082708,4.811018943786621,1024,1024,1
2022-08-29T14:47:15,dense.1.tanh-gru.1.relu,778,70,2.017867088317871,0.5,0.1,16,512,573440,3836082708,4.799716472625732,1024,1024,1
2022-08-29T14:47:18,dense.1.tanh-lstm.1,781,63,2.014407157897949,0.5,0.1,16,512,516096,3836082708,4.43184757232666,1024,1024,1
2022-08-29T14:47:21,dense.1.tanh-gru.1.tanh-dense.1.tanh,780,63,2.003728151321411,0.5,0.1,16,512,516096,3836082708,4.4115681648254395,1024,1024,1
2022-08-29T14:47:24,dense.1.tanh-gru.1.tanh,778,65,2.0141639709472656,0.5,0.1,32,256,532480,3836082708,4.384991645812988,1024,1024,1
2022-08-29T14:47:27,dense.1.tanh-gru.1.tanh,778,38,2.001910924911499,0.5,0.1,16,1024,622592,3836082708,4.44309139251709,1024,1024,1
2022-08-29T14:47:30,dense.1.tanh-gru.1.tanh,778,56,2.0057220458984375,0.5,0.1,16,256,229376,3836082708,4.417689323425293,1024,1024,1
2022-08-29T14:47:33,dense.1.tanh-gru.1.tanh,778,70,2.013840913772583,0.2,0.1,16,512,573440,3836082708,4.562117099761963,1024,1024,1
2022-08-29T14:47:36,dense.1.tanh-gru.1.tanh,778,66,2.0143821239471436,1.0,0.1,16,512,540672,3836082708,4.832484245300293,1024,1024,1
2022-08-29T14:47:39,dense.1.tanh-gru.1.tanh,778,63,2.0082790851593018,0.5,0.1,4,2048,516096,3836082708,4.548334121704102,1024,1024,1
2022-08-29T14:47:42,dense.1.tanh-gru.1.tanh,778,111,2.004940986633301,0.5,0.1,8,512,454656,3836082708,4.421213150024414,1024,1024,1
2022-08-29T14:47:45,dense.1.tanh-gru.1.tanh,778,66,2.007606029510498,0.2,0.1,8,1024,540672,3836082708,4.627429485321045,1024,1024,1
2022-08-29T14:47:48,dense.1.tanh-gru.1.tanh,778,67,2.017519950866699,1.0,0.1,8,1024,548864,3836082708,4.597952365875244,1024,1024,1
2022-08-29T14:47:51,dense.1.tanh-dense.1.tanh-dense.1.tanh,773,75,2.0088140964508057,0.5,0.1,8,1024,614400,3836082708,4.429044246673584,1024,1024,1
2022-08-29T14:47:54,dense.1.tanh-dense.1.tanh,771,79,2.015861988067627,0.5,0.1,4,2048,647168,3836082708,4.429135799407959,1024,1024,1
2022-08-29T14:47:57,dense.1.tanh-dense.1.tanh,771,148,2.000485897064209,0.5,0.1,8,512,606208,3836082708,4.387402534484863,1024,1024,1
2022-08-29T14:48:00,dense.1.tanh-dense.1.tanh,771,84,2.0152509212493896,0.2,0.1,8,1024,688128,3836082708,4.601114273071289,1024,1024,1
2022-08-29T14:48:03,dense.1.tanh-dense.1.tanh,771,84,2.0167810916900635,1.0,0.1,8,1024,688128,3836082708,4.46152400970459,1024,1024,1
2022-08-29T14:48:06,rec.1.relu,770,79,2.0046920776367188,0.5,0.1,4,2048,647168,3836082708,4.356482982635498,1024,1024,1
2022-08-29T14:48:09,rec.1.relu-dense.1.tanh,772,77,2.015450954437256,0.5,0.1,4,2048,630784,3836082708,4.513007640838623,1024,1024,1
2022-08-29T14:48:12,rec.1.relu,770,83,2.003829002380371,0.5,0.1,2,4096,679936,3836082708,4.512966632843018,1024,1024,1
2022-08-29T14:48:15,rec.1.relu,770,55,2.0111751556396484,0.5,0.1,4,4096,901120,3836082708,4.350327014923096,1024,1024,1
2022-08-29T14:48:18,rec.1.tanh,770,53,2.012706756591797,0.5,0.1,4,4096,868352,3836082708,4.363758563995361,1024,1024,1
2022-08-29T14:48:21,dense.1.tanh,769,56,2.0177359580993652,0.5,0.1,4,4096,917504,3836082708,4.432430267333984,1024,1024,1
2022-08-29T14:48:24,rec.1.relu-dense.1.tanh,772,50,2.017221212387085,0.5,0.1,4,4096,819200,3836082708,4.385291576385498,1024,1024,1
2022-08-29T14:48:27,rec.1.relu,770,45,2.0026450157165527,0.5,0.1,8,2048,737280,3836082708,4.837443828582764,1024,1024,1
2022-08-29T14:48:30,rec.1.relu,770,44,2.0312581062316895,0.5,0.1,2,8192,720896,3836082708,4.4101409912109375,1024,1024,1
2022-08-29T14:48:33,rec.1.relu,770,28,2.0134568214416504,0.5,0.1,4,8192,917504,3836082708,4.48883056640625,1024,1024,1
2022-08-29T14:48:36,rec.1.relu,770,55,2.0097250938415527,0.2,0.1,4,4096,901120,3836082708,5.042582988739014,1024,1024,1
2022-08-29T14:48:39,rec.1.relu,770,53,2.0100181102752686,1.0,0.1,4,4096,868352,3836082708,4.844777584075928,1024,1024,1
2022-08-29T14:48:42,rec.1.relu,770,143,2.0053539276123047,0.5,0.1,4,1024,585728,3836082708,4.414535045623779,1024,1024,1
2022-08-29T14:48:45,rec.1.relu,770,80,2.01090931892395,0.2,0.1,4,2048,655360,3836082708,4.557709693908691,1024,1024,1
2022-08-29T14:48:48,rec.1.relu,770,79,2.0128142833709717,1.0,0.1,4,2048,647168,3836082708,4.786067485809326,1024,1024,1
2022-08-29T14:48:51,rec.1.tanh-dense.1.tanh,772,50,2.0096969604492188,0.5,0.1,4,4096,819200,3836082708,4.390642166137695,1024,1024,1
2022-08-29T14:48:54,rec.1.tanh,770,46,2.016655921936035,0.5,0.1,2,8192,753664,3836082708,4.399550437927246,1024,1024,1
2022-08-29T14:48:57,rec.1.tanh,770,29,2.047830820083618,0.5,0.1,4,8192,950272,3836082708,4.4754533767700195,1024,1024,1
2022-08-29T14:49:00,rec.1.tanh,770,53,2.013766050338745,0.2,0.1,4,4096,868352,3836082708,4.771510124206543,1024,1024,1
2022-08-29T14:49:03,rec.1.tanh,770,55,2.002692937850952,1.0,0.1,4,4096,901120,3836082708,4.445345401763916,1024,1024,1
2022-08-29T14:49:06,rec.1.tanh-dense.1.tanh,772,77,2.0125608444213867,0.5,0.1,4,2048,630784,3836082708,4.408576011657715,1024,1024,1
2022-08-29T14:49:08,rec.1.tanh,770,83,2.0060040950775146,0.5,0.1,2,4096,679936,3836082708,4.400274276733398,1024,1024,1
2022-08-29T14:49:11,rec.1.tanh,770,143,2.003084182739258,0.5,0.1,4,1024,585728,3836082708,4.4074015617370605,1024,1024,1
2022-08-29T14:49:14,rec.1.tanh,770,81,2.0145468711853027,0.2,0.1,4,2048,663552,3836082708,4.539633274078369,1024,1024,1
2022-08-29T14:49:17,rec.1.tanh,770,79,2.0058951377868652,1.0,0.1,4,2048,647168,3836082708,4.405673503875732,1024,1024,1
2022-08-29T14:49:20,dense.1.relu-gru.1.tanh,778,35,2.027829885482788,0.5,0.1,8,2048,573440,3836082708,4.64115047454834,1024,1024,1
2022-08-29T14:49:23,dense.1.tanh-gru.1.relu,778,37,2.026499032974243,0.5,0.1,8,2048,606208,3836082708,4.5841240882873535,1024,1024,1
2022-08-29T14:49:26,dense.1.tanh-gru.1.tanh-dense.1.tanh,780,35,2.021409034729004,0.5,0.1,8,2048,573440,3836082708,4.819238662719727,1024,1024,1
2022-08-29T14:49:29,dense.1.tanh-gru.1.tanh,778,41,2.018935203552246,0.5,0.1,4,4096,671744,3836082708,4.371056079864502,1024,1024,1
2022-08-29T14:49:32,dense.1.relu-gru.1.tanh,778,42,2.0092148780822754,0.5,0.1,4,4096,688128,3836082708,4.772747039794922,1024,1024,1
2022-08-29T14:49:35,dense.1.tanh-gru.1.relu,778,40,2.0101046562194824,0.5,0.1,4,4096,655360,3836082708,4.77575159072876,1024,1024,1
2022-08-29T14:49:38,dense.1.tanh-dense.1.tanh,771,54,2.0006020069122314,0.5,0.1,4,4096,884736,3836082708,4.39538049697876,1024,1024,1
2022-08-29T14:49:41,dense.1.tanh-lstm.1,781,37,2.02335786819458,0.5,0.1,4,4096,606208,3836082708,4.724010944366455,1024,1024,1
2022-08-29T14:49:44,dense.1.tanh-gru.1.tanh-dense.1.tanh,780,40,2.0046310424804688,0.5,0.1,4,4096,655360,3836082708,4.545341491699219,1024,1024,1
2022-08-29T14:49:47,dense.1.tanh-gru.1.tanh,778,35,2.008380174636841,0.5,0.1,2,8192,573440,3836082708,4.438656330108643,1024,1024,1
2022-08-29T14:49:50,dense.1.tanh-gru.1.tanh,778,23,2.029512882232666,0.5,0.1,4,8192,753664,3836082708,4.673803329467773,1024,1024,1
2022-08-29T14:49:54,dense.1.tanh-gru.1.tanh,778,43,2.0929839611053467,0.2,0.1,4,4096,704512,3836082708,4.792201042175293,1024,1024,1
2022-08-29T14:49:57,dense.1.tanh-gru.1.tanh,778,43,2.0268561840057373,1.0,0.1,4,4096,704512,3836082708,4.7708048820495605,1024,1024,1
2022-08-29T14:50:00,dense.1.tanh-gru.1.tanh,778,26,2.0013439655303955,0.5,0.1,8,4096,851968,3836082708,4.547975063323975,1024,1024,1
2022-08-29T14:50:03,dense.1.tanh-gru.1.tanh,778,37,2.0232458114624023,0.2,0.1,8,2048,606208,3836082708,5.2489542961120605,1024,1024,1
2022-08-29T14:50:06,dense.1.tanh-gru.1.tanh,778,34,2.008270740509033,1.0,0.1,8,2048,557056,3836082708,4.837822437286377,1024,1024,1
2022-08-29T14:50:09,rec.1.relu,770,90,2.0130300521850586,1.0,0.1,16,512,737280,3836082708,4.764880657196045,1024,1024,1
2022-08-29T14:50:12,dense.1.tanh,769,342,2.0061309337615967,0.5,0.1,64,32,700416,3836082708,4.444811820983887,1024,1024,1
2022-08-29T14:50:15,rec.1.relu-dense.1.tanh,772,307,2.0030720233917236,0.5,0.1,64,32,628736,3836082708,4.463346004486084,1024,1024,1
2022-08-29T14:50:18,rec.1.relu,770,341,2.002108097076416,0.5,0.1,128,16,698368,3836082708,4.396522045135498,1024,1024,1
2022-08-29T14:50:20,rec.1.relu,770,380,2.005164623260498,0.5,0.1,64,16,389120,3836082708,4.389521598815918,1024,1024,1
2022-08-29T14:50:23,rec.1.relu,770,357,2.0007808208465576,0.2,0.1,64,32,731136,3836082708,4.346138000488281,1024,1024,1
2022-08-29T14:50:26,rec.1.tanh,770,350,2.0042800903320312,0.2,0.1,64,32,716800,3836082708,4.425215721130371,1024,1024,1
2022-08-29T14:50:29,dense.1.tanh,769,381,2.0008881092071533,0.2,0.1,64,32,780288,3836082708,4.41458797454834,1024,1024,1
2022-08-29T14:50:32,rec.1.relu-dense.1.tanh,772,310,2.003716230392456,0.2,0.1,64,32,634880,3836082708,4.538066387176514,1024,1024,1
2022-08-29T14:50:35,rec.1.relu,770,344,2.0010509490966797,0.2,0.1,128,16,704512,3836082708,4.508589744567871,1024,1024,1
2022-08-29T14:50:38,rec.1.relu,770,327,2.0007553100585938,0.2,0.1,32,64,669696,3836082708,4.730450630187988,1024,1024,1
2022-08-29T14:50:41,rec.1.relu,770,408,2.0052990913391113,0.2,0.1,64,16,417792,3836082708,4.3568501472473145,1024,1024,1
2022-08-29T14:50:44,rec.1.relu,770,351,2.0007550716400146,0.1,0.1,64,32,718848,3836082708,4.520313262939453,1024,1024,1
2022-08-29T14:50:47,rec.1.tanh,770,429,2.005873918533325,0.2,0.1,64,16,439296,3836082708,4.424172878265381,1024,1024,1
2022-08-29T14:50:50,dense.1.tanh,769,457,2.003908157348633,0.2,0.1,64,16,467968,3836082708,4.4308977127075195,1024,1024,1
2022-08-29T14:50:53,rec.1.relu-dense.1.tanh,772,407,2.0024867057800293,0.2,0.1,64,16,416768,3836082708,4.403514862060547,1024,1024,1
2022-08-29T14:50:56,rec.1.relu,770,458,2.006010055541992,0.2,0.1,128,8,468992,3836082708,4.370167255401611,1024,1024,1
2022-08-29T14:50:59,rec.1.relu,770,461,2.002063751220703,0.2,0.1,32,32,472064,3836082708,4.344184875488281,1024,1024,1
2022-08-29T14:51:02,rec.1.tanh,770,466,2.0066730976104736,0.2,0.1,32,32,477184,3836082708,4.422695159912109,1024,1024,1
2022-08-29T14:51:05,dense.1.tanh,769,484,2.0110180377960205,0.2,0.1,32,32,495616,3836082708,4.428508281707764,1024,1024,1
2022-08-29T14:51:08,rec.1.relu-dense.1.tanh,772,405,2.001957893371582,0.2,0.1,32,32,414720,3836082708,4.37581205368042,1024,1024,1
2022-08-29T14:51:11,rec.1.relu,770,438,2.0019211769104004,0.2,0.1,16,64,448512,3836082708,4.3534417152404785,1024,1024,1
2022-08-29T14:51:14,rec.1.relu,770,512,2.0087883472442627,0.2,0.1,32,16,262144,3836082708,4.408908367156982,1024,1024,1
2022-08-29T14:51:17,rec.1.relu,770,477,2.0010290145874023,0.1,0.1,32,32,488448,3836082708,4.607820510864258,1024,1024,1
2022-08-29T14:51:20,rec.1.relu,770,478,2.000013828277588,0.5,0.1,32,32,489472,3836082708,4.850658416748047,1024,1024,1
2022-08-29T14:51:23,rec.1.tanh,770,416,2.002286195755005,0.2,0.1,16,64,425984,3836082708,4.409379482269287,1024,1024,1
2022-08-29T14:51:26,dense.1.tanh,769,476,2.0010671615600586,0.2,0.1,16,64,487424,3836082708,4.454957485198975,1024,1024,1
2022-08-29T14:51:29,rec.1.relu-dense.1.tanh,772,350,2.001006841659546,0.2,0.1,16,64,358400,3836082708,4.794043064117432,1024,1024,1
2022-08-29T14:51:32,rec.1.relu,770,384,2.002721071243286,0.2,0.1,8,128,393216,3836082708,4.374661445617676,1024,1024,1
2022-08-29T14:51:35,rec.1.relu,770,528,2.0099709033966064,0.2,0.1,16,32,270336,3836082708,4.470834732055664,1024,1024,1
2022-08-29T14:51:38,rec.1.relu,770,429,2.0033230781555176,0.1,0.1,16,64,439296,3836082708,4.493383884429932,1024,1024,1
2022-08-29T14:51:40,rec.1.relu,770,435,2.002281904220581,0.5,0.1,16,64,445440,3836082708,4.387185573577881,1024,1024,1
2022-08-29T14:51:43,rec.1.relu,770,539,2.0071048736572266,0.2,0.1,64,8,275968,3836082708,4.389155864715576,1024,1024,1
2022-08-29T14:51:46,rec.1.relu,770,483,2.0014679431915283,0.1,0.1,64,16,494592,3836082708,4.576676368713379,1024,1024,1
2022-08-29T14:51:49,rec.1.tanh,770,461,2.0030899047851562,0.2,0.1,128,8,472064,3836082708,4.49754524230957,1024,1024,1
2022-08-29T14:51:52,dense.1.tanh,769,502,2.0021586418151855,0.2,0.1,128,8,514048,3836082708,4.399581432342529,1024,1024,1
2022-08-29T14:51:55,rec.1.relu-dense.1.tanh,772,386,2.0035510063171387,0.2,0.1,128,8,395264,3836082708,4.471468448638916,1024,1024,1
2022-08-29T14:51:58,rec.1.relu,770,425,2.002598762512207,0.2,0.1,256,4,435200,3836082708,4.380160808563232,1024,1024,1
2022-08-29T14:52:01,rec.1.relu,770,546,2.0109009742736816,0.2,0.1,128,4,279552,3836082708,4.439557075500488,1024,1024,1
2022-08-29T14:52:04,rec.1.relu,770,456,2.002531051635742,0.1,0.1,128,8,466944,3836082708,4.571950435638428,1024,1024,1
2022-08-29T14:52:07,rec.1.relu,770,463,2.0004429817199707,0.5,0.1,128,8,474112,3836082708,4.466795444488525,1024,1024,1
2022-08-29T14:52:10,rec.1.tanh,770,385,2.0009751319885254,0.2,0.1,8,128,394240,3836082708,4.515824317932129,1024,1024,1
2022-08-29T14:52:13,dense.1.tanh,769,429,2.002145767211914,0.2,0.1,8,128,439296,3836082708,4.4178032875061035,1024,1024,1
2022-08-29T14:52:16,rec.1.relu-dense.1.tanh,772,334,2.0034241676330566,0.2,0.1,8,128,342016,3836082708,4.432849407196045,1024,1024,1
2022-08-29T14:52:19,rec.1.relu,770,380,2.0002779960632324,0.2,0.1,4,256,389120,3836082708,4.350644588470459,1024,1024,1
2022-08-29T14:52:22,rec.1.tanh,770,371,2.000699281692505,0.2,0.1,4,256,379904,3836082708,4.414768218994141,1024,1024,1
2022-08-29T14:52:25,dense.1.tanh,769,373,2.003223180770874,0.2,0.1,4,256,381952,3836082708,4.3867340087890625,1024,1024,1
2022-08-29T14:52:28,rec.1.relu-dense.1.tanh,772,323,2.000894784927368,0.2,0.1,4,256,330752,3836082708,4.4308390617370605,1024,1024,1
2022-08-29T14:52:31,rec.1.relu,770,334,2.000040054321289,0.2,0.1,2,512,342016,3836082708,4.402616024017334,1024,1024,1
2022-08-29T14:52:34,rec.1.relu,770,247,2.0023789405822754,0.2,0.1,4,512,505856,3836082708,4.369818687438965,1024,1024,1
2022-08-29T14:52:37,rec.1.relu,770,502,2.0008511543273926,0.2,0.1,4,128,257024,3836082708,4.3648223876953125,1024,1024,1
2022-08-29T14:52:40,rec.1.relu,770,382,2.0027780532836914,0.1,0.1,4,256,391168,3836082708,4.529784202575684,1024,1024,1
2022-08-29T14:52:43,rec.1.relu,770,384,2.0011239051818848,0.5,0.1,4,256,393216,3836082708,4.422410488128662,1024,1024,1
2022-08-29T14:52:46,rec.1.tanh,770,499,2.001538038253784,0.2,0.1,4,128,255488,3836082708,4.409780979156494,1024,1024,1
2022-08-29T14:52:49,dense.1.tanh,769,553,2.00964093208313,0.2,0.1,4,128,283136,3836082708,4.404690265655518,1024,1024,1
2022-08-29T14:52:52,rec.1.relu-dense.1.tanh,772,411,2.000563144683838,0.2,0.1,4,128,210432,3836082708,4.384889602661133,1024,1024,1
2022-08-29T14:52:55,rec.1.relu,770,530,2.002523183822632,0.2,0.1,8,64,271360,3836082708,4.827487468719482,1024,1024,1
2022-08-29T14:52:58,rec.1.relu,770,444,2.0004169940948486,0.2,0.1,2,256,227328,3836082708,4.476629734039307,1024,1024,1
2022-08-29T14:53:01,rec.1.relu,770,562,2.0035040378570557,0.2,0.1,4,64,143872,3836082708,4.4056782722473145,1024,1024,1
2022-08-29T14:53:04,rec.1.relu,770,474,2.001851797103882,0.1,0.1,4,128,242688,3836082708,4.493948936462402,1024,1024,1
2022-08-29T14:53:07,rec.1.relu,770,500,2.001605987548828,0.5,0.1,4,128,256000,3836082708,4.4328718185424805,1024,1024,1
2022-08-29T14:53:10,rec.1.tanh,770,241,2.0051000118255615,0.2,0.1,4,512,493568,3836082708,4.52867317199707,1024,1024,1
2022-08-29T14:53:13,dense.1.tanh,769,260,2.0016930103302,0.2,0.1,4,512,532480,3836082708,4.494592666625977,1024,1024,1
2022-08-29T14:53:16,rec.1.relu-dense.1.tanh,772,227,2.004611015319824,0.2,0.1,4,512,464896,3836082708,4.786471366882324,1024,1024,1
2022-08-29T14:53:18,rec.1.relu,770,269,2.0008180141448975,0.2,0.1,8,256,550912,3836082708,4.826114654541016,1024,1024,1
2022-08-29T14:53:21,rec.1.relu,770,232,2.0014331340789795,0.2,0.1,2,1024,475136,3836082708,4.377455234527588,1024,1024,1
2022-08-29T14:53:24,rec.1.relu,770,145,2.0089383125305176,0.2,0.1,4,1024,593920,3836082708,4.411857604980469,1024,1024,1
2022-08-29T14:53:27,rec.1.relu,770,238,2.0019659996032715,0.1,0.1,4,512,487424,3836082708,4.5970234870910645,1024,1024,1
2022-08-29T14:53:55,rec.1.relu,770,52,2.006234884262085,0.5,0.1,16,256,212992,3836082708,4.445984363555908,1024,1024,1
2022-08-29T14:53:58,rec.1.tanh,770,108,2.0161471366882324,0.5,0.1,16,256,442368,3836082708,4.406610012054443,1024,1024,1
2022-08-29T14:54:01,dense.1.tanh,769,137,2.0155649185180664,0.5,0.1,16,256,561152,3836082708,4.346521377563477,1024,1024,1
2022-08-29T14:54:04,dense.1.relu,769,159,2.011060953140259,0.5,0.1,16,256,651264,3836082708,4.476937294006348,1024,1024,1
2022-08-29T14:54:07,dense.1.tanh-dense.1.tanh,771,137,2.0012359619140625,0.5,0.1,16,256,561152,3836082708,4.412918567657471,1024,1024,1
2022-08-29T14:54:09,dense.1.tanh,769,174,2.000236988067627,0.5,0.1,32,128,712704,3836082708,4.376021385192871,1024,1024,1
2022-08-29T14:54:12,dense.1.tanh,769,162,2.0060789585113525,0.5,0.1,8,512,663552,3836082708,4.379899501800537,1024,1024,1
2022-08-29T14:54:15,dense.1.tanh,769,91,2.0120348930358887,0.5,0.1,16,512,745472,3836082708,4.414948463439941,1024,1024,1
2022-08-29T14:54:18,dense.1.tanh,769,217,2.0084571838378906,0.5,0.1,16,128,444416,3836082708,4.409529685974121,1024,1024,1
2022-08-29T14:54:21,dense.1.tanh,769,166,2.0037691593170166,0.2,0.1,16,256,679936,3836082708,4.477527618408203,1024,1024,1
2022-08-29T14:54:24,dense.1.tanh,769,161,2.0030038356781006,1.0,0.1,16,256,659456,3836082708,4.424673080444336,1024,1024,1
2022-08-29T14:54:27,dense.1.relu,769,195,2.0056607723236084,0.5,0.1,32,128,798720,3836082708,4.428528308868408,1024,1024,1
2022-08-29T14:54:30,rec.1.tanh,770,182,2.0058748722076416,0.5,0.1,32,128,745472,3836082708,4.408821105957031,1024,1024,1
2022-08-29T14:54:33,dense.1.tanh-dense.1.tanh,771,161,2.0086898803710938,0.5,0.1,32,128,659456,3836082708,4.371258735656738,1024,1024,1
2022-08-29T14:54:36,dense.1.relu-dense.1.tanh,771,163,2.002519130706787,0.5,0.1,32,128,667648,3836082708,4.441280364990234,1024,1024,1
2022-08-29T14:54:39,rec.1.tanh-dense.1.tanh,772,149,2.0047690868377686,0.5,0.1,32,128,610304,3836082708,4.4571027755737305,1024,1024,1
2022-08-29T14:54:42,dense.1.tanh-dense.1.relu,771,165,2.003997325897217,0.5,0.1,32,128,675840,3836082708,4.809812545776367,1024,1024,1
2022-08-29T14:54:45,dense.1.tanh-rec.1.tanh,772,160,2.0073208808898926,0.5,0.1,32,128,655360,3836082708,4.427357196807861,1024,1024,1
2022-08-29T14:54:48,dense.1.tanh-gru.1.tanh,778,117,2.006267786026001,0.5,0.1,32,128,479232,3836082708,4.380914688110352,1024,1024,1
2022-08-29T14:54:51,dense.1.tanh-lstm.1,781,101,2.009788990020752,0.5,0.1,32,128,413696,3836082708,8.073324203491211,1024,1024,1
2022-08-29T14:54:54,dense.1.tanh-dense.1.tanh-dense.1.tanh,773,133,2.0063657760620117,0.5,0.1,32,128,544768,3836082708,4.43268346786499,1024,1024,1
2022-08-29T14:54:57,dense.1.tanh-dense.1.tanh,771,179,2.007401943206787,0.5,0.1,64,64,733184,3836082708,4.4989519119262695,1024,1024,1
2022-08-29T14:55:00,dense.1.tanh-dense.1.tanh,771,81,2.008788824081421,0.5,0.1,32,256,663552,3836082708,4.448657989501953,1024,1024,1
2022-08-29T14:55:03,dense.1.tanh-dense.1.tanh,771,241,2.000990152359009,0.5,0.1,32,64,493568,3836082708,4.491179466247559,1024,1024,1
2022-08-29T14:55:06,dense.1.tanh-dense.1.tanh,771,160,2.005498170852661,0.2,0.1,32,128,655360,3836082708,4.5187506675720215,1024,1024,1
2022-08-29T14:55:09,dense.1.tanh-dense.1.tanh,771,156,2.0060789585113525,1.0,0.1,32,128,638976,3836082708,4.504692077636719,1024,1024,1
2022-08-29T14:55:12,dense.1.tanh,769,212,2.0062458515167236,0.5,0.1,64,64,868352,3836082708,4.423665523529053,1024,1024,1
2022-08-29T14:55:15,dense.1.tanh,769,93,2.015472888946533,0.5,0.1,32,256,761856,3836082708,4.397262096405029,1024,1024,1
2022-08-29T14:55:18,dense.1.tanh,769,275,2.0049538612365723,0.5,0.1,32,64,563200,3836082708,4.440598964691162,1024,1024,1
2022-08-29T14:55:21,dense.1.tanh,769,195,2.005527973175049,0.2,0.1,32,128,798720,3836082708,4.46276330947876,1024,1024,1
2022-08-29T14:55:24,dense.1.tanh,769,188,2.0059051513671875,1.0,0.1,32,128,770048,3836082708,4.454719066619873,1024,1024,1
2022-08-29T14:55:27,dense.1.relu,769,161,2.000012159347534,0.5,0.1,8,512,659456,3836082708,4.383995056152344,1024,1024,1
2022-08-29T14:55:29,rec.1.tanh,770,156,2.0060007572174072,0.5,0.1,8,512,638976,3836082708,4.412956237792969,1024,1024,1
2022-08-29T14:55:32,dense.1.tanh-dense.1.tanh,771,146,2.0039501190185547,0.5,0.1,8,512,598016,3836082708,4.377379417419434,1024,1024,1
2022-08-29T14:55:35,dense.1.relu-dense.1.tanh,771,144,2.0097060203552246,0.5,0.1,8,512,589824,3836082708,4.38038444519043,1024,1024,1
2022-08-29T14:55:38,rec.1.tanh-dense.1.tanh,772,137,2.000321865081787,0.5,0.1,8,512,561152,3836082708,4.403170585632324,1024,1024,1
2022-08-29T14:55:41,dense.1.tanh-dense.1.relu,771,147,2.008455991744995,0.5,0.1,8,512,602112,3836082708,4.788505554199219,1024,1024,1
2022-08-29T14:55:44,dense.1.tanh-rec.1.tanh,772,139,2.0046732425689697,0.5,0.1,8,512,569344,3836082708,4.44885778427124,1024,1024,1
2022-08-29T14:55:47,dense.1.tanh-gru.1.tanh,778,104,2.000006914138794,0.5,0.1,8,512,425984,3836082708,4.4112677574157715,1024,1024,1
2022-08-29T14:55:50,dense.1.tanh-lstm.1,781,92,2.011437177658081,0.5,0.1,8,512,376832,3836082708,4.413331508636475,1024,1024,1
2022-08-29T14:55:53,dense.1.tanh-dense.1.tanh-dense.1.tanh,773,133,2.0015811920166016,0.5,0.1,8,512,544768,3836082708,4.450438022613525,1024,1024,1
2022-08-29T14:55:56,dense.1.tanh-dense.1.tanh,771,137,2.000706195831299,0.5,0.1,4,1024,561152,3836082708,4.385812759399414,1024,1024,1
2022-08-29T14:55:59,dense.1.tanh-dense.1.tanh,771,80,2.008336067199707,0.5,0.1,8,1024,655360,3836082708,4.505570411682129,1024,1024,1
2022-08-29T14:56:02,dense.1.tanh-dense.1.tanh,771,207,2.0041019916534424,0.5,0.1,8,256,423936,3836082708,4.41439962387085,1024,1024,1
2022-08-29T14:56:05,dense.1.tanh-dense.1.tanh,771,144,2.0074548721313477,0.2,0.1,8,512,589824,3836082708,4.547306060791016,1024,1024,1
2022-08-29T14:56:08,dense.1.tanh-dense.1.tanh,771,147,2.009523868560791,1.0,0.1,8,512,602112,3836082708,4.849924087524414,1024,1024,1
2022-08-29T14:56:11,dense.1.tanh,769,157,2.0065410137176514,0.5,0.1,4,1024,643072,3836082708,4.408233642578125,1024,1024,1
2022-08-29T14:56:14,dense.1.tanh,769,86,2.0026168823242188,0.5,0.1,8,1024,704512,3836082708,4.376324653625488,1024,1024,1
2022-08-29T14:56:17,dense.1.relu,769,86,2.00715708732605,0.5,0.1,8,1024,704512,3836082708,4.789467811584473,1024,1024,1
2022-08-29T14:56:20,rec.1.tanh,770,83,2.005735158920288,0.5,0.1,8,1024,679936,3836082708,4.34592342376709,1024,1024,1
2022-08-29T14:56:23,rec.1.relu,770,84,2.013476848602295,0.5,0.1,8,1024,688128,3836082708,4.405275821685791,1024,1024,1
2022-08-29T14:56:26,rec.1.tanh-dense.1.tanh,772,76,2.0110719203948975,0.5,0.1,8,1024,622592,3836082708,4.385011196136475,1024,1024,1
2022-08-29T14:56:29,rec.1.tanh,770,87,2.0147972106933594,0.5,0.1,16,512,712704,3836082708,4.402451515197754,1024,1024,1
2022-08-29T14:56:32,rec.1.tanh,770,73,2.0144550800323486,0.5,0.1,4,2048,598016,3836082708,4.376458168029785,1024,1024,1
2022-08-29T14:56:35,rec.1.tanh,770,45,2.0230610370635986,0.5,0.1,8,2048,737280,3836082708,4.402003765106201,1024,1024,1
2022-08-29T14:56:38,rec.1.tanh,770,82,2.010558843612671,0.2,0.1,8,1024,671744,3836082708,4.544503688812256,1024,1024,1
2022-08-29T14:56:41,rec.1.tanh,770,83,2.006422996520996,1.0,0.1,8,1024,679936,3836082708,4.436555862426758,1024,1024,1
2022-08-29T14:56:44,dense.1.tanh,769,79,2.002768039703369,0.5,0.1,4,2048,647168,3836082708,4.431475639343262,1024,1024,1
2022-08-29T14:56:47,dense.1.tanh,769,46,2.011963129043579,0.5,0.1,8,2048,753664,3836082708,4.440161228179932,1024,1024,1
2022-08-29T14:56:50,dense.1.tanh,769,86,2.0044708251953125,0.2,0.1,8,1024,704512,3836082708,4.613483905792236,1024,1024,1
2022-08-29T14:56:52,dense.1.tanh,769,86,2.0027620792388916,1.0,0.1,8,1024,704512,3836082708,4.4536566734313965,1024,1024,1
2022-08-29T14:56:55,rec.1.relu,770,77,2.0049219131469727,0.5,0.1,4,2048,630784,3836082708,4.508140563964844,1024,1024,1
2022-08-29T14:56:58,rec.1.tanh-dense.1.tanh,772,74,2.0072429180145264,0.5,0.1,4,2048,606208,3836082708,4.434534549713135,1024,1024,1
2022-08-29T14:57:01,rec.1.tanh,770,81,2.0150952339172363,0.5,0.1,2,4096,663552,3836082708,4.367866516113281,1024,1024,1
2022-08-29T14:57:04,rec.1.relu,770,83,2.001873254776001,0.5,0.1,2,4096,679936,3836082708,4.3642258644104,1024,1024,1
2022-08-29T14:57:07,dense.1.tanh,769,85,2.010009765625,0.5,0.1,2,4096,696320,3836082708,4.409194469451904,1024,1024,1
2022-08-29T14:57:10,rec.1.relu-dense.1.tanh,772,79,2.011699914932251,0.5,0.1,2,4096,647168,3836082708,4.706569194793701,1024,1024,1
2022-08-29T14:57:13,rec.1.relu,770,44,2.0248820781707764,0.5,0.1,2,8192,720896,3836082708,4.797715187072754,1024,1024,1
2022-08-29T14:57:16,rec.1.relu,770,131,2.0059640407562256,0.5,0.1,2,2048,536576,3836082708,4.534548759460449,1024,1024,1
2022-08-29T14:57:19,rec.1.relu,770,83,2.0014569759368896,0.2,0.1,2,4096,679936,3836082708,4.949891090393066,1024,1024,1
2022-08-29T14:57:22,rec.1.relu,770,82,2.015619993209839,1.0,0.1,2,4096,671744,3836082708,4.482219219207764,1024,1024,1
2022-08-29T14:57:25,rec.1.tanh-dense.1.tanh,772,79,2.0101912021636963,0.5,0.1,2,4096,647168,3836082708,4.4573445320129395,1024,1024,1
2022-08-29T14:57:28,rec.1.tanh,770,44,2.0029897689819336,0.5,0.1,2,8192,720896,3836082708,4.3917460441589355,1024,1024,1
2022-08-29T14:57:31,rec.1.tanh,770,131,2.0086147785186768,0.5,0.1,2,2048,536576,3836082708,4.39357328414917,1024,1024,1
2022-08-29T14:57:34,rec.1.tanh,770,84,2.002471923828125,0.2,0.1,2,4096,688128,3836082708,4.5948052406311035,1024,1024,1
2022-08-29T14:57:37,rec.1.tanh,770,82,2.012683868408203,1.0,0.1,2,4096,671744,3836082708,4.4609599113464355,1024,1024,1
2022-08-29T14:57:40,rec.1.tanh,770,53,2.0195300579071045,0.5,0.1,4,4096,868352,3836082708,4.421984672546387,1024,1024,1
2022-08-29T14:57:43,rec.1.tanh,770,147,2.0061209201812744,0.5,0.1,4,1024,602112,3836082708,4.368481159210205,1024,1024,1
2022-08-29T14:57:46,rec.1.relu,770,149,2.0013649463653564,0.5,0.1,4,1024,610304,3836082708,4.367067813873291,1024,1024,1
2022-08-29T14:57:49,rec.1.relu-dense.1.tanh,772,128,2.0086939334869385,0.5,0.1,4,1024,524288,3836082708,4.811629295349121,1024,1024,1
2022-08-29T14:57:52,rec.1.relu,770,149,2.004377841949463,0.5,0.1,8,512,610304,3836082708,4.37306022644043,1024,1024,1
2022-08-29T14:57:55,rec.1.relu,770,225,2.004013776779175,0.5,0.1,4,512,460800,3836082708,4.429322719573975,1024,1024,1
2022-08-29T14:57:58,rec.1.relu,770,142,2.0003859996795654,0.2,0.1,4,1024,581632,3836082708,4.443866729736328,1024,1024,1
2022-08-29T14:58:01,rec.1.relu,770,148,2.0074613094329834,1.0,0.1,4,1024,606208,3836082708,4.722814559936523,1024,1024,1
2022-08-29T14:58:04,rec.1.tanh-dense.1.tanh,772,133,2.004915952682495,0.5,0.1,4,1024,544768,3836082708,4.39108419418335,1024,1024,1
2022-08-29T14:58:07,rec.1.tanh,770,246,2.0028951168060303,0.5,0.1,4,512,503808,3836082708,4.433224201202393,1024,1024,1
2022-08-29T14:58:10,rec.1.tanh,770,148,2.0081868171691895,0.2,0.1,4,1024,606208,3836082708,4.5605854988098145,1024,1024,1
2022-08-29T14:58:12,rec.1.tanh,770,146,2.0056729316711426,1.0,0.1,4,1024,598016,3836082708,4.429821968078613,1024,1024,1
2022-08-29T14:58:15,rec.1.relu-dense.1.tanh,772,138,2.001214027404785,0.5,0.1,8,512,565248,3836082708,4.389906406402588,1024,1024,1
2022-08-29T14:58:18,rec.1.relu,770,265,2.001319169998169,0.5,0.1,8,256,542720,3836082708,4.3540778160095215,1024,1024,1
2022-08-29T14:58:21,rec.1.tanh,770,253,2.002406120300293,0.5,0.1,8,256,518144,3836082708,4.383564472198486,1024,1024,1
2022-08-29T14:58:24,dense.1.tanh,769,259,2.0013372898101807,0.5,0.1,8,256,530432,3836082708,4.404177188873291,1024,1024,1
2022-08-29T14:58:27,rec.1.relu-dense.1.tanh,772,231,2.004282236099243,0.5,0.1,8,256,473088,3836082708,4.778274059295654,1024,1024,1
2022-08-29T14:58:30,rec.1.relu,770,278,2.010857105255127,0.5,0.1,16,128,569344,3836082708,4.363345146179199,1024,1024,1
2022-08-29T14:58:33,rec.1.relu,770,307,2.003527879714966,0.5,0.1,8,128,314368,3836082708,4.434398174285889,1024,1024,1
2022-08-29T14:58:36,rec.1.relu,770,263,2.002182722091675,0.2,0.1,8,256,538624,3836082708,4.504055500030518,1024,1024,1
2022-08-29T14:58:39,rec.1.relu,770,265,2.0017971992492676,1.0,0.1,8,256,542720,3836082708,4.856167316436768,1024,1024,1
2022-08-29T14:58:42,rec.1.tanh,770,279,2.001044988632202,0.5,0.1,16,128,571392,3836082708,4.3840789794921875,1024,1024,1
2022-08-29T14:58:45,rec.1.relu-dense.1.tanh,772,234,2.0061659812927246,0.5,0.1,16,128,479232,3836082708,4.444458484649658,1024,1024,1
2022-08-29T14:58:48,rec.1.relu,770,274,2.000429630279541,0.5,0.1,32,64,561152,3836082708,4.3515095710754395,1024,1024,1
2022-08-29T14:58:51,rec.1.tanh,770,309,2.0067057609558105,0.5,0.1,32,64,632832,3836082708,4.401595592498779,1024,1024,1
2022-08-29T14:58:54,rec.1.relu-dense.1.tanh,772,273,2.0049290657043457,0.5,0.1,32,64,559104,3836082708,4.390518665313721,1024,1024,1
2022-08-29T14:58:57,rec.1.relu,770,319,2.007016897201538,0.5,0.1,64,32,653312,3836082708,4.399233341217041,1024,1024,1
2022-08-29T14:59:00,rec.1.relu,770,184,2.0005838871002197,0.5,0.1,32,128,753664,3836082708,4.421799659729004,1024,1024,1
2022-08-29T14:59:03,rec.1.relu,770,353,2.0102763175964355,0.5,0.1,32,32,361472,3836082708,4.3516693115234375,1024,1024,1
2022-08-29T14:59:06,rec.1.relu,770,307,2.0041301250457764,0.2,0.1,32,64,628736,3836082708,4.359535217285156,1024,1024,1
2022-08-29T14:59:09,rec.1.relu,770,313,2.0025060176849365,1.0,0.1,32,64,641024,3836082708,4.63541316986084,1024,1024,1
2022-08-29T14:59:12,rec.1.tanh,770,382,2.0107319355010986,0.5,0.1,32,32,391168,3836082708,4.444916725158691,1024,1024,1
2022-08-29T14:59:15,dense.1.tanh,769,414,2.011072874069214,0.5,0.1,32,32,423936,3836082708,4.454983234405518,1024,1024,1
2022-08-29T14:59:18,rec.1.relu-dense.1.tanh,772,375,2.0022451877593994,0.5,0.1,32,32,384000,3836082708,4.455974102020264,1024,1024,1
2022-08-29T14:59:20,rec.1.relu,770,424,2.00905704498291,0.5,0.1,64,16,434176,3836082708,4.443624019622803,1024,1024,1
2022-08-29T14:59:23,rec.1.relu,770,401,2.000215768814087,0.5,0.1,16,64,410624,3836082708,4.401268482208252,1024,1024,1
2022-08-29T14:59:26,rec.1.relu,770,464,2.0078089237213135,0.5,0.1,32,16,237568,3836082708,4.771667003631592,1024,1024,1
2022-08-29T14:59:29,rec.1.relu,770,445,2.0020689964294434,0.2,0.1,32,32,455680,3836082708,4.378552436828613,1024,1024,1
2022-08-29T14:59:32,rec.1.relu,770,448,2.000779151916504,1.0,0.1,32,32,458752,3836082708,4.919026851654053,1024,1024,1
2022-08-29T14:59:35,rec.1.tanh,770,311,2.004009962081909,0.2,0.1,32,64,636928,3836082708,4.463342666625977,1024,1024,1
2022-08-29T14:59:38,dense.1.tanh,769,339,2.000155210494995,0.2,0.1,32,64,694272,3836082708,4.394931793212891,1024,1024,1
2022-08-29T14:59:41,rec.1.relu-dense.1.tanh,772,270,2.0016181468963623,0.2,0.1,32,64,552960,3836082708,4.664717197418213,1024,1024,1
2022-08-29T14:59:44,rec.1.relu,770,337,2.000138998031616,0.2,0.1,64,32,690176,3836082708,4.332949638366699,1024,1024,1
2022-08-29T14:59:47,rec.1.tanh,770,344,2.0037760734558105,0.2,0.1,64,32,704512,3836082708,4.408735752105713,1024,1024,1
2022-08-29T14:59:50,dense.1.tanh,769,349,2.0025858879089355,0.2,0.1,64,32,714752,3836082708,4.401398181915283,1024,1024,1
2022-08-29T14:59:53,rec.1.relu-dense.1.tanh,772,278,2.002187967300415,0.2,0.1,64,32,569344,3836082708,4.520236968994141,1024,1024,1
2022-08-29T14:59:56,rec.1.relu,770,329,2.00308895111084,0.2,0.1,128,16,673792,3836082708,4.356990337371826,1024,1024,1
2022-08-29T14:59:59,rec.1.relu,770,192,2.0048699378967285,0.2,0.1,64,64,786432,3836082708,4.398619651794434,1024,1024,1
2022-08-29T15:00:02,rec.1.relu,770,453,2.001101016998291,0.2,0.1,64,16,463872,3836082708,4.319816589355469,1024,1024,1
2022-08-29T15:00:05,rec.1.tanh,770,452,2.003235101699829,0.2,0.1,64,16,462848,3836082708,4.4023518562316895,1024,1024,1
2022-08-29T15:00:08,dense.1.tanh,769,473,2.0078470706939697,0.2,0.1,64,16,484352,3836082708,4.513591766357422,1024,1024,1
2022-08-29T15:00:11,rec.1.relu-dense.1.tanh,772,363,2.0014851093292236,0.2,0.1,64,16,371712,3836082708,4.438520431518555,1024,1024,1
2022-08-29T15:00:14,rec.1.relu,770,414,2.003100872039795,0.2,0.1,128,8,423936,3836082708,4.411611080169678,1024,1024,1
2022-08-29T15:00:17,rec.1.relu,770,467,2.0014922618865967,0.2,0.1,64,8,239104,3836082708,4.348414897918701,1024,1024,1
2022-08-29T15:00:20,rec.1.relu,770,396,2.003127098083496,0.1,0.1,64,16,405504,3836082708,4.587655544281006,1024,1024,1
2022-08-29T15:00:23,rec.1.relu,770,328,2.003944158554077,0.1,0.1,64,32,671744,3836082708,4.567047595977783,1024,1024,1
2022-08-29T15:00:26,rec.1.tanh,770,490,2.0020360946655273,0.2,0.1,64,8,250880,3836082708,4.4402337074279785,1024,1024,1
2022-08-29T15:00:29,dense.1.tanh,769,519,2.004984140396118,0.2,0.1,64,8,265728,3836082708,4.479761600494385,1024,1024,1
2022-08-29T15:00:32,rec.1.relu-dense.1.tanh,772,444,2.0026447772979736,0.2,0.1,64,8,227328,3836082708,4.463714122772217,1024,1024,1
2022-08-29T15:00:35,rec.1.relu,770,511,2.001779794692993,0.2,0.1,128,4,261632,3836082708,4.431318759918213,1024,1024,1
2022-08-29T15:00:38,rec.1.relu,770,529,2.00113582611084,0.2,0.1,32,16,270848,3836082708,4.42905855178833,1024,1024,1
2022-08-29T15:00:41,rec.1.relu,770,551,2.0030720233917236,0.2,0.1,64,4,141056,3836082708,4.41253137588501,1024,1024,1
2022-08-29T15:00:44,rec.1.relu,770,552,2.0058019161224365,0.1,0.1,64,8,282624,3836082708,4.519581317901611,1024,1024,1
2022-08-29T15:00:47,rec.1.relu,770,540,2.0020201206207275,0.5,0.1,64,8,276480,3836082708,4.516827583312988,1024,1024,1
2022-08-29T15:00:50,rec.1.tanh,770,333,2.001161813735962,0.2,0.1,128,16,681984,3836082708,4.417250633239746,1024,1024,1
2022-08-29T15:00:53,dense.1.tanh,769,366,2.0010788440704346,0.2,0.1,128,16,749568,3836082708,4.353067398071289,1024,1024,1
2022-08-29T15:00:56,dense.1.relu,769,360,2.003368854522705,0.2,0.1,128,16,737280,3836082708,4.385541915893555,1024,1024,1
2022-08-29T15:00:58,dense.1.tanh-dense.1.tanh,771,311,2.004117965698242,0.2,0.1,128,16,636928,3836082708,4.478833198547363,1024,1024,1
2022-08-29T15:01:01,dense.1.tanh,769,368,2.0003950595855713,0.2,0.1,256,8,753664,3836082708,4.427298545837402,1024,1024,1
2022-08-29T15:01:04,dense.1.tanh,769,213,2.000603199005127,0.2,0.1,128,32,872448,3836082708,4.4689507484436035,1024,1024,1
2022-08-29T15:01:07,dense.1.tanh,769,478,2.0000858306884766,0.2,0.1,128,8,489472,3836082708,4.3911824226379395,1024,1024,1
2022-08-29T15:01:10,dense.1.tanh,769,360,2.0039258003234863,0.1,0.1,128,16,737280,3836082708,4.623581409454346,1024,1024,1
2022-08-29T15:01:13,dense.1.tanh,769,353,2.0038769245147705,0.5,0.1,128,16,722944,3836082708,4.446174621582031,1024,1024,1
2022-08-29T15:01:16,rec.1.relu-dense.1.tanh,772,285,2.0025620460510254,0.2,0.1,128,16,583680,3836082708,4.810551643371582,1024,1024,1
2022-08-29T15:01:19,rec.1.relu,770,330,2.00216007232666,0.2,0.1,256,8,675840,3836082708,4.3590087890625,1024,1024,1
2022-08-29T15:01:22,rec.1.relu,770,204,2.002918243408203,0.2,0.1,128,32,835584,3836082708,4.434929370880127,1024,1024,1
2022-08-29T15:01:25,rec.1.relu,770,330,2.003350019454956,0.1,0.1,128,16,675840,3836082708,4.631229877471924,1024,1024,1
2022-08-29T15:01:28,rec.1.relu,770,330,2.0046579837799072,0.5,0.1,128,16,675840,3836082708,4.815954685211182,1024,1024,1
2022-08-29T15:01:31,rec.1.tanh,770,334,2.003541946411133,0.2,0.1,256,8,684032,3836082708,4.41783332824707,1024,1024,1
2022-08-29T15:01:34,rec.1.relu-dense.1.tanh,772,293,2.00018310546875,0.2,0.1,256,8,600064,3836082708,4.552002906799316,1024,1024,1
2022-08-29T15:01:37,rec.1.relu,770,322,2.0024099349975586,0.2,0.1,512,4,659456,3836082708,4.3921709060668945,1024,1024,1
2022-08-29T15:01:40,rec.1.relu,770,218,2.0040781497955322,0.2,0.1,256,16,892928,3836082708,4.415750980377197,1024,1024,1
2022-08-29T15:01:43,rec.1.relu,770,433,2.0020980834960938,0.2,0.1,256,4,443392,3836082708,4.40165376663208,1024,1024,1
2022-08-29T15:01:46,rec.1.relu,770,336,2.0047311782836914,0.1,0.1,256,8,688128,3836082708,4.572322845458984,1024,1024,1
2022-08-29T15:01:49,rec.1.relu,770,344,2.003911018371582,0.5,0.1,256,8,704512,3836082708,4.434811115264893,1024,1024,1
2022-08-29T15:01:52,rec.1.relu,770,278,2.0032148361206055,0.2,0.1,16,128,569344,3836082708,4.373720169067383,1024,1024,1
2022-08-29T15:01:55,rec.1.relu,770,185,2.0067667961120605,0.2,0.1,32,128,757760,3836082708,4.391978740692139,1024,1024,1
2022-08-29T15:01:58,rec.1.relu,770,311,2.0026450157165527,0.1,0.1,32,64,636928,3836082708,4.58664608001709,1024,1024,1
2022-08-29T15:02:01,rec.1.relu,770,451,2.000753879547119,0.2,0.1,64,16,461824,3836082708,4.369381904602051,1024,1024,1
2022-08-29T15:02:04,rec.1.relu,770,277,2.0010743141174316,1.0,0.1,16,128,567296,3836082708,4.915472984313965,1024,1024,1
2022-08-29T15:02:07,rec.1.relu,770,154,2.002147674560547,0.2,0.1,8,512,630784,3836082708,4.460083961486816,1024,1024,1
2022-08-29T15:02:10,rec.1.relu,770,156,2.005021095275879,1.0,0.1,8,512,638976,3836082708,4.784141540527344,1024,1024,1
2022-08-29T15:02:13,rec.1.tanh,770,272,2.003282070159912,0.2,0.1,16,128,557056,3836082708,4.42623233795166,1024,1024,1
2022-08-29T15:02:16,dense.1.tanh,769,287,2.000148296356201,0.2,0.1,16,128,587776,3836082708,4.454123020172119,1024,1024,1
2022-08-29T15:02:18,rec.1.relu-dense.1.tanh,772,238,2.002568006515503,0.2,0.1,16,128,487424,3836082708,4.466638565063477,1024,1024,1
2022-08-29T15:02:21,rec.1.relu,770,171,2.0003018379211426,0.2,0.1,16,256,700416,3836082708,4.825806140899658,1024,1024,1
2022-08-29T15:02:24,rec.1.relu,770,395,2.003627061843872,0.2,0.1,16,64,404480,3836082708,4.4387969970703125,1024,1024,1
2022-08-29T15:02:27,rec.1.relu,770,280,2.0023019313812256,0.1,0.1,16,128,573440,3836082708,4.677577018737793,1024,1024,1
2022-08-29T15:02:30,rec.1.relu,770,339,2.0017709732055664,0.2,0.1,64,32,694272,3836082708,4.439306735992432,1024,1024,1
2022-08-29T15:02:33,rec.1.tanh,770,79,2.018038034439087,0.2,0.1,4,2048,647168,3836082708,4.637574195861816,1024,1024,1
2022-08-29T15:02:36,rec.1.tanh,770,79,2.012342929840088,1.0,0.1,4,2048,647168,3836082708,4.428425312042236,1024,1024,1
2022-08-29T15:02:39,rec.1.tanh,770,449,2.0021262168884277,0.2,0.1,32,32,459776,3836082708,4.421446323394775,1024,1024,1
2022-08-29T15:02:42,dense.1.tanh,769,498,2.0001888275146484,0.2,0.1,32,32,509952,3836082708,4.380405902862549,1024,1024,1
2022-08-29T15:02:45,rec.1.relu-dense.1.tanh,772,378,2.003117084503174,0.2,0.1,32,32,387072,3836082708,4.7796101570129395,1024,1024,1
2022-08-29T15:02:48,rec.1.relu,770,450,2.0021491050720215,0.1,0.1,32,32,460800,3836082708,4.4968342781066895,1024,1024,1
2022-08-29T15:02:51,dense.1.tanh,769,163,2.0001540184020996,0.2,0.1,8,512,667648,3836082708,4.513298988342285,1024,1024,1
2022-08-29T15:02:54,dense.1.tanh,769,165,2.006514072418213,1.0,0.1,8,512,675840,3836082708,4.444659233093262,1024,1024,1
2022-08-29T15:02:57,dense.1.relu-dense.1.relu,771,144,2.005652904510498,0.5,0.1,8,512,589824,3836082708,4.7963738441467285,1024,1024,1
2022-08-29T15:03:00,dense.1.relu-rec.1.tanh,772,130,2.001668930053711,0.5,0.1,8,512,532480,3836082708,4.822950839996338,1024,1024,1
2022-08-29T15:03:03,dense.1.relu-gru.1.tanh,778,101,2.0042121410369873,0.5,0.1,8,512,413696,3836082708,4.783191680908203,1024,1024,1
2022-08-29T15:03:06,dense.1.relu-lstm.1,781,90,2.0104660987854004,0.5,0.1,8,512,368640,3836082708,4.760211944580078,1024,1024,1
2022-08-29T15:03:09,dense.1.relu-dense.1.tanh-dense.1.tanh,773,130,2.0071537494659424,0.5,0.1,8,512,532480,3836082708,4.822650909423828,1024,1024,1
2022-08-29T15:03:12,dense.1.relu-dense.1.tanh,771,152,2.0035462379455566,0.5,0.1,16,256,622592,3836082708,4.781586647033691,1024,1024,1
2022-08-29T15:03:15,dense.1.relu-dense.1.tanh,771,142,2.004051923751831,0.5,0.1,4,1024,581632,3836082708,4.448773384094238,1024,1024,1
2022-08-29T15:03:18,dense.1.relu-dense.1.tanh,771,81,2.0054099559783936,0.5,0.1,8,1024,663552,3836082708,4.450290679931641,1024,1024,1
2022-08-29T15:03:21,dense.1.relu-dense.1.tanh,771,244,2.0006840229034424,0.5,0.1,8,256,499712,3836082708,4.4405694007873535,1024,1024,1
2022-08-29T15:03:24,dense.1.relu-dense.1.tanh,771,143,2.005091905593872,0.2,0.1,8,512,585728,3836082708,4.8670334815979,1024,1024,1
2022-08-29T15:03:27,dense.1.relu-dense.1.tanh,771,142,2.002819776535034,1.0,0.1,8,512,581632,3836082708,4.865305423736572,1024,1024,1
2022-08-29T15:03:30,dense.1.relu,769,495,2.0030641555786133,0.2,0.1,32,32,506880,3836082708,4.3310322761535645,1024,1024,1
2022-08-29T15:03:32,dense.1.relu-dense.1.tanh,771,413,2.0023770332336426,0.2,0.1,32,32,422912,3836082708,4.465473175048828,1024,1024,1
2022-08-29T15:03:35,dense.1.relu,769,504,2.00101900100708,0.2,0.1,64,16,516096,3836082708,4.367176532745361,1024,1024,1
2022-08-29T15:03:38,dense.1.relu,769,435,2.0021798610687256,0.2,0.1,16,64,445440,3836082708,4.373528003692627,1024,1024,1
2022-08-29T15:03:41,dense.1.relu,769,345,2.0013036727905273,0.2,0.1,32,64,706560,3836082708,4.375629901885986,1024,1024,1
2022-08-29T15:03:44,dense.1.relu,769,576,2.00481915473938,0.2,0.1,32,16,294912,3836082708,4.405649662017822,1024,1024,1
2022-08-29T15:03:47,dense.1.relu,769,492,2.0001490116119385,0.1,0.1,32,32,503808,3836082708,4.586206912994385,1024,1024,1
2022-08-29T15:03:50,dense.1.relu,769,502,2.003135919570923,0.5,0.1,32,32,514048,3836082708,4.427104949951172,1024,1024,1
2022-08-29T15:03:53,dense.1.relu-dense.1.tanh,771,415,2.001246929168701,0.2,0.1,64,16,424960,3836082708,4.436511993408203,1024,1024,1
2022-08-29T15:03:56,dense.1.relu,769,474,2.0014002323150635,0.2,0.1,128,8,485376,3836082708,4.354946136474609,1024,1024,1
2022-08-29T15:03:59,rec.1.tanh,770,437,2.00101375579834,0.2,0.1,128,8,447488,3836082708,4.413677215576172,1024,1024,1
2022-08-29T15:04:02,dense.1.relu-dense.1.tanh,771,400,2.00022292137146,0.2,0.1,128,8,409600,3836082708,4.433116912841797,1024,1024,1
2022-08-29T15:04:05,dense.1.relu,769,489,2.0004231929779053,0.2,0.1,256,4,500736,3836082708,4.4687418937683105,1024,1024,1
2022-08-29T15:04:08,dense.1.relu,769,582,2.0018510818481445,0.2,0.1,128,4,297984,3836082708,4.4139180183410645,1024,1024,1
2022-08-29T15:04:11,dense.1.relu,769,483,2.002760887145996,0.1,0.1,128,8,494592,3836082708,4.528271675109863,1024,1024,1
2022-08-29T15:04:14,dense.1.relu,769,485,2.0002481937408447,0.5,0.1,128,8,496640,3836082708,4.437943935394287,1024,1024,1
2022-08-29T15:04:17,dense.1.relu,769,370,2.0021159648895264,0.2,0.1,64,32,757760,3836082708,4.434754848480225,1024,1024,1
2022-08-29T15:04:20,dense.1.relu,769,594,2.0001869201660156,0.2,0.1,64,8,304128,3836082708,4.765921592712402,1024,1024,1
2022-08-29T15:04:23,dense.1.relu,769,508,2.001711845397949,0.1,0.1,64,16,520192,3836082708,4.587285041809082,1024,1024,1
2022-08-29T15:04:26,dense.1.relu,769,480,2.0025601387023926,0.5,0.1,64,16,491520,3836082708,4.424041748046875,1024,1024,1
2022-08-29T15:04:29,dense.1.tanh,769,444,2.0030741691589355,0.2,0.1,16,64,454656,3836082708,4.444648265838623,1024,1024,1
2022-08-29T15:04:32,rec.1.tanh,770,409,2.0030858516693115,0.2,0.1,16,64,418816,3836082708,4.4494733810424805,1024,1024,1
2022-08-29T15:04:35,dense.1.relu-dense.1.tanh,771,373,2.003844976425171,0.2,0.1,16,64,381952,3836082708,4.4332685470581055,1024,1024,1
2022-08-29T15:04:37,dense.1.relu,769,400,2.002425193786621,0.2,0.1,8,128,409600,3836082708,4.373885154724121,1024,1024,1
2022-08-29T15:04:40,dense.1.relu,769,311,2.0019052028656006,0.2,0.1,16,128,636928,3836082708,4.793954372406006,1024,1024,1
2022-08-29T15:04:43,dense.1.relu,769,602,2.0066959857940674,0.2,0.1,16,32,308224,3836082708,4.391530513763428,1024,1024,1
2022-08-29T15:04:46,dense.1.relu,769,455,2.0027718544006348,0.1,0.1,16,64,465920,3836082708,4.44566011428833,1024,1024,1
2022-08-29T15:04:49,dense.1.relu,769,446,2.0030899047851562,0.5,0.1,16,64,456704,3836082708,4.41129207611084,1024,1024,1
2022-08-29T15:04:52,dense.1.tanh,769,406,2.001523017883301,0.2,0.1,8,128,415744,3836082708,4.49456787109375,1024,1024,1
2022-08-29T15:04:55,rec.1.tanh,770,365,2.0032262802124023,0.2,0.1,8,128,373760,3836082708,4.462850570678711,1024,1024,1
2022-08-29T15:04:58,dense.1.relu-dense.1.tanh,771,332,2.001328945159912,0.2,0.1,8,128,339968,3836082708,4.455214977264404,1024,1024,1
2022-08-29T15:05:01,dense.1.relu,769,396,2.001645088195801,0.2,0.1,4,256,405504,3836082708,4.831914901733398,1024,1024,1
2022-08-29T15:05:04,dense.1.relu,769,280,2.0012619495391846,0.2,0.1,8,256,573440,3836082708,4.3744730949401855,1024,1024,1
2022-08-29T15:05:07,dense.1.relu,769,596,2.0025200843811035,0.2,0.1,8,64,305152,3836082708,4.393858909606934,1024,1024,1
2022-08-29T15:05:10,dense.1.relu,769,419,2.002187728881836,0.1,0.1,8,128,429056,3836082708,4.606435775756836,1024,1024,1
2022-08-29T15:05:13,dense.1.relu,769,419,2.0008208751678467,0.5,0.1,8,128,429056,3836082708,4.4570136070251465,1024,1024,1
2022-08-29T15:05:16,dense.1.relu,769,501,2.0013887882232666,0.2,0.1,32,32,513024,3836082708,4.355388164520264,1024,1024,1
2022-08-29T15:05:19,dense.1.tanh,769,243,2.001629114151001,0.2,0.1,8,256,497664,3836082708,4.4756760597229,1024,1024,1
2022-08-29T15:05:22,rec.1.tanh,770,251,2.000215768814087,0.2,0.1,8,256,514048,3836082708,4.492821216583252,1024,1024,1
2022-08-29T15:05:25,dense.1.relu-dense.1.tanh,771,242,2.0057380199432373,0.2,0.1,8,256,495616,3836082708,4.605574607849121,1024,1024,1
2022-08-29T15:05:28,dense.1.relu,769,259,2.001005172729492,0.2,0.1,4,512,530432,3836082708,4.398471832275391,1024,1024,1
2022-08-29T15:05:31,dense.1.relu,769,162,2.0003089904785156,0.2,0.1,8,512,663552,3836082708,4.44824743270874,1024,1024,1
2022-08-29T15:05:34,dense.1.relu,769,285,2.001478910446167,0.1,0.1,8,256,583680,3836082708,4.500443458557129,1024,1024,1
2022-08-29T15:05:37,dense.1.relu,769,282,2.0006461143493652,0.5,0.1,8,256,577536,3836082708,4.434394359588623,1024,1024,1
2022-08-29T15:05:40,dense.1.relu-dense.1.tanh,771,292,2.0023250579833984,0.2,0.1,32,64,598016,3836082708,4.843091011047363,1024,1024,1
2022-08-29T15:05:43,dense.1.relu,769,200,2.001779079437256,0.2,0.1,32,128,819200,3836082708,4.375072479248047,1024,1024,1
2022-08-29T15:05:46,rec.1.tanh,770,182,2.002228021621704,0.2,0.1,32,128,745472,3836082708,4.4940876960754395,1024,1024,1
2022-08-29T15:05:48,dense.1.relu-dense.1.tanh,771,166,2.006965160369873,0.2,0.1,32,128,679936,3836082708,4.440061092376709,1024,1024,1
2022-08-29T15:05:51,dense.1.relu,769,209,2.0062010288238525,0.2,0.1,64,64,856064,3836082708,4.408609867095947,1024,1024,1
2022-08-29T15:05:54,dense.1.relu,769,181,2.0005271434783936,0.2,0.1,16,256,741376,3836082708,4.390331268310547,1024,1024,1
2022-08-29T15:05:57,dense.1.relu,769,100,2.0020060539245605,0.2,0.1,32,256,819200,3836082708,4.555075168609619,1024,1024,1
2022-08-29T15:06:00,dense.1.relu,769,183,2.001105785369873,0.1,0.1,32,128,749568,3836082708,4.86965274810791,1024,1024,1
2022-08-29T15:06:03,dense.1.relu,769,303,2.001483917236328,0.1,0.1,32,64,620544,3836082708,4.591487407684326,1024,1024,1
2022-08-29T15:06:06,dense.1.relu,769,299,2.001655101776123,0.5,0.1,32,64,612352,3836082708,4.426434516906738,1024,1024,1
2022-08-29T15:06:09,dense.1.tanh-dense.1.tanh,771,375,2.001582145690918,0.2,0.1,32,32,384000,3836082708,4.418060779571533,1024,1024,1
2022-08-29T15:06:12,dense.1.tanh,769,611,2.0042200088500977,0.2,0.1,32,16,312832,3836082708,4.390391826629639,1024,1024,1
2022-08-29T15:06:15,dense.1.tanh,769,503,2.0020251274108887,0.1,0.1,32,32,515072,3836082708,4.5803914070129395,1024,1024,1
2022-08-29T15:06:18,dense.1.relu-gru.1.tanh,778,117,2.0009429454803467,0.5,0.1,32,128,479232,3836082708,4.812905788421631,1024,1024,1
2022-08-29T15:06:21,dense.1.tanh-gru.1.relu,778,110,2.003977060317993,0.5,0.1,32,128,450560,3836082708,4.783624172210693,1024,1024,1
2022-08-29T15:06:24,dense.1.tanh-gru.1.tanh-dense.1.tanh,780,93,2.0098769664764404,0.5,0.1,32,128,380928,3836082708,4.398976802825928,1024,1024,1
2022-08-29T15:06:27,dense.1.tanh-gru.1.tanh,778,96,2.001030206680298,0.5,0.1,64,64,393216,3836082708,4.372121334075928,1024,1024,1
2022-08-29T15:06:30,dense.1.relu-gru.1.tanh,778,100,2.001487970352173,0.5,0.1,64,64,409600,3836082708,4.810471057891846,1024,1024,1
2022-08-29T15:06:33,dense.1.tanh-gru.1.relu,778,98,2.006704807281494,0.5,0.1,64,64,401408,3836082708,4.376035690307617,1024,1024,1
2022-08-29T15:06:36,dense.1.tanh-rec.1.tanh,772,168,2.006594181060791,0.5,0.1,64,64,688128,3836082708,4.481621265411377,1024,1024,1
2022-08-29T15:06:39,dense.1.tanh-lstm.1,781,79,2.010345935821533,0.5,0.1,64,64,323584,3836082708,4.391524791717529,1024,1024,1
2022-08-29T15:06:42,dense.1.tanh-gru.1.tanh-dense.1.tanh,780,84,2.009761095046997,0.5,0.1,64,64,344064,3836082708,4.597831726074219,1024,1024,1
2022-08-29T15:06:45,dense.1.tanh-gru.1.tanh,778,129,2.001037120819092,0.5,0.1,128,32,528384,3836082708,4.393374443054199,1024,1024,1
2022-08-29T15:06:48,dense.1.tanh-gru.1.tanh,778,65,2.007534980773926,0.5,0.1,64,128,532480,3836082708,4.47830057144165,1024,1024,1
2022-08-29T15:06:51,dense.1.tanh-gru.1.tanh,778,182,2.0056920051574707,0.5,0.1,64,32,372736,3836082708,4.3972392082214355,1024,1024,1
2022-08-29T15:06:54,dense.1.tanh-gru.1.tanh,778,85,2.0032458305358887,0.2,0.1,64,64,348160,3836082708,4.5584397315979,1024,1024,1
2022-08-29T15:06:57,dense.1.tanh-gru.1.tanh,778,91,2.003509998321533,1.0,0.1,64,64,372736,3836082708,4.914125442504883,1024,1024,1
2022-08-29T15:07:00,dense.1.relu-gru.1.relu,778,104,2.0074591636657715,0.5,0.1,64,64,425984,3836082708,4.79229736328125,1024,1024,1
2022-08-29T15:07:03,dense.1.tanh-gru.1.relu-dense.1.tanh,780,77,2.005621910095215,0.5,0.1,64,64,315392,3836082708,4.805829048156738,1024,1024,1
2022-08-29T15:07:06,dense.1.tanh-gru.1.relu,778,122,2.009929895401001,0.5,0.1,128,32,499712,3836082708,4.8235321044921875,1024,1024,1
2022-08-29T15:07:09,dense.1.tanh-gru.1.relu,778,65,2.0147316455841064,0.5,0.1,64,128,532480,3836082708,4.7826828956604,1024,1024,1
2022-08-29T15:07:12,dense.1.tanh-gru.1.relu,778,163,2.000438928604126,0.5,0.1,64,32,333824,3836082708,4.431344985961914,1024,1024,1
2022-08-29T15:07:15,dense.1.tanh-gru.1.relu,778,95,2.0108988285064697,0.2,0.1,64,64,389120,3836082708,4.514202117919922,1024,1024,1
2022-08-29T15:07:18,dense.1.tanh-gru.1.relu,778,93,2.0016400814056396,1.0,0.1,64,64,380928,3836082708,4.852999687194824,1024,1024,1
2022-08-29T15:07:21,dense.1.tanh-gru.1.tanh,778,50,2.011448860168457,0.5,0.1,16,256,204800,3836082708,4.600699424743652,1024,1024,1
2022-08-29T15:07:25,dense.1.tanh-gru.1.tanh,778,60,2.0129311084747314,0.5,0.1,32,256,491520,3836082708,4.425266742706299,1024,1024,1
2022-08-29T15:07:28,dense.1.tanh-gru.1.tanh,778,135,2.0009758472442627,0.5,0.1,32,64,276480,3836082708,4.375814437866211,1024,1024,1
2022-08-29T15:07:31,dense.1.relu-gru.1.tanh,778,142,2.0057551860809326,0.5,0.1,32,64,290816,3836082708,4.833789348602295,1024,1024,1
2022-08-29T15:07:34,dense.1.tanh-gru.1.relu,778,140,2.0072200298309326,0.5,0.1,32,64,286720,3836082708,4.7921833992004395,1024,1024,1
2022-08-29T15:07:37,dense.1.tanh-rec.1.tanh,772,257,2.003109931945801,0.5,0.1,32,64,526336,3836082708,4.415797233581543,1024,1024,1
2022-08-29T15:07:40,dense.1.tanh-lstm.1,781,93,2.000764846801758,0.5,0.1,32,64,190464,3836082708,4.477141380310059,1024,1024,1
2022-08-29T15:07:43,dense.1.tanh-gru.1.tanh-dense.1.tanh,780,112,2.005064010620117,0.5,0.1,32,64,229376,3836082708,4.3785319328308105,1024,1024,1
2022-08-29T15:07:46,dense.1.tanh-gru.1.tanh,778,158,2.003235101699829,0.5,0.1,16,128,323584,3836082708,4.388115882873535,1024,1024,1
2022-08-29T15:07:49,dense.1.tanh-gru.1.tanh,778,221,2.000354051589966,0.5,0.1,32,32,226304,3836082708,4.432114124298096,1024,1024,1
2022-08-29T15:07:52,dense.1.tanh-gru.1.tanh,778,138,2.006053924560547,0.2,0.1,32,64,282624,3836082708,4.469510555267334,1024,1024,1
2022-08-29T15:07:55,dense.1.tanh-gru.1.tanh,778,135,2.000088930130005,1.0,0.1,32,64,276480,3836082708,4.905828952789307,1024,1024,1
2022-08-29T15:07:58,dense.1.relu-gru.1.tanh-dense.1.tanh,780,119,2.0023787021636963,0.5,0.1,32,64,243712,3836082708,4.839511871337891,1024,1024,1
2022-08-29T15:08:01,dense.1.tanh-gru.2.tanh-dense.1.tanh,796,85,2.0028631687164307,0.5,0.1,32,64,174080,3836082708,4.484310626983643,1024,1024,1
2022-08-29T15:08:04,dense.1.tanh-gru.1.relu-dense.1.tanh,780,106,2.002112865447998,0.5,0.1,32,64,217088,3836082708,4.80629301071167,1024,1024,1
2022-08-29T15:08:07,dense.1.tanh-rec.1.tanh-dense.1.tanh,774,216,2.005405902862549,0.5,0.1,32,64,442368,3836082708,4.409038543701172,1024,1024,1
2022-08-29T15:08:10,dense.1.tanh-lstm.1-dense.1.tanh,783,84,2.0078542232513428,0.5,0.1,32,64,172032,3836082708,4.794776439666748,1024,1024,1
2022-08-29T15:08:13,dense.1.tanh-gru.1.tanh-dense.1.relu,780,119,2.0062379837036133,0.5,0.1,32,64,243712,3836082708,4.836832046508789,1024,1024,1
2022-08-29T15:08:16,dense.1.tanh-gru.1.tanh-rec.1.tanh,781,100,2.0015921592712402,0.5,0.1,32,64,204800,3836082708,4.812936305999756,1024,1024,1
2022-08-29T15:08:19,dense.1.tanh-gru.1.tanh-gru.1.tanh,787,26,2.0031230449676514,0.5,0.1,32,64,53248,3836082708,4.5496697425842285,1024,1024,1
2022-08-29T15:08:22,dense.1.tanh-gru.1.tanh-lstm.1,790,9,2.0088677406311035,0.5,0.1,32,64,18432,3836082708,5.065521717071533,1024,1024,1
2022-08-29T15:08:25,dense.1.tanh-gru.1.tanh-dense.1.tanh-dense.1.tanh,782,77,2.0002198219299316,0.5,0.1,32,64,157696,3836082708,4.794005393981934,1024,1024,1
2022-08-29T15:08:28,dense.1.tanh-gru.1.tanh-dense.1.tanh,780,161,2.0058209896087646,0.5,0.1,64,32,329728,3836082708,4.4665398597717285,1024,1024,1
2022-08-29T15:08:31,dense.1.tanh-gru.1.tanh-dense.1.tanh,780,134,2.007233142852783,0.5,0.1,16,128,274432,3836082708,4.399496555328369,1024,1024,1
2022-08-29T15:08:34,dense.1.tanh-gru.1.tanh-dense.1.tanh,780,194,2.002742052078247,0.5,0.1,32,32,198656,3836082708,4.441445350646973,1024,1024,1
2022-08-29T15:08:37,dense.1.tanh-gru.1.tanh-dense.1.tanh,780,116,2.001879930496216,0.2,0.1,32,64,237568,3836082708,4.535989761352539,1024,1024,1
2022-08-29T15:08:40,dense.1.tanh-gru.1.tanh-dense.1.tanh,780,116,2.0077009201049805,1.0,0.1,32,64,237568,3836082708,4.8525896072387695,1024,1024,1
2022-08-29T15:08:43,dense.1.tanh-gru.1.tanh,778,111,2.0098118782043457,0.2,0.1,32,128,454656,3836082708,4.646181106567383,1024,1024,1
2022-08-29T15:08:46,dense.1.tanh-gru.1.tanh,778,113,2.0087506771087646,1.0,0.1,32,128,462848,3836082708,4.837590217590332,1024,1024,1
2022-08-29T15:08:49,rec.1.tanh-dense.1.tanh,772,200,2.003432035446167,0.5,0.1,8,256,409600,3836082708,4.395201683044434,1024,1024,1
2022-08-29T15:08:52,rec.1.tanh,770,356,2.0015060901641846,0.5,0.1,8,128,364544,3836082708,4.432384490966797,1024,1024,1
2022-08-29T15:08:55,rec.1.tanh,770,246,2.0035130977630615,1.0,0.1,8,256,503808,3836082708,4.452282905578613,1024,1024,1
2022-08-29T15:08:58,dense.1.relu,769,151,2.0020267963409424,0.5,0.1,4,1024,618496,3836082708,4.401053428649902,1024,1024,1
2022-08-29T15:09:01,dense.1.relu,769,158,2.0078659057617188,1.0,0.1,8,512,647168,3836082708,4.882552146911621,1024,1024,1
2022-08-29T15:09:04,rec.1.tanh-dense.1.tanh,772,194,2.002701997756958,0.5,0.1,16,128,397312,3836082708,4.429140567779541,1024,1024,1
2022-08-29T15:09:07,rec.1.tanh,770,402,2.0036630630493164,0.5,0.1,16,64,411648,3836082708,4.394150257110596,1024,1024,1
2022-08-29T15:09:10,rec.1.tanh,770,265,2.0024302005767822,1.0,0.1,16,128,542720,3836082708,4.46220588684082,1024,1024,1
2022-08-29T15:09:13,rec.1.relu-dense.1.tanh,772,77,2.014524221420288,0.5,0.1,8,1024,630784,3836082708,4.799869060516357,1024,1024,1
2022-08-29T15:09:16,rec.1.tanh-dense.1.relu,772,76,2.017796039581299,0.5,0.1,8,1024,622592,3836082708,4.805613040924072,1024,1024,1
2022-08-29T15:09:19,rec.1.tanh-rec.1.tanh,773,74,2.001342296600342,0.5,0.1,8,1024,606208,3836082708,4.4184112548828125,1024,1024,1
2022-08-29T15:09:22,rec.1.tanh-gru.1.tanh,779,61,2.011335849761963,0.5,0.1,8,1024,499712,3836082708,4.434905052185059,1024,1024,1
2022-08-29T15:09:25,rec.1.tanh-lstm.1,782,54,2.00004506111145,0.5,0.1,8,1024,442368,3836082708,4.468358039855957,1024,1024,1
2022-08-29T15:09:28,rec.1.tanh-dense.1.tanh-dense.1.tanh,774,73,2.014312982559204,0.5,0.1,8,1024,598016,3836082708,4.4420881271362305,1024,1024,1
2022-08-29T15:09:31,rec.1.tanh-dense.1.tanh,772,81,2.016138792037964,0.5,0.1,16,512,663552,3836082708,4.3974833488464355,1024,1024,1
2022-08-29T15:09:34,rec.1.tanh-dense.1.tanh,772,42,2.0096561908721924,0.5,0.1,8,2048,688128,3836082708,4.535670757293701,1024,1024,1
2022-08-29T15:09:37,rec.1.tanh-dense.1.tanh,772,76,2.0061428546905518,0.2,0.1,8,1024,622592,3836082708,4.596055030822754,1024,1024,1
2022-08-29T15:09:40,rec.1.tanh-dense.1.tanh,772,77,2.0126891136169434,1.0,0.1,8,1024,630784,3836082708,4.683277606964111,1024,1024,1
2022-08-29T15:09:43,dense.1.relu-dense.1.tanh,771,303,2.0014262199401855,0.2,0.1,128,16,620544,3836082708,4.441230297088623,1024,1024,1
2022-08-29T15:09:46,dense.1.relu,769,366,2.003800868988037,0.2,0.1,256,8,749568,3836082708,4.454253196716309,1024,1024,1
2022-08-29T15:09:49,dense.1.relu,769,217,2.0004019737243652,0.2,0.1,128,32,888832,3836082708,4.4137067794799805,1024,1024,1
2022-08-29T15:09:52,dense.1.relu,769,355,2.002249002456665,0.1,0.1,128,16,727040,3836082708,4.559269428253174,1024,1024,1
2022-08-29T15:09:55,dense.1.relu,769,353,2.002857208251953,0.5,0.1,128,16,722944,3836082708,4.668743133544922,1024,1024,1
2022-08-29T15:09:58,dense.1.tanh-dense.1.relu,771,140,2.001662015914917,0.5,0.1,4,1024,573440,3836082708,4.841489791870117,1024,1024,1
2022-08-29T15:10:01,dense.1.tanh-rec.1.tanh,772,127,2.0080959796905518,0.5,0.1,4,1024,520192,3836082708,4.40487003326416,1024,1024,1
2022-08-29T15:10:04,dense.1.tanh-gru.1.tanh,778,88,2.0081639289855957,0.5,0.1,4,1024,360448,3836082708,4.386092185974121,1024,1024,1
2022-08-29T15:10:07,dense.1.tanh-lstm.1,781,86,2.0128252506256104,0.5,0.1,4,1024,352256,3836082708,5.20443058013916,1024,1024,1
2022-08-29T15:10:10,dense.1.tanh-dense.1.tanh-dense.1.tanh,773,121,2.0048000812530518,0.5,0.1,4,1024,495616,3836082708,4.426715850830078,1024,1024,1
2022-08-29T15:10:13,dense.1.tanh-dense.1.tanh,771,124,2.0040128231048584,0.5,0.1,2,2048,507904,3836082708,4.395412445068359,1024,1024,1
2022-08-29T15:10:16,dense.1.tanh-dense.1.tanh,771,75,2.011276960372925,0.5,0.1,4,2048,614400,3836082708,4.411424160003662,1024,1024,1
2022-08-29T15:10:19,dense.1.tanh-dense.1.tanh,771,214,2.006300926208496,0.5,0.1,4,512,438272,3836082708,4.392419815063477,1024,1024,1
2022-08-29T15:10:22,dense.1.tanh-dense.1.tanh,771,133,2.000419855117798,0.2,0.1,4,1024,544768,3836082708,4.582241535186768,1024,1024,1
2022-08-29T15:10:25,dense.1.tanh-dense.1.tanh,771,131,2.000540018081665,1.0,0.1,4,1024,536576,3836082708,4.8497724533081055,1024,1024,1
2022-08-29T15:10:28,dense.1.relu-gru.1.tanh,778,95,2.0045278072357178,0.5,0.1,4,1024,389120,3836082708,4.433680534362793,1024,1024,1
2022-08-29T15:10:31,dense.1.tanh-gru.1.relu,778,96,2.0048906803131104,0.5,0.1,4,1024,393216,3836082708,4.805619716644287,1024,1024,1
2022-08-29T15:10:34,dense.1.tanh-gru.1.tanh-dense.1.tanh,780,89,2.013286828994751,0.5,0.1,4,1024,364544,3836082708,4.451858997344971,1024,1024,1
2022-08-29T15:10:37,dense.1.tanh-gru.1.tanh,778,88,2.0108840465545654,0.5,0.1,2,2048,360448,3836082708,4.442350387573242,1024,1024,1
2022-08-29T15:10:40,dense.1.tanh-gru.1.tanh,778,51,2.0005199909210205,0.5,0.1,4,2048,417792,3836082708,4.393878936767578,1024,1024,1
2022-08-29T15:10:43,dense.1.tanh-gru.1.tanh,778,139,2.0013670921325684,0.5,0.1,4,512,284672,3836082708,4.928533554077148,1024,1024,1
2022-08-29T15:10:46,dense.1.tanh-gru.1.tanh,778,97,2.0076842308044434,0.2,0.1,4,1024,397312,3836082708,4.57871675491333,1024,1024,1
2022-08-29T15:10:49,dense.1.tanh-gru.1.tanh,778,98,2.0045809745788574,1.0,0.1,4,1024,401408,3836082708,4.87914514541626,1024,1024,1
2022-08-29T15:10:52,dense.1.tanh,769,484,2.0006420612335205,0.2,0.1,32,32,495616,3836082708,4.3997907638549805,1024,1024,1
2022-08-29T15:10:55,rec.1.tanh,770,427,2.002033233642578,0.2,0.1,32,32,437248,3836082708,4.376791000366211,1024,1024,1
2022-08-29T15:10:58,dense.1.relu-dense.1.tanh,771,403,2.000576972961426,0.2,0.1,32,32,412672,3836082708,4.415385723114014,1024,1024,1
2022-08-29T15:11:01,dense.1.relu,769,492,2.0020618438720703,0.2,0.1,64,16,503808,3836082708,4.404355525970459,1024,1024,1
2022-08-29T15:11:04,dense.1.relu,769,443,2.003312826156616,0.2,0.1,16,64,453632,3836082708,4.36613130569458,1024,1024,1
2022-08-29T15:11:07,dense.1.relu,769,333,2.001283884048462,0.2,0.1,32,64,681984,3836082708,4.393730163574219,1024,1024,1
2022-08-29T15:11:10,dense.1.relu,769,617,2.0066118240356445,0.2,0.1,32,16,315904,3836082708,4.8042755126953125,1024,1024,1
2022-08-29T15:11:13,dense.1.relu,769,489,2.0006489753723145,0.1,0.1,32,32,500736,3836082708,4.570919990539551,1024,1024,1
2022-08-29T15:11:16,dense.1.relu,769,491,2.0004122257232666,0.5,0.1,32,32,502784,3836082708,4.436112403869629,1024,1024,1
2022-08-29T15:11:19,rec.1.tanh,770,435,2.0018279552459717,0.2,0.1,64,16,445440,3836082708,4.3845133781433105,1024,1024,1
2022-08-29T15:11:22,dense.1.tanh,769,483,2.000709056854248,0.2,0.1,64,16,494592,3836082708,4.429244041442871,1024,1024,1
2022-08-29T15:11:25,rec.1.relu-dense.1.tanh,772,367,2.0012619495391846,0.2,0.1,64,16,375808,3836082708,4.399422645568848,1024,1024,1
2022-08-29T15:11:28,rec.1.relu,770,419,2.0015511512756348,0.2,0.1,128,8,429056,3836082708,4.362359523773193,1024,1024,1
2022-08-29T15:11:31,rec.1.relu-dense.1.tanh,772,343,2.0001649856567383,0.2,0.1,128,8,351232,3836082708,4.545916557312012,1024,1024,1
2022-08-29T15:11:34,rec.1.relu,770,415,2.0019898414611816,0.1,0.1,128,8,424960,3836082708,4.530206680297852,1024,1024,1
2022-08-29T15:11:37,rec.1.relu,770,419,2.0005290508270264,0.5,0.1,128,8,429056,3836082708,4.460482597351074,1024,1024,1
2022-08-29T15:11:40,rec.1.relu,770,438,2.002445697784424,0.2,0.1,32,32,448512,3836082708,4.344029903411865,1024,1024,1
2022-08-29T15:11:43,rec.1.relu,770,513,2.0015718936920166,0.2,0.1,64,8,262656,3836082708,4.415707588195801,1024,1024,1
2022-08-29T15:11:46,rec.1.relu,770,416,2.0024569034576416,0.1,0.1,64,16,425984,3836082708,4.636936187744141,1024,1024,1
2022-08-29T15:11:49,rec.1.relu,770,430,2.0026450157165527,0.5,0.1,64,16,440320,3836082708,4.547484397888184,1024,1024,1
2022-08-29T15:11:52,dense.1.relu-gru.1.tanh,778,160,2.0012271404266357,0.5,0.1,16,128,327680,3836082708,4.535916328430176,1024,1024,1
2022-08-29T15:11:55,dense.1.tanh-gru.1.relu,778,139,2.00791072845459,0.5,0.1,16,128,284672,3836082708,4.384993553161621,1024,1024,1
2022-08-29T15:11:58,dense.1.relu-gru.1.relu,778,123,2.002149820327759,0.5,0.1,16,128,251904,3836082708,4.823899745941162,1024,1024,1
2022-08-29T15:12:01,dense.1.tanh-dense.1.tanh,771,232,2.002493143081665,0.5,0.1,16,128,475136,3836082708,4.420769691467285,1024,1024,1
2022-08-29T15:12:04,dense.1.tanh-rec.1.tanh,772,225,2.0043272972106934,0.5,0.1,16,128,460800,3836082708,4.428005695343018,1024,1024,1
2022-08-29T15:12:07,dense.1.tanh-lstm.1,781,128,2.0004019737243652,0.5,0.1,16,128,262144,3836082708,4.39421272277832,1024,1024,1
2022-08-29T15:12:10,dense.1.tanh-gru.1.relu-dense.1.tanh,780,123,2.003079891204834,0.5,0.1,16,128,251904,3836082708,4.793651103973389,1024,1024,1
2022-08-29T15:12:13,dense.1.tanh-gru.1.relu,778,132,2.003343105316162,0.5,0.1,8,256,270336,3836082708,4.804062843322754,1024,1024,1
2022-08-29T15:12:16,dense.1.tanh-gru.1.relu,778,91,2.0076942443847656,0.5,0.1,16,256,372736,3836082708,4.80224609375,1024,1024,1
2022-08-29T15:12:19,dense.1.tanh-gru.1.relu,778,165,2.0014030933380127,0.5,0.1,16,64,168960,3836082708,4.820223331451416,1024,1024,1
2022-08-29T15:12:22,dense.1.tanh-gru.1.relu,778,148,2.0040247440338135,0.2,0.1,16,128,303104,3836082708,4.392795085906982,1024,1024,1
2022-08-29T15:12:25,dense.1.tanh-gru.1.relu,778,137,2.0005271434783936,1.0,0.1,16,128,280576,3836082708,4.844555377960205,1024,1024,1
2022-08-29T15:12:28,dense.1.tanh-gru.1.tanh,778,69,2.0068700313568115,0.5,0.1,8,256,141312,3836082708,4.380462646484375,1024,1024,1
2022-08-29T15:12:31,dense.1.relu-gru.1.tanh,778,142,2.004134178161621,0.5,0.1,8,256,290816,3836082708,4.819949150085449,1024,1024,1
2022-08-29T15:12:34,dense.1.tanh-rec.1.tanh,772,170,2.005795955657959,0.5,0.1,8,256,348160,3836082708,4.43368673324585,1024,1024,1
2022-08-29T15:12:37,dense.1.tanh-lstm.1,781,9,2.0082991123199463,0.5,0.1,8,256,18432,3836082708,4.926538467407227,1024,1024,1
2022-08-29T15:12:40,dense.1.tanh-gru.1.tanh-dense.1.tanh,780,46,2.0052950382232666,0.5,0.1,8,256,94208,3836082708,4.787501811981201,1024,1024,1
2022-08-29T15:12:43,dense.1.tanh-gru.1.tanh,778,156,2.000077962875366,0.5,0.1,8,128,159744,3836082708,4.413629531860352,1024,1024,1
2022-08-29T15:12:46,dense.1.tanh-gru.1.tanh,778,68,2.0067250728607178,0.2,0.1,8,256,139264,3836082708,4.682158946990967,1024,1024,1
2022-08-29T15:12:49,dense.1.tanh-gru.1.tanh,778,72,2.005929946899414,1.0,0.1,8,256,147456,3836082708,4.829553127288818,1024,1024,1
2022-08-29T15:12:52,dense.1.tanh-gru.1.tanh,778,161,2.002573013305664,0.5,0.1,16,64,164864,3836082708,4.427755832672119,1024,1024,1
2022-08-29T15:12:55,dense.1.tanh-gru.1.tanh,778,155,2.006204843521118,0.2,0.1,16,128,317440,3836082708,4.44158411026001,1024,1024,1
2022-08-29T15:12:58,dense.1.tanh-gru.1.tanh,778,134,2.006032943725586,1.0,0.1,16,128,274432,3836082708,4.890083312988281,1024,1024,1
2022-08-29T15:13:01,rec.1.tanh,770,72,2.006432056427002,0.5,0.1,8,1024,589824,3836082708,4.409134864807129,1024,1024,1
2022-08-29T15:13:04,rec.1.relu-dense.1.relu,772,119,2.001563787460327,0.5,0.1,8,512,487424,3836082708,4.768711090087891,1024,1024,1
2022-08-29T15:13:07,rec.1.relu-rec.1.tanh,773,123,2.0006771087646484,0.5,0.1,8,512,503808,3836082708,4.782024383544922,1024,1024,1
2022-08-29T15:13:10,rec.1.relu-gru.1.tanh,779,94,2.0052731037139893,0.5,0.1,8,512,385024,3836082708,4.8022637367248535,1024,1024,1
2022-08-29T15:13:14,rec.1.relu-lstm.1,782,86,2.0128798484802246,0.5,0.1,8,512,352256,3836082708,7.369945526123047,1024,1024,1
2022-08-29T15:13:17,rec.1.relu-dense.1.tanh-dense.1.tanh,774,114,2.0017220973968506,0.5,0.1,8,512,466944,3836082708,4.452962875366211,1024,1024,1
2022-08-29T15:13:20,rec.1.relu-dense.1.tanh,772,141,2.0063669681549072,0.5,0.1,16,256,577536,3836082708,4.81422233581543,1024,1024,1
2022-08-29T15:13:23,rec.1.relu-dense.1.tanh,772,131,2.0037922859191895,0.2,0.1,8,512,536576,3836082708,4.553930282592773,1024,1024,1
2022-08-29T15:13:26,rec.1.relu-dense.1.tanh,772,132,2.0077829360961914,1.0,0.1,8,512,540672,3836082708,4.4790167808532715,1024,1024,1
2022-08-29T15:13:29,dense.1.tanh,769,163,2.0045669078826904,0.5,0.1,16,256,667648,3836082708,4.385838031768799,1024,1024,1
2022-08-29T15:13:32,rec.1.tanh,770,162,2.006932020187378,0.2,0.1,16,256,663552,3836082708,4.5704545974731445,1024,1024,1
2022-08-29T15:13:35,dense.1.relu-dense.1.tanh,771,149,2.0034120082855225,0.2,0.1,16,256,610304,3836082708,4.582671642303467,1024,1024,1
2022-08-29T15:13:38,dense.1.relu,769,84,2.0070338249206543,0.2,0.1,16,512,688128,3836082708,4.526912689208984,1024,1024,1
2022-08-29T15:13:40,dense.1.relu,769,174,2.0061397552490234,0.1,0.1,16,256,712704,3836082708,4.9431538581848145,1024,1024,1
2022-08-29T15:13:43,rec.1.tanh,770,540,2.00085186958313,0.2,0.1,32,16,276480,3836082708,4.400722503662109,1024,1024,1
2022-08-29T15:13:46,dense.1.tanh-dense.1.tanh,771,497,2.0002050399780273,0.2,0.1,32,16,254464,3836082708,4.420363903045654,1024,1024,1
2022-08-29T15:13:49,dense.1.tanh,769,549,2.0016558170318604,0.2,0.1,16,32,281088,3836082708,4.470919132232666,1024,1024,1
2022-08-29T15:13:53,dense.1.tanh,769,622,2.000723123550415,0.2,0.1,32,8,159232,3836082708,4.458593368530273,1024,1024,1
2022-08-29T15:13:56,dense.1.tanh,769,623,2.005129814147949,0.1,0.1,32,16,318976,3836082708,4.616024494171143,1024,1024,1
2022-08-29T15:13:59,dense.1.tanh,769,622,2.0017552375793457,0.5,0.1,32,16,318464,3836082708,4.553149700164795,1024,1024,1
2022-08-29T15:14:02,rec.1.tanh-dense.1.tanh,772,250,2.0020856857299805,0.5,0.1,32,64,512000,3836082708,4.452488899230957,1024,1024,1
2022-08-29T15:14:05,rec.1.relu-dense.1.relu,772,255,2.00421404838562,0.5,0.1,32,64,522240,3836082708,4.779133319854736,1024,1024,1
2022-08-29T15:14:08,rec.1.relu-rec.1.tanh,773,213,2.0034289360046387,0.5,0.1,32,64,436224,3836082708,4.40645170211792,1024,1024,1
2022-08-29T15:14:11,rec.1.relu-gru.1.tanh,779,140,2.005052089691162,0.5,0.1,32,64,286720,3836082708,4.753426551818848,1024,1024,1
2022-08-29T15:14:14,rec.1.relu-lstm.1,782,117,2.0079469680786133,0.5,0.1,32,64,239616,3836082708,4.858891010284424,1024,1024,1
2022-08-29T15:14:17,rec.1.relu-dense.1.tanh-dense.1.tanh,774,217,2.002943992614746,0.5,0.1,32,64,444416,3836082708,4.414525508880615,1024,1024,1
2022-08-29T15:14:20,rec.1.relu-dense.1.tanh,772,284,2.005222797393799,0.5,0.1,64,32,581632,3836082708,4.788421630859375,1024,1024,1
2022-08-29T15:14:23,rec.1.relu-dense.1.tanh,772,160,2.008358955383301,0.5,0.1,32,128,655360,3836082708,4.777556419372559,1024,1024,1
2022-08-29T15:14:26,rec.1.relu-dense.1.tanh,772,266,2.0054001808166504,1.0,0.1,32,64,544768,3836082708,4.854822158813477,1024,1024,1
2022-08-29T15:14:29,rec.1.tanh-dense.1.relu,772,132,2.0100479125976562,0.5,0.1,4,1024,540672,3836082708,4.7809834480285645,1024,1024,1
2022-08-29T15:14:32,rec.1.tanh-rec.1.tanh,773,126,2.004328966140747,0.5,0.1,4,1024,516096,3836082708,4.37045955657959,1024,1024,1
2022-08-29T15:14:35,rec.1.relu-rec.1.tanh,773,127,2.011240243911743,0.5,0.1,4,1024,520192,3836082708,4.839948654174805,1024,1024,1
2022-08-29T15:14:38,rec.1.tanh-rec.1.relu,773,126,2.001088857650757,0.5,0.1,4,1024,516096,3836082708,4.849487781524658,1024,1024,1
2022-08-29T15:14:41,rec.1.tanh-gru.1.tanh,779,96,2.005784749984741,0.5,0.1,4,1024,393216,3836082708,4.387451648712158,1024,1024,1
2022-08-29T15:14:44,rec.1.tanh-lstm.1,782,87,2.0105819702148438,0.5,0.1,4,1024,356352,3836082708,4.383684158325195,1024,1024,1
2022-08-29T15:14:47,rec.1.tanh-rec.1.tanh-dense.1.tanh,775,117,2.0119290351867676,0.5,0.1,4,1024,479232,3836082708,4.385758399963379,1024,1024,1
2022-08-29T15:14:50,rec.1.tanh-rec.1.tanh,773,132,2.009936809539795,0.5,0.1,8,512,540672,3836082708,4.439413547515869,1024,1024,1
2022-08-29T15:14:53,rec.1.tanh-rec.1.tanh,773,117,2.0096800327301025,0.5,0.1,2,2048,479232,3836082708,4.433480739593506,1024,1024,1
2022-08-29T15:14:56,rec.1.tanh-rec.1.tanh,773,73,2.0185458660125732,0.5,0.1,4,2048,598016,3836082708,4.44257926940918,1024,1024,1
2022-08-29T15:14:58,rec.1.tanh-rec.1.tanh,773,210,2.0040502548217773,0.5,0.1,4,512,430080,3836082708,4.434378147125244,1024,1024,1
2022-08-29T15:15:01,rec.1.tanh-rec.1.tanh,773,110,2.007765054702759,0.2,0.1,4,1024,450560,3836082708,4.516486644744873,1024,1024,1
2022-08-29T15:15:04,rec.1.tanh-rec.1.tanh,773,128,2.0111138820648193,1.0,0.1,4,1024,524288,3836082708,4.808197975158691,1024,1024,1
2022-08-29T15:15:07,rec.1.relu-lstm.1,782,82,2.001582145690918,0.5,0.1,4,1024,335872,3836082708,4.826070308685303,1024,1024,1
2022-08-29T15:15:10,rec.1.tanh-lstm.1-dense.1.tanh,784,81,2.011230945587158,0.5,0.1,4,1024,331776,3836082708,4.452557563781738,1024,1024,1
2022-08-29T15:15:13,rec.1.tanh-lstm.1,782,90,2.011362075805664,0.5,0.1,8,512,368640,3836082708,4.913326740264893,1024,1024,1
2022-08-29T15:15:17,rec.1.tanh-lstm.1,782,82,2.0069730281829834,0.5,0.1,2,2048,335872,3836082708,4.405758857727051,1024,1024,1
2022-08-29T15:15:20,rec.1.tanh-lstm.1,782,53,2.0198781490325928,0.5,0.1,4,2048,434176,3836082708,4.367568016052246,1024,1024,1
2022-08-29T15:15:23,rec.1.relu-lstm.1,782,53,2.022960901260376,0.5,0.1,4,2048,434176,3836082708,4.78854513168335,1024,1024,1
2022-08-29T15:15:26,rec.1.tanh-gru.1.tanh,779,59,2.008538007736206,0.5,0.1,4,2048,483328,3836082708,4.533558368682861,1024,1024,1
2022-08-29T15:15:29,rec.1.tanh-lstm.1-dense.1.tanh,784,42,2.0088131427764893,0.5,0.1,4,2048,344064,3836082708,4.523452281951904,1024,1024,1
2022-08-29T15:15:32,rec.1.tanh-lstm.1,782,52,2.013796329498291,0.5,0.1,2,4096,425984,3836082708,4.734572410583496,1024,1024,1
2022-08-29T15:15:35,rec.1.tanh-lstm.1,782,37,2.014451026916504,0.5,0.1,4,4096,606208,3836082708,4.600937366485596,1024,1024,1
2022-08-29T15:15:38,rec.1.tanh-lstm.1,782,52,2.014517307281494,0.2,0.1,4,2048,425984,3836082708,4.6865386962890625,1024,1024,1
2022-08-29T15:15:41,rec.1.tanh-lstm.1,782,52,2.0045690536499023,1.0,0.1,4,2048,425984,3836082708,4.815816402435303,1024,1024,1
2022-08-29T15:15:44,rec.1.tanh-lstm.1,782,125,2.004153251647949,0.5,0.1,4,512,256000,3836082708,4.396331787109375,1024,1024,1
2022-08-29T15:15:47,rec.1.tanh-lstm.1,782,86,2.0111358165740967,0.2,0.1,4,1024,352256,3836082708,4.526968955993652,1024,1024,1
2022-08-29T15:15:50,rec.1.tanh-lstm.1,782,72,2.0064010620117188,1.0,0.1,4,1024,294912,3836082708,4.788444519042969,1024,1024,1
2022-08-29T15:15:53,rec.1.relu-rec.1.tanh-dense.1.tanh,775,117,2.011436700820923,0.5,0.1,4,1024,479232,3836082708,4.581228256225586,1024,1024,1
2022-08-29T15:15:56,dense.1.tanh-rec.1.tanh-dense.1.tanh,774,123,2.008005142211914,0.5,0.1,4,1024,503808,3836082708,4.412415504455566,1024,1024,1
2022-08-29T15:15:59,rec.1.tanh-rec.2.tanh-dense.1.tanh,781,112,2.0008699893951416,0.5,0.1,4,1024,458752,3836082708,4.400086402893066,1024,1024,1
2022-08-29T15:16:02,rec.1.tanh-rec.1.relu-dense.1.tanh,775,118,2.0100879669189453,0.5,0.1,4,1024,483328,3836082708,4.803674697875977,1024,1024,1
2022-08-29T15:16:05,rec.1.tanh-gru.1.tanh-dense.1.tanh,781,91,2.0016000270843506,0.5,0.1,4,1024,372736,3836082708,4.84478235244751,1024,1024,1
2022-08-29T15:16:08,rec.1.tanh-rec.1.tanh-dense.1.relu,775,117,2.011201858520508,0.5,0.1,4,1024,479232,3836082708,4.828582763671875,1024,1024,1
2022-08-29T15:16:11,rec.1.tanh-rec.1.tanh-rec.1.tanh,776,114,2.002661943435669,0.5,0.1,4,1024,466944,3836082708,4.480598449707031,1024,1024,1
2022-08-29T15:16:14,rec.1.tanh-rec.1.tanh-gru.1.tanh,782,86,2.0001380443573,0.5,0.1,4,1024,352256,3836082708,4.798774719238281,1024,1024,1
2022-08-29T15:16:17,rec.1.tanh-rec.1.tanh-lstm.1,785,77,2.003896713256836,0.5,0.1,4,1024,315392,3836082708,4.391753673553467,1024,1024,1
2022-08-29T15:16:20,rec.1.tanh-rec.1.tanh-dense.1.tanh-dense.1.tanh,777,105,2.00976824760437,0.5,0.1,4,1024,430080,3836082708,4.814120292663574,1024,1024,1
2022-08-29T15:16:23,rec.1.tanh-rec.1.tanh-dense.1.tanh,775,123,2.0069029331207275,0.5,0.1,8,512,503808,3836082708,4.45773983001709,1024,1024,1
2022-08-29T15:16:26,rec.1.tanh-rec.1.tanh-dense.1.tanh,775,107,2.0096089839935303,0.5,0.1,2,2048,438272,3836082708,4.423948287963867,1024,1024,1
2022-08-29T15:16:29,rec.1.tanh-rec.1.tanh-dense.1.tanh,775,69,2.0174689292907715,0.5,0.1,4,2048,565248,3836082708,4.49497127532959,1024,1024,1
2022-08-29T15:16:32,rec.1.tanh-rec.1.tanh-dense.1.tanh,775,156,2.0073909759521484,0.5,0.1,4,512,319488,3836082708,4.407904148101807,1024,1024,1
2022-08-29T15:16:35,rec.1.tanh-rec.1.tanh-dense.1.tanh,775,114,2.0068018436431885,0.2,0.1,4,1024,466944,3836082708,4.526294231414795,1024,1024,1
2022-08-29T15:16:38,rec.1.tanh-rec.1.tanh-dense.1.tanh,775,112,2.012155055999756,1.0,0.1,4,1024,458752,3836082708,4.842615604400635,1024,1024,1
2022-08-29T15:16:41,rec.1.relu-gru.1.tanh,779,96,2.0028979778289795,0.5,0.1,4,1024,393216,3836082708,4.796757221221924,1024,1024,1
2022-08-29T15:16:44,rec.1.tanh-gru.1.relu,779,96,2.0027379989624023,0.5,0.1,4,1024,393216,3836082708,4.795341491699219,1024,1024,1
2022-08-29T15:16:47,rec.1.tanh-gru.1.tanh,779,102,2.005825996398926,0.5,0.1,8,512,417792,3836082708,4.4013776779174805,1024,1024,1
2022-08-29T15:16:50,rec.1.tanh-gru.1.tanh,779,91,2.010654926300049,0.5,0.1,2,2048,372736,3836082708,4.4466471672058105,1024,1024,1
2022-08-29T15:16:53,rec.1.tanh-gru.1.tanh,779,149,2.00321102142334,0.5,0.1,4,512,305152,3836082708,4.467885971069336,1024,1024,1
2022-08-29T15:16:56,rec.1.tanh-gru.1.tanh,779,99,2.0107829570770264,0.2,0.1,4,1024,405504,3836082708,4.5776262283325195,1024,1024,1
2022-08-29T15:16:59,rec.1.tanh-gru.1.tanh,779,99,2.0049588680267334,1.0,0.1,4,1024,405504,3836082708,4.829628944396973,1024,1024,1
2022-08-29T15:17:02,rec.1.tanh-dense.1.tanh-dense.1.tanh,774,122,2.0018112659454346,0.5,0.1,4,1024,499712,3836082708,4.4448652267456055,1024,1024,1
2022-08-29T15:17:05,rec.1.tanh-dense.1.tanh,772,123,2.010352849960327,0.5,0.1,2,2048,503808,3836082708,4.4252519607543945,1024,1024,1
2022-08-29T15:17:08,rec.1.tanh-dense.1.tanh,772,220,2.0058891773223877,0.5,0.1,4,512,450560,3836082708,4.442266941070557,1024,1024,1
2022-08-29T15:17:11,rec.1.tanh-dense.1.tanh,772,133,2.006239414215088,0.2,0.1,4,1024,544768,3836082708,4.551452159881592,1024,1024,1
2022-08-29T15:17:14,rec.1.tanh-dense.1.tanh,772,133,2.0006542205810547,1.0,0.1,4,1024,544768,3836082708,4.795314311981201,1024,1024,1
2022-08-29T15:17:17,dense.1.tanh-dense.1.tanh,771,401,2.0018041133880615,0.2,0.1,128,8,410624,3836082708,4.520471572875977,1024,1024,1
2022-08-29T15:17:19,dense.1.tanh,769,493,2.0030431747436523,0.2,0.1,256,4,504832,3836082708,4.444365501403809,1024,1024,1
2022-08-29T15:17:22,dense.1.tanh,769,619,2.0001587867736816,0.2,0.1,128,4,316928,3836082708,4.432044982910156,1024,1024,1
2022-08-29T15:17:25,dense.1.tanh,769,487,2.000121831893921,0.1,0.1,128,8,498688,3836082708,4.6014580726623535,1024,1024,1
2022-08-29T15:17:28,dense.1.tanh,769,489,2.000821828842163,0.5,0.1,128,8,500736,3836082708,4.457512855529785,1024,1024,1
2022-08-29T15:17:31,dense.1.relu-lstm.1,781,59,2.002044200897217,0.5,0.1,64,64,241664,3836082708,4.814442157745361,1024,1024,1
2022-08-29T15:17:34,dense.1.tanh-lstm.1-dense.1.tanh,783,63,2.0024240016937256,0.5,0.1,64,64,258048,3836082708,4.463334560394287,1024,1024,1
2022-08-29T15:17:37,dense.1.tanh-lstm.1,781,108,2.0065479278564453,0.5,0.1,128,32,442368,3836082708,4.3970489501953125,1024,1024,1
2022-08-29T15:17:40,dense.1.tanh-lstm.1,781,65,2.0177981853485107,0.5,0.1,64,128,532480,3836082708,4.348384380340576,1024,1024,1
2022-08-29T15:17:43,dense.1.relu-lstm.1,781,65,2.006160020828247,0.5,0.1,64,128,532480,3836082708,4.474105358123779,1024,1024,1
2022-08-29T15:17:46,dense.1.tanh-dense.1.tanh,771,90,2.0056509971618652,0.5,0.1,64,128,737280,3836082708,4.453531265258789,1024,1024,1
2022-08-29T15:17:49,dense.1.tanh-rec.1.tanh,772,91,2.0133261680603027,0.5,0.1,64,128,745472,3836082708,4.424074649810791,1024,1024,1
2022-08-29T15:17:52,dense.1.tanh,769,104,2.0148611068725586,0.5,0.1,64,128,851968,3836082708,4.456543922424316,1024,1024,1
2022-08-29T15:17:55,dense.1.tanh-lstm.1-dense.1.tanh,783,56,2.018206834793091,0.5,0.1,64,128,458752,3836082708,4.456700801849365,1024,1024,1
2022-08-29T15:17:58,dense.1.tanh-lstm.1,781,45,2.004678964614868,0.5,0.1,128,64,368640,3836082708,4.508887767791748,1024,1024,1
2022-08-29T15:18:01,dense.1.tanh-lstm.1,781,57,2.0154271125793457,0.5,0.1,32,256,466944,3836082708,4.39865255355835,1024,1024,1
2022-08-29T15:18:04,dense.1.tanh-lstm.1,781,33,2.025984048843384,0.5,0.1,64,256,540672,3836082708,4.483593463897705,1024,1024,1
2022-08-29T15:18:07,dense.1.tanh-lstm.1,781,64,2.002744197845459,0.2,0.1,64,128,524288,3836082708,4.627684116363525,1024,1024,1
2022-08-29T15:18:10,dense.1.tanh-lstm.1,781,65,2.018164873123169,1.0,0.1,64,128,532480,3836082708,4.813207626342773,1024,1024,1
2022-08-29T15:18:13,dense.1.tanh-lstm.1,781,153,2.003499984741211,0.5,0.1,64,32,313344,3836082708,4.379664897918701,1024,1024,1
2022-08-29T15:18:16,dense.1.relu-lstm.1,781,152,2.003859043121338,0.5,0.1,64,32,311296,3836082708,4.391767978668213,1024,1024,1
2022-08-29T15:18:19,dense.1.tanh-dense.1.tanh,771,318,2.002465009689331,0.5,0.1,64,32,651264,3836082708,4.445593357086182,1024,1024,1
2022-08-29T15:18:22,dense.1.tanh-rec.1.tanh,772,297,2.0039772987365723,0.5,0.1,64,32,608256,3836082708,4.417118549346924,1024,1024,1
2022-08-29T15:18:25,dense.1.tanh,769,372,2.000412940979004,0.5,0.1,64,32,761856,3836082708,4.399942398071289,1024,1024,1
2022-08-29T15:18:28,dense.1.tanh-lstm.1-dense.1.tanh,783,107,2.0062520503997803,0.5,0.1,64,32,219136,3836082708,4.614343166351318,1024,1024,1
2022-08-29T15:18:31,dense.1.tanh-lstm.1,781,159,2.0059659481048584,0.5,0.1,128,16,325632,3836082708,4.473773002624512,1024,1024,1
2022-08-29T15:18:34,dense.1.tanh-lstm.1,781,194,2.001457929611206,0.5,0.1,64,16,198656,3836082708,4.523344039916992,1024,1024,1
2022-08-29T15:18:37,dense.1.tanh-lstm.1,781,153,2.0045509338378906,0.2,0.1,64,32,313344,3836082708,4.371134281158447,1024,1024,1
2022-08-29T15:18:40,dense.1.relu-lstm.1,781,154,2.00203800201416,0.2,0.1,64,32,315392,3836082708,4.426239490509033,1024,1024,1
2022-08-29T15:18:43,dense.1.tanh-dense.1.tanh,771,320,2.0023679733276367,0.2,0.1,64,32,655360,3836082708,4.465108871459961,1024,1024,1
2022-08-29T15:18:46,dense.1.tanh-rec.1.tanh,772,297,2.0045089721679688,0.2,0.1,64,32,608256,3836082708,4.415040493011475,1024,1024,1
2022-08-29T15:18:49,dense.1.tanh-gru.1.tanh,778,189,2.0058860778808594,0.2,0.1,64,32,387072,3836082708,4.452341556549072,1024,1024,1
2022-08-29T15:18:52,dense.1.tanh-lstm.1-dense.1.tanh,783,133,2.0025289058685303,0.2,0.1,64,32,272384,3836082708,4.551480293273926,1024,1024,1
2022-08-29T15:18:55,dense.1.tanh-lstm.1,781,160,2.004662036895752,0.2,0.1,128,16,327680,3836082708,4.46599817276001,1024,1024,1
2022-08-29T15:18:58,dense.1.tanh-lstm.1,781,111,2.0000510215759277,0.2,0.1,32,64,227328,3836082708,4.485764026641846,1024,1024,1
2022-08-29T15:19:01,dense.1.tanh-lstm.1,781,79,2.0080740451812744,0.2,0.1,64,64,323584,3836082708,4.4935407638549805,1024,1024,1
2022-08-29T15:19:04,dense.1.tanh-lstm.1,781,189,2.002403974533081,0.2,0.1,64,16,193536,3836082708,4.4359331130981445,1024,1024,1
2022-08-29T15:19:07,dense.1.tanh-lstm.1,781,153,2.0074830055236816,0.1,0.1,64,32,313344,3836082708,4.956398963928223,1024,1024,1
2022-08-29T15:19:10,dense.1.tanh-lstm.1,781,151,2.0064799785614014,1.0,0.1,64,32,309248,3836082708,4.852245330810547,1024,1024,1
2022-08-29T15:19:13,dense.1.tanh-lstm.1,781,77,2.0105559825897217,1.0,0.1,64,64,315392,3836082708,4.8386006355285645,1024,1024,1
2022-08-29T15:19:16,rec.1.tanh,770,537,2.0008420944213867,0.2,0.1,16,32,274944,3836082708,4.431215286254883,1024,1024,1
2022-08-29T15:19:19,dense.1.relu-dense.1.tanh,771,462,2.0019989013671875,0.2,0.1,16,32,236544,3836082708,4.433310031890869,1024,1024,1
2022-08-29T15:19:22,dense.1.relu,769,647,2.0004019737243652,0.2,0.1,16,16,165632,3836082708,4.378583908081055,1024,1024,1
2022-08-29T15:19:25,dense.1.tanh,769,671,2.0075578689575195,0.2,0.1,16,16,171776,3836082708,4.445204734802246,1024,1024,1
2022-08-29T15:19:28,rec.1.tanh,770,648,2.0004470348358154,0.2,0.1,16,16,165888,3836082708,4.435934543609619,1024,1024,1
2022-08-29T15:19:31,dense.1.relu-dense.1.tanh,771,470,2.000016927719116,0.2,0.1,16,16,120320,3836082708,4.492731094360352,1024,1024,1
2022-08-29T15:19:34,dense.1.relu,769,685,2.0083391666412354,0.2,0.1,32,8,175360,3836082708,4.358363151550293,1024,1024,1
2022-08-29T15:19:37,rec.1.tanh,770,640,2.002275228500366,0.2,0.1,32,8,163840,3836082708,4.447327613830566,1024,1024,1
2022-08-29T15:19:39,dense.1.relu-dense.1.tanh,771,568,2.0018763542175293,0.2,0.1,32,8,145408,3836082708,4.439643859863281,1024,1024,1
2022-08-29T15:19:42,dense.1.relu,769,696,2.0004870891571045,0.2,0.1,64,4,178176,3836082708,4.417708396911621,1024,1024,1
2022-08-29T15:19:45,dense.1.relu,769,709,2.0078840255737305,0.2,0.1,32,4,90752,3836082708,4.453643321990967,1024,1024,1
2022-08-29T15:19:48,dense.1.relu,769,718,2.0031590461730957,0.1,0.1,32,8,183808,3836082708,4.837582111358643,1024,1024,1
2022-08-29T15:19:51,dense.1.relu,769,724,2.004045248031616,0.5,0.1,32,8,185344,3836082708,4.483941555023193,1024,1024,1
2022-08-29T15:19:54,dense.1.relu,769,716,2.0015718936920166,0.2,0.1,8,32,183296,3836082708,4.390650749206543,1024,1024,1
2022-08-29T15:19:57,dense.1.relu,769,732,2.0020060539245605,0.2,0.1,16,8,93696,3836082708,4.442598819732666,1024,1024,1
2022-08-29T15:20:00,dense.1.relu,769,739,2.0056660175323486,0.1,0.1,16,16,189184,3836082708,4.593066215515137,1024,1024,1
2022-08-29T15:20:03,dense.1.relu,769,743,2.0005829334259033,0.5,0.1,16,16,190208,3836082708,4.459705829620361,1024,1024,1
2022-08-29T15:20:06,dense.1.tanh,769,705,2.000018835067749,0.2,0.1,8,32,180480,3836082708,4.412416458129883,1024,1024,1
2022-08-29T15:20:09,rec.1.tanh,770,632,2.0003578662872314,0.2,0.1,8,32,161792,3836082708,4.430980682373047,1024,1024,1
2022-08-29T15:20:12,dense.1.relu-dense.1.tanh,771,536,2.0011301040649414,0.2,0.1,8,32,137216,3836082708,4.512053966522217,1024,1024,1
2022-08-29T15:20:15,dense.1.relu,769,721,2.000077724456787,0.2,0.1,4,64,184576,3836082708,4.364856719970703,1024,1024,1
2022-08-29T15:20:18,dense.1.tanh,769,730,2.002150297164917,0.2,0.1,4,64,186880,3836082708,4.444441795349121,1024,1024,1
2022-08-29T15:20:21,rec.1.tanh,770,626,2.0005481243133545,0.2,0.1,4,64,160256,3836082708,4.455661296844482,1024,1024,1
2022-08-29T15:20:24,dense.1.relu-dense.1.tanh,771,564,2.00077486038208,0.2,0.1,4,64,144384,3836082708,4.850564002990723,1024,1024,1
2022-08-29T15:20:27,dense.1.relu,769,661,2.0017588138580322,0.2,0.1,2,128,169216,3836082708,4.4349212646484375,1024,1024,1
2022-08-29T15:20:30,dense.1.relu,769,568,2.0018808841705322,0.2,0.1,4,128,290816,3836082708,4.770692348480225,1024,1024,1
2022-08-29T15:20:33,dense.1.relu,769,756,2.000861406326294,0.2,0.1,4,32,96768,3836082708,4.462508678436279,1024,1024,1
2022-08-29T15:20:36,dense.1.relu,769,717,2.0025558471679688,0.1,0.1,4,64,183552,3836082708,4.4307332038879395,1024,1024,1
2022-08-29T15:20:39,dense.1.relu,769,730,2.0009522438049316,0.5,0.1,4,64,186880,3836082708,4.5026726722717285,1024,1024,1
2022-08-29T15:20:42,dense.1.relu,769,767,2.003023862838745,0.2,0.1,8,16,98176,3836082708,4.452513217926025,1024,1024,1
2022-08-29T15:20:45,dense.1.relu,769,738,2.0020532608032227,0.1,0.1,8,32,188928,3836082708,4.498536109924316,1024,1024,1
2022-08-29T15:20:48,dense.1.relu,769,734,2.0018951892852783,0.5,0.1,8,32,187904,3836082708,4.595646381378174,1024,1024,1
2022-08-29T15:20:51,dense.1.relu,769,619,2.0006511211395264,0.1,0.1,16,32,316928,3836082708,4.533527851104736,1024,1024,1
2022-08-29T15:20:54,dense.1.relu,769,625,2.002455949783325,0.5,0.1,16,32,320000,3836082708,4.434018611907959,1024,1024,1
2022-08-29T15:20:57,dense.1.tanh,769,48,2.011137008666992,0.5,0.1,2,8192,786432,3836082708,4.387351036071777,1024,1024,1
2022-08-29T15:21:00,dense.1.relu,769,41,2.0275018215179443,0.5,0.1,2,8192,671744,3836082708,4.782814025878906,1024,1024,1
2022-08-29T15:21:02,dense.1.tanh-dense.1.tanh,771,45,2.010369062423706,0.5,0.1,2,8192,737280,3836082708,4.450759410858154,1024,1024,1
2022-08-29T15:21:06,dense.1.tanh,769,51,2.1679880619049072,0.5,0.1,4,4096,835584,3836082708,4.39497184753418,1024,1024,1
2022-08-29T15:21:09,dense.1.tanh,769,21,2.0250906944274902,0.5,0.1,2,16384,688128,3836082708,4.5973591804504395,1024,1024,1
2022-08-29T15:21:12,dense.1.tanh,769,40,2.0226151943206787,0.2,0.1,2,8192,655360,3836082708,4.940317630767822,1024,1024,1
2022-08-29T15:21:15,dense.1.tanh,769,47,2.002044916152954,1.0,0.1,2,8192,770048,3836082708,4.537936210632324,1024,1024,1
2022-08-29T15:21:18,rec.1.tanh-dense.1.tanh,772,35,2.0111749172210693,0.5,0.1,2,8192,573440,3836082708,4.654798984527588,1024,1024,1
2022-08-29T15:21:21,rec.1.tanh,770,20,2.0306689739227295,0.5,0.1,2,16384,655360,3836082708,4.656332969665527,1024,1024,1
2022-08-29T15:21:24,rec.1.tanh,770,39,2.023740768432617,0.2,0.1,2,8192,638976,3836082708,5.062614440917969,1024,1024,1
2022-08-29T15:21:27,rec.1.tanh,770,47,2.0209789276123047,1.0,0.1,2,8192,770048,3836082708,4.73258113861084,1024,1024,1
2022-08-29T15:21:30,rec.1.relu-rec.1.tanh-lstm.1,785,58,2.000990867614746,0.5,0.1,4,1024,237568,3836082708,4.435475826263428,1024,1024,1
2022-08-29T15:21:33,dense.1.tanh-rec.1.tanh-lstm.1,784,77,2.013343334197998,0.5,0.1,4,1024,315392,3836082708,4.412473678588867,1024,1024,1
2022-08-29T15:21:36,rec.1.tanh-rec.2.tanh-lstm.1,794,65,2.008852243423462,0.5,0.1,4,1024,266240,3836082708,4.822821617126465,1024,1024,1
2022-08-29T15:21:39,rec.1.tanh-rec.1.relu-lstm.1,785,76,2.0118231773376465,0.5,0.1,4,1024,311296,3836082708,4.7669806480407715,1024,1024,1
2022-08-29T15:21:42,rec.1.tanh-dense.2.tanh-lstm.1,790,77,2.008638858795166,0.5,0.1,4,1024,315392,3836082708,4.488197326660156,1024,1024,1
2022-08-29T15:21:45,rec.1.tanh-gru.1.tanh-lstm.1,791,58,2.0025041103363037,0.5,0.1,4,1024,237568,3836082708,4.537647247314453,1024,1024,1
2022-08-29T15:21:48,rec.1.tanh-rec.1.tanh-lstm.1-dense.1.tanh,787,69,2.001610040664673,0.5,0.1,4,1024,282624,3836082708,4.824782371520996,1024,1024,1
2022-08-29T15:21:51,rec.1.tanh-rec.1.tanh-lstm.1,785,76,2.0004117488861084,0.5,0.1,8,512,311296,3836082708,4.58931827545166,1024,1024,1
2022-08-29T15:21:54,rec.1.tanh-rec.1.tanh-lstm.1,785,70,2.010894298553467,0.5,0.1,2,2048,286720,3836082708,4.696407318115234,1024,1024,1
2022-08-29T15:21:58,rec.1.tanh-rec.1.tanh-lstm.1,785,38,2.0136477947235107,0.5,0.1,4,2048,311296,3836082708,4.793909072875977,1024,1024,1
2022-08-29T15:22:01,rec.1.tanh-rec.1.tanh-lstm.1,785,105,2.0097570419311523,0.5,0.1,4,512,215040,3836082708,4.804278373718262,1024,1024,1
2022-08-29T15:22:04,rec.1.tanh-rec.1.tanh-lstm.1,785,76,2.008133888244629,0.2,0.1,4,1024,311296,3836082708,4.728295803070068,1024,1024,1
2022-08-29T15:22:07,rec.1.tanh-rec.1.tanh-lstm.1,785,73,2.0029149055480957,1.0,0.1,4,1024,299008,3836082708,4.843209743499756,1024,1024,1
2022-08-29T15:22:10,dense.1.relu-dense.1.tanh,771,307,2.0015709400177,0.5,0.1,64,32,628736,3836082708,4.771745681762695,1024,1024,1
2022-08-29T15:22:13,dense.1.relu-rec.1.tanh,772,277,2.0049049854278564,0.5,0.1,64,32,567296,3836082708,4.433687210083008,1024,1024,1
2022-08-29T15:22:16,dense.1.relu-gru.1.tanh,778,181,2.0058670043945312,0.5,0.1,64,32,370688,3836082708,4.618111610412598,1024,1024,1
2022-08-29T15:22:19,dense.1.relu,769,360,2.001696825027466,0.5,0.1,64,32,737280,3836082708,4.390133380889893,1024,1024,1
2022-08-29T15:22:22,rec.1.tanh,770,333,2.00285005569458,0.5,0.1,64,32,681984,3836082708,4.404543876647949,1024,1024,1
2022-08-29T15:22:25,dense.1.relu,769,215,2.0044641494750977,0.5,0.1,64,64,880640,3836082708,4.345643997192383,1024,1024,1
2022-08-29T15:22:27,rec.1.tanh,770,190,2.0004332065582275,0.5,0.1,64,64,778240,3836082708,4.472306251525879,1024,1024,1
2022-08-29T15:22:30,dense.1.relu-dense.1.tanh,771,180,2.0038998126983643,0.5,0.1,64,64,737280,3836082708,4.751472473144531,1024,1024,1
2022-08-29T15:22:33,dense.1.relu,769,223,2.00642991065979,0.5,0.1,128,32,913408,3836082708,4.379251480102539,1024,1024,1
2022-08-29T15:22:36,dense.1.relu,769,104,2.0102851390838623,0.5,0.1,64,128,851968,3836082708,4.405928611755371,1024,1024,1
2022-08-29T15:22:39,dense.1.relu,769,204,2.0006680488586426,1.0,0.1,64,64,835584,3836082708,4.618950366973877,1024,1024,1
2022-08-29T15:22:42,dense.1.tanh,769,218,2.002166748046875,0.5,0.1,128,32,892928,3836082708,4.381677150726318,1024,1024,1
2022-08-29T15:22:45,rec.1.tanh,770,204,2.0007011890411377,0.5,0.1,128,32,835584,3836082708,4.419854164123535,1024,1024,1
2022-08-29T15:22:48,dense.1.relu-dense.1.tanh,771,191,2.00494384765625,0.5,0.1,128,32,782336,3836082708,4.803232669830322,1024,1024,1
2022-08-29T15:22:51,dense.1.relu,769,227,2.0066916942596436,0.5,0.1,256,16,929792,3836082708,4.6058502197265625,1024,1024,1
2022-08-29T15:22:54,dense.1.relu,769,109,2.007795810699463,0.5,0.1,128,64,892928,3836082708,4.640621185302734,1024,1024,1
2022-08-29T15:22:57,dense.1.relu,769,222,2.004159927368164,1.0,0.1,128,32,909312,3836082708,4.860040187835693,1024,1024,1
2022-08-29T15:23:00,dense.1.tanh-dense.1.tanh,771,196,2.0060911178588867,0.5,0.1,128,32,802816,3836082708,4.459567070007324,1024,1024,1
2022-08-29T15:23:03,dense.1.tanh,769,235,2.004754066467285,0.5,0.1,256,16,962560,3836082708,4.4234795570373535,1024,1024,1
2022-08-29T15:23:06,dense.1.tanh,769,109,2.0026681423187256,0.5,0.1,128,64,892928,3836082708,4.378547668457031,1024,1024,1
2022-08-29T15:23:09,rec.1.tanh,770,105,2.0115368366241455,0.5,0.1,128,64,860160,3836082708,4.414963722229004,1024,1024,1
2022-08-29T15:23:12,dense.1.tanh-dense.1.tanh,771,98,2.000370979309082,0.5,0.1,128,64,802816,3836082708,4.41437292098999,1024,1024,1
2022-08-29T15:23:15,dense.1.tanh,769,128,2.005721092224121,0.5,0.1,256,32,1048576,3836082708,4.369495868682861,1024,1024,1
2022-08-29T15:23:18,dense.1.relu,769,129,2.0032761096954346,0.5,0.1,256,32,1056768,3836082708,4.826254367828369,1024,1024,1
2022-08-29T15:23:21,rec.1.tanh,770,123,2.002838134765625,0.5,0.1,256,32,1007616,3836082708,4.413049221038818,1024,1024,1
2022-08-29T15:23:24,dense.1.tanh-dense.1.tanh,771,119,2.0025038719177246,0.5,0.1,256,32,974848,3836082708,4.421732425689697,1024,1024,1
2022-08-29T15:23:27,dense.1.tanh,769,131,2.009456157684326,0.5,0.1,512,16,1073152,3836082708,4.396988391876221,1024,1024,1
2022-08-29T15:23:30,dense.1.tanh,769,61,2.001721143722534,0.5,0.1,256,64,999424,3836082708,4.43018913269043,1024,1024,1
2022-08-29T15:23:33,dense.1.tanh,769,129,2.0030927658081055,0.2,0.1,256,32,1056768,3836082708,4.550585746765137,1024,1024,1
2022-08-29T15:23:36,dense.1.tanh,769,128,2.001049041748047,1.0,0.1,256,32,1048576,3836082708,4.521528244018555,1024,1024,1
2022-08-29T15:23:39,dense.1.tanh,769,54,2.021752119064331,0.5,0.1,128,128,884736,3836082708,4.43502950668335,1024,1024,1
2022-08-29T15:23:42,dense.1.tanh,769,109,2.0042009353637695,0.2,0.1,128,64,892928,3836082708,4.640206336975098,1024,1024,1
2022-08-29T15:23:44,dense.1.tanh,769,109,2.008937120437622,1.0,0.1,128,64,892928,3836082708,4.510715961456299,1024,1024,1
2022-08-29T15:23:47,dense.1.tanh,769,222,2.001772165298462,1.0,0.1,128,32,909312,3836082708,4.489092826843262,1024,1024,1
2022-08-29T15:23:50,dense.1.relu,769,212,2.0043420791625977,0.5,0.1,64,64,868352,3836082708,4.7963643074035645,1024,1024,1
2022-08-29T15:23:53,dense.1.relu,769,357,2.0016040802001953,1.0,0.1,64,32,731136,3836082708,4.928834915161133,1024,1024,1
2022-08-29T15:23:56,dense.1.relu-lstm.1-dense.1.tanh,783,129,2.0050711631774902,0.5,0.1,64,32,264192,3836082708,4.774541854858398,1024,1024,1
2022-08-29T15:23:59,dense.1.relu-lstm.1,781,153,2.0002410411834717,0.5,0.1,128,16,313344,3836082708,4.804387092590332,1024,1024,1
2022-08-29T15:24:02,dense.1.relu-lstm.1,781,111,2.0015480518341064,0.5,0.1,32,64,227328,3836082708,4.800185203552246,1024,1024,1
2022-08-29T15:24:05,dense.1.relu-lstm.1,781,188,2.0042500495910645,0.5,0.1,64,16,192512,3836082708,4.863243103027344,1024,1024,1
2022-08-29T15:24:08,dense.1.relu-lstm.1,781,153,2.0069031715393066,1.0,0.1,64,32,313344,3836082708,4.842740058898926,1024,1024,1
2022-08-29T15:24:11,dense.1.tanh-lstm.1,781,48,2.0122480392456055,0.5,0.1,64,128,393216,3836082708,4.5029802322387695,1024,1024,1
2022-08-29T15:24:14,rec.1.relu-dense.1.tanh,772,157,2.008104085922241,0.2,0.1,32,128,643072,3836082708,4.54686164855957,1024,1024,1
2022-08-29T15:24:17,rec.1.relu,770,98,2.0147600173950195,0.2,0.1,32,256,802816,3836082708,4.700192928314209,1024,1024,1
2022-08-29T15:24:20,rec.1.relu,770,185,2.0017099380493164,0.1,0.1,32,128,757760,3836082708,4.76869535446167,1024,1024,1
2022-08-29T15:24:23,rec.1.tanh,770,328,2.000555992126465,0.2,0.1,512,4,671744,3836082708,4.490699291229248,1024,1024,1
2022-08-29T15:24:26,dense.1.tanh,769,353,2.003000020980835,0.2,0.1,512,4,722944,3836082708,4.426023483276367,1024,1024,1
2022-08-29T15:24:29,rec.1.relu-dense.1.tanh,772,286,2.0028011798858643,0.2,0.1,512,4,585728,3836082708,4.5592522621154785,1024,1024,1
2022-08-29T15:24:32,rec.1.relu,770,319,2.004617929458618,0.2,0.1,1024,2,653312,3836082708,4.4660868644714355,1024,1024,1
2022-08-29T15:24:35,rec.1.relu,770,215,2.0063869953155518,0.2,0.1,512,8,880640,3836082708,4.425370216369629,1024,1024,1
2022-08-29T15:24:38,rec.1.relu,770,429,2.002211093902588,0.2,0.1,512,2,439296,3836082708,4.397674560546875,1024,1024,1
2022-08-29T15:24:41,rec.1.relu,770,325,2.0012450218200684,0.1,0.1,512,4,665600,3836082708,4.574728488922119,1024,1024,1
2022-08-29T15:24:44,rec.1.relu,770,329,2.002390146255493,0.5,0.1,512,4,673792,3836082708,4.437273979187012,1024,1024,1
2022-08-29T15:24:47,dense.1.relu-dense.1.tanh,771,227,2.0032639503479004,0.5,0.1,4,512,464896,3836082708,4.869170665740967,1024,1024,1
2022-08-29T15:24:50,dense.1.tanh-dense.1.relu,771,230,2.0029327869415283,0.5,0.1,4,512,471040,3836082708,4.37190055847168,1024,1024,1
2022-08-29T15:24:53,dense.1.relu-dense.1.relu,771,228,2.003415822982788,0.5,0.1,4,512,466944,3836082708,4.396233558654785,1024,1024,1
2022-08-29T15:24:56,rec.1.tanh-dense.1.relu,772,202,2.001568078994751,0.5,0.1,4,512,413696,3836082708,4.830142974853516,1024,1024,1
2022-08-29T15:24:59,dense.1.tanh-rec.1.tanh,772,220,2.004631757736206,0.5,0.1,4,512,450560,3836082708,4.424911975860596,1024,1024,1
2022-08-29T15:25:02,dense.1.tanh-lstm.1,781,132,2.0014541149139404,0.5,0.1,4,512,270336,3836082708,4.366533279418945,1024,1024,1
2022-08-29T15:25:05,dense.1.relu-lstm.1,781,129,2.002020835876465,0.5,0.1,4,512,264192,3836082708,4.828691005706787,1024,1024,1
2022-08-29T15:25:08,dense.1.tanh,769,261,2.004257917404175,0.5,0.1,4,512,534528,3836082708,4.406093120574951,1024,1024,1
2022-08-29T15:25:11,dense.1.tanh-lstm.1-dense.1.tanh,783,120,2.0000040531158447,0.5,0.1,4,512,245760,3836082708,4.4298272132873535,1024,1024,1
2022-08-29T15:25:14,dense.1.tanh-lstm.1,781,129,2.007133960723877,0.5,0.1,2,1024,264192,3836082708,4.467294216156006,1024,1024,1
2022-08-29T15:25:17,dense.1.tanh-lstm.1,781,19,2.0019781589508057,0.5,0.1,4,256,19456,3836082708,4.584990501403809,1024,1024,1
2022-08-29T15:25:20,dense.1.tanh-lstm.1,781,134,2.0030357837677,0.2,0.1,4,512,274432,3836082708,4.461070537567139,1024,1024,1
2022-08-29T15:25:23,dense.1.tanh-lstm.1,781,135,2.0043787956237793,1.0,0.1,4,512,276480,3836082708,4.830187797546387,1024,1024,1
2022-08-29T15:25:26,dense.1.tanh-dense.1.relu-dense.1.tanh,773,208,2.0066380500793457,0.5,0.1,4,512,425984,3836082708,4.813973426818848,1024,1024,1
2022-08-29T15:25:29,dense.1.tanh-dense.1.relu,771,216,2.0026350021362305,0.5,0.1,8,256,442368,3836082708,4.352511882781982,1024,1024,1
2022-08-29T15:25:32,dense.1.relu-dense.1.relu,771,241,2.005225896835327,0.5,0.1,8,256,493568,3836082708,4.810065269470215,1024,1024,1
2022-08-29T15:25:35,rec.1.tanh-dense.1.relu,772,218,2.0035641193389893,0.5,0.1,8,256,446464,3836082708,4.812692165374756,1024,1024,1
2022-08-29T15:25:38,dense.1.tanh-dense.1.relu-dense.1.tanh,773,184,2.004566192626953,0.5,0.1,8,256,376832,3836082708,4.390196800231934,1024,1024,1
2022-08-29T15:25:41,dense.1.tanh-dense.1.relu,771,253,2.0009031295776367,0.5,0.1,16,128,518144,3836082708,4.8165717124938965,1024,1024,1
2022-08-29T15:25:44,dense.1.tanh-dense.1.relu,771,334,2.0010759830474854,0.5,0.1,8,128,342016,3836082708,4.827275276184082,1024,1024,1
2022-08-29T15:25:46,dense.1.tanh-dense.1.relu,771,213,2.0056159496307373,0.2,0.1,8,256,436224,3836082708,4.361208915710449,1024,1024,1
2022-08-29T15:25:49,dense.1.tanh-dense.1.relu,771,214,2.0056090354919434,1.0,0.1,8,256,438272,3836082708,4.792827129364014,1024,1024,1
2022-08-29T15:25:52,dense.1.relu-dense.1.relu,771,240,2.0025148391723633,0.2,0.1,8,256,491520,3836082708,4.762665271759033,1024,1024,1
2022-08-29T15:25:55,rec.1.tanh-dense.1.relu,772,219,2.005253791809082,0.2,0.1,8,256,448512,3836082708,4.419879913330078,1024,1024,1
2022-08-29T15:25:58,dense.1.tanh-dense.1.tanh,771,210,2.0048749446868896,0.2,0.1,8,256,430080,3836082708,4.436794281005859,1024,1024,1
2022-08-29T15:26:01,dense.1.tanh-rec.1.tanh,772,184,2.005462169647217,0.2,0.1,8,256,376832,3836082708,4.442755699157715,1024,1024,1
2022-08-29T15:26:04,dense.1.tanh-lstm.1,781,12,2.0078604221343994,0.2,0.1,8,256,24576,3836082708,6.583232879638672,1024,1024,1
2022-08-29T15:26:07,dense.1.tanh-dense.1.relu-dense.1.tanh,773,188,2.004523992538452,0.2,0.1,8,256,385024,3836082708,4.453265190124512,1024,1024,1
2022-08-29T15:26:10,dense.1.tanh-dense.1.relu,771,195,2.0043280124664307,0.2,0.1,16,128,399360,3836082708,4.379396438598633,1024,1024,1
2022-08-29T15:26:13,dense.1.tanh-dense.1.relu,771,231,2.001283884048462,0.2,0.1,4,512,473088,3836082708,4.79699182510376,1024,1024,1
2022-08-29T15:26:16,dense.1.tanh-dense.1.relu,771,141,2.005443811416626,0.2,0.1,8,512,577536,3836082708,4.857098579406738,1024,1024,1
2022-08-29T15:26:19,dense.1.tanh-dense.1.relu,771,323,2.0017149448394775,0.2,0.1,8,128,330752,3836082708,4.376608848571777,1024,1024,1
2022-08-29T15:26:22,dense.1.tanh-dense.1.relu,771,204,2.000051975250244,0.1,0.1,8,256,417792,3836082708,4.653922080993652,1024,1024,1
2022-08-29T15:26:25,dense.1.tanh-dense.1.relu,771,217,2.002924919128418,0.5,0.1,2,1024,444416,3836082708,4.780689239501953,1024,1024,1
2022-08-29T15:26:28,dense.1.tanh-dense.1.relu,771,292,2.0033211708068848,0.5,0.1,4,256,299008,3836082708,4.811299800872803,1024,1024,1
2022-08-29T15:26:31,dense.1.tanh-dense.1.relu,771,231,2.00577974319458,1.0,0.1,4,512,473088,3836082708,4.850997447967529,1024,1024,1
2022-08-29T15:26:34,dense.1.relu-dense.1.relu,771,347,2.003350019454956,0.2,0.1,8,128,355328,3836082708,4.769552707672119,1024,1024,1
2022-08-29T15:26:37,rec.1.tanh-dense.1.relu,772,300,2.0028979778289795,0.2,0.1,8,128,307200,3836082708,4.800816059112549,1024,1024,1
2022-08-29T15:26:40,dense.1.tanh-dense.1.tanh,771,319,2.0003960132598877,0.2,0.1,8,128,326656,3836082708,4.416149616241455,1024,1024,1
2022-08-29T15:26:43,dense.1.tanh-rec.1.tanh,772,310,2.0009870529174805,0.2,0.1,8,128,317440,3836082708,4.464077472686768,1024,1024,1
2022-08-29T15:26:46,dense.1.tanh-gru.1.tanh,778,193,2.0033278465270996,0.2,0.1,8,128,197632,3836082708,4.475740909576416,1024,1024,1
2022-08-29T15:26:49,dense.1.tanh-lstm.1,781,164,2.0047993659973145,0.2,0.1,8,128,167936,3836082708,4.417881965637207,1024,1024,1
2022-08-29T15:26:52,dense.1.tanh-dense.1.relu-dense.1.tanh,773,280,2.003412961959839,0.2,0.1,8,128,286720,3836082708,4.777200698852539,1024,1024,1
2022-08-29T15:26:55,dense.1.tanh-dense.1.relu,771,364,2.0025410652160645,0.2,0.1,16,64,372736,3836082708,4.372215747833252,1024,1024,1
2022-08-29T15:26:58,dense.1.relu-dense.1.relu,771,376,2.002734899520874,0.2,0.1,16,64,385024,3836082708,4.826117038726807,1024,1024,1
2022-08-29T15:27:01,rec.1.tanh-dense.1.relu,772,337,2.001642942428589,0.2,0.1,16,64,345088,3836082708,4.409538269042969,1024,1024,1
2022-08-29T15:27:04,dense.1.tanh-dense.1.tanh,771,356,2.001909017562866,0.2,0.1,16,64,364544,3836082708,4.445671558380127,1024,1024,1
2022-08-29T15:27:07,dense.1.tanh-rec.1.tanh,772,325,2.0016541481018066,0.2,0.1,16,64,332800,3836082708,4.384205341339111,1024,1024,1
2022-08-29T15:27:10,dense.1.tanh-gru.1.tanh,778,164,2.000619888305664,0.2,0.1,16,64,167936,3836082708,4.465221405029297,1024,1024,1
2022-08-29T15:27:13,dense.1.tanh-lstm.1,781,122,2.001458168029785,0.2,0.1,16,64,124928,3836082708,4.4896240234375,1024,1024,1
2022-08-29T15:27:16,dense.1.tanh-dense.1.relu-dense.1.tanh,773,297,2.0026328563690186,0.2,0.1,16,64,304128,3836082708,4.83427619934082,1024,1024,1
2022-08-29T15:27:18,dense.1.tanh-dense.1.relu,771,408,2.002311944961548,0.2,0.1,32,32,417792,3836082708,4.85250186920166,1024,1024,1
2022-08-29T15:27:21,dense.1.tanh-dense.1.relu,771,489,2.000156879425049,0.2,0.1,16,32,250368,3836082708,4.39194393157959,1024,1024,1
2022-08-29T15:27:24,dense.1.tanh-dense.1.relu,771,366,2.004304885864258,0.1,0.1,16,64,374784,3836082708,4.621726989746094,1024,1024,1
2022-08-29T15:27:27,dense.1.tanh-dense.1.relu,771,364,2.002382278442383,0.5,0.1,16,64,372736,3836082708,4.813729286193848,1024,1024,1
2022-08-29T15:27:30,dense.1.tanh-dense.1.relu,771,287,2.003870964050293,0.2,0.1,4,256,293888,3836082708,4.395978927612305,1024,1024,1
2022-08-29T15:27:33,dense.1.tanh-dense.1.relu,771,455,2.003244161605835,0.2,0.1,8,64,232960,3836082708,4.784127712249756,1024,1024,1
2022-08-29T15:27:36,dense.1.tanh-dense.1.relu,771,332,2.001418113708496,0.1,0.1,8,128,339968,3836082708,4.492445468902588,1024,1024,1
2022-08-29T15:27:39,dense.1.relu-dense.1.relu,771,263,2.004376173019409,0.2,0.1,16,128,538624,3836082708,4.785006999969482,1024,1024,1
2022-08-29T15:27:42,rec.1.tanh-dense.1.relu,772,229,2.00018310546875,0.2,0.1,16,128,468992,3836082708,4.816188335418701,1024,1024,1
2022-08-29T15:27:45,dense.1.tanh-dense.1.tanh,771,245,2.001032829284668,0.2,0.1,16,128,501760,3836082708,4.504150867462158,1024,1024,1
2022-08-29T15:27:48,dense.1.tanh-rec.1.tanh,772,233,2.005115270614624,0.2,0.1,16,128,477184,3836082708,4.4021501541137695,1024,1024,1
2022-08-29T15:27:51,dense.1.tanh-lstm.1,781,138,2.0024001598358154,0.2,0.1,16,128,282624,3836082708,4.515516757965088,1024,1024,1
2022-08-29T15:27:54,dense.1.tanh-dense.1.relu-dense.1.tanh,773,219,2.002737045288086,0.2,0.1,16,128,448512,3836082708,4.808623313903809,1024,1024,1
2022-08-29T15:27:57,dense.1.tanh-dense.1.relu,771,293,2.002256155014038,0.2,0.1,32,64,600064,3836082708,4.387187480926514,1024,1024,1
2022-08-29T15:28:00,dense.1.tanh-dense.1.relu,771,139,2.0012221336364746,0.2,0.1,16,256,569344,3836082708,4.822877883911133,1024,1024,1
2022-08-29T15:28:03,dense.1.tanh-dense.1.relu,771,251,2.0050411224365234,0.1,0.1,16,128,514048,3836082708,4.677077770233154,1024,1024,1
2022-08-29T15:28:06,dense.1.relu-rec.1.tanh,772,338,2.0037760734558105,0.2,0.1,16,64,346112,3836082708,4.490701198577881,1024,1024,1
2022-08-29T15:28:09,dense.1.tanh-rec.1.relu,772,332,2.0014359951019287,0.2,0.1,16,64,339968,3836082708,4.803456783294678,1024,1024,1
2022-08-29T15:28:12,dense.1.tanh-rec.1.tanh-dense.1.tanh,774,275,2.0022480487823486,0.2,0.1,16,64,281600,3836082708,4.521605968475342,1024,1024,1
2022-08-29T15:28:15,dense.1.tanh-rec.1.tanh,772,374,2.0041873455047607,0.2,0.1,32,32,382976,3836082708,4.385922908782959,1024,1024,1
2022-08-29T15:28:18,dense.1.tanh-rec.1.tanh,772,434,2.001124858856201,0.2,0.1,16,32,222208,3836082708,4.428903579711914,1024,1024,1
2022-08-29T15:28:21,dense.1.tanh-rec.1.tanh,772,334,2.004009962081909,0.1,0.1,16,64,342016,3836082708,4.5669846534729,1024,1024,1
2022-08-29T15:28:24,dense.1.tanh-rec.1.tanh,772,332,2.002815008163452,0.5,0.1,16,64,339968,3836082708,4.439376354217529,1024,1024,1
2022-08-29T15:28:27,dense.1.relu-rec.1.tanh,772,374,2.0038678646087646,0.2,0.1,32,32,382976,3836082708,4.426373481750488,1024,1024,1
2022-08-29T15:28:30,dense.1.tanh-rec.1.relu,772,378,2.0002012252807617,0.2,0.1,32,32,387072,3836082708,4.347484588623047,1024,1024,1
2022-08-29T15:28:33,dense.1.relu-rec.1.relu,772,377,2.00137996673584,0.2,0.1,32,32,386048,3836082708,4.804892539978027,1024,1024,1
2022-08-29T15:28:36,dense.1.tanh-gru.1.tanh,778,225,2.0036120414733887,0.2,0.1,32,32,230400,3836082708,4.477227210998535,1024,1024,1
2022-08-29T15:28:39,dense.1.tanh-lstm.1,781,132,2.000300884246826,0.2,0.1,32,32,135168,3836082708,4.478537082672119,1024,1024,1
2022-08-29T15:28:42,dense.1.tanh-rec.1.relu-dense.1.tanh,774,319,2.0018398761749268,0.2,0.1,32,32,326656,3836082708,4.494225978851318,1024,1024,1
2022-08-29T15:28:45,dense.1.tanh-rec.1.relu,772,378,2.0027167797088623,0.2,0.1,64,16,387072,3836082708,4.855894565582275,1024,1024,1
2022-08-29T15:28:48,dense.1.tanh-rec.1.relu,772,266,2.0032708644866943,0.2,0.1,32,64,544768,3836082708,4.36618185043335,1024,1024,1
2022-08-29T15:28:51,dense.1.tanh-rec.1.relu,772,465,2.0006961822509766,0.2,0.1,32,16,238080,3836082708,4.415241241455078,1024,1024,1
2022-08-29T15:28:54,dense.1.tanh-rec.1.relu,772,376,2.0015857219696045,0.1,0.1,32,32,385024,3836082708,4.926281452178955,1024,1024,1
2022-08-29T15:28:57,dense.1.tanh-rec.1.relu,772,373,2.003512144088745,0.5,0.1,32,32,381952,3836082708,4.854237079620361,1024,1024,1
2022-08-29T15:29:00,dense.1.relu-rec.1.relu,772,270,2.00474214553833,0.2,0.1,32,64,552960,3836082708,4.3529953956604,1024,1024,1
2022-08-29T15:29:02,dense.1.relu-rec.1.tanh,772,269,2.0028109550476074,0.2,0.1,32,64,550912,3836082708,4.786635875701904,1024,1024,1
2022-08-29T15:29:06,dense.1.relu-gru.1.tanh,778,145,2.005124807357788,0.2,0.1,32,64,296960,3836082708,4.8130364418029785,1024,1024,1
2022-08-29T15:29:09,dense.1.relu-lstm.1,781,112,2.0062320232391357,0.2,0.1,32,64,229376,3836082708,6.571381092071533,1024,1024,1
2022-08-29T15:29:11,dense.1.relu-rec.1.relu-dense.1.tanh,774,234,2.004626750946045,0.2,0.1,32,64,479232,3836082708,4.7722578048706055,1024,1024,1
2022-08-29T15:29:14,dense.1.relu-rec.1.relu,772,290,2.003957986831665,0.2,0.1,64,32,593920,3836082708,4.363570213317871,1024,1024,1
2022-08-29T15:29:17,dense.1.relu-rec.1.relu,772,245,2.0045981407165527,0.2,0.1,16,128,501760,3836082708,4.413171291351318,1024,1024,1
2022-08-29T15:29:20,dense.1.relu-rec.1.relu,772,162,2.0021278858184814,0.2,0.1,32,128,663552,3836082708,4.810227870941162,1024,1024,1
2022-08-29T15:29:23,dense.1.relu-rec.1.relu,772,270,2.003117799758911,0.1,0.1,32,64,552960,3836082708,4.573458671569824,1024,1024,1
2022-08-29T15:29:26,dense.1.relu-rec.1.relu,772,268,2.005352258682251,0.5,0.1,32,64,548864,3836082708,4.7740397453308105,1024,1024,1
2022-08-29T15:29:29,dense.1.tanh-rec.1.relu,772,293,2.003965139389038,0.2,0.1,64,32,600064,3836082708,4.831080913543701,1024,1024,1
2022-08-29T15:29:32,dense.1.relu-rec.1.tanh,772,294,2.0041677951812744,0.2,0.1,64,32,602112,3836082708,4.470256805419922,1024,1024,1
2022-08-29T15:29:35,dense.1.relu-dense.1.tanh,771,310,2.0022170543670654,0.2,0.1,64,32,634880,3836082708,4.798276424407959,1024,1024,1
2022-08-29T15:29:38,dense.1.relu-gru.1.tanh,778,188,2.0023488998413086,0.2,0.1,64,32,385024,3836082708,4.505893230438232,1024,1024,1
2022-08-29T15:29:41,dense.1.relu-rec.1.relu-dense.1.tanh,774,256,2.0025651454925537,0.2,0.1,64,32,524288,3836082708,4.819665908813477,1024,1024,1
2022-08-29T15:29:44,dense.1.relu-rec.1.relu,772,290,2.0015060901641846,0.2,0.1,128,16,593920,3836082708,4.803027153015137,1024,1024,1
2022-08-29T15:29:47,dense.1.relu-rec.1.relu,772,172,2.0040671825408936,0.2,0.1,64,64,704512,3836082708,4.826942443847656,1024,1024,1
2022-08-29T15:29:50,dense.1.relu-rec.1.relu,772,380,2.0011701583862305,0.2,0.1,64,16,389120,3836082708,4.339334011077881,1024,1024,1
2022-08-29T15:29:53,dense.1.relu-rec.1.tanh,772,379,2.003710985183716,0.2,0.1,64,16,388096,3836082708,4.522822856903076,1024,1024,1
2022-08-29T15:29:56,dense.1.relu-gru.1.tanh,778,234,2.0013511180877686,0.2,0.1,64,16,239616,3836082708,4.814971923828125,1024,1024,1
2022-08-29T15:29:59,dense.1.relu-lstm.1,781,195,2.003312826156616,0.2,0.1,64,16,199680,3836082708,4.497984886169434,1024,1024,1
2022-08-29T15:30:02,dense.1.relu-rec.1.relu-dense.1.tanh,774,323,2.0008039474487305,0.2,0.1,64,16,330752,3836082708,4.800192356109619,1024,1024,1
2022-08-29T15:30:05,dense.1.relu-rec.1.relu,772,355,2.000805139541626,0.2,0.1,128,8,363520,3836082708,4.355613708496094,1024,1024,1
2022-08-29T15:30:08,dense.1.relu-rec.1.relu,772,452,2.0010249614715576,0.2,0.1,64,8,231424,3836082708,4.789229393005371,1024,1024,1
2022-08-29T15:30:11,dense.1.relu-rec.1.relu,772,382,2.002488136291504,0.1,0.1,64,16,391168,3836082708,4.978998184204102,1024,1024,1
2022-08-29T15:30:14,dense.1.relu-rec.1.relu,772,383,2.000383138656616,0.5,0.1,64,16,392192,3836082708,4.815763473510742,1024,1024,1
2022-08-29T15:30:17,dense.1.tanh-rec.1.relu,772,365,2.001317024230957,0.2,0.1,128,8,373760,3836082708,4.434840202331543,1024,1024,1
2022-08-29T15:30:20,dense.1.relu-rec.1.tanh,772,361,2.0036439895629883,0.2,0.1,128,8,369664,3836082708,4.4110212326049805,1024,1024,1
2022-08-29T15:30:23,dense.1.relu-gru.1.tanh,778,230,2.0042269229888916,0.2,0.1,128,8,235520,3836082708,4.826226711273193,1024,1024,1
2022-08-29T15:30:26,dense.1.relu-lstm.1,781,140,2.0030829906463623,0.2,0.1,128,8,143360,3836082708,4.852180004119873,1024,1024,1
2022-08-29T15:30:29,dense.1.relu-rec.1.relu-dense.1.tanh,774,313,2.0010697841644287,0.2,0.1,128,8,320512,3836082708,4.841427326202393,1024,1024,1
2022-08-29T15:30:32,dense.1.relu-rec.1.relu,772,368,2.0035290718078613,0.2,0.1,256,4,376832,3836082708,4.411887168884277,1024,1024,1
2022-08-29T15:30:35,dense.1.relu-rec.1.relu,772,436,2.0031917095184326,0.2,0.1,128,4,223232,3836082708,4.398014545440674,1024,1024,1
2022-08-29T15:30:38,dense.1.relu-rec.1.relu,772,356,2.0007121562957764,0.1,0.1,128,8,364544,3836082708,4.670596599578857,1024,1024,1
2022-08-29T15:30:41,dense.1.relu-rec.1.relu,772,365,2.0034968852996826,0.5,0.1,128,8,373760,3836082708,4.393868923187256,1024,1024,1
2022-08-29T15:30:44,dense.1.relu-rec.1.relu,772,293,2.0016109943389893,0.1,0.1,64,32,600064,3836082708,5.0346879959106445,1024,1024,1
2022-08-29T15:30:47,dense.1.relu-rec.1.relu,772,293,2.004492998123169,0.5,0.1,64,32,600064,3836082708,4.816875457763672,1024,1024,1
2022-08-29T15:30:50,dense.1.tanh-rec.1.tanh,772,265,2.0002291202545166,0.2,0.1,32,64,542720,3836082708,4.487031936645508,1024,1024,1
2022-08-29T15:30:53,dense.1.tanh-dense.1.tanh,771,277,2.0017881393432617,0.2,0.1,32,64,567296,3836082708,4.526876926422119,1024,1024,1
2022-08-29T15:30:56,dense.1.tanh-rec.1.relu-dense.1.tanh,774,226,2.0044760704040527,0.2,0.1,32,64,462848,3836082708,4.861148834228516,1024,1024,1
2022-08-29T15:30:59,dense.1.tanh-rec.1.relu,772,233,2.0026707649230957,0.2,0.1,16,128,477184,3836082708,4.439569473266602,1024,1024,1
2022-08-29T15:31:02,dense.1.tanh-rec.1.relu,772,158,2.001737117767334,0.2,0.1,32,128,647168,3836082708,4.849802017211914,1024,1024,1
2022-08-29T15:31:05,dense.1.tanh-rec.1.relu,772,266,2.0038211345672607,0.1,0.1,32,64,544768,3836082708,5.0867180824279785,1024,1024,1
2022-08-29T15:31:08,dense.1.tanh-rec.1.relu,772,268,2.0022239685058594,0.5,0.1,32,64,548864,3836082708,4.378752708435059,1024,1024,1
2022-08-29T15:31:10,dense.1.tanh-rec.1.relu-dense.1.tanh,774,226,2.0010931491851807,0.5,0.1,32,64,462848,3836082708,4.822568893432617,1024,1024,1
2022-08-29T15:31:13,dense.1.tanh-rec.1.relu,772,288,2.0050837993621826,0.5,0.1,64,32,589824,3836082708,4.82661247253418,1024,1024,1
2022-08-29T15:31:16,dense.1.tanh-rec.1.relu,772,237,2.000432014465332,0.5,0.1,16,128,485376,3836082708,4.784242630004883,1024,1024,1
2022-08-29T15:31:19,dense.1.tanh-rec.1.relu,772,158,2.000166893005371,0.5,0.1,32,128,647168,3836082708,4.78427267074585,1024,1024,1
2022-08-29T15:31:22,dense.1.tanh-rec.1.relu,772,266,2.0001447200775146,1.0,0.1,32,64,544768,3836082708,4.869140148162842,1024,1024,1
2022-08-29T15:31:25,dense.1.relu-rec.1.relu,772,380,2.000343084335327,0.2,0.1,64,16,389120,3836082708,4.8089165687561035,1024,1024,1
2022-08-29T15:31:28,dense.1.tanh-rec.1.tanh-dense.1.tanh,774,322,2.0035600662231445,0.2,0.1,32,32,329728,3836082708,4.438166618347168,1024,1024,1
2022-08-29T15:31:31,dense.1.tanh-rec.1.tanh,772,382,2.000422954559326,0.2,0.1,64,16,391168,3836082708,4.489690780639648,1024,1024,1
2022-08-29T15:31:34,dense.1.tanh-rec.1.tanh,772,442,2.002661943435669,0.2,0.1,32,16,226304,3836082708,4.399298191070557,1024,1024,1
2022-08-29T15:31:37,dense.1.tanh-rec.1.tanh,772,370,2.0034470558166504,0.1,0.1,32,32,378880,3836082708,4.752216339111328,1024,1024,1
2022-08-29T15:31:40,dense.1.tanh-rec.1.tanh,772,370,2.002838134765625,0.5,0.1,32,32,378880,3836082708,4.4522809982299805,1024,1024,1
2022-08-29T15:31:43,dense.1.relu-dense.1.relu,771,292,2.002593994140625,0.2,0.1,32,64,598016,3836082708,4.801434516906738,1024,1024,1
2022-08-29T15:31:46,rec.1.tanh-dense.1.relu,772,270,2.004225015640259,0.2,0.1,32,64,552960,3836082708,4.778229236602783,1024,1024,1
2022-08-29T15:31:49,dense.1.tanh-dense.1.relu-dense.1.tanh,773,242,2.004967212677002,0.2,0.1,32,64,495616,3836082708,4.6302170753479,1024,1024,1
2022-08-29T15:31:52,dense.1.tanh-dense.1.relu,771,299,2.0017359256744385,0.2,0.1,64,32,612352,3836082708,4.799997806549072,1024,1024,1
2022-08-29T15:31:55,dense.1.tanh-dense.1.relu,771,165,2.008370876312256,0.2,0.1,32,128,675840,3836082708,4.328169345855713,1024,1024,1
2022-08-29T15:31:58,dense.1.relu-dense.1.relu,771,176,2.0076920986175537,0.2,0.1,32,128,720896,3836082708,4.823014259338379,1024,1024,1
2022-08-29T15:32:01,rec.1.tanh-dense.1.relu,772,153,2.006686210632324,0.2,0.1,32,128,626688,3836082708,4.799464225769043,1024,1024,1
2022-08-29T15:32:04,dense.1.tanh-rec.1.tanh,772,158,2.004272937774658,0.2,0.1,32,128,647168,3836082708,4.484803676605225,1024,1024,1
2022-08-29T15:32:07,dense.1.tanh-lstm.1,781,102,2.0051939487457275,0.2,0.1,32,128,417792,3836082708,4.4890336990356445,1024,1024,1
2022-08-29T15:32:10,dense.1.tanh-dense.1.relu-dense.1.tanh,773,145,2.0007240772247314,0.2,0.1,32,128,593920,3836082708,4.812540054321289,1024,1024,1
2022-08-29T15:32:13,dense.1.tanh-dense.1.relu,771,183,2.001952886581421,0.2,0.1,64,64,749568,3836082708,4.9181060791015625,1024,1024,1
2022-08-29T15:32:16,dense.1.tanh-dense.1.relu,771,83,2.0148890018463135,0.2,0.1,32,256,679936,3836082708,4.929130554199219,1024,1024,1
2022-08-29T15:32:19,dense.1.tanh-dense.1.relu,771,165,2.000145196914673,0.1,0.1,32,128,675840,3836082708,5.0823588371276855,1024,1024,1
2022-08-29T15:32:22,dense.1.tanh-dense.1.relu,771,165,2.000335931777954,0.2,0.1,32,128,675840,3836082708,4.568164348602295,1024,1024,1
2022-08-29T15:32:25,dense.1.tanh-dense.1.relu,771,286,2.0003387928009033,0.1,0.1,32,64,585728,3836082708,4.668454170227051,1024,1024,1
2022-08-29T15:32:28,dense.1.tanh-dense.1.relu,771,292,2.0031661987304688,0.5,0.1,32,64,598016,3836082708,4.79927921295166,1024,1024,1
2022-08-29T15:32:31,dense.1.relu-dense.1.relu-dense.1.tanh,773,210,2.0005719661712646,0.5,0.1,8,256,430080,3836082708,4.827909469604492,1024,1024,1
2022-08-29T15:32:34,rec.1.tanh-dense.1.relu-dense.1.tanh,774,191,2.0057408809661865,0.5,0.1,8,256,391168,3836082708,4.801841735839844,1024,1024,1
2022-08-29T15:32:37,dense.1.tanh-dense.2.relu-dense.1.tanh,776,165,2.00173020362854,0.5,0.1,8,256,337920,3836082708,4.789733409881592,1024,1024,1
2022-08-29T15:32:39,dense.1.tanh-dense.1.tanh-dense.1.tanh,773,170,2.002537965774536,0.5,0.1,8,256,348160,3836082708,4.42682409286499,1024,1024,1
2022-08-29T15:32:42,dense.1.tanh-rec.1.tanh-dense.1.tanh,774,144,2.0017709732055664,0.5,0.1,8,256,294912,3836082708,4.458735942840576,1024,1024,1
2022-08-29T15:32:46,dense.1.tanh-lstm.1-dense.1.tanh,783,1,2.072930097579956,0.5,0.1,8,256,2048,3836082708,7.243146896362305,1024,1024,1
2022-08-29T15:32:48,dense.1.tanh-dense.1.relu-dense.1.relu,773,179,2.0056490898132324,0.5,0.1,8,256,366592,3836082708,4.812764644622803,1024,1024,1
2022-08-29T15:32:51,dense.1.tanh-dense.1.relu-rec.1.tanh,774,170,2.002368927001953,0.5,0.1,8,256,348160,3836082708,4.771284580230713,1024,1024,1
2022-08-29T15:32:54,dense.1.tanh-dense.1.relu-gru.1.tanh,780,79,2.0037457942962646,0.5,0.1,8,256,161792,3836082708,4.841188907623291,1024,1024,1
2022-08-29T15:32:57,dense.1.tanh-dense.1.relu-lstm.1,783,102,2.0031561851501465,0.5,0.1,8,256,208896,3836082708,4.792532920837402,1024,1024,1
2022-08-29T15:33:00,dense.1.tanh-dense.1.relu-dense.1.tanh-dense.1.tanh,775,150,2.0051112174987793,0.5,0.1,8,256,307200,3836082708,4.814792156219482,1024,1024,1
2022-08-29T15:33:03,dense.1.tanh-dense.1.relu-dense.1.tanh,773,211,2.0000808238983154,0.5,0.1,16,128,432128,3836082708,4.777404308319092,1024,1024,1
2022-08-29T15:33:06,dense.1.tanh-dense.1.relu-dense.1.tanh,773,128,2.002505302429199,0.5,0.1,8,512,524288,3836082708,4.449092864990234,1024,1024,1
2022-08-29T15:33:09,dense.1.tanh-dense.1.relu-dense.1.tanh,773,276,2.0043141841888428,0.5,0.1,8,128,282624,3836082708,4.496150493621826,1024,1024,1
2022-08-29T15:33:12,dense.1.tanh-dense.1.relu-dense.1.tanh,773,181,2.003314971923828,1.0,0.1,8,256,370688,3836082708,4.863521575927734,1024,1024,1
2022-08-29T15:33:15,dense.1.tanh-rec.1.relu,772,369,2.0017271041870117,0.2,0.1,32,32,377856,3836082708,4.814452171325684,1024,1024,1
2022-08-29T15:33:18,dense.1.relu-dense.1.relu,771,496,2.001765012741089,0.2,0.1,16,32,253952,3836082708,4.372192859649658,1024,1024,1
2022-08-29T15:33:21,rec.1.tanh-dense.1.relu,772,442,2.00055193901062,0.2,0.1,16,32,226304,3836082708,4.831492900848389,1024,1024,1
2022-08-29T15:33:24,dense.1.relu-rec.1.tanh,772,446,2.0005509853363037,0.2,0.1,16,32,228352,3836082708,4.373124599456787,1024,1024,1
2022-08-29T15:33:27,dense.1.relu-gru.1.tanh,778,254,2.003232002258301,0.2,0.1,16,32,130048,3836082708,4.812586307525635,1024,1024,1
2022-08-29T15:33:30,dense.1.relu-lstm.1,781,201,2.003175735473633,0.2,0.1,16,32,102912,3836082708,4.395495891571045,1024,1024,1
2022-08-29T15:33:33,dense.1.relu-dense.1.relu-dense.1.tanh,773,408,2.002192974090576,0.2,0.1,16,32,208896,3836082708,4.79857063293457,1024,1024,1
2022-08-29T15:33:36,dense.1.relu-dense.1.relu,771,502,2.001512050628662,0.2,0.1,32,16,257024,3836082708,4.420888423919678,1024,1024,1
2022-08-29T15:33:39,dense.1.relu-dense.1.relu,771,468,2.0007989406585693,0.2,0.1,8,64,239616,3836082708,4.4380598068237305,1024,1024,1
2022-08-29T15:33:42,dense.1.relu-dense.1.relu,771,580,2.0012941360473633,0.2,0.1,16,16,148480,3836082708,4.809085369110107,1024,1024,1
2022-08-29T15:33:45,dense.1.relu-dense.1.relu,771,496,2.000821828842163,0.1,0.1,16,32,253952,3836082708,4.8914361000061035,1024,1024,1
2022-08-29T15:33:48,dense.1.relu-dense.1.relu,771,495,2.0021560192108154,0.5,0.1,16,32,253440,3836082708,4.816428184509277,1024,1024,1
2022-08-29T15:33:51,dense.1.relu-rec.1.relu,772,441,2.001858949661255,0.2,0.1,16,32,225792,3836082708,4.424944877624512,1024,1024,1
2022-08-29T15:33:54,dense.1.relu-rec.1.tanh-dense.1.tanh,774,374,2.0027718544006348,0.2,0.1,16,32,191488,3836082708,4.477784633636475,1024,1024,1
2022-08-29T15:33:57,dense.1.relu-rec.1.tanh,772,464,2.0001919269561768,0.2,0.1,32,16,237568,3836082708,4.452042579650879,1024,1024,1
2022-08-29T15:34:00,dense.1.relu-rec.1.tanh,772,420,2.0022668838500977,0.2,0.1,8,64,215040,3836082708,4.500982284545898,1024,1024,1
2022-08-29T15:34:03,dense.1.relu-rec.1.tanh,772,521,2.0028977394104004,0.2,0.1,16,16,133376,3836082708,4.498375415802002,1024,1024,1
2022-08-29T15:34:06,dense.1.relu-rec.1.tanh,772,438,2.000153064727783,0.1,0.1,16,32,224256,3836082708,4.829690456390381,1024,1024,1
2022-08-29T15:34:09,dense.1.relu-rec.1.tanh,772,443,2.0022289752960205,0.5,0.1,16,32,226816,3836082708,4.800950050354004,1024,1024,1
2022-08-29T15:34:12,dense.1.tanh-dense.1.tanh,771,492,2.0031139850616455,0.2,0.1,16,32,251904,3836082708,4.425361156463623,1024,1024,1
2022-08-29T15:34:15,dense.1.tanh-gru.1.tanh,778,257,2.0031538009643555,0.2,0.1,16,32,131584,3836082708,4.430978775024414,1024,1024,1
2022-08-29T15:34:18,dense.1.tanh-lstm.1,781,198,2.0052947998046875,0.2,0.1,16,32,101376,3836082708,4.459059238433838,1024,1024,1
2022-08-29T15:34:21,dense.1.tanh-dense.1.relu-dense.1.tanh,773,410,2.003425121307373,0.2,0.1,16,32,209920,3836082708,4.832502841949463,1024,1024,1
2022-08-29T15:34:24,dense.1.tanh-dense.1.relu,771,519,2.0020952224731445,0.2,0.1,32,16,265728,3836082708,4.399187088012695,1024,1024,1
2022-08-29T15:34:27,dense.1.tanh-dense.1.relu,771,593,2.0005300045013428,0.2,0.1,16,16,151808,3836082708,4.783553123474121,1024,1024,1
2022-08-29T15:34:30,dense.1.tanh-dense.1.relu,771,494,2.000387191772461,0.1,0.1,16,32,252928,3836082708,4.477782726287842,1024,1024,1
2022-08-29T15:34:33,dense.1.tanh-dense.1.relu,771,499,2.000278949737549,0.5,0.1,16,32,255488,3836082708,4.854638576507568,1024,1024,1
2022-08-29T15:34:36,dense.1.tanh-dense.1.tanh-dense.1.tanh,773,205,2.005134105682373,0.5,0.1,4,512,419840,3836082708,4.441892147064209,1024,1024,1
2022-08-29T15:34:39,dense.1.tanh-dense.1.tanh,771,219,2.002224922180176,0.5,0.1,2,1024,448512,3836082708,4.417365074157715,1024,1024,1
2022-08-29T15:34:42,dense.1.tanh-dense.1.tanh,771,296,2.0024168491363525,0.5,0.1,4,256,303104,3836082708,4.440834999084473,1024,1024,1
2022-08-29T15:34:45,dense.1.tanh-dense.1.tanh,771,232,2.0026330947875977,0.2,0.1,4,512,475136,3836082708,4.426396369934082,1024,1024,1
2022-08-29T15:34:47,dense.1.tanh-dense.1.tanh,771,232,2.005028009414673,1.0,0.1,4,512,475136,3836082708,4.769364833831787,1024,1024,1
2022-08-29T15:34:50,dense.1.relu-gru.1.relu,778,157,2.00234317779541,0.2,0.1,16,128,321536,3836082708,4.869927883148193,1024,1024,1
2022-08-29T15:34:53,dense.1.tanh-gru.1.relu-dense.1.tanh,780,126,2.005222797393799,0.2,0.1,16,128,258048,3836082708,4.524652481079102,1024,1024,1
2022-08-29T15:34:56,dense.1.tanh-gru.1.relu,778,93,2.004124164581299,0.2,0.1,32,64,190464,3836082708,4.860182285308838,1024,1024,1
2022-08-29T15:34:59,dense.1.tanh-gru.1.relu,778,139,2.006856918334961,0.2,0.1,8,256,284672,3836082708,4.860976219177246,1024,1024,1
2022-08-29T15:35:02,dense.1.tanh-gru.1.relu,778,97,2.0101566314697266,0.2,0.1,16,256,397312,3836082708,4.90029764175415,1024,1024,1
2022-08-29T15:35:05,dense.1.tanh-gru.1.relu,778,162,2.0059080123901367,0.2,0.1,16,64,165888,3836082708,4.794064044952393,1024,1024,1
2022-08-29T15:35:08,dense.1.tanh-gru.1.relu,778,145,2.00174880027771,0.1,0.1,16,128,296960,3836082708,4.900571823120117,1024,1024,1
2022-08-29T15:35:11,dense.1.relu-gru.1.tanh,778,126,2.004793167114258,0.5,0.1,128,32,516096,3836082708,4.509237289428711,1024,1024,1
2022-08-29T15:35:14,dense.1.tanh-rec.1.tanh,772,186,2.0055549144744873,0.5,0.1,128,32,761856,3836082708,4.436651229858398,1024,1024,1
2022-08-29T15:35:17,dense.1.tanh-gru.1.tanh-dense.1.tanh,780,114,2.0069398880004883,0.5,0.1,128,32,466944,3836082708,4.450098514556885,1024,1024,1
2022-08-29T15:35:20,dense.1.tanh-gru.1.tanh,778,143,2.002331018447876,0.5,0.1,256,16,585728,3836082708,4.425316333770752,1024,1024,1
2022-08-29T15:35:23,dense.1.tanh-gru.1.tanh,778,55,2.0117030143737793,0.5,0.1,128,64,450560,3836082708,4.427330493927002,1024,1024,1
2022-08-29T15:35:26,dense.1.tanh-gru.1.tanh,778,188,2.003607988357544,0.5,0.1,128,16,385024,3836082708,4.413650035858154,1024,1024,1
2022-08-29T15:35:29,dense.1.tanh-gru.1.tanh,778,130,2.0004119873046875,0.2,0.1,128,32,532480,3836082708,4.571275234222412,1024,1024,1
2022-08-29T15:35:32,dense.1.tanh-gru.1.tanh,778,128,2.007519006729126,1.0,0.1,128,32,524288,3836082708,4.974112033843994,1024,1024,1
2022-08-29T15:35:35,rec.1.tanh-dense.1.tanh,772,377,2.0020720958709717,0.2,0.1,64,16,386048,3836082708,4.417821407318115,1024,1024,1
2022-08-29T15:35:38,rec.1.tanh,770,455,2.0000429153442383,0.1,0.1,64,16,465920,3836082708,4.6355204582214355,1024,1024,1
2022-08-29T15:35:41,rec.1.tanh,770,460,2.001149892807007,0.5,0.1,64,16,471040,3836082708,4.442697525024414,1024,1024,1
2022-08-29T15:35:44,dense.1.tanh,769,141,2.000885009765625,0.5,0.1,2,2048,577536,3836082708,4.361060619354248,1024,1024,1
2022-08-29T15:35:47,dense.1.relu,769,140,2.0038342475891113,0.5,0.1,2,2048,573440,3836082708,4.402990818023682,1024,1024,1
2022-08-29T15:35:50,dense.1.tanh,769,244,2.0015408992767334,0.5,0.1,2,1024,499712,3836082708,4.410636901855469,1024,1024,1
2022-08-29T15:35:53,dense.1.tanh,769,142,2.005980968475342,0.2,0.1,2,2048,581632,3836082708,4.4818596839904785,1024,1024,1
2022-08-29T15:35:56,dense.1.tanh,769,139,2.0055489540100098,1.0,0.1,2,2048,569344,3836082708,4.474025249481201,1024,1024,1
2022-08-29T15:35:59,rec.1.tanh,770,232,2.0039243698120117,0.5,0.1,2,1024,475136,3836082708,4.431474685668945,1024,1024,1
2022-08-29T15:36:02,rec.1.tanh,770,108,2.0878500938415527,0.2,0.1,2,2048,442368,3836082708,4.588168144226074,1024,1024,1
2022-08-29T15:36:05,rec.1.tanh,770,132,2.006411075592041,1.0,0.1,2,2048,540672,3836082708,4.4903459548950195,1024,1024,1
2022-08-29T15:36:08,dense.1.tanh,769,583,2.000685930252075,0.2,0.1,8,64,298496,3836082708,4.413432598114014,1024,1024,1
2022-08-29T15:36:11,rec.1.tanh,770,511,2.0023090839385986,0.2,0.1,8,64,261632,3836082708,4.476825714111328,1024,1024,1
2022-08-29T15:36:14,dense.1.relu-dense.1.tanh,771,461,2.000977039337158,0.2,0.1,8,64,236032,3836082708,4.456960201263428,1024,1024,1
2022-08-29T15:36:17,dense.1.relu,769,586,2.0005319118499756,0.1,0.1,8,64,300032,3836082708,4.533102035522461,1024,1024,1
2022-08-29T15:36:20,dense.1.relu,769,579,2.002169132232666,0.5,0.1,8,64,296448,3836082708,4.447292327880859,1024,1024,1
2022-08-29T15:36:23,dense.1.tanh-rec.1.relu,772,352,2.0012598037719727,0.5,0.1,128,8,360448,3836082708,4.770618915557861,1024,1024,1
2022-08-29T15:36:26,dense.1.relu-rec.1.tanh,772,357,2.001913070678711,0.5,0.1,128,8,365568,3836082708,4.851291656494141,1024,1024,1
2022-08-29T15:36:29,dense.1.relu-dense.1.tanh,771,401,2.0015528202056885,0.5,0.1,128,8,410624,3836082708,4.83256721496582,1024,1024,1
2022-08-29T15:36:32,dense.1.relu-gru.1.tanh,778,229,2.001711845397949,0.5,0.1,128,8,234496,3836082708,4.844640254974365,1024,1024,1
2022-08-29T15:36:35,dense.1.relu-lstm.1,781,185,2.0010979175567627,0.5,0.1,128,8,189440,3836082708,4.80531644821167,1024,1024,1
2022-08-29T15:36:38,dense.1.relu-rec.1.relu-dense.1.tanh,774,306,2.003307819366455,0.5,0.1,128,8,313344,3836082708,4.77466344833374,1024,1024,1
2022-08-29T15:36:41,dense.1.relu-rec.1.relu,772,359,2.000635862350464,0.5,0.1,256,4,367616,3836082708,4.837525367736816,1024,1024,1
2022-08-29T15:36:44,dense.1.relu-rec.1.relu,772,289,2.0007550716400146,0.5,0.1,128,16,591872,3836082708,4.791954040527344,1024,1024,1
2022-08-29T15:36:47,dense.1.relu-rec.1.relu,772,436,2.0008151531219482,0.5,0.1,128,4,223232,3836082708,4.849165439605713,1024,1024,1
2022-08-29T15:36:49,dense.1.relu-rec.1.relu,772,354,2.003537893295288,1.0,0.1,128,8,362496,3836082708,4.943800449371338,1024,1024,1
2022-08-29T15:36:52,dense.1.relu-gru.1.tanh,778,60,2.0125720500946045,0.5,0.1,4,2048,491520,3836082708,4.854943752288818,1024,1024,1
2022-08-29T15:36:55,dense.1.tanh-gru.1.relu,778,59,2.0071380138397217,0.5,0.1,4,2048,483328,3836082708,4.795814514160156,1024,1024,1
2022-08-29T15:36:58,dense.1.tanh-rec.1.tanh,772,72,2.010018825531006,0.5,0.1,4,2048,589824,3836082708,4.407444000244141,1024,1024,1
2022-08-29T15:37:02,dense.1.tanh-lstm.1,781,51,2.0138368606567383,0.5,0.1,4,2048,417792,3836082708,4.489508628845215,1024,1024,1
2022-08-29T15:37:05,dense.1.tanh-gru.1.tanh-dense.1.tanh,780,54,2.0165202617645264,0.5,0.1,4,2048,442368,3836082708,4.493043899536133,1024,1024,1
2022-08-29T15:37:08,dense.1.tanh-gru.1.tanh,778,64,2.018554925918579,0.5,0.1,8,1024,524288,3836082708,4.452840328216553,1024,1024,1
2022-08-29T15:37:11,dense.1.tanh-gru.1.tanh,778,63,2.007807970046997,0.5,0.1,2,4096,516096,3836082708,4.472459316253662,1024,1024,1
2022-08-29T15:37:14,dense.1.tanh-gru.1.tanh,778,29,2.0043270587921143,0.5,0.1,4,4096,475136,3836082708,4.521376132965088,1024,1024,1
2022-08-29T15:37:17,dense.1.tanh-gru.1.tanh,778,60,2.014678955078125,0.2,0.1,4,2048,491520,3836082708,4.665241718292236,1024,1024,1
2022-08-29T15:37:20,dense.1.tanh-gru.1.tanh,778,60,2.0068087577819824,1.0,0.1,4,2048,491520,3836082708,4.862918376922607,1024,1024,1
2022-08-29T15:37:23,dense.1.tanh,769,452,2.000091075897217,0.5,0.1,16,64,462848,3836082708,4.450035572052002,1024,1024,1
2022-08-29T15:37:26,rec.1.tanh-dense.1.tanh,772,330,2.002904176712036,0.5,0.1,16,64,337920,3836082708,4.445566177368164,1024,1024,1
2022-08-29T15:37:29,rec.1.tanh,770,554,2.000545024871826,0.5,0.1,16,32,283648,3836082708,4.458406925201416,1024,1024,1
2022-08-29T15:37:31,rec.1.tanh,770,407,2.0026748180389404,1.0,0.1,16,64,416768,3836082708,4.5639967918396,1024,1024,1
2022-08-29T15:37:34,dense.1.relu-lstm.1,781,138,2.004124879837036,0.5,0.1,16,128,282624,3836082708,4.8556365966796875,1024,1024,1
2022-08-29T15:37:38,dense.1.tanh-lstm.1-dense.1.tanh,783,116,2.008607864379883,0.5,0.1,16,128,237568,3836082708,4.3821234703063965,1024,1024,1
2022-08-29T15:37:41,dense.1.relu-lstm.1-dense.1.tanh,783,117,2.004024028778076,0.5,0.1,16,128,239616,3836082708,4.780615329742432,1024,1024,1
2022-08-29T15:37:44,dense.1.tanh-lstm.2-dense.1.tanh,804,87,2.0019257068634033,0.5,0.1,16,128,178176,3836082708,4.818840980529785,1024,1024,1
2022-08-29T15:37:47,dense.1.tanh-rec.1.tanh-dense.1.tanh,774,203,2.003647804260254,0.5,0.1,16,128,415744,3836082708,4.431549549102783,1024,1024,1
2022-08-29T15:37:50,dense.1.tanh-lstm.1-dense.1.relu,783,117,2.0012459754943848,0.5,0.1,16,128,239616,3836082708,4.882338047027588,1024,1024,1
2022-08-29T15:37:53,dense.1.tanh-lstm.1-rec.1.tanh,784,116,2.0047969818115234,0.5,0.1,16,128,237568,3836082708,4.815245628356934,1024,1024,1
2022-08-29T15:37:56,dense.1.tanh-lstm.1-gru.1.tanh,790,77,2.001810073852539,0.5,0.1,16,128,157696,3836082708,4.6012444496154785,1024,1024,1
2022-08-29T15:37:59,dense.1.tanh-lstm.1-lstm.1,793,68,2.002929210662842,0.5,0.1,16,128,139264,3836082708,4.810059070587158,1024,1024,1
2022-08-29T15:38:02,dense.1.tanh-lstm.1-dense.1.tanh-dense.1.tanh,785,94,2.00666880607605,0.5,0.1,16,128,192512,3836082708,4.807926177978516,1024,1024,1
2022-08-29T15:38:05,dense.1.tanh-lstm.1-dense.1.tanh,783,1,2.0790419578552246,0.5,0.1,16,256,4096,3836082708,8.584794998168945,1024,1024,1
2022-08-29T15:38:08,dense.1.tanh-lstm.1-dense.1.tanh,783,98,2.0057990550994873,0.5,0.1,16,64,100352,3836082708,4.447850704193115,1024,1024,1
2022-08-29T15:38:11,dense.1.tanh-lstm.1-dense.1.tanh,783,70,2.0049960613250732,0.2,0.1,16,128,143360,3836082708,4.709863662719727,1024,1024,1
2022-08-29T15:38:14,dense.1.tanh-lstm.1-dense.1.tanh,783,117,2.0061140060424805,1.0,0.1,16,128,239616,3836082708,4.808419704437256,1024,1024,1
2022-08-29T15:38:17,dense.1.tanh-lstm.1,781,11,2.0051629543304443,0.5,0.1,16,256,45056,3836082708,4.931503772735596,1024,1024,1
2022-08-29T15:38:20,dense.1.tanh-lstm.1,781,123,2.0004401206970215,0.5,0.1,16,64,125952,3836082708,4.410345554351807,1024,1024,1
2022-08-29T15:38:23,dense.1.tanh-lstm.1,781,137,2.0006840229034424,1.0,0.1,16,128,280576,3836082708,4.843209743499756,1024,1024,1
2022-08-29T15:38:26,dense.1.tanh,769,333,2.0036070346832275,0.1,0.1,32,64,681984,3836082708,4.640960693359375,1024,1024,1
2022-08-29T15:38:29,dense.1.relu,769,56,2.0141749382019043,0.5,0.1,4,4096,917504,3836082708,4.662841796875,1024,1024,1
2022-08-29T15:38:32,dense.1.tanh-dense.1.tanh,771,53,2.021915912628174,0.5,0.1,4,4096,868352,3836082708,4.418545722961426,1024,1024,1
2022-08-29T15:38:35,dense.1.tanh,769,30,2.0357770919799805,0.5,0.1,4,8192,983040,3836082708,4.513079643249512,1024,1024,1
2022-08-29T15:38:38,dense.1.tanh,769,56,2.0116138458251953,0.2,0.1,4,4096,917504,3836082708,4.64143180847168,1024,1024,1
2022-08-29T15:38:41,dense.1.tanh,769,46,2.1504228115081787,1.0,0.1,4,4096,753664,3836082708,4.480624675750732,1024,1024,1
2022-08-29T15:38:44,rec.1.relu,770,312,2.003329038619995,0.5,0.1,32,64,638976,3836082708,4.325081825256348,1024,1024,1
2022-08-29T15:38:47,rec.1.tanh,770,308,2.0034170150756836,0.5,0.1,32,64,630784,3836082708,4.40920352935791,1024,1024,1
2022-08-29T15:38:50,dense.1.tanh,769,338,2.0003950595855713,0.5,0.1,32,64,692224,3836082708,4.432098388671875,1024,1024,1
2022-08-29T15:38:53,rec.1.relu-dense.1.tanh,772,269,2.00103497505188,0.5,0.1,32,64,550912,3836082708,4.395443916320801,1024,1024,1
2022-08-29T15:38:56,rec.1.relu,770,336,2.002384901046753,0.5,0.1,64,32,688128,3836082708,4.363303184509277,1024,1024,1
2022-08-29T15:38:59,rec.1.relu,770,194,2.001080274581909,0.5,0.1,64,64,794624,3836082708,4.406857490539551,1024,1024,1
2022-08-29T15:39:02,rec.1.relu,770,330,2.001739978790283,1.0,0.1,64,32,675840,3836082708,4.87501859664917,1024,1024,1
2022-08-29T15:39:05,rec.1.relu,770,278,2.004983901977539,0.5,0.1,16,128,569344,3836082708,4.40593147277832,1024,1024,1
2022-08-29T15:39:07,rec.1.relu,770,184,2.0035669803619385,0.5,0.1,32,128,753664,3836082708,4.399344444274902,1024,1024,1
2022-08-29T15:39:10,rec.1.relu,770,456,2.002629041671753,0.5,0.1,32,32,466944,3836082708,4.5007853507995605,1024,1024,1
2022-08-29T15:39:13,rec.1.relu,770,313,2.001351833343506,0.2,0.1,32,64,641024,3836082708,4.363003253936768,1024,1024,1
2022-08-29T15:39:16,rec.1.relu,770,307,2.001894235610962,1.0,0.1,32,64,628736,3836082708,4.854859352111816,1024,1024,1
2022-08-29T15:39:19,rec.1.tanh-rec.1.tanh,773,183,2.003048896789551,0.5,0.1,8,256,374784,3836082708,4.470894813537598,1024,1024,1
2022-08-29T15:39:22,rec.1.tanh-gru.1.tanh,779,75,2.0000288486480713,0.5,0.1,8,256,153600,3836082708,4.434302806854248,1024,1024,1
2022-08-29T15:39:25,rec.1.tanh-lstm.1,782,16,2.0063388347625732,0.5,0.1,8,256,32768,3836082708,4.908260345458984,1024,1024,1
2022-08-29T15:39:28,rec.1.tanh-dense.1.tanh-dense.1.tanh,774,164,2.004108190536499,0.5,0.1,8,256,335872,3836082708,4.466493606567383,1024,1024,1
2022-08-29T15:39:31,rec.1.tanh-dense.1.tanh,772,290,2.002181053161621,0.5,0.1,8,128,296960,3836082708,4.458588123321533,1024,1024,1
2022-08-29T15:39:34,rec.1.tanh-dense.1.tanh,772,209,2.0024497509002686,0.2,0.1,8,256,428032,3836082708,4.5169358253479,1024,1024,1
2022-08-29T15:39:37,rec.1.tanh-dense.1.tanh,772,203,2.0032248497009277,1.0,0.1,8,256,415744,3836082708,4.860149383544922,1024,1024,1
2022-08-29T15:39:40,dense.1.relu-dense.1.tanh,771,130,2.0011940002441406,0.5,0.1,2,2048,532480,3836082708,4.400820732116699,1024,1024,1
2022-08-29T15:39:43,dense.1.tanh-dense.1.relu,771,129,2.0086519718170166,0.5,0.1,2,2048,528384,3836082708,4.401647090911865,1024,1024,1
2022-08-29T15:39:46,dense.1.tanh-rec.1.tanh,772,120,2.0034542083740234,0.5,0.1,2,2048,491520,3836082708,4.425029754638672,1024,1024,1
2022-08-29T15:39:49,dense.1.tanh-lstm.1,781,82,2.008913993835449,0.5,0.1,2,2048,335872,3836082708,4.638758182525635,1024,1024,1
2022-08-29T15:39:52,dense.1.tanh-dense.1.tanh-dense.1.tanh,773,117,2.0005061626434326,0.5,0.1,2,2048,479232,3836082708,4.426833152770996,1024,1024,1
2022-08-29T15:39:55,dense.1.tanh-dense.1.tanh,771,82,2.0149929523468018,0.5,0.1,2,4096,671744,3836082708,4.39358377456665,1024,1024,1
2022-08-29T15:39:58,dense.1.relu-dense.1.tanh,771,75,2.0002589225769043,0.5,0.1,2,4096,614400,3836082708,4.654764175415039,1024,1024,1
2022-08-29T15:40:01,dense.1.tanh-dense.1.relu,771,54,2.0161781311035156,0.5,0.1,2,4096,442368,3836082708,4.815119743347168,1024,1024,1
2022-08-29T15:40:04,dense.1.tanh-rec.1.tanh,772,77,2.006067991256714,0.5,0.1,2,4096,630784,3836082708,4.4209980964660645,1024,1024,1
2022-08-29T15:40:07,dense.1.tanh-lstm.1,781,56,2.0114400386810303,0.5,0.1,2,4096,458752,3836082708,4.724920749664307,1024,1024,1
2022-08-29T15:40:10,dense.1.tanh-dense.1.tanh-dense.1.tanh,773,77,2.0096452236175537,0.5,0.1,2,4096,630784,3836082708,4.484896183013916,1024,1024,1
2022-08-29T15:40:13,dense.1.tanh-dense.1.tanh,771,83,2.014997959136963,0.2,0.1,2,4096,679936,3836082708,4.632054805755615,1024,1024,1
2022-08-29T15:40:16,dense.1.tanh-dense.1.tanh,771,82,2.006903886795044,1.0,0.1,2,4096,671744,3836082708,4.817629337310791,1024,1024,1
2022-08-29T15:40:19,dense.1.tanh-dense.1.tanh,771,91,2.0075230598449707,0.2,0.1,2,2048,372736,3836082708,4.580611228942871,1024,1024,1
2022-08-29T15:40:22,dense.1.tanh-dense.1.tanh,771,123,2.0009069442749023,1.0,0.1,2,2048,503808,3836082708,4.531584739685059,1024,1024,1
2022-08-29T15:40:25,dense.1.relu-lstm.1-dense.1.tanh,783,172,2.000882863998413,0.2,0.1,16,32,88064,3836082708,4.56598424911499,1024,1024,1
2022-08-29T15:40:28,dense.1.relu-lstm.1,781,223,2.005157709121704,0.2,0.1,32,16,114176,3836082708,4.4517011642456055,1024,1024,1
2022-08-29T15:40:31,dense.1.relu-lstm.1,781,148,2.001424789428711,0.2,0.1,8,64,75776,3836082708,4.531796932220459,1024,1024,1
2022-08-29T15:40:34,dense.1.relu-lstm.1,781,129,2.0034708976745605,0.2,0.1,16,64,132096,3836082708,4.479544639587402,1024,1024,1
2022-08-29T15:40:37,dense.1.relu-lstm.1,781,237,2.003049850463867,0.2,0.1,16,16,60672,3836082708,4.674465179443359,1024,1024,1
2022-08-29T15:40:40,dense.1.relu-lstm.1,781,199,2.005183219909668,0.1,0.1,16,32,101888,3836082708,4.652501583099365,1024,1024,1
2022-08-29T15:40:43,dense.1.relu-lstm.1,781,202,2.002500057220459,0.5,0.1,16,32,103424,3836082708,4.833958148956299,1024,1024,1
2022-08-29T15:40:46,dense.1.relu-dense.1.relu,771,332,2.0037901401519775,0.2,0.1,4,256,339968,3836082708,4.803678512573242,1024,1024,1
2022-08-29T15:40:49,rec.1.tanh-dense.1.relu,772,276,2.002080202102661,0.2,0.1,4,256,282624,3836082708,4.4174909591674805,1024,1024,1
2022-08-29T15:40:52,dense.1.tanh-dense.1.tanh,771,288,2.002708911895752,0.2,0.1,4,256,294912,3836082708,4.4464287757873535,1024,1024,1
2022-08-29T15:40:55,dense.1.tanh-rec.1.tanh,772,246,2.0005998611450195,0.2,0.1,4,256,251904,3836082708,4.47092342376709,1024,1024,1
2022-08-29T15:40:59,dense.1.tanh-gru.1.tanh,778,97,2.0049901008605957,0.2,0.1,4,256,99328,3836082708,4.512570381164551,1024,1024,1
2022-08-29T15:41:02,dense.1.tanh-lstm.1,781,13,2.0060808658599854,0.2,0.1,4,256,13312,3836082708,6.687496662139893,1024,1024,1
2022-08-29T15:41:05,dense.1.tanh,769,324,2.0032808780670166,0.2,0.1,4,256,331776,3836082708,4.43991231918335,1024,1024,1
2022-08-29T15:41:08,dense.1.tanh-dense.1.relu-dense.1.tanh,773,237,2.0023720264434814,0.2,0.1,4,256,242688,3836082708,4.789802074432373,1024,1024,1
2022-08-29T15:41:11,dense.1.tanh-dense.1.relu,771,311,2.0012662410736084,0.2,0.1,2,512,318464,3836082708,4.789651393890381,1024,1024,1
2022-08-29T15:41:14,dense.1.tanh-dense.1.relu,771,418,2.000783920288086,0.2,0.1,4,128,214016,3836082708,4.821283340454102,1024,1024,1
2022-08-29T15:41:17,dense.1.tanh-dense.1.relu,771,283,2.0039899349212646,0.1,0.1,4,256,289792,3836082708,5.073503494262695,1024,1024,1
2022-08-29T15:41:20,dense.1.tanh-dense.1.relu,771,209,2.0021870136260986,0.5,0.1,8,256,428032,3836082708,4.793094635009766,1024,1024,1
2022-08-29T15:41:23,dense.1.relu-rec.1.tanh,772,210,2.001462936401367,0.5,0.1,4,512,430080,3836082708,4.8423752784729,1024,1024,1
2022-08-29T15:41:26,dense.1.relu-gru.1.tanh,778,147,2.004135847091675,0.5,0.1,4,512,301056,3836082708,4.768113136291504,1024,1024,1
2022-08-29T15:41:29,dense.1.relu,769,244,2.0052058696746826,0.5,0.1,4,512,499712,3836082708,4.393270015716553,1024,1024,1
2022-08-29T15:41:32,dense.1.relu,769,235,2.004312038421631,0.5,0.1,2,1024,481280,3836082708,4.495984077453613,1024,1024,1
2022-08-29T15:41:35,dense.1.relu,769,397,2.0008151531219482,0.5,0.1,4,256,406528,3836082708,4.3665900230407715,1024,1024,1
2022-08-29T15:41:38,dense.1.tanh,769,351,2.00334095954895,0.5,0.1,4,256,359424,3836082708,4.437032222747803,1024,1024,1
2022-08-29T15:41:40,rec.1.tanh,770,342,2.000704050064087,0.5,0.1,4,256,350208,3836082708,4.418793201446533,1024,1024,1
2022-08-29T15:41:43,dense.1.relu-dense.1.tanh,771,316,2.0029313564300537,0.5,0.1,4,256,323584,3836082708,4.478782653808594,1024,1024,1
2022-08-29T15:41:46,dense.1.relu,769,360,2.0016210079193115,0.5,0.1,2,512,368640,3836082708,4.457396984100342,1024,1024,1
2022-08-29T15:41:49,dense.1.relu,769,553,2.0032482147216797,0.5,0.1,4,128,283136,3836082708,4.53025484085083,1024,1024,1
2022-08-29T15:41:52,dense.1.relu,769,380,2.002419948577881,1.0,0.1,4,256,389120,3836082708,4.61451530456543,1024,1024,1
2022-08-29T15:41:55,dense.1.relu,769,250,2.003718852996826,1.0,0.1,4,512,512000,3836082708,4.525393962860107,1024,1024,1
2022-08-29T15:41:58,dense.1.relu-dense.1.relu-dense.1.tanh,773,192,2.001028060913086,0.5,0.1,4,512,393216,3836082708,4.836675643920898,1024,1024,1
2022-08-29T15:42:01,dense.1.relu-dense.1.relu,771,211,2.002000093460083,0.5,0.1,2,1024,432128,3836082708,4.755627155303955,1024,1024,1
2022-08-29T15:42:04,dense.1.relu-dense.1.relu,771,139,2.0053420066833496,0.5,0.1,4,1024,569344,3836082708,4.7941789627075195,1024,1024,1
2022-08-29T15:42:07,dense.1.relu-dense.1.relu,771,322,2.004215955734253,0.5,0.1,4,256,329728,3836082708,4.79306173324585,1024,1024,1
2022-08-29T15:42:10,dense.1.relu-dense.1.relu,771,219,2.0034098625183105,0.2,0.1,4,512,448512,3836082708,4.359439849853516,1024,1024,1
2022-08-29T15:42:13,rec.1.tanh-dense.1.relu,772,213,2.000664234161377,0.2,0.1,4,512,436224,3836082708,4.3415398597717285,1024,1024,1
2022-08-29T15:42:16,rec.1.relu-dense.1.relu,772,213,2.0035791397094727,0.2,0.1,4,512,436224,3836082708,4.825777530670166,1024,1024,1
2022-08-29T15:42:19,rec.1.tanh-dense.1.tanh,772,210,2.0038561820983887,0.2,0.1,4,512,430080,3836082708,4.44000244140625,1024,1024,1
2022-08-29T15:42:22,rec.1.tanh-rec.1.tanh,773,203,2.002948760986328,0.2,0.1,4,512,415744,3836082708,4.516799449920654,1024,1024,1
2022-08-29T15:42:25,rec.1.tanh-gru.1.tanh,779,92,2.000930070877075,0.2,0.1,4,512,188416,3836082708,4.66384744644165,1024,1024,1
2022-08-29T15:42:28,rec.1.tanh-lstm.1,782,120,2.0038180351257324,0.2,0.1,4,512,245760,3836082708,4.51629114151001,1024,1024,1
2022-08-29T15:42:31,rec.1.tanh,770,234,2.001986026763916,0.2,0.1,4,512,479232,3836082708,4.476944446563721,1024,1024,1
2022-08-29T15:42:34,rec.1.tanh-dense.1.relu-dense.1.tanh,774,189,2.0022990703582764,0.2,0.1,4,512,387072,3836082708,4.815001010894775,1024,1024,1
2022-08-29T15:42:37,rec.1.tanh-dense.1.relu,772,194,2.0038537979125977,0.2,0.1,2,1024,397312,3836082708,4.809433460235596,1024,1024,1
2022-08-29T15:42:40,rec.1.tanh-dense.1.relu,772,127,2.0111331939697266,0.2,0.1,4,1024,520192,3836082708,4.449161529541016,1024,1024,1
2022-08-29T15:42:43,rec.1.tanh-dense.1.relu,772,207,2.001610040664673,0.1,0.1,4,512,423936,3836082708,4.663579940795898,1024,1024,1
2022-08-29T15:42:46,dense.1.relu-dense.1.tanh,771,221,2.005448818206787,0.2,0.1,4,512,452608,3836082708,4.414102077484131,1024,1024,1
2022-08-29T15:42:49,dense.1.relu-rec.1.tanh,772,207,2.0013179779052734,0.2,0.1,4,512,423936,3836082708,4.528748035430908,1024,1024,1
2022-08-29T15:42:52,dense.1.relu-gru.1.tanh,778,148,2.002028226852417,0.2,0.1,4,512,303104,3836082708,4.579980373382568,1024,1024,1
2022-08-29T15:42:55,dense.1.relu-lstm.1,781,122,2.001819133758545,0.2,0.1,4,512,249856,3836082708,4.555061340332031,1024,1024,1
2022-08-29T15:42:58,dense.1.relu-dense.1.relu-dense.1.tanh,773,193,2.006615161895752,0.2,0.1,4,512,395264,3836082708,4.847909927368164,1024,1024,1
2022-08-29T15:43:01,dense.1.relu-dense.1.relu,771,212,2.001218795776367,0.2,0.1,2,1024,434176,3836082708,4.792386531829834,1024,1024,1
2022-08-29T15:43:04,dense.1.relu-dense.1.relu,771,139,2.009984016418457,0.2,0.1,4,1024,569344,3836082708,4.823974609375,1024,1024,1
2022-08-29T15:43:07,dense.1.relu-dense.1.relu,771,215,2.000035047531128,0.1,0.1,4,512,440320,3836082708,4.7250142097473145,1024,1024,1
2022-08-29T15:43:10,rec.1.tanh-dense.1.relu,772,211,2.002453088760376,0.2,0.1,4,512,432128,3836082708,4.807105541229248,1024,1024,1
2022-08-29T15:43:13,dense.1.relu-dense.1.relu,771,220,2.0003299713134766,1.0,0.1,4,512,450560,3836082708,4.890535831451416,1024,1024,1
2022-08-29T15:43:16,rec.1.relu-lstm.1,782,121,2.00610089302063,0.5,0.1,4,512,247808,3836082708,4.452456474304199,1024,1024,1
2022-08-29T15:43:19,rec.1.tanh-lstm.1-dense.1.tanh,784,113,2.0059189796447754,0.5,0.1,4,512,231424,3836082708,4.607861518859863,1024,1024,1
2022-08-29T15:43:22,rec.1.tanh-lstm.1,782,121,2.0086278915405273,0.5,0.1,2,1024,247808,3836082708,4.454968452453613,1024,1024,1
2022-08-29T15:43:25,rec.1.tanh-lstm.1,782,19,2.0075831413269043,0.5,0.1,4,256,19456,3836082708,4.794465065002441,1024,1024,1
2022-08-29T15:43:29,rec.1.tanh-lstm.1,782,121,2.004272222518921,1.0,0.1,4,512,247808,3836082708,4.873318672180176,1024,1024,1
2022-08-29T15:43:31,dense.1.relu-rec.1.relu,772,261,2.0022361278533936,0.2,0.1,32,64,534528,3836082708,4.847958564758301,1024,1024,1
2022-08-29T15:43:34,dense.1.tanh,769,354,2.003220796585083,0.2,0.1,128,16,724992,3836082708,4.4224443435668945,1024,1024,1
2022-08-29T15:43:37,dense.1.relu,769,125,2.0089149475097656,0.5,0.1,512,16,1024000,3836082708,4.83590841293335,1024,1024,1
2022-08-29T15:43:40,rec.1.tanh,770,120,2.0055859088897705,0.5,0.1,512,16,983040,3836082708,4.400393009185791,1024,1024,1
2022-08-29T15:43:43,dense.1.tanh-dense.1.tanh,771,113,2.009446859359741,0.5,0.1,512,16,925696,3836082708,4.43296480178833,1024,1024,1
2022-08-29T15:43:46,dense.1.tanh,769,123,2.0120246410369873,0.5,0.1,1024,8,1007616,3836082708,4.45244836807251,1024,1024,1
2022-08-29T15:43:50,dense.1.tanh,769,64,2.0031661987304688,0.5,0.1,512,32,1048576,3836082708,4.526878833770752,1024,1024,1
2022-08-29T15:43:53,dense.1.tanh,769,217,2.003951072692871,0.5,0.1,512,8,888832,3836082708,4.445066452026367,1024,1024,1
2022-08-29T15:43:56,dense.1.tanh,769,121,2.0058600902557373,0.2,0.1,512,16,991232,3836082708,4.612226963043213,1024,1024,1
2022-08-29T15:43:59,dense.1.tanh,769,124,2.0012919902801514,1.0,0.1,512,16,1015808,3836082708,4.547383785247803,1024,1024,1
2022-08-29T15:44:02,dense.1.relu-lstm.1,781,99,2.010030746459961,0.5,0.1,128,32,405504,3836082708,4.560354709625244,1024,1024,1
2022-08-29T15:44:05,dense.1.tanh-lstm.1-dense.1.tanh,783,90,2.002342939376831,0.5,0.1,128,32,368640,3836082708,4.787978172302246,1024,1024,1
2022-08-29T15:44:08,dense.1.tanh-lstm.1,781,118,2.0083580017089844,0.5,0.1,256,16,483328,3836082708,4.382082939147949,1024,1024,1
2022-08-29T15:44:11,dense.1.relu-lstm.1,781,118,2.005993127822876,0.5,0.1,256,16,483328,3836082708,4.482663631439209,1024,1024,1
2022-08-29T15:44:14,dense.1.tanh-dense.1.tanh,771,202,2.0060930252075195,0.5,0.1,256,16,827392,3836082708,4.422759056091309,1024,1024,1
2022-08-29T15:44:17,dense.1.tanh-rec.1.tanh,772,191,2.002664089202881,0.5,0.1,256,16,782336,3836082708,4.436389923095703,1024,1024,1
2022-08-29T15:44:20,dense.1.tanh-lstm.1-dense.1.tanh,783,64,2.000339984893799,0.5,0.1,256,16,262144,3836082708,4.805154323577881,1024,1024,1
2022-08-29T15:44:23,dense.1.tanh-lstm.1,781,121,2.0010340213775635,0.5,0.1,512,8,495616,3836082708,4.453864097595215,1024,1024,1
2022-08-29T15:44:26,dense.1.tanh-lstm.1,781,66,2.00693678855896,0.5,0.1,256,32,540672,3836082708,4.438208103179932,1024,1024,1
2022-08-29T15:44:29,dense.1.tanh-lstm.1,781,151,2.0022130012512207,0.5,0.1,256,8,309248,3836082708,4.524311542510986,1024,1024,1
2022-08-29T15:44:32,dense.1.tanh-lstm.1,781,114,2.000760078430176,0.2,0.1,256,16,466944,3836082708,4.514659881591797,1024,1024,1
2022-08-29T15:44:35,dense.1.tanh-lstm.1,781,118,2.006230115890503,1.0,0.1,256,16,483328,3836082708,4.848489284515381,1024,1024,1
2022-08-29T15:44:38,dense.1.tanh-lstm.1,781,103,2.0078721046447754,0.2,0.1,128,32,421888,3836082708,4.499617576599121,1024,1024,1
2022-08-29T15:44:41,dense.1.tanh-lstm.1,781,106,2.0098721981048584,1.0,0.1,128,32,434176,3836082708,4.6415886878967285,1024,1024,1
2022-08-29T15:44:44,dense.1.tanh-gru.1.tanh,778,238,2.0004827976226807,0.5,0.1,64,16,243712,3836082708,4.485507488250732,1024,1024,1
2022-08-29T15:44:47,dense.1.tanh-gru.1.tanh,778,187,2.0003490447998047,1.0,0.1,64,32,382976,3836082708,4.8325419425964355,1024,1024,1
2022-08-29T15:44:50,dense.1.relu,769,100,2.0055599212646484,0.5,0.1,32,256,819200,3836082708,4.661369323730469,1024,1024,1
2022-08-29T15:44:53,rec.1.tanh,770,96,2.0008819103240967,0.5,0.1,32,256,786432,3836082708,4.386976718902588,1024,1024,1
2022-08-29T15:44:56,rec.1.relu,770,98,2.0094480514526367,0.5,0.1,32,256,802816,3836082708,4.833381175994873,1024,1024,1
2022-08-29T15:44:59,rec.1.tanh-dense.1.tanh,772,85,2.005404233932495,0.5,0.1,32,256,696320,3836082708,4.403372764587402,1024,1024,1
2022-08-29T15:45:02,rec.1.tanh,770,97,2.0023980140686035,0.5,0.1,64,128,794624,3836082708,4.415234565734863,1024,1024,1
2022-08-29T15:45:05,rec.1.tanh,770,49,2.0052390098571777,0.5,0.1,32,512,802816,3836082708,4.426851272583008,1024,1024,1
2022-08-29T15:45:08,rec.1.tanh,770,96,2.0066041946411133,0.2,0.1,32,256,786432,3836082708,4.557582855224609,1024,1024,1
2022-08-29T15:45:11,rec.1.tanh,770,96,2.015394926071167,1.0,0.1,32,256,786432,3836082708,4.4709367752075195,1024,1024,1
2022-08-29T15:45:14,dense.1.tanh,769,51,2.0121500492095947,0.5,0.1,32,512,835584,3836082708,4.404477596282959,1024,1024,1
2022-08-29T15:45:17,dense.1.tanh,769,92,2.00691819190979,0.2,0.1,32,256,753664,3836082708,4.538537502288818,1024,1024,1
2022-08-29T15:45:20,dense.1.tanh,769,92,2.000345230102539,1.0,0.1,32,256,753664,3836082708,4.412785053253174,1024,1024,1
2022-08-29T15:45:23,rec.1.relu-dense.1.tanh,772,82,2.0127580165863037,0.5,0.1,16,512,671744,3836082708,4.586954116821289,1024,1024,1
2022-08-29T15:45:26,rec.1.tanh-dense.1.relu,772,83,2.013036012649536,0.5,0.1,16,512,679936,3836082708,4.793503284454346,1024,1024,1
2022-08-29T15:45:29,rec.1.tanh-rec.1.tanh,773,81,2.014841079711914,0.5,0.1,16,512,663552,3836082708,4.430626392364502,1024,1024,1
2022-08-29T15:45:32,rec.1.tanh-gru.1.tanh,779,65,2.009789228439331,0.5,0.1,16,512,532480,3836082708,4.378848552703857,1024,1024,1
2022-08-29T15:45:34,rec.1.relu-gru.1.tanh,779,64,2.0032970905303955,0.5,0.1,16,512,524288,3836082708,4.791769027709961,1024,1024,1
2022-08-29T15:45:38,rec.1.tanh-gru.1.relu,779,65,2.019651174545288,0.5,0.1,16,512,532480,3836082708,4.848648548126221,1024,1024,1
2022-08-29T15:45:41,rec.1.tanh-lstm.1,782,53,2.006706953048706,0.5,0.1,16,512,434176,3836082708,4.510167598724365,1024,1024,1
2022-08-29T15:45:44,rec.1.tanh-gru.1.tanh-dense.1.tanh,781,58,2.0010228157043457,0.5,0.1,16,512,475136,3836082708,4.44165563583374,1024,1024,1
2022-08-29T15:45:47,rec.1.tanh-gru.1.tanh,779,64,2.013761043548584,0.5,0.1,32,256,524288,3836082708,4.448683738708496,1024,1024,1
2022-08-29T15:45:50,rec.1.tanh-gru.1.tanh,779,36,2.0056803226470947,0.5,0.1,16,1024,589824,3836082708,4.586981773376465,1024,1024,1
2022-08-29T15:45:53,rec.1.tanh-gru.1.tanh,779,52,2.0012550354003906,0.5,0.1,16,256,212992,3836082708,4.405375957489014,1024,1024,1
2022-08-29T15:45:56,rec.1.tanh-gru.1.tanh,779,64,2.0111429691314697,0.2,0.1,16,512,524288,3836082708,4.643263339996338,1024,1024,1
2022-08-29T15:45:59,rec.1.tanh-gru.1.tanh,779,64,2.0105831623077393,1.0,0.1,16,512,524288,3836082708,4.785597801208496,1024,1024,1
2022-08-29T15:46:02,rec.1.tanh-dense.1.tanh-dense.1.tanh,774,50,2.0133161544799805,0.5,0.1,16,512,409600,3836082708,4.581091403961182,1024,1024,1
2022-08-29T15:46:05,rec.1.tanh-dense.1.tanh,772,44,2.008363962173462,0.5,0.1,16,1024,720896,3836082708,4.517784595489502,1024,1024,1
2022-08-29T15:46:08,rec.1.tanh-dense.1.tanh,772,129,2.0000293254852295,0.5,0.1,16,256,528384,3836082708,4.388509750366211,1024,1024,1
2022-08-29T15:46:11,rec.1.tanh-dense.1.relu,772,134,2.002102851867676,0.5,0.1,16,256,548864,3836082708,4.754299163818359,1024,1024,1
2022-08-29T15:46:14,rec.1.tanh-rec.1.tanh,773,117,2.0104429721832275,0.5,0.1,16,256,479232,3836082708,4.416482925415039,1024,1024,1
2022-08-29T15:46:17,rec.1.tanh-lstm.1,782,11,2.013680934906006,0.5,0.1,16,256,45056,3836082708,4.9003005027771,1024,1024,1
2022-08-29T15:46:20,rec.1.tanh-dense.1.tanh-dense.1.tanh,774,103,2.009089946746826,0.5,0.1,16,256,421888,3836082708,4.423459529876709,1024,1024,1
2022-08-29T15:46:23,rec.1.tanh-dense.1.tanh,772,132,2.00994873046875,0.2,0.1,16,256,540672,3836082708,4.573251724243164,1024,1024,1
2022-08-29T15:46:26,rec.1.tanh-dense.1.tanh,772,127,2.005582094192505,1.0,0.1,16,256,520192,3836082708,4.845682144165039,1024,1024,1
2022-08-29T15:46:29,rec.1.tanh-dense.1.tanh,772,79,2.003690004348755,0.2,0.1,16,512,647168,3836082708,4.583957195281982,1024,1024,1
2022-08-29T15:46:32,rec.1.tanh-dense.1.tanh,772,80,2.008352041244507,1.0,0.1,16,512,655360,3836082708,4.830972194671631,1024,1024,1
2022-08-29T15:46:35,rec.1.relu,770,251,2.0052947998046875,0.5,0.1,8,256,514048,3836082708,4.790004730224609,1024,1024,1
2022-08-29T15:46:38,rec.1.tanh,770,399,2.0013270378112793,0.2,0.1,512,2,408576,3836082708,4.454955101013184,1024,1024,1
2022-08-29T15:46:41,dense.1.tanh,769,463,2.0030899047851562,0.2,0.1,512,2,474112,3836082708,4.502966403961182,1024,1024,1
2022-08-29T15:46:44,rec.1.relu-dense.1.tanh,772,344,2.0011980533599854,0.2,0.1,512,2,352256,3836082708,4.58242130279541,1024,1024,1
2022-08-29T15:46:47,rec.1.relu,770,465,2.000833034515381,0.2,0.1,1024,1,476160,3836082708,4.797092914581299,1024,1024,1
2022-08-29T15:46:50,rec.1.relu,770,577,2.001739025115967,0.2,0.1,512,1,295424,3836082708,4.423717498779297,1024,1024,1
2022-08-29T15:46:53,rec.1.relu,770,407,2.0030839443206787,0.1,0.1,512,2,416768,3836082708,4.928122043609619,1024,1024,1
2022-08-29T15:46:56,rec.1.relu,770,418,2.000336170196533,0.5,0.1,512,2,428032,3836082708,4.681893825531006,1024,1024,1
2022-08-29T15:46:59,dense.1.tanh-rec.1.relu,772,417,2.001278877258301,0.2,0.1,128,4,213504,3836082708,4.823235988616943,1024,1024,1
2022-08-29T15:47:02,dense.1.relu-rec.1.tanh,772,432,2.0028748512268066,0.2,0.1,128,4,221184,3836082708,4.472672462463379,1024,1024,1
2022-08-29T15:47:05,dense.1.relu-dense.1.tanh,771,479,2.002113103866577,0.2,0.1,128,4,245248,3836082708,4.614458084106445,1024,1024,1
2022-08-29T15:47:08,dense.1.relu-gru.1.tanh,778,255,2.002377986907959,0.2,0.1,128,4,130560,3836082708,4.8428144454956055,1024,1024,1
2022-08-29T15:47:11,dense.1.relu-lstm.1,781,201,2.0040712356567383,0.2,0.1,128,4,102912,3836082708,4.554139614105225,1024,1024,1
2022-08-29T15:47:14,dense.1.relu-rec.1.relu-dense.1.tanh,774,356,2.0012669563293457,0.2,0.1,128,4,182272,3836082708,4.798432350158691,1024,1024,1
2022-08-29T15:47:17,dense.1.relu-rec.1.relu,772,451,2.0001890659332275,0.2,0.1,256,2,230912,3836082708,4.791999816894531,1024,1024,1
2022-08-29T15:47:20,dense.1.relu-rec.1.relu,772,494,2.002042055130005,0.2,0.1,128,2,126464,3836082708,4.565733432769775,1024,1024,1
2022-08-29T15:47:23,dense.1.relu-rec.1.relu,772,430,2.001452922821045,0.1,0.1,128,4,220160,3836082708,4.768963813781738,1024,1024,1
2022-08-29T15:47:26,dense.1.tanh,769,253,2.004889965057373,0.2,0.1,4,512,518144,3836082708,4.450608730316162,1024,1024,1
2022-08-29T15:47:29,dense.1.relu,769,236,2.005436897277832,0.2,0.1,2,1024,483328,3836082708,4.411827087402344,1024,1024,1
2022-08-29T15:47:32,dense.1.relu,769,148,2.0015580654144287,0.2,0.1,4,1024,606208,3836082708,4.4615631103515625,1024,1024,1
2022-08-29T15:47:35,dense.1.relu,769,250,2.0033249855041504,0.1,0.1,4,512,512000,3836082708,4.641483306884766,1024,1024,1
2022-08-29T15:47:38,dense.1.relu,769,464,2.002523899078369,0.2,0.1,128,8,475136,3836082708,4.394766330718994,1024,1024,1
2022-08-29T15:47:41,rec.1.tanh,770,187,2.00642991065979,0.2,0.1,64,64,765952,3836082708,4.504934310913086,1024,1024,1
2022-08-29T15:47:44,dense.1.tanh,769,207,2.005510091781616,0.2,0.1,64,64,847872,3836082708,4.565731048583984,1024,1024,1
2022-08-29T15:47:47,rec.1.relu-dense.1.tanh,772,168,2.008286952972412,0.2,0.1,64,64,688128,3836082708,4.541214466094971,1024,1024,1
2022-08-29T15:47:50,rec.1.relu,770,97,2.0107409954071045,0.2,0.1,64,128,794624,3836082708,4.596054553985596,1024,1024,1
2022-08-29T15:47:53,rec.1.relu,770,187,2.000286817550659,0.1,0.1,64,64,765952,3836082708,4.663601398468018,1024,1024,1
2022-08-29T15:47:56,dense.1.relu-lstm.1,781,62,2.0164761543273926,0.5,0.1,32,256,507904,3836082708,4.430842399597168,1024,1024,1
2022-08-29T15:47:59,dense.1.tanh-rec.1.tanh,772,77,2.0016260147094727,0.5,0.1,32,256,630784,3836082708,4.349482536315918,1024,1024,1
2022-08-29T15:48:02,dense.1.relu-rec.1.tanh,772,85,2.007970094680786,0.5,0.1,32,256,696320,3836082708,4.742294788360596,1024,1024,1
2022-08-29T15:48:05,dense.1.tanh-rec.1.relu,772,80,2.0075483322143555,0.5,0.1,32,256,655360,3836082708,4.8415207862854,1024,1024,1
2022-08-29T15:48:08,dense.1.tanh-rec.1.tanh-dense.1.tanh,774,71,2.0052199363708496,0.5,0.1,32,256,581632,3836082708,4.506795406341553,1024,1024,1
2022-08-29T15:48:11,dense.1.tanh-rec.1.tanh,772,80,2.0041236877441406,0.5,0.1,16,512,655360,3836082708,4.360361099243164,1024,1024,1
2022-08-29T15:48:14,dense.1.tanh-rec.1.tanh,772,47,2.0241119861602783,0.5,0.1,32,512,770048,3836082708,4.4827880859375,1024,1024,1
2022-08-29T15:48:17,dense.1.tanh-rec.1.tanh,772,76,2.000746965408325,0.2,0.1,32,256,622592,3836082708,4.615683078765869,1024,1024,1
2022-08-29T15:48:20,dense.1.tanh-rec.1.tanh,772,76,2.0084168910980225,1.0,0.1,32,256,622592,3836082708,4.822033882141113,1024,1024,1
2022-08-29T15:48:23,dense.1.relu-rec.1.tanh,772,80,2.0144879817962646,0.5,0.1,16,512,655360,3836082708,4.788127422332764,1024,1024,1
2022-08-29T15:48:26,dense.1.tanh-rec.1.relu,772,80,2.0004260540008545,0.5,0.1,16,512,655360,3836082708,4.7928690910339355,1024,1024,1
2022-08-29T15:48:29,dense.1.tanh-dense.1.tanh,771,84,2.004601001739502,0.5,0.1,16,512,688128,3836082708,4.376307487487793,1024,1024,1
2022-08-29T15:48:32,dense.1.tanh-gru.1.tanh,778,67,2.0080602169036865,0.5,0.1,16,512,548864,3836082708,5.5283026695251465,1024,1024,1
2022-08-29T15:48:35,dense.1.tanh-lstm.1,781,61,2.0152180194854736,0.5,0.1,16,512,499712,3836082708,4.427984714508057,1024,1024,1
2022-08-29T15:48:38,dense.1.tanh-rec.1.tanh-dense.1.tanh,774,77,2.003851890563965,0.5,0.1,16,512,630784,3836082708,4.41573429107666,1024,1024,1
2022-08-29T15:48:41,dense.1.tanh-rec.1.tanh,772,79,2.016803026199341,0.5,0.1,8,1024,647168,3836082708,4.390628814697266,1024,1024,1
2022-08-29T15:48:44,dense.1.tanh-rec.1.tanh,772,46,2.007923126220703,0.5,0.1,16,1024,753664,3836082708,4.835795879364014,1024,1024,1
2022-08-29T15:48:47,dense.1.tanh-rec.1.tanh,772,121,2.0000529289245605,0.5,0.1,16,256,495616,3836082708,4.38767671585083,1024,1024,1
2022-08-29T15:48:50,dense.1.tanh-rec.1.tanh,772,82,2.009004831314087,0.2,0.1,16,512,671744,3836082708,4.571210861206055,1024,1024,1
2022-08-29T15:48:53,dense.1.tanh-rec.1.tanh,772,83,2.0085792541503906,1.0,0.1,16,512,679936,3836082708,4.823688983917236,1024,1024,1
2022-08-29T15:48:56,dense.1.relu-dense.1.tanh,771,84,2.0039710998535156,0.5,0.1,16,512,688128,3836082708,4.619326591491699,1024,1024,1
2022-08-29T15:48:59,dense.1.tanh-dense.1.relu,771,85,2.007429838180542,0.5,0.1,16,512,696320,3836082708,4.805959224700928,1024,1024,1
2022-08-29T15:49:02,dense.1.tanh-dense.1.tanh-dense.1.tanh,773,79,2.006138801574707,0.5,0.1,16,512,647168,3836082708,4.438726425170898,1024,1024,1
2022-08-29T15:49:05,dense.1.tanh-dense.1.tanh,771,45,2.028007984161377,0.5,0.1,16,1024,737280,3836082708,4.419328212738037,1024,1024,1
2022-08-29T15:49:08,dense.1.tanh-dense.1.tanh,771,84,2.009920120239258,0.2,0.1,16,512,688128,3836082708,4.577573299407959,1024,1024,1
2022-08-29T15:49:11,dense.1.tanh-dense.1.tanh,771,85,2.0127718448638916,1.0,0.1,16,512,696320,3836082708,4.815578460693359,1024,1024,1
2022-08-29T15:49:14,dense.1.relu-rec.1.tanh,772,144,2.0036211013793945,0.5,0.1,16,256,589824,3836082708,4.456367492675781,1024,1024,1
2022-08-29T15:49:17,dense.1.tanh-rec.1.relu,772,134,2.0044100284576416,0.5,0.1,16,256,548864,3836082708,4.805634021759033,1024,1024,1
2022-08-29T15:49:20,dense.1.tanh-rec.1.tanh-dense.1.tanh,774,96,2.0028748512268066,0.5,0.1,16,256,393216,3836082708,4.4554443359375,1024,1024,1
2022-08-29T15:49:23,dense.1.tanh-rec.1.tanh,772,121,2.002686023712158,0.2,0.1,16,256,495616,3836082708,4.541960716247559,1024,1024,1
2022-08-29T15:49:25,dense.1.tanh-rec.1.tanh,772,119,2.004272937774658,1.0,0.1,16,256,487424,3836082708,4.8367156982421875,1024,1024,1
2022-08-29T15:49:29,dense.1.relu-rec.1.tanh,772,46,2.00732684135437,0.5,0.1,8,1024,376832,3836082708,4.810912132263184,1024,1024,1
2022-08-29T15:49:32,dense.1.tanh-rec.1.relu,772,76,2.012892961502075,0.5,0.1,8,1024,622592,3836082708,4.362886905670166,1024,1024,1
2022-08-29T15:49:34,dense.1.relu-rec.1.relu,772,76,2.0082597732543945,0.5,0.1,8,1024,622592,3836082708,4.838359832763672,1024,1024,1
2022-08-29T15:49:38,dense.1.tanh-lstm.1,781,56,2.0074408054351807,0.5,0.1,8,1024,458752,3836082708,4.529433250427246,1024,1024,1
2022-08-29T15:49:40,dense.1.tanh-rec.1.relu-dense.1.tanh,774,72,2.0029819011688232,0.5,0.1,8,1024,589824,3836082708,4.842193603515625,1024,1024,1
2022-08-29T15:49:43,dense.1.tanh-rec.1.relu,772,73,2.0099008083343506,0.5,0.1,4,2048,598016,3836082708,4.857935905456543,1024,1024,1
2022-08-29T15:49:46,dense.1.tanh-rec.1.relu,772,43,2.0281388759613037,0.5,0.1,8,2048,704512,3836082708,4.798111438751221,1024,1024,1
2022-08-29T15:49:49,dense.1.tanh-rec.1.relu,772,134,2.008601188659668,0.5,0.1,8,512,548864,3836082708,4.351804733276367,1024,1024,1
2022-08-29T15:49:52,dense.1.relu-rec.1.relu,772,132,2.0066077709198,0.5,0.1,8,512,540672,3836082708,4.769611358642578,1024,1024,1
2022-08-29T15:49:55,dense.1.tanh-rec.1.relu-dense.1.tanh,774,123,2.009424924850464,0.5,0.1,8,512,503808,3836082708,4.81656551361084,1024,1024,1
2022-08-29T15:49:58,dense.1.tanh-rec.1.relu,772,129,2.004517078399658,0.5,0.1,4,1024,528384,3836082708,4.761975288391113,1024,1024,1
2022-08-29T15:50:01,dense.1.tanh-rec.1.relu,772,199,2.0042710304260254,0.5,0.1,8,256,407552,3836082708,4.792115688323975,1024,1024,1
2022-08-29T15:50:04,dense.1.tanh-rec.1.relu,772,137,2.0052900314331055,0.2,0.1,8,512,561152,3836082708,4.824933052062988,1024,1024,1
2022-08-29T15:50:07,dense.1.tanh-rec.1.relu,772,135,2.0056021213531494,1.0,0.1,8,512,552960,3836082708,4.85051965713501,1024,1024,1
2022-08-29T15:50:10,dense.1.tanh-rec.1.relu,772,78,2.0174570083618164,0.2,0.1,8,1024,638976,3836082708,4.606389999389648,1024,1024,1
2022-08-29T15:50:13,dense.1.tanh-rec.1.relu,772,76,2.0082390308380127,1.0,0.1,8,1024,622592,3836082708,4.801836967468262,1024,1024,1
2022-08-29T15:50:16,dense.1.tanh-rec.1.tanh-dense.1.tanh,774,74,2.0193381309509277,0.5,0.1,8,1024,606208,3836082708,4.497164249420166,1024,1024,1
2022-08-29T15:50:19,dense.1.tanh-rec.1.tanh,772,41,2.018343925476074,0.5,0.1,8,2048,671744,3836082708,4.401695251464844,1024,1024,1
2022-08-29T15:50:22,dense.1.tanh-rec.1.tanh,772,70,2.00085711479187,0.2,0.1,8,1024,573440,3836082708,4.621046543121338,1024,1024,1
2022-08-29T15:50:25,dense.1.tanh-rec.1.tanh,772,70,2.003898859024048,1.0,0.1,8,1024,573440,3836082708,4.51500129699707,1024,1024,1
2022-08-29T15:50:29,dense.1.tanh-rec.1.tanh,772,74,2.0154290199279785,0.5,0.1,32,256,606208,3836082708,4.404308319091797,1024,1024,1
2022-08-29T15:50:32,dense.1.tanh-rec.1.relu,772,133,2.0051872730255127,0.5,0.1,8,512,544768,3836082708,4.41303014755249,1024,1024,1
2022-08-29T15:50:35,dense.1.tanh-lstm.1-dense.1.tanh,783,50,2.0143589973449707,0.5,0.1,32,256,409600,3836082708,4.579573154449463,1024,1024,1
2022-08-29T15:50:38,dense.1.tanh-lstm.1,781,37,2.0292348861694336,0.5,0.1,32,512,606208,3836082708,4.365536212921143,1024,1024,1
2022-08-29T15:50:41,dense.1.relu-lstm.1,781,36,2.0045840740203857,0.5,0.1,32,512,589824,3836082708,4.818787574768066,1024,1024,1
2022-08-29T15:50:44,dense.1.tanh-dense.1.tanh,771,49,2.01129412651062,0.5,0.1,32,512,802816,3836082708,4.414981842041016,1024,1024,1
2022-08-29T15:51:51,rec.1.relu,770,219,4.011642932891846,0.5,0.1,32,64,448512,3836082708,4.392998695373535,1024,1024,1
2022-08-29T15:51:56,rec.1.tanh,770,396,4.009928941726685,0.5,0.1,32,64,811008,3836082708,4.396240234375,1024,1024,1
2022-08-29T15:52:01,dense.1.tanh,769,521,4.000762939453125,0.5,0.1,32,64,1067008,3836082708,4.436570644378662,1024,1024,1
2022-08-29T15:52:06,rec.1.relu-dense.1.tanh,772,566,4.007741212844849,0.5,0.1,32,64,1159168,3836082708,4.831162452697754,1024,1024,1
2022-08-29T15:52:11,rec.1.relu,770,636,4.00384521484375,0.5,0.1,64,32,1302528,3836082708,4.370728969573975,1024,1024,1
2022-08-29T15:52:16,rec.1.tanh,770,684,4.005765914916992,0.5,0.1,64,32,1400832,3836082708,4.380745887756348,1024,1024,1
2022-08-29T15:52:21,dense.1.tanh,769,734,4.007016897201538,0.5,0.1,64,32,1503232,3836082708,4.455254077911377,1024,1024,1
2022-08-29T15:52:26,rec.1.relu-dense.1.tanh,772,692,4.003092050552368,0.5,0.1,64,32,1417216,3836082708,4.413121700286865,1024,1024,1
2022-08-29T15:52:31,rec.1.relu,770,749,4.002911806106567,0.5,0.1,128,16,1533952,3836082708,4.3526225090026855,1024,1024,1
2022-08-29T15:52:36,rec.1.tanh,770,762,4.011744976043701,0.5,0.1,128,16,1560576,3836082708,4.443626403808594,1024,1024,1
2022-08-29T15:52:40,dense.1.tanh,769,786,4.008176803588867,0.5,0.1,128,16,1609728,3836082708,4.426933765411377,1024,1024,1
2022-08-29T15:52:45,rec.1.relu-dense.1.tanh,772,667,4.000327825546265,0.5,0.1,128,16,1366016,3836082708,4.423222541809082,1024,1024,1
2022-08-29T15:52:50,rec.1.relu,770,761,4.00175404548645,0.5,0.1,256,8,1558528,3836082708,4.341564178466797,1024,1024,1
2022-08-29T15:52:55,rec.1.tanh,770,769,4.001147747039795,0.5,0.1,256,8,1574912,3836082708,4.485119819641113,1024,1024,1
2022-08-29T15:53:00,dense.1.tanh,769,797,4.002403259277344,0.5,0.1,256,8,1632256,3836082708,4.438330173492432,1024,1024,1
2022-08-29T15:53:05,rec.1.relu-dense.1.tanh,772,672,4.000582933425903,0.5,0.1,256,8,1376256,3836082708,4.461208343505859,1024,1024,1
2022-08-29T15:53:10,rec.1.relu,770,727,4.002675771713257,0.5,0.1,512,4,1488896,3836082708,4.433111190795898,1024,1024,1
2022-08-29T15:53:15,rec.1.relu,770,509,4.00563907623291,0.5,0.1,256,16,2084864,3836082708,4.350971698760986,1024,1024,1
2022-08-29T15:53:20,rec.1.relu,770,860,4.010426044464111,0.5,0.1,256,4,880640,3836082708,4.462155818939209,1024,1024,1
2022-08-29T15:53:25,rec.1.relu,770,777,4.0015809535980225,0.2,0.1,256,8,1591296,3836082708,4.3633036613464355,1024,1024,1
2022-08-29T15:53:30,rec.1.relu,770,758,4.001775026321411,1.0,0.1,256,8,1552384,3836082708,4.579502582550049,1024,1024,1
2022-08-29T15:53:35,rec.1.tanh,770,509,4.000416994094849,0.5,0.1,256,16,2084864,3836082708,4.435838222503662,1024,1024,1
2022-08-29T15:53:40,dense.1.tanh,769,524,4.002961874008179,0.5,0.1,256,16,2146304,3836082708,4.430295944213867,1024,1024,1
2022-08-29T15:53:45,rec.1.relu-dense.1.tanh,772,465,4.000347852706909,0.5,0.1,256,16,1904640,3836082708,4.3960041999816895,1024,1024,1
2022-08-29T15:53:49,rec.1.relu,770,507,4.005080938339233,0.5,0.1,512,8,2076672,3836082708,4.371304988861084,1024,1024,1
2022-08-29T15:53:54,rec.1.relu,770,490,4.002593040466309,0.5,0.1,128,32,2007040,3836082708,4.401727199554443,1024,1024,1
2022-08-29T15:53:59,rec.1.relu,770,282,4.006155014038086,0.5,0.1,256,32,2310144,3836082708,4.343066692352295,1024,1024,1
2022-08-29T15:54:04,rec.1.tanh,770,283,4.007817983627319,0.5,0.1,256,32,2318336,3836082708,4.399670600891113,1024,1024,1
2022-08-29T15:54:09,dense.1.tanh,769,291,4.005289793014526,0.5,0.1,256,32,2383872,3836082708,4.434421062469482,1024,1024,1
2022-08-29T15:54:14,rec.1.relu-dense.1.tanh,772,267,4.004050970077515,0.5,0.1,256,32,2187264,3836082708,4.739355564117432,1024,1024,1
2022-08-29T15:54:19,rec.1.relu,770,285,4.009352922439575,0.5,0.1,512,16,2334720,3836082708,4.384758949279785,1024,1024,1
2022-08-29T15:54:24,rec.1.relu,770,245,4.011857032775879,0.5,0.1,128,64,2007040,3836082708,4.354476451873779,1024,1024,1
2022-08-29T15:54:29,rec.1.relu,770,134,4.003623962402344,0.5,0.1,256,64,2195456,3836082708,4.4303107261657715,1024,1024,1
2022-08-29T15:54:34,rec.1.relu,770,284,4.01214599609375,0.2,0.1,256,32,2326528,3836082708,4.4027862548828125,1024,1024,1
2022-08-29T15:54:39,rec.1.relu,770,282,4.004693984985352,1.0,0.1,256,32,2310144,3836082708,4.535183429718018,1024,1024,1
2022-08-29T15:54:44,rec.1.relu,770,506,4.006652355194092,0.2,0.1,256,16,2072576,3836082708,4.384454250335693,1024,1024,1
2022-08-29T15:54:49,rec.1.relu,770,504,4.002029657363892,1.0,0.1,256,16,2064384,3836082708,4.579421043395996,1024,1024,1
2022-08-29T15:54:54,rec.1.relu,770,901,4.006242990493774,0.5,0.1,128,8,922624,3836082708,4.434424877166748,1024,1024,1
2022-08-29T15:54:59,rec.1.relu,770,784,4.003453254699707,0.2,0.1,128,16,1605632,3836082708,4.313037395477295,1024,1024,1
2022-08-29T15:55:04,rec.1.tanh,770,788,4.003024339675903,0.2,0.1,128,16,1613824,3836082708,4.385745048522949,1024,1024,1
2022-08-29T15:55:09,dense.1.tanh,769,838,4.001260042190552,0.2,0.1,128,16,1716224,3836082708,4.419053077697754,1024,1024,1
2022-08-29T15:55:14,rec.1.relu-dense.1.tanh,772,667,4.002431869506836,0.2,0.1,128,16,1366016,3836082708,4.840718746185303,1024,1024,1
2022-08-29T15:55:18,rec.1.relu,770,783,4.002009868621826,0.2,0.1,64,32,1603584,3836082708,4.319903373718262,1024,1024,1
2022-08-29T15:55:23,rec.1.relu,770,490,4.004222869873047,0.2,0.1,128,32,2007040,3836082708,4.35271692276001,1024,1024,1
2022-08-29T15:55:28,rec.1.relu,770,935,4.006960868835449,0.2,0.1,128,8,957440,3836082708,4.3620195388793945,1024,1024,1
2022-08-29T15:55:33,rec.1.relu,770,784,4.001720905303955,0.1,0.1,128,16,1605632,3836082708,4.431053638458252,1024,1024,1
2022-08-29T15:55:38,rec.1.tanh,770,778,4.0013649463653564,0.2,0.1,64,32,1593344,3836082708,4.388351917266846,1024,1024,1
2022-08-29T15:55:43,dense.1.tanh,769,845,4.000920057296753,0.2,0.1,64,32,1730560,3836082708,4.40881872177124,1024,1024,1
2022-08-29T15:55:48,rec.1.relu-dense.1.tanh,772,693,4.001866817474365,0.2,0.1,64,32,1419264,3836082708,4.3884806632995605,1024,1024,1
2022-08-29T15:55:53,rec.1.relu,770,721,4.000403165817261,0.2,0.1,32,64,1476608,3836082708,4.346804141998291,1024,1024,1
2022-08-29T15:55:58,rec.1.relu,770,442,4.004956960678101,0.2,0.1,64,64,1810432,3836082708,4.332149505615234,1024,1024,1
2022-08-29T15:56:03,rec.1.relu,770,964,4.0032970905303955,0.2,0.1,64,16,987136,3836082708,4.333722114562988,1024,1024,1
2022-08-29T15:56:08,rec.1.relu,770,777,4.002715110778809,0.1,0.1,64,32,1591296,3836082708,4.356105327606201,1024,1024,1
2022-08-29T15:56:13,rec.1.tanh,770,445,4.003878116607666,0.2,0.1,64,64,1822720,3836082708,4.361049175262451,1024,1024,1
2022-08-29T15:56:18,dense.1.tanh,769,464,4.002718925476074,0.2,0.1,64,64,1900544,3836082708,4.39216423034668,1024,1024,1
2022-08-29T15:56:23,rec.1.relu-dense.1.tanh,772,410,4.005383253097534,0.2,0.1,64,64,1679360,3836082708,4.370034217834473,1024,1024,1
2022-08-29T15:56:28,rec.1.relu,770,412,4.003076791763306,0.2,0.1,32,128,1687552,3836082708,4.324823379516602,1024,1024,1
2022-08-29T15:56:33,rec.1.tanh,770,411,4.003387928009033,0.2,0.1,32,128,1683456,3836082708,4.446056842803955,1024,1024,1
2022-08-29T15:56:38,dense.1.tanh,769,427,4.00596809387207,0.2,0.1,32,128,1748992,3836082708,4.361241817474365,1024,1024,1
2022-08-29T15:56:43,rec.1.relu-dense.1.tanh,772,381,4.003941059112549,0.2,0.1,32,128,1560576,3836082708,4.413966655731201,1024,1024,1
2022-08-29T15:56:47,rec.1.relu,770,386,4.000438213348389,0.2,0.1,16,256,1581056,3836082708,4.310269832611084,1024,1024,1
2022-08-29T15:56:52,rec.1.tanh,770,380,4.004282236099243,0.2,0.1,16,256,1556480,3836082708,4.394888401031494,1024,1024,1
2022-08-29T15:56:57,dense.1.tanh,769,390,4.003077030181885,0.2,0.1,16,256,1597440,3836082708,4.425909042358398,1024,1024,1
2022-08-29T15:57:02,rec.1.relu-dense.1.tanh,772,358,4.00235390663147,0.2,0.1,16,256,1466368,3836082708,4.406741619110107,1024,1024,1
2022-08-29T15:57:07,rec.1.relu,770,348,4.002780914306641,0.2,0.1,8,512,1425408,3836082708,4.837060928344727,1024,1024,1
2022-08-29T15:57:12,rec.1.relu,770,200,4.014087915420532,0.2,0.1,16,512,1638400,3836082708,4.389862537384033,1024,1024,1
2022-08-29T15:57:17,rec.1.relu,770,656,4.00322699546814,0.2,0.1,16,128,1343488,3836082708,4.352216720581055,1024,1024,1
2022-08-29T15:57:22,rec.1.relu,770,387,4.008469104766846,0.1,0.1,16,256,1585152,3836082708,4.928804874420166,1024,1024,1
2022-08-29T15:57:27,rec.1.relu,770,384,4.002898931503296,0.5,0.1,16,256,1572864,3836082708,4.376923084259033,1024,1024,1
2022-08-29T15:57:32,rec.1.relu,770,222,4.0014328956604,0.2,0.1,32,256,1818624,3836082708,4.335381031036377,1024,1024,1
2022-08-29T15:57:37,rec.1.relu,770,412,4.005095958709717,0.1,0.1,32,128,1687552,3836082708,4.588788032531738,1024,1024,1
2022-08-29T15:57:42,rec.1.relu,770,411,4.004155158996582,0.5,0.1,32,128,1683456,3836082708,4.382174015045166,1024,1024,1
2022-08-29T15:57:47,rec.1.relu,770,232,4.012477874755859,0.2,0.1,64,128,1900544,3836082708,4.823957443237305,1024,1024,1
2022-08-29T15:57:52,rec.1.relu,770,441,4.004953145980835,0.1,0.1,64,64,1806336,3836082708,4.430938720703125,1024,1024,1
2022-08-29T15:57:57,rec.1.relu,770,444,4.0029942989349365,0.5,0.1,64,64,1818624,3836082708,4.79656457901001,1024,1024,1
2022-08-29T15:58:02,rec.1.tanh,770,985,4.008356809616089,0.2,0.1,64,16,1008640,3836082708,4.409766674041748,1024,1024,1
2022-08-29T15:58:07,dense.1.tanh,769,1027,4.008105993270874,0.2,0.1,64,16,1051648,3836082708,4.39433479309082,1024,1024,1
2022-08-29T15:58:12,rec.1.relu-dense.1.tanh,772,887,4.002153158187866,0.2,0.1,64,16,908288,3836082708,4.393441677093506,1024,1024,1
2022-08-29T15:58:17,rec.1.relu,770,1028,4.007957935333252,0.2,0.1,32,32,1052672,3836082708,4.314718246459961,1024,1024,1
2022-08-29T15:58:22,rec.1.tanh,770,1030,4.00631308555603,0.2,0.1,32,32,1054720,3836082708,4.415736198425293,1024,1024,1
2022-08-29T15:58:27,dense.1.tanh,769,1061,4.006093978881836,0.2,0.1,32,32,1086464,3836082708,4.4002299308776855,1024,1024,1
2022-08-29T15:58:32,rec.1.relu-dense.1.tanh,772,868,4.003815174102783,0.2,0.1,32,32,888832,3836082708,4.3853325843811035,1024,1024,1
2022-08-29T15:58:37,rec.1.relu,770,952,4.001183032989502,0.2,0.1,16,64,974848,3836082708,4.360871315002441,1024,1024,1
2022-08-29T15:58:42,rec.1.relu,770,1112,4.010735988616943,0.2,0.1,32,16,569344,3836082708,4.352258205413818,1024,1024,1
2022-08-29T15:58:47,rec.1.relu,770,1038,4.000290632247925,0.1,0.1,32,32,1062912,3836082708,4.383469104766846,1024,1024,1
2022-08-29T15:58:52,rec.1.relu,770,1035,4.001598834991455,0.5,0.1,32,32,1059840,3836082708,4.759214878082275,1024,1024,1
2022-08-29T15:58:57,rec.1.relu,770,1149,4.006650924682617,0.2,0.1,64,8,588288,3836082708,4.3815412521362305,1024,1024,1
2022-08-29T15:59:01,rec.1.relu,770,1039,4.00075888633728,0.1,0.1,64,16,1063936,3836082708,4.349310398101807,1024,1024,1
2022-08-29T15:59:06,rec.1.relu,770,1038,4.002010107040405,0.5,0.1,64,16,1062912,3836082708,4.328457832336426,1024,1024,1
2022-08-29T15:59:11,rec.1.tanh,770,1043,4.0017571449279785,0.5,0.1,64,16,1068032,3836082708,4.4116692543029785,1024,1024,1
2022-08-29T15:59:16,dense.1.tanh,769,1143,4.002583980560303,0.5,0.1,64,16,1170432,3836082708,4.4411211013793945,1024,1024,1
2022-08-29T15:59:21,rec.1.relu-dense.1.tanh,772,886,4.002829074859619,0.5,0.1,64,16,907264,3836082708,4.4409637451171875,1024,1024,1
2022-08-29T15:59:26,rec.1.relu,770,1176,4.001333951950073,0.5,0.1,64,8,602112,3836082708,4.460575103759766,1024,1024,1
2022-08-29T15:59:31,rec.1.relu,770,1037,4.001723051071167,1.0,0.1,64,16,1061888,3836082708,4.901010036468506,1024,1024,1
2022-08-29T15:59:36,rec.1.tanh,770,222,4.011636018753052,0.2,0.1,32,256,1818624,3836082708,4.51638126373291,1024,1024,1
2022-08-29T15:59:41,dense.1.tanh,769,220,4.012395143508911,0.2,0.1,32,256,1802240,3836082708,4.440245628356934,1024,1024,1
2022-08-29T15:59:46,rec.1.relu-dense.1.tanh,772,211,4.007713079452515,0.2,0.1,32,256,1728512,3836082708,4.472968578338623,1024,1024,1
2022-08-29T15:59:51,rec.1.relu,770,112,4.013421058654785,0.2,0.1,32,512,1835008,3836082708,4.703248977661133,1024,1024,1
2022-08-29T15:59:56,rec.1.relu,770,220,4.012217044830322,0.1,0.1,32,256,1802240,3836082708,4.630362510681152,1024,1024,1
2022-08-29T16:00:01,rec.1.relu,770,223,4.001020908355713,0.5,0.1,32,256,1826816,3836082708,4.334909915924072,1024,1024,1
2022-08-29T16:00:06,rec.1.tanh,770,218,4.008247137069702,0.5,0.1,32,256,1785856,3836082708,4.399302959442139,1024,1024,1
2022-08-29T16:00:11,dense.1.tanh,769,205,4.0000810623168945,0.5,0.1,32,256,1679360,3836082708,4.373615264892578,1024,1024,1
2022-08-29T16:00:16,rec.1.relu-dense.1.tanh,772,203,4.004943132400513,0.5,0.1,32,256,1662976,3836082708,4.422767639160156,1024,1024,1
2022-08-29T16:00:21,rec.1.relu,770,229,4.003625869750977,0.5,0.1,64,128,1875968,3836082708,4.836780071258545,1024,1024,1
2022-08-29T16:00:26,rec.1.relu,770,203,4.003939867019653,0.5,0.1,16,512,1662976,3836082708,4.398433685302734,1024,1024,1
2022-08-29T16:00:31,rec.1.relu,770,113,4.016282081604004,0.5,0.1,32,512,1851392,3836082708,4.355628967285156,1024,1024,1
2022-08-29T16:00:36,rec.1.relu,770,223,4.008899688720703,1.0,0.1,32,256,1826816,3836082708,4.829500675201416,1024,1024,1
2022-08-29T16:00:41,rec.1.tanh,770,715,4.001537084579468,0.2,0.1,32,64,1464320,3836082708,4.370794773101807,1024,1024,1
2022-08-29T16:00:46,dense.1.tanh,769,767,4.001353979110718,0.2,0.1,32,64,1570816,3836082708,4.443012237548828,1024,1024,1
2022-08-29T16:00:51,rec.1.relu-dense.1.tanh,772,629,4.004688739776611,0.2,0.1,32,64,1288192,3836082708,4.379864692687988,1024,1024,1
2022-08-29T16:00:56,rec.1.relu,770,703,4.004424333572388,0.1,0.1,32,64,1439744,3836082708,4.82685661315918,1024,1024,1
2022-08-29T16:01:01,rec.1.tanh,770,1017,4.00107216835022,0.1,0.1,64,16,1041408,3836082708,4.5222907066345215,1024,1024,1
2022-08-29T16:01:06,dense.1.tanh,769,1099,4.0027687549591064,0.1,0.1,64,16,1125376,3836082708,4.495697021484375,1024,1024,1
2022-08-29T16:01:11,rec.1.relu-dense.1.tanh,772,859,4.000905990600586,0.1,0.1,64,16,879616,3836082708,4.47001838684082,1024,1024,1
2022-08-29T16:01:16,rec.1.relu,770,985,4.000604867935181,0.1,0.1,128,8,1008640,3836082708,4.432971954345703,1024,1024,1
2022-08-29T16:01:20,rec.1.relu,770,1181,4.008872985839844,0.1,0.1,64,8,604672,3836082708,4.406610488891602,1024,1024,1
2022-08-29T16:01:25,rec.1.relu,770,1016,4.002332925796509,0.05,0.1,64,16,1040384,3836082708,4.6725544929504395,1024,1024,1
2022-08-29T16:01:30,rec.1.tanh,770,658,4.003159999847412,0.2,0.1,16,128,1347584,3836082708,4.386462211608887,1024,1024,1
2022-08-29T16:01:35,dense.1.tanh,769,700,4.004109144210815,0.2,0.1,16,128,1433600,3836082708,4.372642517089844,1024,1024,1
2022-08-29T16:01:40,rec.1.relu-dense.1.tanh,772,574,4.004187822341919,0.2,0.1,16,128,1175552,3836082708,4.400811195373535,1024,1024,1
2022-08-29T16:01:45,rec.1.relu,770,609,4.00253701210022,0.2,0.1,8,256,1247232,3836082708,4.305164813995361,1024,1024,1
2022-08-29T16:01:50,rec.1.tanh,770,592,4.0052478313446045,0.2,0.1,8,256,1212416,3836082708,4.408955097198486,1024,1024,1
2022-08-29T16:01:55,dense.1.tanh,769,613,4.003961086273193,0.2,0.1,8,256,1255424,3836082708,4.376896381378174,1024,1024,1
2022-08-29T16:02:00,rec.1.relu-dense.1.tanh,772,540,4.00494909286499,0.2,0.1,8,256,1105920,3836082708,4.362396717071533,1024,1024,1
2022-08-29T16:02:05,rec.1.relu,770,554,4.0035178661346436,0.2,0.1,4,512,1134592,3836082708,4.331696033477783,1024,1024,1
2022-08-29T16:02:10,rec.1.relu,770,846,4.001072883605957,0.2,0.1,8,128,866304,3836082708,4.319301605224609,1024,1024,1
2022-08-29T16:02:15,rec.1.relu,770,593,4.000806093215942,0.1,0.1,8,256,1214464,3836082708,4.4324951171875,1024,1024,1
2022-08-29T16:02:20,rec.1.relu,770,609,4.001250743865967,0.5,0.1,8,256,1247232,3836082708,4.445921421051025,1024,1024,1
2022-08-29T16:02:25,rec.1.tanh,770,793,4.002402067184448,0.2,0.1,8,128,812032,3836082708,4.377439022064209,1024,1024,1
2022-08-29T16:02:30,dense.1.tanh,769,931,4.0007710456848145,0.2,0.1,8,128,953344,3836082708,4.431570053100586,1024,1024,1
2022-08-29T16:02:35,rec.1.relu-dense.1.tanh,772,733,4.000264883041382,0.2,0.1,8,128,750592,3836082708,4.450142860412598,1024,1024,1
2022-08-29T16:02:40,rec.1.relu,770,770,4.001355886459351,0.2,0.1,4,256,788480,3836082708,4.348725318908691,1024,1024,1
2022-08-29T16:02:45,rec.1.relu,770,1076,4.002124786376953,0.2,0.1,8,64,550912,3836082708,4.366425037384033,1024,1024,1
2022-08-29T16:02:50,rec.1.relu,770,838,4.0008790493011475,0.1,0.1,8,128,858112,3836082708,4.4522271156311035,1024,1024,1
2022-08-29T16:02:55,rec.1.relu,770,849,4.001348972320557,0.5,0.1,8,128,869376,3836082708,4.399672985076904,1024,1024,1
2022-08-29T16:03:00,rec.1.tanh,770,560,4.001136779785156,0.2,0.1,4,512,1146880,3836082708,4.388041019439697,1024,1024,1
2022-08-29T16:03:05,dense.1.tanh,769,586,4.000157117843628,0.2,0.1,4,512,1200128,3836082708,4.382028579711914,1024,1024,1
2022-08-29T16:03:10,rec.1.relu-dense.1.tanh,772,499,4.000009298324585,0.2,0.1,4,512,1021952,3836082708,4.454975128173828,1024,1024,1
2022-08-29T16:03:15,rec.1.relu,770,493,4.002942085266113,0.2,0.1,2,1024,1009664,3836082708,4.393233299255371,1024,1024,1
2022-08-29T16:03:20,rec.1.relu,770,318,4.00879168510437,0.2,0.1,4,1024,1302528,3836082708,4.390961170196533,1024,1024,1
2022-08-29T16:03:25,rec.1.relu,770,536,4.004711866378784,0.1,0.1,4,512,1097728,3836082708,4.4467363357543945,1024,1024,1
2022-08-29T16:03:30,rec.1.relu,770,564,4.005867004394531,0.5,0.1,4,512,1155072,3836082708,4.42295503616333,1024,1024,1
2022-08-29T16:03:35,rec.1.relu,770,609,4.0046422481536865,0.2,0.1,8,256,1247232,3836082708,4.311635971069336,1024,1024,1
2022-08-29T16:03:40,rec.1.tanh,770,797,4.000633955001831,0.2,0.1,4,256,816128,3836082708,4.365908622741699,1024,1024,1
2022-08-29T16:03:45,dense.1.tanh,769,856,4.002198696136475,0.2,0.1,4,256,876544,3836082708,4.39675760269165,1024,1024,1
2022-08-29T16:03:50,rec.1.relu-dense.1.tanh,772,693,4.00344181060791,0.2,0.1,4,256,709632,3836082708,4.376016139984131,1024,1024,1
2022-08-29T16:03:55,rec.1.relu,770,717,4.000738143920898,0.2,0.1,2,512,734208,3836082708,4.408026218414307,1024,1024,1
2022-08-29T16:04:00,rec.1.relu,770,1087,4.001315116882324,0.2,0.1,4,128,556544,3836082708,4.359821319580078,1024,1024,1
2022-08-29T16:04:05,rec.1.relu,770,822,4.001029014587402,0.1,0.1,4,256,841728,3836082708,4.387552738189697,1024,1024,1
2022-08-29T16:04:10,rec.1.relu,770,809,4.002034902572632,0.5,0.1,4,256,828416,3836082708,4.4064812660217285,1024,1024,1
2022-08-29T16:04:14,rec.1.tanh,770,592,4.000643968582153,0.2,0.1,8,256,1212416,3836082708,4.374264240264893,1024,1024,1
2022-08-29T16:04:19,dense.1.tanh,769,615,4.001865863800049,0.2,0.1,8,256,1259520,3836082708,4.395512104034424,1024,1024,1
2022-08-29T16:04:24,rec.1.relu-dense.1.tanh,772,548,4.000953912734985,0.2,0.1,8,256,1122304,3836082708,4.425583362579346,1024,1024,1
2022-08-29T16:04:29,rec.1.relu,770,645,4.005349159240723,0.2,0.1,16,128,1320960,3836082708,4.349484443664551,1024,1024,1
2022-08-29T16:04:34,rec.1.relu,770,640,4.004794120788574,0.1,0.1,16,128,1310720,3836082708,4.380643367767334,1024,1024,1
2022-08-29T16:04:39,rec.1.relu,770,644,4.000530958175659,0.5,0.1,16,128,1318912,3836082708,4.4182353019714355,1024,1024,1
2022-08-29T16:04:44,rec.1.relu,770,553,4.001111030578613,0.2,0.1,4,512,1132544,3836082708,4.827932834625244,1024,1024,1
2022-08-29T16:04:49,rec.1.relu,770,342,4.003021001815796,0.2,0.1,8,512,1400832,3836082708,4.347317695617676,1024,1024,1
2022-08-29T16:04:54,rec.1.relu,770,876,4.0006890296936035,0.2,0.1,8,128,897024,3836082708,4.384982109069824,1024,1024,1
2022-08-29T16:04:59,rec.1.relu,770,611,4.000201940536499,0.1,0.1,8,256,1251328,3836082708,4.394431114196777,1024,1024,1
2022-08-29T16:05:04,rec.1.relu,770,618,4.001777172088623,0.5,0.1,8,256,1265664,3836082708,4.37915563583374,1024,1024,1
2022-08-29T16:05:09,rec.1.tanh,770,1205,4.010550022125244,0.2,0.1,32,16,616960,3836082708,4.404547691345215,1024,1024,1
2022-08-29T16:05:14,dense.1.tanh,769,1251,4.005450963973999,0.2,0.1,32,16,640512,3836082708,4.4234089851379395,1024,1024,1
2022-08-29T16:05:19,rec.1.relu-dense.1.tanh,772,1048,4.001327753067017,0.2,0.1,32,16,536576,3836082708,4.431301593780518,1024,1024,1
2022-08-29T16:05:24,rec.1.relu,770,1238,4.003124952316284,0.2,0.1,16,32,633856,3836082708,4.343203544616699,1024,1024,1
2022-08-29T16:05:29,rec.1.tanh,770,1253,4.003026008605957,0.2,0.1,16,32,641536,3836082708,4.403618812561035,1024,1024,1
2022-08-29T16:05:34,dense.1.tanh,769,1285,4.008350133895874,0.2,0.1,16,32,657920,3836082708,4.434571743011475,1024,1024,1
2022-08-29T16:05:39,rec.1.relu-dense.1.tanh,772,1036,4.003190994262695,0.2,0.1,16,32,530432,3836082708,4.486784934997559,1024,1024,1
2022-08-29T16:05:44,rec.1.relu,770,1323,4.003056049346924,0.2,0.1,16,16,338688,3836082708,4.764318943023682,1024,1024,1
2022-08-29T16:05:49,rec.1.relu,770,1204,4.001989126205444,0.1,0.1,16,32,616448,3836082708,4.374511241912842,1024,1024,1
2022-08-29T16:05:54,rec.1.relu,770,1236,4.001640796661377,0.5,0.1,16,32,632832,3836082708,4.853051662445068,1024,1024,1
2022-08-29T16:05:59,rec.1.relu,770,1353,4.003267288208008,0.2,0.1,32,8,346368,3836082708,4.364586353302002,1024,1024,1
2022-08-29T16:06:04,rec.1.relu,770,1275,4.000347852706909,0.1,0.1,32,16,652800,3836082708,4.825906276702881,1024,1024,1
2022-08-29T16:06:09,rec.1.relu,770,1279,4.001113176345825,0.5,0.1,32,16,654848,3836082708,4.42528772354126,1024,1024,1
2022-08-29T16:06:14,rec.1.relu,770,763,4.000833034515381,1.0,0.1,128,16,1562624,3836082708,4.5352396965026855,1024,1024,1
2022-08-29T16:06:19,rec.1.tanh,770,486,4.004995107650757,0.2,0.1,128,32,1990656,3836082708,4.4067606925964355,1024,1024,1
2022-08-29T16:06:24,dense.1.tanh,769,509,4.000197172164917,0.2,0.1,128,32,2084864,3836082708,4.387834072113037,1024,1024,1
2022-08-29T16:06:28,rec.1.relu-dense.1.tanh,772,440,4.005209922790527,0.2,0.1,128,32,1802240,3836082708,4.420964241027832,1024,1024,1
2022-08-29T16:06:33,rec.1.relu,770,246,4.012140989303589,0.2,0.1,128,64,2015232,3836082708,4.348494052886963,1024,1024,1
2022-08-29T16:06:38,rec.1.tanh,770,246,4.00618314743042,0.2,0.1,128,64,2015232,3836082708,4.492784023284912,1024,1024,1
2022-08-29T16:06:43,dense.1.tanh,769,252,4.001343011856079,0.2,0.1,128,64,2064384,3836082708,4.433594226837158,1024,1024,1
2022-08-29T16:06:48,rec.1.relu-dense.1.tanh,772,232,4.00542426109314,0.2,0.1,128,64,1900544,3836082708,4.78144645690918,1024,1024,1
2022-08-29T16:06:53,rec.1.relu,770,122,4.003550052642822,0.2,0.1,128,128,1998848,3836082708,4.403589248657227,1024,1024,1
2022-08-29T16:06:58,rec.1.relu,770,246,4.002266883850098,0.1,0.1,128,64,2015232,3836082708,4.618610382080078,1024,1024,1
2022-08-29T16:07:03,rec.1.relu,770,488,4.005724191665649,0.1,0.1,128,32,1998848,3836082708,4.490583896636963,1024,1024,1
2022-08-29T16:07:08,rec.1.relu,770,387,4.003328084945679,0.2,0.1,16,256,1585152,3836082708,4.358016014099121,1024,1024,1
2022-08-29T16:07:13,rec.1.tanh,770,246,4.008373975753784,0.5,0.1,128,64,2015232,3836082708,4.362764358520508,1024,1024,1
2022-08-29T16:07:18,dense.1.tanh,769,253,4.003907203674316,0.5,0.1,128,64,2072576,3836082708,4.401780128479004,1024,1024,1
2022-08-29T16:07:23,rec.1.relu-dense.1.tanh,772,232,4.012426853179932,0.5,0.1,128,64,1900544,3836082708,4.487209796905518,1024,1024,1
2022-08-29T16:07:28,rec.1.relu,770,123,4.003397226333618,0.5,0.1,128,128,2015232,3836082708,4.396156311035156,1024,1024,1
2022-08-29T16:07:33,rec.1.relu,770,245,4.000013113021851,1.0,0.1,128,64,2007040,3836082708,4.582948684692383,1024,1024,1
2022-08-29T16:07:38,rec.1.tanh,770,112,4.013582229614258,0.5,0.1,32,512,1835008,3836082708,4.340340614318848,1024,1024,1
2022-08-29T16:07:43,dense.1.tanh,769,114,4.006691217422485,0.5,0.1,32,512,1867776,3836082708,4.4240546226501465,1024,1024,1
2022-08-29T16:07:48,rec.1.tanh-dense.1.tanh,772,110,4.031693696975708,0.5,0.1,32,512,1802240,3836082708,4.41789436340332,1024,1024,1
2022-08-29T16:07:53,rec.1.tanh,770,118,4.018296003341675,0.5,0.1,64,256,1933312,3836082708,4.398273468017578,1024,1024,1
2022-08-29T16:07:58,rec.1.tanh,770,108,4.006478786468506,0.5,0.1,16,1024,1769472,3836082708,4.353676795959473,1024,1024,1
2022-08-29T16:08:03,rec.1.tanh,770,62,4.013942718505859,0.5,0.1,32,1024,2031616,3836082708,4.399089336395264,1024,1024,1
2022-08-29T16:08:08,rec.1.tanh,770,113,4.026727914810181,0.2,0.1,32,512,1851392,3836082708,4.5413055419921875,1024,1024,1
2022-08-29T16:08:13,rec.1.tanh,770,112,4.006620168685913,1.0,0.1,32,512,1835008,3836082708,4.461640357971191,1024,1024,1
2022-08-29T16:08:18,rec.1.relu,770,109,4.022198915481567,0.5,0.1,16,1024,1785856,3836082708,4.790661811828613,1024,1024,1
2022-08-29T16:08:23,dense.1.tanh,769,108,4.030183792114258,0.5,0.1,16,1024,1769472,3836082708,4.400986671447754,1024,1024,1
2022-08-29T16:08:28,rec.1.tanh-dense.1.tanh,772,106,4.028012037277222,0.5,0.1,16,1024,1736704,3836082708,4.38038444519043,1024,1024,1
2022-08-29T16:08:33,rec.1.tanh,770,103,4.033322811126709,0.5,0.1,8,2048,1687552,3836082708,4.38083553314209,1024,1024,1
2022-08-29T16:08:38,rec.1.tanh,770,60,4.0278520584106445,0.5,0.1,16,2048,1966080,3836082708,4.360657215118408,1024,1024,1
2022-08-29T16:08:43,rec.1.tanh,770,203,4.016908884048462,0.5,0.1,16,512,1662976,3836082708,4.374628067016602,1024,1024,1
2022-08-29T16:08:48,rec.1.tanh,770,109,4.029079914093018,0.2,0.1,16,1024,1785856,3836082708,4.6676812171936035,1024,1024,1
2022-08-29T16:08:53,rec.1.tanh,770,108,4.015715837478638,1.0,0.1,16,1024,1769472,3836082708,4.369204998016357,1024,1024,1
2022-08-29T16:08:58,rec.1.relu-dense.1.tanh,772,109,4.01959490776062,0.5,0.1,32,512,1785856,3836082708,4.7625274658203125,1024,1024,1
2022-08-29T16:09:03,rec.1.relu,770,119,4.000746011734009,0.5,0.1,64,256,1949696,3836082708,4.319517612457275,1024,1024,1
2022-08-29T16:09:08,dense.1.tanh,769,117,4.015836238861084,0.5,0.1,64,256,1916928,3836082708,4.40614128112793,1024,1024,1
2022-08-29T16:09:13,rec.1.relu-dense.1.tanh,772,114,4.012351989746094,0.5,0.1,64,256,1867776,3836082708,4.396364212036133,1024,1024,1
2022-08-29T16:09:18,rec.1.relu,770,63,4.026634216308594,0.5,0.1,64,512,2064384,3836082708,4.362525939941406,1024,1024,1
2022-08-29T16:09:23,rec.1.relu,770,119,4.022843837738037,0.2,0.1,64,256,1949696,3836082708,4.383959770202637,1024,1024,1
2022-08-29T16:09:28,rec.1.relu,770,118,4.0163562297821045,1.0,0.1,64,256,1933312,3836082708,4.684905529022217,1024,1024,1
2022-08-29T16:09:33,rec.1.relu,770,62,4.050962209701538,0.5,0.1,32,1024,2031616,3836082708,4.396042823791504,1024,1024,1
2022-08-29T16:09:38,rec.1.relu,770,103,4.025231122970581,1.0,0.1,32,512,1687552,3836082708,4.5773234367370605,1024,1024,1
2022-08-29T16:09:43,rec.1.tanh,770,728,4.000399827957153,0.1,0.1,64,32,1490944,3836082708,4.527166366577148,1024,1024,1
2022-08-29T16:09:48,dense.1.tanh,769,800,4.003001928329468,0.1,0.1,64,32,1638400,3836082708,4.510222434997559,1024,1024,1
2022-08-29T16:09:53,rec.1.relu-dense.1.tanh,772,676,4.0024261474609375,0.1,0.1,64,32,1384448,3836082708,4.545634746551514,1024,1024,1
2022-08-29T16:09:58,rec.1.relu,770,776,4.003438949584961,0.05,0.1,64,32,1589248,3836082708,4.656125545501709,1024,1024,1
2022-08-29T16:10:03,rec.1.relu,770,768,4.000371932983398,0.2,0.1,128,16,1572864,3836082708,4.330012798309326,1024,1024,1
2022-08-29T16:10:08,rec.1.relu,770,997,4.002521753311157,0.2,0.1,32,32,1020928,3836082708,4.3480224609375,1024,1024,1
2022-08-29T16:10:13,rec.1.tanh,770,1058,4.001927852630615,0.2,0.1,4,128,541696,3836082708,4.4094014167785645,1024,1024,1
2022-08-29T16:10:18,dense.1.tanh,769,1225,4.001165866851807,0.2,0.1,4,128,627200,3836082708,4.418460845947266,1024,1024,1
2022-08-29T16:10:23,rec.1.relu-dense.1.tanh,772,920,4.003526926040649,0.2,0.1,4,128,471040,3836082708,4.430394649505615,1024,1024,1
2022-08-29T16:10:28,rec.1.relu,770,1035,4.001918077468872,0.2,0.1,2,256,529920,3836082708,4.373429298400879,1024,1024,1
2022-08-29T16:10:33,rec.1.relu,770,1359,4.003455877304077,0.2,0.1,4,64,347904,3836082708,4.367457866668701,1024,1024,1
2022-08-29T16:10:38,rec.1.relu,770,1074,4.001264810562134,0.1,0.1,4,128,549888,3836082708,4.38516902923584,1024,1024,1
2022-08-29T16:10:43,rec.1.relu,770,1060,4.000475883483887,0.5,0.1,4,128,542720,3836082708,4.490478038787842,1024,1024,1
2022-08-29T16:10:48,rec.1.relu,770,59,4.00712513923645,0.5,0.1,16,2048,1933312,3836082708,4.389857292175293,1024,1024,1
2022-08-29T16:10:53,dense.1.tanh,769,60,4.005276203155518,0.5,0.1,16,2048,1966080,3836082708,4.447367191314697,1024,1024,1
2022-08-29T16:10:58,rec.1.tanh-dense.1.tanh,772,58,4.0375847816467285,0.5,0.1,16,2048,1900544,3836082708,4.357141017913818,1024,1024,1
2022-08-29T16:11:03,rec.1.relu-dense.1.tanh,772,58,4.001605987548828,0.5,0.1,16,2048,1900544,3836082708,4.44648551940918,1024,1024,1
2022-08-29T16:11:08,rec.1.tanh-dense.1.relu,772,56,4.013337135314941,0.5,0.1,16,2048,1835008,3836082708,4.610177993774414,1024,1024,1
2022-08-29T16:11:13,rec.1.tanh-rec.1.tanh,773,57,4.037365913391113,0.5,0.1,16,2048,1867776,3836082708,4.394356727600098,1024,1024,1
2022-08-29T16:11:18,rec.1.tanh-gru.1.tanh,779,53,4.051134824752808,0.5,0.1,16,2048,1736704,3836082708,4.3730034828186035,1024,1024,1
2022-08-29T16:11:23,rec.1.tanh-lstm.1,782,50,4.003208875656128,0.5,0.1,16,2048,1638400,3836082708,4.377020835876465,1024,1024,1
2022-08-29T16:11:28,rec.1.tanh-dense.1.tanh-dense.1.tanh,774,57,4.017867088317871,0.5,0.1,16,2048,1867776,3836082708,4.422016143798828,1024,1024,1
2022-08-29T16:11:33,rec.1.tanh-dense.1.tanh,772,61,4.0430519580841064,0.5,0.1,32,1024,1998848,3836082708,4.493326663970947,1024,1024,1
2022-08-29T16:11:38,rec.1.tanh-dense.1.tanh,772,73,4.031343936920166,0.5,0.1,8,4096,2392064,3836082708,4.409289360046387,1024,1024,1
2022-08-29T16:11:43,rec.1.tanh-dense.1.tanh,772,43,4.054478168487549,0.5,0.1,16,4096,2818048,3836082708,4.401363849639893,1024,1024,1
2022-08-29T16:11:48,rec.1.tanh-dense.1.tanh,772,59,4.030908107757568,0.2,0.1,16,2048,1933312,3836082708,4.614803314208984,1024,1024,1
2022-08-29T16:11:53,rec.1.tanh-dense.1.tanh,772,58,4.010421991348267,1.0,0.1,16,2048,1900544,3836082708,4.774987697601318,1024,1024,1
2022-08-29T16:11:58,rec.1.tanh,770,73,4.001314640045166,0.5,0.1,8,4096,2392064,3836082708,4.449926376342773,1024,1024,1
2022-08-29T16:12:03,rec.1.tanh,770,44,4.03715705871582,0.5,0.1,16,4096,2883584,3836082708,4.463905334472656,1024,1024,1
2022-08-29T16:12:08,rec.1.tanh,770,60,4.052473783493042,0.2,0.1,16,2048,1966080,3836082708,4.653115749359131,1024,1024,1
2022-08-29T16:12:13,rec.1.tanh,770,60,4.050678014755249,1.0,0.1,16,2048,1966080,3836082708,4.450314044952393,1024,1024,1
2022-08-29T16:12:18,rec.1.tanh,770,879,4.0016419887542725,0.2,0.1,16,64,900096,3836082708,4.3849263191223145,1024,1024,1
2022-08-29T16:12:23,dense.1.tanh,769,989,4.0005202293396,0.2,0.1,16,64,1012736,3836082708,4.39227294921875,1024,1024,1
2022-08-29T16:12:28,rec.1.relu-dense.1.tanh,772,788,4.00157904624939,0.2,0.1,16,64,806912,3836082708,4.400040149688721,1024,1024,1
2022-08-29T16:12:33,rec.1.relu,770,939,4.0010271072387695,0.1,0.1,16,64,961536,3836082708,4.394498348236084,1024,1024,1
2022-08-29T16:12:38,rec.1.relu,770,931,4.00288200378418,0.5,0.1,16,64,953344,3836082708,4.381461143493652,1024,1024,1
2022-08-29T16:12:43,rec.1.tanh-dense.1.tanh,772,396,4.002746105194092,0.2,0.1,64,64,1622016,3836082708,4.3645548820495605,1024,1024,1
2022-08-29T16:12:48,rec.1.tanh,770,226,4.011133909225464,0.2,0.1,64,128,1851392,3836082708,4.471931457519531,1024,1024,1
2022-08-29T16:12:53,rec.1.tanh,770,440,4.0045318603515625,0.1,0.1,64,64,1802240,3836082708,4.598091125488281,1024,1024,1
2022-08-29T16:12:58,rec.1.tanh,770,445,4.006894111633301,0.5,0.1,64,64,1822720,3836082708,4.448886871337891,1024,1024,1
2022-08-29T16:13:03,dense.1.relu,769,432,4.002317905426025,0.2,0.1,32,128,1769472,3836082708,4.3759846687316895,1024,1024,1
2022-08-29T16:13:08,dense.1.tanh-dense.1.tanh,771,385,4.001922130584717,0.2,0.1,32,128,1576960,3836082708,4.4187750816345215,1024,1024,1
2022-08-29T16:13:13,dense.1.tanh,769,423,4.00641393661499,0.1,0.1,32,128,1732608,3836082708,4.6982269287109375,1024,1024,1
2022-08-29T16:13:18,dense.1.tanh,769,428,4.00409197807312,0.5,0.1,32,128,1753088,3836082708,4.383785724639893,1024,1024,1
2022-08-29T16:13:23,rec.1.tanh,770,1010,4.0,0.2,0.1,128,8,1034240,3836082708,4.3851823806762695,1024,1024,1
2022-08-29T16:13:28,dense.1.tanh,769,1121,4.001338243484497,0.2,0.1,128,8,1147904,3836082708,4.373610019683838,1024,1024,1
2022-08-29T16:13:33,rec.1.relu-dense.1.tanh,772,874,4.002732992172241,0.2,0.1,128,8,894976,3836082708,4.418375492095947,1024,1024,1
2022-08-29T16:13:38,rec.1.relu,770,993,4.001587867736816,0.2,0.1,256,4,1016832,3836082708,4.445231914520264,1024,1024,1
2022-08-29T16:13:43,rec.1.relu,770,1232,4.00002384185791,0.2,0.1,128,4,630784,3836082708,4.376313209533691,1024,1024,1
2022-08-29T16:13:48,rec.1.tanh,770,63,4.0348217487335205,0.5,0.1,64,512,2064384,3836082708,4.41823673248291,1024,1024,1
2022-08-29T16:13:53,dense.1.tanh,769,63,4.012778043746948,0.5,0.1,64,512,2064384,3836082708,4.385392665863037,1024,1024,1
2022-08-29T16:13:58,rec.1.relu-dense.1.tanh,772,61,4.021822929382324,0.5,0.1,64,512,1998848,3836082708,4.735353946685791,1024,1024,1
2022-08-29T16:14:03,rec.1.relu,770,65,4.0003578662872314,0.5,0.1,128,256,2129920,3836082708,4.464159965515137,1024,1024,1
2022-08-29T16:14:08,rec.1.relu,770,32,4.007047891616821,0.5,0.1,64,1024,2097152,3836082708,4.487843036651611,1024,1024,1
2022-08-29T16:14:13,rec.1.relu,770,62,4.02980899810791,0.2,0.1,64,512,2031616,3836082708,4.616775989532471,1024,1024,1
2022-08-29T16:14:18,rec.1.relu,770,62,4.025153875350952,1.0,0.1,64,512,2031616,3836082708,4.738434791564941,1024,1024,1
2022-08-29T16:14:23,rec.1.relu,770,119,4.0235700607299805,0.5,0.1,64,256,1949696,3836082708,4.310783386230469,1024,1024,1
2022-08-29T16:14:28,rec.1.tanh,770,119,4.011012077331543,0.5,0.1,64,256,1949696,3836082708,4.333151817321777,1024,1024,1
2022-08-29T16:14:32,dense.1.tanh,769,115,4.00607705116272,0.5,0.1,64,256,1884160,3836082708,4.443827152252197,1024,1024,1
2022-08-29T16:14:37,rec.1.relu-dense.1.tanh,772,114,4.002137899398804,0.5,0.1,64,256,1867776,3836082708,4.763911247253418,1024,1024,1
2022-08-29T16:14:42,rec.1.relu,770,122,4.009886026382446,0.5,0.1,128,128,1998848,3836082708,4.337517738342285,1024,1024,1
2022-08-29T16:14:47,rec.1.relu,770,110,4.006204128265381,0.5,0.1,32,512,1802240,3836082708,4.3584136962890625,1024,1024,1
2022-08-29T16:14:52,rec.1.relu,770,62,4.006317138671875,0.5,0.1,64,512,2031616,3836082708,4.747337341308594,1024,1024,1
2022-08-29T16:14:57,rec.1.relu,770,230,4.007609128952026,0.5,0.1,64,128,1884160,3836082708,4.83669900894165,1024,1024,1
2022-08-29T16:15:02,rec.1.relu,770,119,4.002334117889404,0.2,0.1,64,256,1949696,3836082708,4.456788063049316,1024,1024,1
2022-08-29T16:15:07,rec.1.relu,770,119,4.017192840576172,1.0,0.1,64,256,1949696,3836082708,4.8380560874938965,1024,1024,1
2022-08-29T16:15:12,rec.1.tanh-dense.1.tanh,772,227,4.004773855209351,0.5,0.1,128,64,1859584,3836082708,4.446171760559082,1024,1024,1
2022-08-29T16:15:17,rec.1.tanh,770,227,4.000089168548584,0.5,0.1,64,128,1859584,3836082708,4.3963189125061035,1024,1024,1
2022-08-29T16:15:22,rec.1.tanh,770,121,4.0020058155059814,0.5,0.1,128,128,1982464,3836082708,4.364748954772949,1024,1024,1
2022-08-29T16:15:27,rec.1.tanh,770,489,4.006380081176758,0.5,0.1,128,32,2002944,3836082708,4.3712568283081055,1024,1024,1
2022-08-29T16:15:32,rec.1.tanh,770,246,4.009661912918091,1.0,0.1,128,64,2015232,3836082708,4.459245681762695,1024,1024,1
2022-08-29T16:15:37,rec.1.relu,770,744,4.001832962036133,0.2,0.1,64,32,1523712,3836082708,4.337210655212402,1024,1024,1
2022-08-29T16:15:42,rec.1.tanh,770,757,4.002985239028931,0.2,0.1,256,8,1550336,3836082708,4.3718414306640625,1024,1024,1
2022-08-29T16:15:47,dense.1.tanh,769,812,4.001555919647217,0.2,0.1,256,8,1662976,3836082708,4.3977437019348145,1024,1024,1
2022-08-29T16:15:52,rec.1.relu-dense.1.tanh,772,661,4.004408836364746,0.2,0.1,256,8,1353728,3836082708,4.460299015045166,1024,1024,1
2022-08-29T16:15:57,rec.1.relu,770,717,4.0023438930511475,0.2,0.1,512,4,1468416,3836082708,4.368906021118164,1024,1024,1
2022-08-29T16:16:02,rec.1.relu,770,743,4.003133296966553,0.1,0.1,256,8,1521664,3836082708,4.473644733428955,1024,1024,1
2022-08-29T16:16:07,rec.1.tanh-dense.1.relu,772,399,4.007689952850342,0.2,0.1,64,64,1634304,3836082708,4.345902919769287,1024,1024,1
2022-08-29T16:16:12,rec.1.relu-dense.1.relu,772,404,4.00203013420105,0.2,0.1,64,64,1654784,3836082708,4.330606460571289,1024,1024,1
2022-08-29T16:16:17,rec.1.relu-rec.1.tanh,773,386,4.001424074172974,0.2,0.1,64,64,1581056,3836082708,4.805924892425537,1024,1024,1
2022-08-29T16:16:22,rec.1.relu-gru.1.tanh,779,293,4.005548715591431,0.2,0.1,64,64,1200128,3836082708,4.460902690887451,1024,1024,1
2022-08-29T16:16:27,rec.1.relu-lstm.1,782,260,4.005685091018677,0.2,0.1,64,64,1064960,3836082708,4.361653804779053,1024,1024,1
2022-08-29T16:16:32,rec.1.relu-dense.1.relu-dense.1.tanh,774,371,4.002580881118774,0.2,0.1,64,64,1519616,3836082708,4.815199851989746,1024,1024,1
2022-08-29T16:16:37,rec.1.relu-dense.1.relu,772,441,4.003965854644775,0.2,0.1,128,32,1806336,3836082708,4.788007736206055,1024,1024,1
2022-08-29T16:16:42,rec.1.relu-dense.1.relu,772,375,4.009142875671387,0.2,0.1,32,128,1536000,3836082708,4.802320957183838,1024,1024,1
2022-08-29T16:16:47,rec.1.relu-dense.1.relu,772,216,4.012887001037598,0.2,0.1,64,128,1769472,3836082708,4.814118385314941,1024,1024,1
2022-08-29T16:16:52,rec.1.relu-dense.1.relu,772,686,4.004658222198486,0.2,0.1,64,32,1404928,3836082708,4.317783832550049,1024,1024,1
2022-08-29T16:16:57,rec.1.tanh-dense.1.relu,772,680,4.0028650760650635,0.2,0.1,64,32,1392640,3836082708,4.840639114379883,1024,1024,1
2022-08-29T16:17:02,rec.1.relu-rec.1.tanh,773,638,4.004886150360107,0.2,0.1,64,32,1306624,3836082708,4.455814361572266,1024,1024,1
2022-08-29T16:17:07,rec.1.relu-gru.1.tanh,779,424,4.007210969924927,0.2,0.1,64,32,868352,3836082708,4.44560432434082,1024,1024,1
2022-08-29T16:17:12,rec.1.relu-lstm.1,782,379,4.0005271434783936,0.2,0.1,64,32,776192,3836082708,4.36529541015625,1024,1024,1
2022-08-29T16:17:17,rec.1.relu-dense.1.relu-dense.1.tanh,774,595,4.000928640365601,0.2,0.1,64,32,1218560,3836082708,4.776753902435303,1024,1024,1
2022-08-29T16:17:22,rec.1.relu-dense.1.relu,772,657,4.004571914672852,0.2,0.1,128,16,1345536,3836082708,4.846214771270752,1024,1024,1
2022-08-29T16:17:27,rec.1.relu-dense.1.relu,772,615,4.000263929367065,0.2,0.1,32,64,1259520,3836082708,4.838984489440918,1024,1024,1
2022-08-29T16:17:32,rec.1.relu-dense.1.relu,772,867,4.0002970695495605,0.2,0.1,64,16,887808,3836082708,4.798287391662598,1024,1024,1
2022-08-29T16:17:37,rec.1.relu-dense.1.relu,772,614,4.000028848648071,0.1,0.1,64,32,1257472,3836082708,4.429752349853516,1024,1024,1
2022-08-29T16:17:42,rec.1.relu-dense.1.relu,772,675,4.0029027462005615,0.5,0.1,64,32,1382400,3836082708,4.855923652648926,1024,1024,1
2022-08-29T16:17:47,rec.1.relu-dense.1.relu,772,403,4.0005409717559814,0.1,0.1,64,64,1650688,3836082708,4.551086902618408,1024,1024,1
2022-08-29T16:17:52,rec.1.relu-dense.1.relu,772,403,4.006086111068726,0.5,0.1,64,64,1650688,3836082708,4.806032180786133,1024,1024,1
2022-08-29T16:17:57,rec.1.tanh-rec.1.tanh,773,386,4.0038652420043945,0.2,0.1,64,64,1581056,3836082708,4.439136505126953,1024,1024,1
2022-08-29T16:18:02,rec.1.tanh-gru.1.tanh,779,280,4.006505966186523,0.2,0.1,64,64,1146880,3836082708,4.459112644195557,1024,1024,1
2022-08-29T16:18:07,rec.1.tanh-lstm.1,782,246,4.009378910064697,0.2,0.1,64,64,1007616,3836082708,5.393734455108643,1024,1024,1
2022-08-29T16:18:12,rec.1.tanh-dense.1.relu-dense.1.tanh,774,370,4.003328084945679,0.2,0.1,64,64,1515520,3836082708,4.373610019683838,1024,1024,1
2022-08-29T16:18:17,rec.1.tanh-dense.1.relu,772,444,4.003791093826294,0.2,0.1,128,32,1818624,3836082708,4.768933296203613,1024,1024,1
2022-08-29T16:18:22,rec.1.tanh-dense.1.relu,772,371,4.0046210289001465,0.2,0.1,32,128,1519616,3836082708,4.312498092651367,1024,1024,1
2022-08-29T16:18:27,rec.1.tanh-dense.1.tanh,772,342,4.002588272094727,0.2,0.1,32,128,1400832,3836082708,4.445950031280518,1024,1024,1
2022-08-29T16:18:31,rec.1.tanh-rec.1.tanh,773,360,4.008241891860962,0.2,0.1,32,128,1474560,3836082708,4.4398512840271,1024,1024,1
2022-08-29T16:18:37,rec.1.tanh-gru.1.tanh,779,283,4.007073163986206,0.2,0.1,32,128,1159168,3836082708,4.394833087921143,1024,1024,1
2022-08-29T16:18:42,rec.1.tanh-lstm.1,782,261,4.001816034317017,0.2,0.1,32,128,1069056,3836082708,4.321630954742432,1024,1024,1
2022-08-29T16:18:47,rec.1.tanh-dense.1.relu-dense.1.tanh,774,330,4.0038368701934814,0.2,0.1,32,128,1351680,3836082708,4.824615001678467,1024,1024,1
2022-08-29T16:18:52,rec.1.tanh-dense.1.relu,772,346,4.006468772888184,0.2,0.1,16,256,1417216,3836082708,4.330127239227295,1024,1024,1
2022-08-29T16:18:57,rec.1.tanh-dense.1.relu,772,201,4.013285875320435,0.2,0.1,32,256,1646592,3836082708,4.658836841583252,1024,1024,1
2022-08-29T16:19:02,rec.1.tanh-dense.1.relu,772,630,4.0023088455200195,0.2,0.1,32,64,1290240,3836082708,4.788200378417969,1024,1024,1
2022-08-29T16:19:06,rec.1.tanh-dense.1.relu,772,371,4.000700950622559,0.1,0.1,32,128,1519616,3836082708,4.5082221031188965,1024,1024,1
2022-08-29T16:19:11,rec.1.tanh-dense.1.relu,772,369,4.005125045776367,0.5,0.1,32,128,1511424,3836082708,4.78875732421875,1024,1024,1
2022-08-29T16:19:16,rec.1.relu-lstm.1,782,265,4.0079240798950195,0.2,0.1,32,128,1085440,3836082708,4.3746771812438965,1024,1024,1
2022-08-29T16:19:22,rec.1.tanh-lstm.1-dense.1.tanh,784,240,4.012497901916504,0.2,0.1,32,128,983040,3836082708,4.49026346206665,1024,1024,1
2022-08-29T16:19:27,rec.1.tanh-lstm.1,782,173,4.009171009063721,0.2,0.1,16,256,708608,3836082708,4.4261555671691895,1024,1024,1
2022-08-29T16:19:32,rec.1.tanh-lstm.1,782,152,4.00394606590271,0.2,0.1,32,256,1245184,3836082708,11.191400527954102,1024,1024,1
2022-08-29T16:19:37,rec.1.tanh-lstm.1,782,328,4.005359172821045,0.2,0.1,32,64,671744,3836082708,15.37436294555664,1024,1024,1
2022-08-29T16:19:42,rec.1.tanh-lstm.1,782,257,4.001986980438232,0.1,0.1,32,128,1052672,3836082708,4.636298656463623,1024,1024,1
2022-08-29T16:19:47,rec.1.tanh-lstm.1,782,261,4.012105941772461,0.5,0.1,32,128,1069056,3836082708,4.3324995040893555,1024,1024,1
2022-08-29T16:19:52,rec.1.relu-dense.1.relu,772,354,4.000348806381226,0.2,0.1,16,256,1449984,3836082708,4.839783668518066,1024,1024,1
2022-08-29T16:19:57,rec.1.tanh-dense.1.tanh,772,341,4.006531000137329,0.2,0.1,16,256,1396736,3836082708,4.3904314041137695,1024,1024,1
2022-08-29T16:20:02,rec.1.tanh-rec.1.tanh,773,323,4.000536918640137,0.2,0.1,16,256,1323008,3836082708,4.444494724273682,1024,1024,1
2022-08-29T16:20:07,rec.1.tanh-gru.1.tanh,779,229,4.004735946655273,0.2,0.1,16,256,937984,3836082708,4.487273216247559,1024,1024,1
2022-08-29T16:20:12,rec.1.tanh-dense.1.relu-dense.1.tanh,774,324,4.004236698150635,0.2,0.1,16,256,1327104,3836082708,4.467035293579102,1024,1024,1
2022-08-29T16:20:17,rec.1.tanh-dense.1.relu,772,332,4.00764012336731,0.2,0.1,8,512,1359872,3836082708,4.5101728439331055,1024,1024,1
2022-08-29T16:20:21,rec.1.tanh-dense.1.relu,772,193,4.002325057983398,0.2,0.1,16,512,1581056,3836082708,4.505983352661133,1024,1024,1
2022-08-29T16:20:26,rec.1.tanh-dense.1.relu,772,581,4.001563787460327,0.2,0.1,16,128,1189888,3836082708,4.841543674468994,1024,1024,1
2022-08-29T16:20:31,rec.1.tanh-dense.1.relu,772,354,4.001124858856201,0.1,0.1,16,256,1449984,3836082708,4.5218939781188965,1024,1024,1
2022-08-29T16:20:36,rec.1.tanh-dense.1.relu,772,353,4.00935697555542,0.5,0.1,16,256,1445888,3836082708,4.786355018615723,1024,1024,1
2022-08-29T16:20:42,rec.1.relu-lstm.1,782,262,4.004727125167847,0.5,0.1,32,128,1073152,3836082708,4.347992420196533,1024,1024,1
2022-08-29T16:20:47,rec.1.tanh-dense.1.tanh,772,353,4.003441095352173,0.5,0.1,32,128,1445888,3836082708,4.431901931762695,1024,1024,1
2022-08-29T16:20:52,rec.1.tanh-rec.1.tanh,773,353,4.008584976196289,0.5,0.1,32,128,1445888,3836082708,4.385468006134033,1024,1024,1
2022-08-29T16:20:57,rec.1.tanh-gru.1.tanh,779,288,4.007061004638672,0.5,0.1,32,128,1179648,3836082708,4.389479637145996,1024,1024,1
2022-08-29T16:21:02,rec.1.tanh,770,411,4.001215934753418,0.5,0.1,32,128,1683456,3836082708,4.385287761688232,1024,1024,1
2022-08-29T16:21:07,rec.1.tanh-lstm.1-dense.1.tanh,784,243,4.0025060176849365,0.5,0.1,32,128,995328,3836082708,4.385915756225586,1024,1024,1
2022-08-29T16:21:12,rec.1.tanh-lstm.1,782,251,4.006917238235474,0.5,0.1,64,64,1028096,3836082708,4.389430046081543,1024,1024,1
2022-08-29T16:21:17,rec.1.tanh-lstm.1,782,174,4.006525993347168,0.5,0.1,16,256,712704,3836082708,4.396209716796875,1024,1024,1
2022-08-29T16:21:22,rec.1.tanh-lstm.1,782,162,4.013764142990112,0.5,0.1,32,256,1327104,3836082708,4.410712718963623,1024,1024,1
2022-08-29T16:21:27,rec.1.tanh-lstm.1,782,333,4.0036940574646,0.5,0.1,32,64,681984,3836082708,4.367946147918701,1024,1024,1
2022-08-29T16:21:32,rec.1.tanh-lstm.1,782,267,4.008167266845703,1.0,0.1,32,128,1093632,3836082708,4.834328651428223,1024,1024,1
2022-08-29T16:21:37,rec.1.tanh-dense.1.relu,772,213,4.005831956863403,0.2,0.1,64,128,1744896,3836082708,4.3470001220703125,1024,1024,1
2022-08-29T16:21:42,rec.1.tanh-dense.1.relu,772,382,4.008444309234619,0.1,0.1,64,64,1564672,3836082708,4.817209243774414,1024,1024,1
2022-08-29T16:21:47,rec.1.tanh-dense.1.relu,772,380,4.0072619915008545,0.5,0.1,64,64,1556480,3836082708,4.816737174987793,1024,1024,1
2022-08-29T16:21:52,rec.1.tanh-dense.1.tanh,772,199,4.000172138214111,0.2,0.1,64,128,1630208,3836082708,4.453365325927734,1024,1024,1
2022-08-29T16:21:57,rec.1.tanh-rec.1.tanh,773,200,4.004718065261841,0.2,0.1,64,128,1638400,3836082708,4.423908710479736,1024,1024,1
2022-08-29T16:22:02,rec.1.tanh-gru.1.tanh,779,162,4.018300771713257,0.2,0.1,64,128,1327104,3836082708,4.57482385635376,1024,1024,1
2022-08-29T16:22:07,rec.1.tanh-lstm.1,782,156,4.005752086639404,0.2,0.1,64,128,1277952,3836082708,4.49560022354126,1024,1024,1
2022-08-29T16:22:12,rec.1.tanh-dense.1.relu-dense.1.tanh,774,189,4.014825105667114,0.2,0.1,64,128,1548288,3836082708,4.460554122924805,1024,1024,1
2022-08-29T16:22:17,rec.1.tanh-dense.1.relu,772,220,4.002885818481445,0.2,0.1,128,64,1802240,3836082708,4.825921535491943,1024,1024,1
2022-08-29T16:22:22,rec.1.tanh-dense.1.relu,772,113,4.016074895858765,0.2,0.1,64,256,1851392,3836082708,4.4170942306518555,1024,1024,1
2022-08-29T16:22:27,rec.1.tanh-dense.1.relu,772,210,4.005338907241821,0.1,0.1,64,128,1720320,3836082708,4.609078884124756,1024,1024,1
2022-08-29T16:22:32,rec.1.tanh-dense.1.relu,772,214,4.005028009414673,0.5,0.1,64,128,1753088,3836082708,4.810014724731445,1024,1024,1
2022-08-29T16:22:37,rec.1.relu-dense.1.tanh,772,376,4.003615856170654,0.5,0.1,32,128,1540096,3836082708,4.402242183685303,1024,1024,1
2022-08-29T16:22:42,rec.1.relu-rec.1.tanh,773,366,4.0077478885650635,0.5,0.1,32,128,1499136,3836082708,4.784364223480225,1024,1024,1
2022-08-29T16:22:47,rec.1.relu-gru.1.tanh,779,284,4.00148606300354,0.5,0.1,32,128,1163264,3836082708,4.793930530548096,1024,1024,1
2022-08-29T16:22:52,rec.1.relu-lstm.1-dense.1.tanh,784,244,4.000929832458496,0.5,0.1,32,128,999424,3836082708,4.795539379119873,1024,1024,1
2022-08-29T16:22:57,rec.1.relu-lstm.1,782,265,4.010729074478149,0.5,0.1,64,64,1085440,3836082708,4.398247718811035,1024,1024,1
2022-08-29T16:23:02,rec.1.relu-lstm.1,782,252,4.005856990814209,0.5,0.1,16,256,1032192,3836082708,4.835276126861572,1024,1024,1
2022-08-29T16:23:07,rec.1.relu-lstm.1,782,162,4.009158134460449,0.5,0.1,32,256,1327104,3836082708,4.365118503570557,1024,1024,1
2022-08-29T16:23:12,rec.1.relu-lstm.1,782,333,4.00176215171814,0.5,0.1,32,64,681984,3836082708,4.704253196716309,1024,1024,1
2022-08-29T16:23:17,rec.1.relu-lstm.1,782,262,4.0049521923065186,1.0,0.1,32,128,1073152,3836082708,4.852873802185059,1024,1024,1
2022-08-29T16:23:22,rec.1.tanh-dense.1.relu,772,363,4.008780002593994,0.2,0.1,32,128,1486848,3836082708,4.356292724609375,1024,1024,1
2022-08-29T16:23:27,rec.1.relu-dense.1.relu,772,664,4.001505136489868,0.2,0.1,64,32,1359872,3836082708,4.3813300132751465,1024,1024,1
2022-08-29T16:23:32,rec.1.relu-lstm.1-dense.1.tanh,784,239,4.003139019012451,0.2,0.1,64,64,978944,3836082708,4.502574920654297,1024,1024,1
2022-08-29T16:23:37,rec.1.relu-lstm.1,782,287,4.001645803451538,0.2,0.1,128,32,1175552,3836082708,4.433896541595459,1024,1024,1
2022-08-29T16:23:42,rec.1.relu-lstm.1,782,166,4.001056909561157,0.2,0.1,64,128,1359872,3836082708,4.3590312004089355,1024,1024,1
2022-08-29T16:23:47,rec.1.relu-dense.1.tanh,772,218,4.013888835906982,0.2,0.1,64,128,1785856,3836082708,4.798449993133545,1024,1024,1
2022-08-29T16:23:52,rec.1.relu-rec.1.tanh,773,210,4.012110233306885,0.2,0.1,64,128,1720320,3836082708,4.81555700302124,1024,1024,1
2022-08-29T16:23:57,rec.1.relu-gru.1.tanh,779,175,4.013236999511719,0.2,0.1,64,128,1433600,3836082708,4.451882362365723,1024,1024,1
2022-08-29T16:24:02,rec.1.relu-lstm.1-dense.1.tanh,784,155,4.016621828079224,0.2,0.1,64,128,1269760,3836082708,4.489028453826904,1024,1024,1
2022-08-29T16:24:07,rec.1.relu-lstm.1,782,163,4.017559051513672,0.2,0.1,128,64,1335296,3836082708,4.4093523025512695,1024,1024,1
2022-08-29T16:24:12,rec.1.relu-lstm.1,782,153,4.01624608039856,0.2,0.1,32,256,1253376,3836082708,4.385402202606201,1024,1024,1
2022-08-29T16:24:17,rec.1.relu-lstm.1,782,93,4.0327370166778564,0.2,0.1,64,256,1523712,3836082708,4.771989822387695,1024,1024,1
2022-08-29T16:24:22,rec.1.relu-lstm.1,782,167,4.015008211135864,0.1,0.1,64,128,1368064,3836082708,4.625308036804199,1024,1024,1
2022-08-29T16:24:27,rec.1.relu-lstm.1,782,167,4.003829002380371,0.5,0.1,64,128,1368064,3836082708,4.31836462020874,1024,1024,1
2022-08-29T16:24:32,rec.1.tanh-lstm.1,782,168,4.015282869338989,0.5,0.1,64,128,1376256,3836082708,4.3675665855407715,1024,1024,1
2022-08-29T16:24:37,rec.1.relu-dense.1.tanh,772,217,4.0069358348846436,0.5,0.1,64,128,1777664,3836082708,4.773977756500244,1024,1024,1
2022-08-29T16:24:42,rec.1.relu-rec.1.tanh,773,211,4.00035834312439,0.5,0.1,64,128,1728512,3836082708,4.4137959480285645,1024,1024,1
2022-08-29T16:24:47,rec.1.relu-gru.1.tanh,779,177,4.002147197723389,0.5,0.1,64,128,1449984,3836082708,4.812092304229736,1024,1024,1
2022-08-29T16:24:52,rec.1.relu-lstm.1-dense.1.tanh,784,156,4.0074732303619385,0.5,0.1,64,128,1277952,3836082708,4.54539155960083,1024,1024,1
2022-08-29T16:24:57,rec.1.relu-lstm.1,782,163,4.005179166793823,0.5,0.1,128,64,1335296,3836082708,4.349743366241455,1024,1024,1
2022-08-29T16:25:02,rec.1.relu-lstm.1,782,93,4.018415212631226,0.5,0.1,64,256,1523712,3836082708,4.8111252784729,1024,1024,1
2022-08-29T16:25:07,rec.1.relu-lstm.1,782,166,4.003859996795654,1.0,0.1,64,128,1359872,3836082708,4.813088893890381,1024,1024,1
2022-08-29T16:25:12,rec.1.tanh-lstm.1,782,146,4.003070116043091,0.5,0.1,128,64,1196032,3836082708,4.377382755279541,1024,1024,1
2022-08-29T16:25:17,rec.1.relu-rec.1.tanh,773,223,4.002697944641113,0.5,0.1,128,64,1826816,3836082708,4.459484100341797,1024,1024,1
2022-08-29T16:25:22,rec.1.relu-gru.1.tanh,779,179,4.003330945968628,0.5,0.1,128,64,1466368,3836082708,4.756265640258789,1024,1024,1
2022-08-29T16:25:27,rec.1.relu-lstm.1-dense.1.tanh,784,156,4.017075061798096,0.5,0.1,128,64,1277952,3836082708,4.790220260620117,1024,1024,1
2022-08-29T16:25:32,rec.1.relu-lstm.1,782,193,4.012847185134888,0.5,0.1,256,32,1581056,3836082708,4.803420066833496,1024,1024,1
2022-08-29T16:25:37,rec.1.relu-lstm.1,782,95,4.025272846221924,0.5,0.1,128,128,1556480,3836082708,4.793901443481445,1024,1024,1
2022-08-29T16:25:42,rec.1.relu-lstm.1,782,287,4.002739191055298,0.5,0.1,128,32,1175552,3836082708,4.438490867614746,1024,1024,1
2022-08-29T16:25:47,rec.1.relu-lstm.1,782,164,4.008456230163574,1.0,0.1,128,64,1343488,3836082708,4.847447395324707,1024,1024,1
2022-08-29T16:25:52,rec.1.relu-lstm.1,782,167,4.010845899581909,0.5,0.1,64,128,1368064,3836082708,4.366329669952393,1024,1024,1
2022-08-29T16:25:57,rec.1.relu-lstm.1,782,263,4.000262975692749,0.1,0.1,64,64,1077248,3836082708,4.665647506713867,1024,1024,1
2022-08-29T16:26:02,rec.1.tanh-dense.1.tanh-dense.1.tanh,774,365,4.004022121429443,0.2,0.1,64,64,1495040,3836082708,4.488683700561523,1024,1024,1
2022-08-29T16:26:07,rec.1.tanh-dense.1.tanh,772,446,4.004626035690308,0.2,0.1,128,32,1826816,3836082708,4.392457962036133,1024,1024,1
2022-08-29T16:26:12,rec.1.tanh-dense.1.tanh,772,686,4.003265142440796,0.2,0.1,64,32,1404928,3836082708,4.415140151977539,1024,1024,1
2022-08-29T16:26:17,rec.1.tanh-dense.1.tanh,772,403,4.004791736602783,0.1,0.1,64,64,1650688,3836082708,4.60707426071167,1024,1024,1
2022-08-29T16:26:22,rec.1.tanh-dense.1.tanh,772,403,4.0010600090026855,0.5,0.1,64,64,1650688,3836082708,4.424749851226807,1024,1024,1
2022-08-29T16:26:27,rec.1.tanh,770,1381,4.0001609325408936,0.2,0.1,32,8,353536,3836082708,4.407597541809082,1024,1024,1
2022-08-29T16:26:32,dense.1.tanh,769,1436,4.011923789978027,0.2,0.1,32,8,367616,3836082708,4.411022186279297,1024,1024,1
2022-08-29T16:26:37,rec.1.relu-dense.1.tanh,772,1192,4.000431776046753,0.2,0.1,32,8,305152,3836082708,4.423605442047119,1024,1024,1
2022-08-29T16:26:42,rec.1.relu,770,1443,4.004148006439209,0.2,0.1,64,4,369408,3836082708,4.349672317504883,1024,1024,1
2022-08-29T16:26:47,rec.1.tanh,770,1451,4.004961013793945,0.2,0.1,64,4,371456,3836082708,4.435146331787109,1024,1024,1
2022-08-29T16:26:52,dense.1.tanh,769,1493,4.002021312713623,0.2,0.1,64,4,382208,3836082708,4.4621405601501465,1024,1024,1
2022-08-29T16:26:57,rec.1.relu-dense.1.tanh,772,1121,4.000964879989624,0.2,0.1,64,4,286976,3836082708,4.440184593200684,1024,1024,1
2022-08-29T16:27:02,rec.1.relu,770,1430,4.002270936965942,0.2,0.1,128,2,366080,3836082708,4.535017967224121,1024,1024,1
2022-08-29T16:27:07,rec.1.relu,770,1512,4.000566005706787,0.2,0.1,64,2,193536,3836082708,4.4024248123168945,1024,1024,1
2022-08-29T16:27:12,rec.1.relu,770,1462,4.000331163406372,0.1,0.1,64,4,374272,3836082708,4.414259433746338,1024,1024,1
2022-08-29T16:27:17,rec.1.relu,770,1468,4.001197099685669,0.5,0.1,64,4,375808,3836082708,4.839107513427734,1024,1024,1
2022-08-29T16:28:29,rec.1.relu,770,1,1.0951449871063232,0.2,0.1,8,256,2048,3836082708,7.976043224334717,1024,1024,1
2022-08-29T16:28:31,rec.2.relu,1286,5,1.0066580772399902,0.2,0.1,8,256,10240,3836082708,7.497829914093018,1024,1024,1
2022-08-29T16:28:34,rec.2.tanh,1286,39,1.01304292678833,0.2,0.1,8,256,79872,3836082708,4.6485090255737305,1024,1024,1
2022-08-29T16:28:36,rec.1.tanh,770,57,1.0082910060882568,0.2,0.1,8,256,116736,3836082708,4.649762153625488,1024,1024,1
2022-08-29T16:28:38,dense.2.tanh,1282,74,1.003474235534668,0.2,0.1,8,256,151552,3836082708,4.445522308349609,1024,1024,1
2022-08-29T16:28:40,dense.1.tanh,769,75,1.0070819854736328,0.2,0.1,8,256,153600,3836082708,4.654350757598877,1024,1024,1
2022-08-29T16:28:42,dense.2.relu,1282,84,1.005220890045166,0.2,0.1,8,256,172032,3836082708,4.36910343170166,1024,1024,1
2022-08-29T16:28:44,dense.1.relu,769,91,1.002351999282837,0.2,0.1,8,256,186368,3836082708,4.531004428863525,1024,1024,1
2022-08-29T16:28:46,gru.1.tanh,1286,1,1.110093116760254,0.2,0.1,8,256,2048,3836082708,7.938681125640869,1024,1024,1
2022-08-29T16:28:49,lstm.1,1544,1,1.6259839534759521,0.2,0.1,8,256,2048,3836082708,7.844313621520996,1024,1024,1
2022-08-29T16:28:52,suffix.2-dense.2.relu,1794,46,1.0069999694824219,0.2,0.1,8,256,94208,3836082708,4.806269645690918,1024,1024,1
2022-08-29T16:28:54,dense.2.relu-dense.2.tanh,1288,78,1.001899003982544,0.2,0.1,8,256,159744,3836082708,4.532055854797363,1024,1024,1
2022-08-29T16:28:56,dense.2.relu,1282,94,1.0007140636444092,0.2,0.1,16,128,192512,3836082708,4.329765319824219,1024,1024,1
2022-08-29T16:28:58,dense.1.relu,769,103,1.0099291801452637,0.2,0.1,16,128,210944,3836082708,4.542548656463623,1024,1024,1
2022-08-29T16:29:01,dense.2.tanh,1282,104,1.0136098861694336,0.2,0.1,16,128,212992,3836082708,4.293506145477295,1024,1024,1
2022-08-29T16:29:03,dense.1.tanh,769,105,1.0029258728027344,0.2,0.1,16,128,215040,3836082708,4.551263332366943,1024,1024,1
2022-08-29T16:29:05,rec.2.tanh,1286,82,1.0029480457305908,0.2,0.1,16,128,167936,3836082708,4.543996334075928,1024,1024,1
2022-08-29T16:29:07,gru.1.tanh,1286,7,1.0042879581451416,0.2,0.1,16,128,14336,3836082708,7.20760440826416,1024,1024,1
2022-08-29T16:29:10,lstm.1,1544,14,1.0062332153320312,0.2,0.1,16,128,28672,3836082708,6.464966773986816,1024,1024,1
2022-08-29T16:29:12,suffix.2-dense.2.tanh,1794,72,1.0029947757720947,0.2,0.1,16,128,147456,3836082708,4.340579509735107,1024,1024,1
2022-08-29T16:29:14,dense.2.tanh-dense.2.tanh,1288,81,1.0047039985656738,0.2,0.1,16,128,165888,3836082708,4.489522933959961,1024,1024,1
2022-08-29T16:29:16,dense.2.tanh,1282,106,1.002350091934204,0.2,0.1,32,64,217088,3836082708,4.293696880340576,1024,1024,1
2022-08-29T16:29:19,dense.2.tanh,1282,61,1.002861738204956,0.2,0.1,16,256,249856,3836082708,4.516659259796143,1024,1024,1
2022-08-29T16:29:21,dense.2.tanh,1282,114,1.0014259815216064,0.2,0.1,16,64,116736,3836082708,4.336355209350586,1024,1024,1
2022-08-29T16:29:23,dense.2.tanh,1282,95,1.0015959739685059,0.1,0.1,16,128,194560,3836082708,4.928948879241943,1024,1024,1
2022-08-29T16:29:25,dense.2.tanh,1282,104,1.0033531188964844,0.5,0.1,16,128,212992,3836082708,4.215590476989746,1024,1024,1
2022-08-29T16:29:27,dense.1.tanh,769,105,1.0007858276367188,0.5,0.1,16,128,215040,3836082708,4.430929183959961,1024,1024,1
2022-08-29T16:29:30,dense.2.relu,1282,102,1.0028059482574463,0.5,0.1,16,128,208896,3836082708,4.191380023956299,1024,1024,1
2022-08-29T16:29:32,dense.1.relu,769,115,1.0135300159454346,0.5,0.1,16,128,235520,3836082708,4.717329502105713,1024,1024,1
2022-08-29T16:29:34,rec.2.tanh,1286,84,1.0042760372161865,0.5,0.1,16,128,172032,3836082708,4.182719707489014,1024,1024,1
2022-08-29T16:29:36,rec.1.tanh,770,91,1.0000038146972656,0.5,0.1,16,128,186368,3836082708,4.399970531463623,1024,1024,1
2022-08-29T16:29:38,rec.2.relu,1286,84,1.0041608810424805,0.5,0.1,16,128,172032,3836082708,4.191539287567139,1024,1024,1
2022-08-29T16:29:40,gru.1.tanh,1286,7,1.0014479160308838,0.5,0.1,16,128,14336,3836082708,5.3499064445495605,1024,1024,1
2022-08-29T16:29:43,lstm.1,1544,9,1.000006914138794,0.5,0.1,16,128,18432,3836082708,4.899165153503418,1024,1024,1
2022-08-29T16:29:45,suffix.2-rec.2.tanh,1798,57,1.0056490898132324,0.5,0.1,16,128,116736,3836082708,4.250818252563477,1024,1024,1
2022-08-29T16:29:47,rec.2.tanh-dense.2.tanh,1292,62,1.0002069473266602,0.5,0.1,16,128,126976,3836082708,4.4172163009643555,1024,1024,1
2022-08-29T16:29:50,rec.2.tanh,1286,94,1.0038468837738037,0.5,0.1,32,64,192512,3836082708,4.149622917175293,1024,1024,1
2022-08-29T16:29:52,rec.1.tanh,770,114,1.003363847732544,0.5,0.1,32,64,233472,3836082708,4.358327865600586,1024,1024,1
2022-08-29T16:29:54,rec.2.relu,1286,91,1.004188060760498,0.5,0.1,32,64,186368,3836082708,4.154461860656738,1024,1024,1
2022-08-29T16:29:56,dense.2.tanh,1282,107,1.0026791095733643,0.5,0.1,32,64,219136,3836082708,4.1906962394714355,1024,1024,1
2022-08-29T16:29:59,gru.1.tanh,1286,31,1.0049049854278564,0.5,0.1,32,64,63488,3836082708,4.496326923370361,1024,1024,1
2022-08-29T16:30:01,lstm.1,1544,9,1.0077240467071533,0.5,0.1,32,64,18432,3836082708,4.7613844871521,1024,1024,1
2022-08-29T16:30:03,suffix.2-rec.2.tanh,1798,68,1.0067389011383057,0.5,0.1,32,64,139264,3836082708,4.0820393562316895,1024,1024,1
2022-08-29T16:30:06,suffix.2-rec.1.tanh,1026,60,1.0054020881652832,0.5,0.1,32,64,122880,3836082708,4.432157039642334,1024,1024,1
2022-08-29T16:30:09,suffix.2-rec.2.relu,1798,66,1.0053930282592773,0.5,0.1,32,64,135168,3836082708,4.389639377593994,1024,1024,1
2022-08-29T16:30:11,suffix.2-dense.2.tanh,1794,77,1.0047850608825684,0.5,0.1,32,64,157696,3836082708,4.150984764099121,1024,1024,1
2022-08-29T16:30:14,suffix.2-rec.2.tanh-dense.2.tanh,1804,42,1.0067222118377686,0.5,0.1,32,64,86016,3836082708,4.367598533630371,1024,1024,1
2022-08-29T16:30:16,suffix.2-rec.2.tanh,1798,66,1.0012879371643066,0.5,0.1,64,32,135168,3836082708,4.199754238128662,1024,1024,1
2022-08-29T16:30:19,suffix.2-rec.2.tanh,1798,36,1.0117881298065186,0.5,0.1,32,128,147456,3836082708,4.11662483215332,1024,1024,1
2022-08-29T16:30:21,suffix.2-rec.2.tanh,1798,110,1.00357985496521,0.5,0.1,32,32,112640,3836082708,4.154017925262451,1024,1024,1
2022-08-29T16:30:23,suffix.2-rec.2.tanh,1798,63,1.0060429573059082,0.2,0.1,32,64,129024,3836082708,4.351955890655518,1024,1024,1
2022-08-29T16:30:26,suffix.2-rec.2.tanh,1798,62,1.0053150653839111,1.0,0.1,32,64,126976,3836082708,4.572042942047119,1024,1024,1
2022-08-29T16:30:29,suffix.2-rec.1.tanh,1026,36,1.0042510032653809,0.5,0.1,32,128,147456,3836082708,4.494436740875244,1024,1024,1
2022-08-29T16:30:31,suffix.2-rec.2.relu,1798,36,1.0019750595092773,0.5,0.1,32,128,147456,3836082708,4.358427047729492,1024,1024,1
2022-08-29T16:30:33,suffix.2-dense.2.tanh,1794,43,1.004472017288208,0.5,0.1,32,128,176128,3836082708,4.122508525848389,1024,1024,1
2022-08-29T16:30:36,rec.2.tanh,1286,54,1.0087261199951172,0.5,0.1,32,128,221184,3836082708,4.153355121612549,1024,1024,1
2022-08-29T16:30:38,suffix.2-rec.2.tanh-dense.2.tanh,1804,30,1.0122411251068115,0.5,0.1,32,128,122880,3836082708,4.284242153167725,1024,1024,1
2022-08-29T16:30:41,suffix.2-rec.2.tanh,1798,36,1.0004022121429443,0.5,0.1,64,64,147456,3836082708,4.255444049835205,1024,1024,1
2022-08-29T16:30:43,suffix.2-rec.2.tanh,1798,35,1.010040044784546,0.5,0.1,16,256,143360,3836082708,4.21274471282959,1024,1024,1
2022-08-29T16:30:46,suffix.2-rec.2.tanh,1798,20,1.0207021236419678,0.5,0.1,32,256,163840,3836082708,4.294172286987305,1024,1024,1
2022-08-29T16:30:48,suffix.2-rec.2.tanh,1798,37,1.0128788948059082,0.2,0.1,32,128,151552,3836082708,4.680830955505371,1024,1024,1
2022-08-29T16:30:51,suffix.2-rec.2.tanh,1798,36,1.0126283168792725,1.0,0.1,32,128,147456,3836082708,4.305633544921875,1024,1024,1
2022-08-29T16:30:53,suffix.2-dense.1.tanh,1025,40,1.0015270709991455,0.5,0.1,32,128,163840,3836082708,4.467428207397461,1024,1024,1
2022-08-29T16:30:56,suffix.2-dense.2.relu,1794,42,1.0014350414276123,0.5,0.1,32,128,172032,3836082708,4.482775688171387,1024,1024,1
2022-08-29T16:30:58,dense.2.tanh,1282,57,1.0009751319885254,0.5,0.1,32,128,233472,3836082708,4.192789077758789,1024,1024,1
2022-08-29T16:31:00,suffix.2-dense.2.tanh-dense.2.tanh,1800,36,1.0129339694976807,0.5,0.1,32,128,147456,3836082708,4.440364360809326,1024,1024,1
2022-08-29T16:31:03,suffix.2-dense.2.tanh,1794,43,1.0111989974975586,0.5,0.1,64,64,176128,3836082708,4.163486957550049,1024,1024,1
2022-08-29T16:31:05,suffix.2-dense.2.tanh,1794,38,1.0066611766815186,0.5,0.1,16,256,155648,3836082708,4.330970764160156,1024,1024,1
2022-08-29T16:31:08,suffix.2-dense.2.tanh,1794,22,1.0091211795806885,0.5,0.1,32,256,180224,3836082708,4.348929405212402,1024,1024,1
2022-08-29T16:31:10,suffix.2-dense.2.tanh,1794,42,1.004817247390747,0.2,0.1,32,128,172032,3836082708,4.607088088989258,1024,1024,1
2022-08-29T16:31:13,suffix.2-dense.2.tanh,1794,43,1.0010828971862793,1.0,0.1,32,128,176128,3836082708,4.285621166229248,1024,1024,1
2022-08-29T16:31:15,suffix.2-rec.2.tanh,1798,68,1.0071141719818115,0.5,0.1,32,64,139264,3836082708,4.13997220993042,1024,1024,1
2022-08-29T16:31:17,rec.2.tanh-dense.2.tanh,1292,73,1.001551866531372,0.5,0.1,32,64,149504,3836082708,4.243102550506592,1024,1024,1
2022-08-29T16:31:20,rec.2.tanh,1286,100,1.002349853515625,0.5,0.1,64,32,204800,3836082708,4.141873359680176,1024,1024,1
2022-08-29T16:31:22,rec.1.tanh,770,117,1.0037338733673096,0.5,0.1,64,32,239616,3836082708,4.436184883117676,1024,1024,1
2022-08-29T16:31:24,rec.2.relu,1286,100,1.0001978874206543,0.5,0.1,64,32,204800,3836082708,4.267693996429443,1024,1024,1
2022-08-29T16:31:26,dense.2.tanh,1282,110,1.003763198852539,0.5,0.1,64,32,225280,3836082708,4.194198131561279,1024,1024,1
2022-08-29T16:31:29,gru.1.tanh,1286,43,1.000267744064331,0.5,0.1,64,32,88064,3836082708,4.413899898529053,1024,1024,1
2022-08-29T16:31:31,lstm.1,1544,16,1.0070431232452393,0.5,0.1,64,32,32768,3836082708,4.695507526397705,1024,1024,1
2022-08-29T16:31:33,rec.2.tanh-dense.2.tanh,1292,76,1.0001730918884277,0.5,0.1,64,32,155648,3836082708,4.216567039489746,1024,1024,1
2022-08-29T16:31:36,rec.2.tanh,1286,81,1.002945899963379,0.5,0.1,128,16,165888,3836082708,4.1879682540893555,1024,1024,1
2022-08-29T16:31:38,rec.2.tanh,1286,56,1.008193016052246,0.5,0.1,64,64,229376,3836082708,4.156825542449951,1024,1024,1
2022-08-29T16:31:40,rec.2.tanh,1286,118,1.0099480152130127,0.5,0.1,64,16,120832,3836082708,4.294430255889893,1024,1024,1
2022-08-29T16:31:43,rec.2.tanh,1286,96,1.0021579265594482,0.2,0.1,64,32,196608,3836082708,4.355254173278809,1024,1024,1
2022-08-29T16:31:45,rec.2.tanh,1286,88,1.0049090385437012,1.0,0.1,64,32,180224,3836082708,4.61055850982666,1024,1024,1
2022-08-29T16:31:47,rec.2.tanh,1286,127,1.0123209953308105,0.5,0.1,32,32,130048,3836082708,4.220996379852295,1024,1024,1
2022-08-29T16:31:49,rec.2.tanh,1286,93,1.0004589557647705,0.2,0.1,32,64,190464,3836082708,4.3846435546875,1024,1024,1
2022-08-29T16:31:52,rec.2.tanh,1286,93,1.0071229934692383,1.0,0.1,32,64,190464,3836082708,4.277256488800049,1024,1024,1
2022-08-29T16:31:54,suffix.2-dense.1.tanh,1025,77,1.000351905822754,0.5,0.1,32,64,157696,3836082708,4.412609100341797,1024,1024,1
2022-08-29T16:31:57,suffix.2-dense.2.relu,1794,78,1.004148006439209,0.5,0.1,32,64,159744,3836082708,4.320846080780029,1024,1024,1
2022-08-29T16:31:59,suffix.2-dense.2.tanh-dense.2.tanh,1800,55,1.0015180110931396,0.5,0.1,32,64,112640,3836082708,4.208051681518555,1024,1024,1
2022-08-29T16:32:02,suffix.2-dense.2.tanh,1794,79,1.0067901611328125,0.5,0.1,64,32,161792,3836082708,4.077768802642822,1024,1024,1
2022-08-29T16:32:04,suffix.2-dense.1.tanh,1025,83,1.0001552104949951,0.5,0.1,64,32,169984,3836082708,4.44543981552124,1024,1024,1
2022-08-29T16:32:07,suffix.2-dense.2.relu,1794,75,1.006019115447998,0.5,0.1,64,32,153600,3836082708,4.189515113830566,1024,1024,1
2022-08-29T16:32:09,suffix.2-dense.2.tanh-dense.2.tanh,1800,63,1.001452922821045,0.5,0.1,64,32,129024,3836082708,4.1894917488098145,1024,1024,1
2022-08-29T16:32:11,suffix.2-dense.2.tanh,1794,65,1.0016639232635498,0.5,0.1,128,16,133120,3836082708,4.188145160675049,1024,1024,1
2022-08-29T16:32:14,suffix.2-dense.2.tanh,1794,115,1.0004401206970215,0.5,0.1,64,16,117760,3836082708,4.185871124267578,1024,1024,1
2022-08-29T16:32:16,suffix.2-dense.2.tanh,1794,80,1.0063889026641846,0.2,0.1,64,32,163840,3836082708,4.38283109664917,1024,1024,1
2022-08-29T16:32:19,suffix.2-dense.2.tanh,1794,77,1.0020160675048828,1.0,0.1,64,32,157696,3836082708,4.54595422744751,1024,1024,1
2022-08-29T16:32:21,suffix.2-dense.2.tanh,1794,79,1.0004849433898926,0.5,0.1,64,32,161792,3836082708,4.15346097946167,1024,1024,1
2022-08-29T16:32:24,suffix.2-dense.2.tanh,1794,69,1.0066468715667725,0.5,0.1,16,128,141312,3836082708,4.148229122161865,1024,1024,1
2022-08-29T16:32:26,suffix.2-dense.1.tanh,1025,65,1.0021989345550537,0.5,0.1,16,128,133120,3836082708,4.392138481140137,1024,1024,1
2022-08-29T16:32:29,suffix.2-dense.2.relu,1794,68,1.006800889968872,0.5,0.1,16,128,139264,3836082708,4.12156867980957,1024,1024,1
2022-08-29T16:32:31,suffix.2-dense.1.relu,1025,68,1.002267837524414,0.5,0.1,16,128,139264,3836082708,4.4099531173706055,1024,1024,1
2022-08-29T16:32:34,suffix.2-dense.2.relu-dense.2.tanh,1800,54,1.0039920806884766,0.5,0.1,16,128,110592,3836082708,4.4015679359436035,1024,1024,1
2022-08-29T16:32:36,suffix.2-dense.2.relu,1794,61,1.0008020401000977,0.5,0.1,8,256,124928,3836082708,4.382168292999268,1024,1024,1
2022-08-29T16:32:38,suffix.2-dense.2.relu,1794,39,1.0104460716247559,0.5,0.1,16,256,159744,3836082708,4.371011257171631,1024,1024,1
2022-08-29T16:32:41,suffix.2-dense.2.relu,1794,118,1.000077247619629,0.5,0.1,16,64,120832,3836082708,4.185405731201172,1024,1024,1
2022-08-29T16:32:43,suffix.2-dense.2.relu,1794,68,1.0012459754943848,0.2,0.1,16,128,139264,3836082708,4.3999223709106445,1024,1024,1
2022-08-29T16:32:46,suffix.2-dense.2.relu,1794,70,1.0052752494812012,1.0,0.1,16,128,143360,3836082708,4.840385437011719,1024,1024,1
2022-08-29T16:32:48,suffix.2-dense.2.tanh-dense.2.tanh,1800,57,1.0000779628753662,0.5,0.1,16,128,116736,3836082708,4.197359561920166,1024,1024,1
2022-08-29T16:32:51,suffix.2-dense.2.tanh,1794,53,1.000655174255371,0.5,0.1,8,256,108544,3836082708,4.167797088623047,1024,1024,1
2022-08-29T16:32:53,suffix.2-dense.2.tanh,1794,108,1.000166893005371,0.5,0.1,16,64,110592,3836082708,4.190310001373291,1024,1024,1
2022-08-29T16:32:56,suffix.2-dense.2.tanh,1794,69,1.002650260925293,1.0,0.1,16,128,141312,3836082708,4.230295658111572,1024,1024,1
2022-08-29T16:32:58,suffix.2-dense.2.tanh,1794,121,1.0009698867797852,0.5,0.1,32,32,123904,3836082708,4.20176362991333,1024,1024,1
2022-08-29T16:33:00,suffix.2-dense.2.tanh,1794,75,1.007200002670288,0.2,0.1,32,64,153600,3836082708,4.43646240234375,1024,1024,1
2022-08-29T16:33:03,suffix.2-dense.2.tanh,1794,76,1.0045979022979736,1.0,0.1,32,64,155648,3836082708,4.53983736038208,1024,1024,1
2022-08-29T16:33:06,suffix.2-rec.1.tanh,1026,70,1.0023748874664307,0.5,0.1,32,64,143360,3836082708,4.3844757080078125,1024,1024,1
2022-08-29T16:33:08,suffix.2-rec.2.relu,1798,64,1.0001180171966553,0.5,0.1,32,64,131072,3836082708,4.27234411239624,1024,1024,1
2022-08-29T16:33:11,suffix.2-dense.2.tanh,1794,68,1.0068180561065674,0.5,0.1,32,64,139264,3836082708,4.085533618927002,1024,1024,1
2022-08-29T16:33:13,rec.2.tanh,1286,77,1.0043461322784424,0.5,0.1,32,64,157696,3836082708,4.183251857757568,1024,1024,1
2022-08-29T16:33:16,suffix.2-rec.2.tanh-dense.2.tanh,1804,32,1.0007519721984863,0.5,0.1,32,64,65536,3836082708,4.396483898162842,1024,1024,1
2022-08-29T16:33:18,suffix.2-rec.2.tanh,1798,61,1.0035159587860107,0.5,0.1,64,32,124928,3836082708,4.292112350463867,1024,1024,1
2022-08-29T16:33:21,suffix.2-rec.2.tanh,1798,49,1.0045957565307617,0.5,0.1,16,128,100352,3836082708,4.17622709274292,1024,1024,1
2022-08-29T16:33:23,suffix.2-rec.2.tanh,1798,31,1.0047402381896973,0.5,0.1,32,128,126976,3836082708,4.242837905883789,1024,1024,1
2022-08-29T16:33:26,suffix.2-rec.2.tanh,1798,108,1.0042750835418701,0.5,0.1,32,32,110592,3836082708,4.167884349822998,1024,1024,1
2022-08-29T16:33:28,suffix.2-rec.2.tanh,1798,62,1.00040602684021,0.2,0.1,32,64,126976,3836082708,4.518113136291504,1024,1024,1
2022-08-29T16:33:31,suffix.2-rec.2.tanh,1798,62,1.005519151687622,1.0,0.1,32,64,126976,3836082708,4.4059343338012695,1024,1024,1
2022-08-29T16:33:33,rec.1.tanh,770,55,1.0035419464111328,0.5,0.1,32,128,225280,3836082708,4.4253644943237305,1024,1024,1
2022-08-29T16:33:35,rec.2.relu,1286,51,1.0076408386230469,0.5,0.1,32,128,208896,3836082708,4.2036213874816895,1024,1024,1
2022-08-29T16:33:38,gru.1.tanh,1286,1,1.0437569618225098,0.5,0.1,32,128,4096,3836082708,7.451599597930908,1024,1024,1
2022-08-29T16:33:40,lstm.1,1544,5,1.0038771629333496,0.5,0.1,32,128,20480,3836082708,5.749220848083496,1024,1024,1
2022-08-29T16:33:43,rec.2.tanh-dense.2.tanh,1292,33,1.0066192150115967,0.5,0.1,32,128,135168,3836082708,4.497481346130371,1024,1024,1
2022-08-29T16:33:45,rec.2.tanh,1286,50,1.0023176670074463,0.5,0.1,16,256,204800,3836082708,4.210558891296387,1024,1024,1
2022-08-29T16:33:47,rec.2.tanh,1286,31,1.015484094619751,0.5,0.1,32,256,253952,3836082708,4.316186428070068,1024,1024,1
2022-08-29T16:33:50,rec.2.tanh,1286,43,1.0096609592437744,0.2,0.1,32,128,176128,3836082708,4.589322090148926,1024,1024,1
2022-08-29T16:33:52,rec.2.tanh,1286,47,1.0045392513275146,1.0,0.1,32,128,192512,3836082708,4.69150447845459,1024,1024,1
2022-08-29T16:33:54,rec.1.relu,770,108,1.004418134689331,0.5,0.1,32,64,221184,3836082708,4.446537971496582,1024,1024,1
2022-08-29T16:33:57,rec.2.relu-dense.2.tanh,1292,64,1.0000200271606445,0.5,0.1,32,64,131072,3836082708,4.467260360717773,1024,1024,1
2022-08-29T16:33:59,rec.2.relu,1286,131,1.0112361907958984,0.5,0.1,32,32,134144,3836082708,4.1501946449279785,1024,1024,1
2022-08-29T16:34:01,rec.1.relu,770,139,1.0022351741790771,0.5,0.1,32,32,142336,3836082708,4.810636043548584,1024,1024,1
2022-08-29T16:34:03,dense.2.tanh,1282,141,1.0086159706115723,0.5,0.1,32,32,144384,3836082708,4.242648124694824,1024,1024,1
2022-08-29T16:34:06,gru.1.tanh,1286,35,1.0052831172943115,0.5,0.1,32,32,35840,3836082708,4.43261194229126,1024,1024,1
2022-08-29T16:34:08,lstm.1,1544,21,1.0005297660827637,0.5,0.1,32,32,21504,3836082708,4.652575969696045,1024,1024,1
2022-08-29T16:34:11,suffix.2-rec.2.relu,1798,101,1.000053882598877,0.5,0.1,32,32,103424,3836082708,4.149289608001709,1024,1024,1
2022-08-29T16:34:14,suffix.2-rec.1.relu,1026,109,1.0019879341125488,0.5,0.1,32,32,111616,3836082708,4.534714698791504,1024,1024,1
2022-08-29T16:34:16,suffix.2-rec.2.relu-dense.2.tanh,1804,73,1.0000648498535156,0.5,0.1,32,32,74752,3836082708,4.698793888092041,1024,1024,1
2022-08-29T16:34:19,suffix.2-rec.2.relu,1798,86,1.0006189346313477,0.5,0.1,64,16,88064,3836082708,4.227939605712891,1024,1024,1
2022-08-29T16:34:21,suffix.2-rec.2.relu,1798,85,1.0042099952697754,0.5,0.1,16,64,87040,3836082708,4.343874931335449,1024,1024,1
2022-08-29T16:34:24,suffix.2-rec.2.relu,1798,133,1.00008225440979,0.5,0.1,32,16,68096,3836082708,4.251885414123535,1024,1024,1
2022-08-29T16:34:26,suffix.2-rec.2.relu,1798,106,1.0016529560089111,0.2,0.1,32,32,108544,3836082708,4.343962669372559,1024,1024,1
2022-08-29T16:34:29,suffix.2-rec.2.relu,1798,107,1.0040090084075928,1.0,0.1,32,32,109568,3836082708,4.9171953201293945,1024,1024,1
2022-08-29T16:34:31,rec.2.relu-dense.2.tanh,1292,107,1.0036158561706543,0.5,0.1,32,32,109568,3836082708,4.804021835327148,1024,1024,1
2022-08-29T16:34:34,rec.2.relu,1286,102,1.00291109085083,0.5,0.1,64,16,104448,3836082708,4.569512367248535,1024,1024,1
2022-08-29T16:34:36,rec.2.relu,1286,116,1.000243902206421,0.5,0.1,16,64,118784,3836082708,4.190334320068359,1024,1024,1
2022-08-29T16:34:38,rec.2.relu,1286,150,1.0000712871551514,0.5,0.1,32,16,76800,3836082708,4.310421943664551,1024,1024,1
2022-08-29T16:34:41,rec.2.relu,1286,140,1.0021538734436035,0.2,0.1,32,32,143360,3836082708,4.551946640014648,1024,1024,1
2022-08-29T16:34:43,rec.2.relu,1286,141,1.0006237030029297,1.0,0.1,32,32,144384,3836082708,4.890105247497559,1024,1024,1
2022-08-29T16:34:45,rec.2.relu,1286,91,1.0040171146392822,0.2,0.1,32,64,186368,3836082708,4.267996788024902,1024,1024,1
2022-08-29T16:34:47,rec.2.relu,1286,94,1.0051789283752441,1.0,0.1,32,64,192512,3836082708,4.783921241760254,1024,1024,1
2022-08-29T16:34:50,suffix.2-dense.1.tanh,1025,74,1.0052368640899658,0.5,0.1,64,32,151552,3836082708,4.44659948348999,1024,1024,1
2022-08-29T16:34:53,suffix.2-dense.2.relu,1794,78,1.0009350776672363,0.5,0.1,64,32,159744,3836082708,4.2447943687438965,1024,1024,1
2022-08-29T16:34:55,dense.2.tanh,1282,106,1.0003879070281982,0.5,0.1,64,32,217088,3836082708,4.230378150939941,1024,1024,1
2022-08-29T16:34:57,suffix.2-dense.2.tanh-dense.2.tanh,1800,61,1.002417802810669,0.5,0.1,64,32,124928,3836082708,4.326663494110107,1024,1024,1
2022-08-29T16:35:00,suffix.2-dense.2.tanh,1794,59,1.0022168159484863,0.5,0.1,128,16,120832,3836082708,4.190892219543457,1024,1024,1
2022-08-29T16:35:02,suffix.2-dense.2.tanh,1794,39,1.0110399723052979,0.5,0.1,64,64,159744,3836082708,4.231783390045166,1024,1024,1
2022-08-29T16:35:05,suffix.2-dense.2.tanh,1794,96,1.0005130767822266,0.5,0.1,64,16,98304,3836082708,4.18521785736084,1024,1024,1
2022-08-29T16:35:07,suffix.2-dense.2.tanh,1794,71,1.004957914352417,0.2,0.1,64,32,145408,3836082708,4.532106399536133,1024,1024,1
2022-08-29T16:35:10,suffix.2-dense.2.tanh,1794,73,1.0058212280273438,1.0,0.1,64,32,149504,3836082708,4.244468688964844,1024,1024,1
2022-08-29T16:35:12,rec.1.tanh,770,65,1.0004940032958984,0.5,0.1,64,64,266240,3836082708,4.402017116546631,1024,1024,1
2022-08-29T16:35:14,rec.2.relu,1286,49,1.008301019668579,0.5,0.1,64,64,200704,3836082708,4.355017185211182,1024,1024,1
2022-08-29T16:35:17,dense.2.tanh,1282,58,1.002054214477539,0.5,0.1,64,64,237568,3836082708,4.22209358215332,1024,1024,1
2022-08-29T16:35:19,gru.1.tanh,1286,18,1.0035429000854492,0.5,0.1,64,64,73728,3836082708,4.634507656097412,1024,1024,1
2022-08-29T16:35:21,lstm.1,1544,1,1.0274229049682617,0.5,0.1,64,64,4096,3836082708,36.70433807373047,1024,1024,1
2022-08-29T16:35:24,rec.2.tanh-dense.2.tanh,1292,31,1.0076181888580322,0.5,0.1,64,64,126976,3836082708,4.49310302734375,1024,1024,1
2022-08-29T16:35:26,rec.2.tanh,1286,49,1.0039691925048828,0.5,0.1,128,32,200704,3836082708,4.314993858337402,1024,1024,1
2022-08-29T16:35:29,rec.2.tanh,1286,25,1.0014338493347168,0.5,0.1,64,128,204800,3836082708,4.224457740783691,1024,1024,1
2022-08-29T16:35:31,rec.2.tanh,1286,53,1.0081682205200195,0.2,0.1,64,64,217088,3836082708,4.533700466156006,1024,1024,1
2022-08-29T16:35:33,rec.2.tanh,1286,49,1.0009667873382568,1.0,0.1,64,64,200704,3836082708,4.536085605621338,1024,1024,1
2022-08-29T16:35:36,suffix.2-dense.1.tanh,1025,74,1.0024590492248535,0.5,0.1,32,64,151552,3836082708,4.3846869468688965,1024,1024,1
2022-08-29T16:35:38,suffix.2-dense.2.relu,1794,76,1.000364065170288,0.5,0.1,32,64,155648,3836082708,4.177310466766357,1024,1024,1
2022-08-29T16:35:41,dense.2.tanh,1282,97,1.0009560585021973,0.5,0.1,32,64,198656,3836082708,4.229624271392822,1024,1024,1
2022-08-29T16:35:43,suffix.2-dense.2.tanh-dense.2.tanh,1800,53,1.00068998336792,0.5,0.1,32,64,108544,3836082708,4.139648914337158,1024,1024,1
2022-08-29T16:35:46,suffix.2-dense.2.tanh,1794,67,1.0043718814849854,0.5,0.1,16,128,137216,3836082708,4.145520210266113,1024,1024,1
2022-08-29T16:35:48,suffix.2-dense.2.tanh,1794,41,1.001154899597168,0.5,0.1,32,128,167936,3836082708,4.225703239440918,1024,1024,1
2022-08-29T16:35:51,suffix.2-dense.2.tanh,1794,124,1.0035219192504883,0.5,0.1,32,32,126976,3836082708,4.134769439697266,1024,1024,1
2022-08-29T16:35:53,suffix.2-dense.2.tanh,1794,70,1.0062642097473145,0.2,0.1,32,64,143360,3836082708,4.3716936111450195,1024,1024,1
2022-08-29T16:35:56,suffix.2-dense.2.tanh,1794,72,1.0028362274169922,1.0,0.1,32,64,147456,3836082708,4.292346954345703,1024,1024,1
2022-08-29T16:35:58,suffix.2-rec.1.tanh,1026,116,1.0003597736358643,0.5,0.1,32,32,118784,3836082708,4.460923194885254,1024,1024,1
2022-08-29T16:36:01,suffix.2-rec.2.tanh-dense.2.tanh,1804,84,1.0037519931793213,0.5,0.1,32,32,86016,3836082708,4.323298454284668,1024,1024,1
2022-08-29T16:36:03,suffix.2-rec.2.tanh,1798,80,1.0026400089263916,0.5,0.1,64,16,81920,3836082708,4.151854515075684,1024,1024,1
2022-08-29T16:36:06,suffix.2-rec.1.tanh,1026,105,1.0032787322998047,0.5,0.1,64,16,107520,3836082708,4.4366888999938965,1024,1024,1
2022-08-29T16:36:09,suffix.2-rec.2.tanh-dense.2.tanh,1804,63,1.0002758502960205,0.5,0.1,64,16,64512,3836082708,4.248208522796631,1024,1024,1
2022-08-29T16:36:11,suffix.2-rec.2.tanh,1798,66,1.0035419464111328,0.5,0.1,128,8,67584,3836082708,4.167497158050537,1024,1024,1
2022-08-29T16:36:14,suffix.2-rec.2.tanh,1798,112,1.0016331672668457,0.5,0.1,64,8,57344,3836082708,4.244116306304932,1024,1024,1
2022-08-29T16:36:16,suffix.2-rec.2.tanh,1798,87,1.0036430358886719,0.2,0.1,64,16,89088,3836082708,4.3315958976745605,1024,1024,1
2022-08-29T16:36:19,suffix.2-rec.2.tanh,1798,74,1.0001380443572998,1.0,0.1,64,16,75776,3836082708,4.61146354675293,1024,1024,1
2022-08-29T16:36:21,suffix.2-rec.2.tanh,1798,91,1.0039207935333252,0.5,0.1,16,64,93184,3836082708,4.186376094818115,1024,1024,1
2022-08-29T16:36:24,suffix.2-rec.2.tanh,1798,140,1.000180959701538,0.5,0.1,32,16,71680,3836082708,4.17568826675415,1024,1024,1
2022-08-29T16:36:26,suffix.2-rec.2.tanh,1798,104,1.0043630599975586,0.2,0.1,32,32,106496,3836082708,4.443357944488525,1024,1024,1
2022-08-29T16:36:29,suffix.2-rec.2.tanh,1798,102,1.0004689693450928,1.0,0.1,32,32,104448,3836082708,4.5648980140686035,1024,1024,1
2022-08-29T16:36:31,suffix.2-dense.2.relu,1794,61,1.0030241012573242,0.5,0.1,16,128,124928,3836082708,4.249964714050293,1024,1024,1
2022-08-29T16:36:34,suffix.2-rec.1.tanh,1026,95,1.0028791427612305,0.5,0.1,128,8,97280,3836082708,4.4172210693359375,1024,1024,1
2022-08-29T16:36:37,suffix.2-rec.2.relu,1798,70,1.0008361339569092,0.5,0.1,128,8,71680,3836082708,4.386176109313965,1024,1024,1
2022-08-29T16:36:39,suffix.2-dense.2.tanh,1794,96,1.003688097000122,0.5,0.1,128,8,98304,3836082708,4.23495626449585,1024,1024,1
2022-08-29T16:36:41,rec.2.tanh,1286,96,1.0037040710449219,0.5,0.1,128,8,98304,3836082708,4.244829177856445,1024,1024,1
2022-08-29T16:36:44,suffix.2-rec.2.tanh-dense.2.tanh,1804,43,1.0044879913330078,0.5,0.1,128,8,44032,3836082708,4.382834434509277,1024,1024,1
2022-08-29T16:36:47,suffix.2-rec.2.tanh,1798,82,1.0024380683898926,0.5,0.1,256,4,83968,3836082708,4.215631484985352,1024,1024,1
2022-08-29T16:36:49,suffix.2-rec.2.tanh,1798,42,1.0025122165679932,0.5,0.1,128,16,86016,3836082708,4.289036273956299,1024,1024,1
2022-08-29T16:36:52,suffix.2-rec.2.tanh,1798,104,1.0028002262115479,0.5,0.1,128,4,53248,3836082708,4.253246784210205,1024,1024,1
2022-08-29T16:36:54,suffix.2-rec.2.tanh,1798,66,1.0019288063049316,0.2,0.1,128,8,67584,3836082708,4.499537944793701,1024,1024,1
2022-08-29T16:36:57,suffix.2-rec.2.tanh,1798,66,1.003478765487671,1.0,0.1,128,8,67584,3836082708,4.605963706970215,1024,1024,1
2022-08-29T16:37:00,suffix.2-dense.1.tanh,1025,39,1.0038669109344482,0.5,0.1,8,256,79872,3836082708,4.458313941955566,1024,1024,1
2022-08-29T16:37:02,suffix.2-rec.2.tanh,1798,47,1.0044550895690918,0.5,0.1,8,256,96256,3836082708,4.186026573181152,1024,1024,1
2022-08-29T16:37:04,dense.2.tanh,1282,84,1.000610113143921,0.5,0.1,8,256,172032,3836082708,4.171426296234131,1024,1024,1
2022-08-29T16:37:07,suffix.2-dense.2.tanh-dense.2.tanh,1800,48,1.0025520324707031,0.5,0.1,8,256,98304,3836082708,4.229602813720703,1024,1024,1
2022-08-29T16:37:09,suffix.2-dense.2.tanh,1794,51,1.0073068141937256,0.5,0.1,4,512,104448,3836082708,4.194847583770752,1024,1024,1
2022-08-29T16:37:12,suffix.2-dense.2.tanh,1794,28,1.005871057510376,0.5,0.1,8,512,114688,3836082708,4.310716152191162,1024,1024,1
2022-08-29T16:37:15,suffix.2-dense.2.tanh,1794,83,1.0040817260742188,0.5,0.1,8,128,84992,3836082708,4.188531875610352,1024,1024,1
2022-08-29T16:37:17,suffix.2-dense.2.tanh,1794,54,1.0001263618469238,0.2,0.1,8,256,110592,3836082708,4.451761722564697,1024,1024,1
2022-08-29T16:37:20,suffix.2-dense.2.tanh,1794,54,1.0026521682739258,1.0,0.1,8,256,110592,3836082708,4.292461395263672,1024,1024,1
2022-08-29T16:37:22,suffix.2-dense.1.tanh,1025,132,1.0008978843688965,0.5,0.1,32,32,135168,3836082708,4.433862209320068,1024,1024,1
2022-08-29T16:37:25,suffix.2-dense.2.relu,1794,120,1.0024361610412598,0.5,0.1,32,32,122880,3836082708,4.137872695922852,1024,1024,1
2022-08-29T16:37:27,suffix.2-dense.1.relu,1025,109,1.001697063446045,0.5,0.1,32,32,111616,3836082708,4.562702178955078,1024,1024,1
2022-08-29T16:37:30,dense.2.relu,1282,151,1.0025107860565186,0.5,0.1,32,32,154624,3836082708,4.779296398162842,1024,1024,1
2022-08-29T16:37:32,suffix.2-dense.2.relu-dense.2.tanh,1800,93,1.0002081394195557,0.5,0.1,32,32,95232,3836082708,4.349976539611816,1024,1024,1
2022-08-29T16:37:35,suffix.2-dense.2.relu,1794,109,1.0021748542785645,0.5,0.1,64,16,111616,3836082708,4.161004066467285,1024,1024,1
2022-08-29T16:37:37,suffix.2-dense.2.relu,1794,154,1.0001459121704102,0.5,0.1,32,16,78848,3836082708,4.541966915130615,1024,1024,1
2022-08-29T16:37:40,suffix.2-dense.2.relu,1794,114,1.0016381740570068,0.2,0.1,32,32,116736,3836082708,4.237590312957764,1024,1024,1
2022-08-29T16:37:42,suffix.2-dense.2.relu,1794,121,1.0029842853546143,1.0,0.1,32,32,123904,3836082708,4.56394624710083,1024,1024,1
2022-08-29T16:37:45,suffix.2-dense.1.relu,1025,109,1.0021450519561768,0.5,0.1,64,16,111616,3836082708,4.465058326721191,1024,1024,1
2022-08-29T16:37:47,dense.2.relu,1282,150,1.0026757717132568,0.5,0.1,64,16,153600,3836082708,4.501801490783691,1024,1024,1
2022-08-29T16:37:49,suffix.2-dense.2.relu-dense.2.tanh,1800,80,1.0046088695526123,0.5,0.1,64,16,81920,3836082708,4.814749717712402,1024,1024,1
2022-08-29T16:37:52,suffix.2-dense.2.relu,1794,91,1.0004189014434814,0.5,0.1,128,8,93184,3836082708,4.283076286315918,1024,1024,1
2022-08-29T16:37:54,suffix.2-dense.2.relu,1794,146,1.0000698566436768,0.5,0.1,64,8,74752,3836082708,4.2624664306640625,1024,1024,1
2022-08-29T16:37:57,suffix.2-dense.2.relu,1794,113,1.0022947788238525,0.2,0.1,64,16,115712,3836082708,4.2592267990112305,1024,1024,1
2022-08-29T16:37:59,suffix.2-dense.2.relu,1794,108,1.0005292892456055,1.0,0.1,64,16,110592,3836082708,4.648750305175781,1024,1024,1
2022-08-29T16:38:02,suffix.2-dense.2.tanh-dense.2.tanh,1800,98,1.003281831741333,0.5,0.1,32,32,100352,3836082708,4.313143730163574,1024,1024,1
2022-08-29T16:38:04,suffix.2-dense.2.tanh,1794,160,1.0076909065246582,0.5,0.1,32,16,81920,3836082708,4.195024490356445,1024,1024,1
2022-08-29T16:38:07,suffix.2-dense.2.tanh,1794,120,1.0037109851837158,0.2,0.1,32,32,122880,3836082708,4.385466575622559,1024,1024,1
2022-08-29T16:38:09,suffix.2-dense.2.tanh,1794,120,1.0029540061950684,1.0,0.1,32,32,122880,3836082708,4.339036464691162,1024,1024,1
2022-08-29T16:38:11,dense.1.tanh,769,68,1.0010759830474854,0.5,0.1,8,256,139264,3836082708,4.4150519371032715,1024,1024,1
2022-08-29T16:38:14,dense.2.relu,1282,82,1.0010581016540527,0.5,0.1,8,256,167936,3836082708,4.406421184539795,1024,1024,1
2022-08-29T16:38:16,rec.2.tanh,1286,75,1.0041139125823975,0.5,0.1,8,256,153600,3836082708,4.177759170532227,1024,1024,1
2022-08-29T16:38:18,gru.1.tanh,1286,1,1.125511884689331,0.5,0.1,8,256,2048,3836082708,7.5279316902160645,1024,1024,1
2022-08-29T16:38:22,lstm.1,1544,1,1.7786128520965576,0.5,0.1,8,256,2048,3836082708,7.476403713226318,1024,1024,1
2022-08-29T16:38:24,dense.2.tanh-dense.2.tanh,1288,71,1.0008108615875244,0.5,0.1,8,256,145408,3836082708,4.284460067749023,1024,1024,1
2022-08-29T16:38:26,dense.2.tanh,1282,73,1.0010600090026855,0.5,0.1,4,512,149504,3836082708,4.183437824249268,1024,1024,1
2022-08-29T16:38:29,dense.2.tanh,1282,42,1.006349802017212,0.5,0.1,8,512,172032,3836082708,4.311581134796143,1024,1024,1
2022-08-29T16:38:31,dense.2.tanh,1282,121,1.0000550746917725,0.5,0.1,8,128,123904,3836082708,4.183283805847168,1024,1024,1
2022-08-29T16:38:33,dense.2.tanh,1282,92,1.0005409717559814,1.0,0.1,8,256,188416,3836082708,4.321574687957764,1024,1024,1
2022-08-29T16:38:36,suffix.2-dense.1.tanh-dense.2.tanh,1285,39,1.0072360038757324,0.5,0.1,32,64,79872,3836082708,4.527770042419434,1024,1024,1
2022-08-29T16:38:39,suffix.2-dense.2.relu-dense.2.tanh,1800,56,1.0025341510772705,0.5,0.1,32,64,114688,3836082708,4.6223344802856445,1024,1024,1
2022-08-29T16:38:41,suffix.2-dense.2.tanh-dense.1.tanh,1541,45,1.0059459209442139,0.5,0.1,32,64,92160,3836082708,4.496142864227295,1024,1024,1
2022-08-29T16:38:44,suffix.2-dense.2.tanh-dense.2.relu,1800,52,1.0071351528167725,0.5,0.1,32,64,106496,3836082708,4.3782219886779785,1024,1024,1
2022-08-29T16:38:46,suffix.2-dense.2.tanh-rec.2.tanh,1804,46,1.0044028759002686,0.5,0.1,32,64,94208,3836082708,4.34901237487793,1024,1024,1
2022-08-29T16:38:49,suffix.2-dense.2.tanh-gru.2.tanh,1824,9,1.007768154144287,0.5,0.1,32,64,18432,3836082708,4.927334785461426,1024,1024,1
2022-08-29T16:38:51,suffix.2-dense.2.tanh-lstm.2,1834,1,1.047698974609375,0.5,0.1,32,64,2048,3836082708,7.255867004394531,1024,1024,1
2022-08-29T16:38:54,dense.2.tanh-dense.2.tanh,1288,70,1.0011990070343018,0.5,0.1,32,64,143360,3836082708,4.224276542663574,1024,1024,1
2022-08-29T16:38:56,suffix.2-dense.2.tanh-dense.2.tanh-dense.2.tanh,1806,37,1.0063519477844238,0.5,0.1,32,64,75776,3836082708,4.51045036315918,1024,1024,1
2022-08-29T16:38:59,suffix.2-dense.2.tanh-dense.2.tanh,1800,52,1.0004677772521973,0.2,0.1,32,64,106496,3836082708,4.569881439208984,1024,1024,1
2022-08-29T16:39:01,suffix.2-dense.2.tanh-dense.2.tanh,1800,51,1.007094144821167,1.0,0.1,32,64,104448,3836082708,4.81466817855835,1024,1024,1
2022-08-29T16:39:04,suffix.2-rec.1.tanh,1026,130,1.0020122528076172,0.5,0.1,32,16,66560,3836082708,4.523603439331055,1024,1024,1
2022-08-29T16:39:06,rec.2.tanh,1286,161,1.0004589557647705,0.5,0.1,32,16,82432,3836082708,4.261608600616455,1024,1024,1
2022-08-29T16:39:09,suffix.2-rec.2.tanh-dense.2.tanh,1804,100,1.000472068786621,0.5,0.1,32,16,51200,3836082708,4.2208428382873535,1024,1024,1
2022-08-29T16:39:11,suffix.2-rec.2.tanh,1798,138,1.0022199153900146,0.5,0.1,16,32,70656,3836082708,4.188224792480469,1024,1024,1
2022-08-29T16:39:14,suffix.2-rec.2.tanh,1798,161,1.0008180141448975,0.5,0.1,32,8,41216,3836082708,4.255736351013184,1024,1024,1
2022-08-29T16:39:16,suffix.2-rec.2.tanh,1798,129,1.000054121017456,0.2,0.1,32,16,66048,3836082708,4.40196418762207,1024,1024,1
2022-08-29T16:39:19,suffix.2-rec.2.tanh,1798,145,1.0025629997253418,1.0,0.1,32,16,74240,3836082708,4.53163480758667,1024,1024,1
2022-08-29T16:39:21,rec.1.tanh,770,69,1.0050029754638672,0.5,0.1,8,256,141312,3836082708,4.43266487121582,1024,1024,1
2022-08-29T16:39:23,rec.2.relu,1286,74,1.0007970333099365,0.5,0.1,8,256,151552,3836082708,4.364943504333496,1024,1024,1
2022-08-29T16:39:25,rec.2.tanh-dense.2.tanh,1292,66,1.0050549507141113,0.5,0.1,8,256,135168,3836082708,4.2375898361206055,1024,1024,1
2022-08-29T16:39:28,rec.2.tanh,1286,65,1.0039637088775635,0.5,0.1,4,512,133120,3836082708,4.189669132232666,1024,1024,1
2022-08-29T16:39:30,rec.2.tanh,1286,34,1.0052428245544434,0.5,0.1,8,512,139264,3836082708,4.1640753746032715,1024,1024,1
2022-08-29T16:39:32,rec.1.tanh,770,48,1.006136178970337,0.5,0.1,8,512,196608,3836082708,4.387108325958252,1024,1024,1
2022-08-29T16:39:35,rec.2.relu,1286,40,1.00559401512146,0.5,0.1,8,512,163840,3836082708,4.151393413543701,1024,1024,1
2022-08-29T16:39:37,rec.1.relu,770,49,1.0072100162506104,0.5,0.1,8,512,200704,3836082708,4.5400214195251465,1024,1024,1
2022-08-29T16:39:39,gru.1.tanh,1286,19,1.0008656978607178,0.5,0.1,8,512,77824,3836082708,4.6741838455200195,1024,1024,1
2022-08-29T16:39:41,lstm.1,1544,13,1.0109031200408936,0.5,0.1,8,512,53248,3836082708,4.796396732330322,1024,1024,1
2022-08-29T16:39:44,suffix.2-rec.2.relu,1798,30,1.0123209953308105,0.5,0.1,8,512,122880,3836082708,4.371120929718018,1024,1024,1
2022-08-29T16:39:46,rec.2.relu-dense.2.tanh,1292,32,1.0000391006469727,0.5,0.1,8,512,131072,3836082708,4.763901233673096,1024,1024,1
2022-08-29T16:39:49,rec.2.relu,1286,51,1.003345012664795,0.5,0.1,16,256,208896,3836082708,4.1526288986206055,1024,1024,1
2022-08-29T16:39:51,rec.2.relu,1286,33,1.0104410648345947,0.5,0.1,4,1024,135168,3836082708,4.2894086837768555,1024,1024,1
2022-08-29T16:39:53,rec.2.relu,1286,23,1.000885009765625,0.5,0.1,8,1024,188416,3836082708,4.510763168334961,1024,1024,1
2022-08-29T16:39:56,rec.2.relu,1286,39,1.0030720233917236,0.2,0.1,8,512,159744,3836082708,4.766603946685791,1024,1024,1
2022-08-29T16:39:58,rec.2.relu,1286,38,1.0061020851135254,1.0,0.1,8,512,155648,3836082708,4.748000621795654,1024,1024,1
2022-08-29T16:40:00,rec.1.relu,770,50,1.0026118755340576,0.5,0.1,16,256,204800,3836082708,4.721129894256592,1024,1024,1
2022-08-29T16:40:02,dense.2.tanh,1282,57,1.0015778541564941,0.5,0.1,16,256,233472,3836082708,4.139430046081543,1024,1024,1
2022-08-29T16:40:04,dense.1.tanh,769,46,1.0071706771850586,0.5,0.1,16,256,188416,3836082708,4.398643493652344,1024,1024,1
2022-08-29T16:40:07,dense.2.relu,1282,58,1.0063250064849854,0.5,0.1,16,256,237568,3836082708,4.4194135665893555,1024,1024,1
2022-08-29T16:40:09,gru.1.tanh,1286,1,1.1124680042266846,0.5,0.1,16,256,4096,3836082708,7.611115455627441,1024,1024,1
2022-08-29T16:40:12,lstm.1,1544,1,1.6508972644805908,0.5,0.1,16,256,4096,3836082708,7.439435005187988,1024,1024,1
2022-08-29T16:40:14,dense.2.tanh-dense.2.tanh,1288,45,1.0038890838623047,0.5,0.1,16,256,184320,3836082708,4.270455837249756,1024,1024,1
2022-08-29T16:40:17,dense.2.tanh,1282,28,1.0139827728271484,0.5,0.1,16,512,229376,3836082708,4.3293867111206055,1024,1024,1
2022-08-29T16:40:19,dense.2.tanh,1282,60,1.005141019821167,1.0,0.1,16,256,245760,3836082708,4.197935581207275,1024,1024,1
2022-08-29T16:40:22,suffix.2-rec.2.relu,1798,32,1.003739833831787,0.5,0.1,16,256,131072,3836082708,4.494185447692871,1024,1024,1
2022-08-29T16:40:24,rec.2.relu-dense.2.tanh,1292,42,1.0033268928527832,0.5,0.1,16,256,172032,3836082708,4.493662357330322,1024,1024,1
2022-08-29T16:40:26,rec.2.relu,1286,26,1.0164008140563965,0.5,0.1,16,512,212992,3836082708,4.449346542358398,1024,1024,1
2022-08-29T16:40:29,rec.2.relu,1286,52,1.0065770149230957,0.2,0.1,16,256,212992,3836082708,4.472164154052734,1024,1024,1
2022-08-29T16:40:31,rec.2.relu,1286,52,1.0094718933105469,1.0,0.1,16,256,212992,3836082708,4.725876331329346,1024,1024,1
2022-08-29T16:40:33,suffix.2-rec.2.tanh,1798,29,1.0110938549041748,0.5,0.1,8,512,118784,3836082708,4.320496082305908,1024,1024,1
2022-08-29T16:40:36,rec.2.tanh-dense.2.tanh,1292,33,1.0085277557373047,0.5,0.1,8,512,135168,3836082708,4.327301979064941,1024,1024,1
2022-08-29T16:40:38,rec.2.tanh,1286,39,1.0027430057525635,0.5,0.1,4,1024,159744,3836082708,4.1551690101623535,1024,1024,1
2022-08-29T16:40:40,rec.1.tanh,770,49,1.0062012672424316,0.5,0.1,4,1024,200704,3836082708,4.448511123657227,1024,1024,1
2022-08-29T16:40:42,dense.2.tanh,1282,49,1.008404016494751,0.5,0.1,4,1024,200704,3836082708,4.202688217163086,1024,1024,1
2022-08-29T16:40:45,gru.1.tanh,1286,13,1.0111908912658691,0.5,0.1,4,1024,53248,3836082708,4.718505859375,1024,1024,1
2022-08-29T16:40:47,lstm.1,1544,12,1.0158648490905762,0.5,0.1,4,1024,49152,3836082708,4.790069103240967,1024,1024,1
2022-08-29T16:40:50,suffix.2-rec.2.tanh,1798,29,1.0002129077911377,0.5,0.1,4,1024,118784,3836082708,4.391440391540527,1024,1024,1
2022-08-29T16:40:52,rec.2.tanh-dense.2.tanh,1292,34,1.0110690593719482,0.5,0.1,4,1024,139264,3836082708,4.271159648895264,1024,1024,1
2022-08-29T16:40:55,rec.2.tanh,1286,41,1.0089929103851318,0.5,0.1,2,2048,167936,3836082708,4.280188083648682,1024,1024,1
2022-08-29T16:40:57,rec.2.tanh,1286,25,1.013469934463501,0.5,0.1,4,2048,204800,3836082708,4.303315162658691,1024,1024,1
2022-08-29T16:40:59,rec.2.tanh,1286,41,1.0045928955078125,0.2,0.1,4,1024,167936,3836082708,4.652708053588867,1024,1024,1
2022-08-29T16:41:02,rec.2.tanh,1286,41,1.0059068202972412,1.0,0.1,4,1024,167936,3836082708,4.643032073974609,1024,1024,1
2022-08-29T16:41:04,rec.2.tanh,1286,24,1.0162248611450195,0.5,0.1,8,1024,196608,3836082708,4.34804630279541,1024,1024,1
2022-08-29T16:41:06,rec.2.tanh,1286,37,1.0093059539794922,0.2,0.1,8,512,151552,3836082708,4.677988529205322,1024,1024,1
2022-08-29T16:41:09,rec.2.tanh,1286,37,1.0038299560546875,1.0,0.1,8,512,151552,3836082708,4.450448513031006,1024,1024,1
2022-08-29T16:41:11,rec.2.tanh,1286,97,1.004249095916748,0.5,0.1,8,128,99328,3836082708,4.226057052612305,1024,1024,1
2022-08-29T16:41:13,rec.2.tanh,1286,82,1.0029489994049072,1.0,0.1,8,256,167936,3836082708,4.495601177215576,1024,1024,1
2022-08-29T16:41:16,suffix.2-dense.2.relu,1794,122,1.003737211227417,0.5,0.1,32,32,124928,3836082708,4.401157855987549,1024,1024,1
2022-08-29T16:41:18,dense.2.tanh,1282,56,1.0034518241882324,0.5,0.1,16,256,229376,3836082708,4.189472198486328,1024,1024,1
2022-08-29T16:41:21,rec.2.tanh,1286,121,1.002387285232544,0.5,0.1,16,64,123904,3836082708,4.199842929840088,1024,1024,1
2022-08-29T16:41:23,rec.2.tanh,1286,78,1.0024347305297852,1.0,0.1,16,128,159744,3836082708,4.5329155921936035,1024,1024,1
2022-08-29T16:41:25,dense.1.tanh,769,135,1.0024702548980713,0.5,0.1,8,128,138240,3836082708,4.44358491897583,1024,1024,1
2022-08-29T16:41:27,dense.2.relu,1282,125,1.0009081363677979,0.5,0.1,8,128,128000,3836082708,4.420187473297119,1024,1024,1
2022-08-29T16:41:30,gru.1.tanh,1286,1,1.018035888671875,0.5,0.1,8,128,1024,3836082708,7.148052215576172,1024,1024,1
2022-08-29T16:41:32,lstm.1,1544,14,1.0069880485534668,0.5,0.1,8,128,14336,3836082708,4.7982707023620605,1024,1024,1
2022-08-29T16:41:34,dense.2.tanh-dense.2.tanh,1288,95,1.003032922744751,0.5,0.1,8,128,97280,3836082708,4.278810501098633,1024,1024,1
2022-08-29T16:41:37,dense.2.tanh,1282,137,1.0030510425567627,0.5,0.1,16,64,140288,3836082708,4.215760707855225,1024,1024,1
2022-08-29T16:41:39,dense.2.tanh,1282,132,1.0035662651062012,0.5,0.1,4,256,135168,3836082708,4.17388391494751,1024,1024,1
2022-08-29T16:41:41,dense.1.tanh,769,74,1.0004777908325195,0.5,0.1,4,256,75776,3836082708,4.43557596206665,1024,1024,1
2022-08-29T16:41:43,dense.2.relu,1282,133,1.0009069442749023,0.5,0.1,4,256,136192,3836082708,4.407325267791748,1024,1024,1
2022-08-29T16:41:46,rec.2.tanh,1286,117,1.001939058303833,0.5,0.1,4,256,119808,3836082708,4.217344284057617,1024,1024,1
2022-08-29T16:41:48,gru.1.tanh,1286,1,1.077380895614624,0.5,0.1,4,256,1024,3836082708,7.025132656097412,1024,1024,1
2022-08-29T16:41:51,lstm.1,1544,1,1.6178958415985107,0.5,0.1,4,256,1024,3836082708,7.538856506347656,1024,1024,1
2022-08-29T16:41:54,suffix.2-dense.2.tanh,1794,102,1.0035450458526611,0.5,0.1,4,256,104448,3836082708,4.167314529418945,1024,1024,1
2022-08-29T16:41:56,suffix.2-dense.1.tanh,1025,70,1.0008399486541748,0.5,0.1,4,256,71680,3836082708,4.419224739074707,1024,1024,1
2022-08-29T16:41:59,suffix.2-dense.2.relu,1794,92,1.0013868808746338,0.5,0.1,4,256,94208,3836082708,4.195674896240234,1024,1024,1
2022-08-29T16:42:01,suffix.2-rec.2.tanh,1798,86,1.0005290508270264,0.5,0.1,4,256,88064,3836082708,4.196438789367676,1024,1024,1
2022-08-29T16:42:04,suffix.2-dense.2.tanh-dense.2.tanh,1800,77,1.0022857189178467,0.5,0.1,4,256,78848,3836082708,4.237254619598389,1024,1024,1
2022-08-29T16:42:06,suffix.2-dense.2.tanh,1794,98,1.0024268627166748,0.5,0.1,2,512,100352,3836082708,4.2475104331970215,1024,1024,1
2022-08-29T16:42:09,suffix.2-dense.2.tanh,1794,162,1.0081517696380615,0.5,0.1,4,128,82944,3836082708,4.156450271606445,1024,1024,1
2022-08-29T16:42:11,suffix.2-dense.1.tanh,1025,159,1.0030128955841064,0.5,0.1,4,128,81408,3836082708,4.489567279815674,1024,1024,1
2022-08-29T16:42:14,suffix.2-dense.2.relu,1794,164,1.0045502185821533,0.5,0.1,4,128,83968,3836082708,4.221115589141846,1024,1024,1
2022-08-29T16:42:16,suffix.2-rec.2.tanh,1798,125,1.0028431415557861,0.5,0.1,4,128,64000,3836082708,4.171313285827637,1024,1024,1
2022-08-29T16:42:19,dense.2.tanh,1282,172,1.0009701251983643,0.5,0.1,4,128,88064,3836082708,4.264688491821289,1024,1024,1
2022-08-29T16:42:21,suffix.2-dense.2.tanh-dense.2.tanh,1800,126,1.0030560493469238,0.5,0.1,4,128,64512,3836082708,4.253869533538818,1024,1024,1
2022-08-29T16:42:23,suffix.2-dense.2.tanh,1794,153,1.0012741088867188,0.5,0.1,8,64,78336,3836082708,4.196117401123047,1024,1024,1
2022-08-29T16:42:26,suffix.2-dense.2.tanh,1794,147,1.0016520023345947,0.5,0.1,2,256,75264,3836082708,4.3243088722229,1024,1024,1
2022-08-29T16:42:28,suffix.2-dense.2.tanh,1794,180,1.0085830688476562,0.5,0.1,4,64,46080,3836082708,4.284045696258545,1024,1024,1
2022-08-29T16:42:31,suffix.2-dense.2.tanh,1794,170,1.000420093536377,0.2,0.1,4,128,87040,3836082708,4.224232196807861,1024,1024,1
2022-08-29T16:42:33,suffix.2-dense.2.tanh,1794,170,1.0003840923309326,1.0,0.1,4,128,87040,3836082708,4.409493923187256,1024,1024,1
2022-08-29T16:42:36,suffix.2-dense.2.tanh,1794,93,1.002265214920044,0.2,0.1,4,256,95232,3836082708,4.4505391120910645,1024,1024,1
2022-08-29T16:42:38,suffix.2-dense.2.tanh,1794,96,1.0013740062713623,1.0,0.1,4,256,98304,3836082708,4.317862033843994,1024,1024,1
2022-08-29T16:42:41,suffix.2-rec.1.tanh,1026,134,1.0027680397033691,0.5,0.1,4,128,68608,3836082708,4.462867259979248,1024,1024,1
2022-08-29T16:42:44,suffix.2-rec.2.relu,1798,134,1.0022351741790771,0.5,0.1,4,128,68608,3836082708,4.526193141937256,1024,1024,1
2022-08-29T16:42:46,rec.2.tanh,1286,157,1.001189947128296,0.5,0.1,4,128,80384,3836082708,4.203086853027344,1024,1024,1
2022-08-29T16:42:48,suffix.2-rec.2.tanh-dense.2.tanh,1804,101,1.0000510215759277,0.5,0.1,4,128,51712,3836082708,4.267656326293945,1024,1024,1
2022-08-29T16:42:51,suffix.2-rec.2.tanh,1798,122,1.0016770362854004,0.5,0.1,8,64,62464,3836082708,4.186079502105713,1024,1024,1
2022-08-29T16:42:54,suffix.2-rec.2.tanh,1798,126,1.002357006072998,0.5,0.1,2,256,64512,3836082708,4.228067398071289,1024,1024,1
2022-08-29T16:42:56,suffix.2-rec.2.tanh,1798,184,1.004201889038086,0.5,0.1,4,64,47104,3836082708,4.300835609436035,1024,1024,1
2022-08-29T16:42:59,suffix.2-rec.2.tanh,1798,131,1.0022640228271484,0.2,0.1,4,128,67072,3836082708,4.305712699890137,1024,1024,1
2022-08-29T16:43:01,suffix.2-rec.2.tanh,1798,121,1.0031840801239014,1.0,0.1,4,128,61952,3836082708,4.689883708953857,1024,1024,1
2022-08-29T16:43:04,dense.2.tanh-dense.2.tanh,1288,102,1.0037190914154053,0.5,0.1,4,256,104448,3836082708,4.2369279861450195,1024,1024,1
2022-08-29T16:43:06,dense.2.tanh,1282,106,1.0017950534820557,0.5,0.1,2,512,108544,3836082708,4.183145046234131,1024,1024,1
2022-08-29T16:43:08,dense.2.tanh,1282,129,1.0012569427490234,0.2,0.1,4,256,132096,3836082708,4.329413414001465,1024,1024,1
2022-08-29T16:43:11,dense.2.tanh,1282,126,1.0016908645629883,1.0,0.1,4,256,129024,3836082708,4.367744445800781,1024,1024,1
2022-08-29T16:43:13,dense.1.tanh,769,135,1.0015370845794678,0.5,0.1,2,512,138240,3836082708,4.476398944854736,1024,1024,1
2022-08-29T16:43:15,dense.2.relu,1282,110,1.0005230903625488,0.5,0.1,2,512,112640,3836082708,4.680810928344727,1024,1024,1
2022-08-29T16:43:17,rec.2.tanh,1286,101,1.0024709701538086,0.5,0.1,2,512,103424,3836082708,4.25997257232666,1024,1024,1
2022-08-29T16:43:20,gru.1.tanh,1286,49,1.00016188621521,0.5,0.1,2,512,50176,3836082708,4.6133952140808105,1024,1024,1
2022-08-29T16:43:22,lstm.1,1544,35,1.003159999847412,0.5,0.1,2,512,35840,3836082708,4.646389007568359,1024,1024,1
2022-08-29T16:43:24,dense.2.tanh-dense.2.tanh,1288,101,1.0008220672607422,0.5,0.1,2,512,103424,3836082708,4.348243236541748,1024,1024,1
2022-08-29T16:43:27,dense.2.tanh,1282,84,1.0024609565734863,0.5,0.1,2,1024,172032,3836082708,4.17909049987793,1024,1024,1
2022-08-29T16:43:29,dense.1.tanh,769,93,1.0013997554779053,0.5,0.1,2,1024,190464,3836082708,4.465277194976807,1024,1024,1
2022-08-29T16:43:31,dense.2.relu,1282,84,1.0027971267700195,0.5,0.1,2,1024,172032,3836082708,4.72027587890625,1024,1024,1
2022-08-29T16:43:33,rec.2.tanh,1286,78,1.0025849342346191,0.5,0.1,2,1024,159744,3836082708,4.227536678314209,1024,1024,1
2022-08-29T16:43:35,gru.1.tanh,1286,39,1.0004751682281494,0.5,0.1,2,1024,79872,3836082708,4.716609954833984,1024,1024,1
2022-08-29T16:43:38,lstm.1,1544,26,1.0090692043304443,0.5,0.1,2,1024,53248,3836082708,4.740118503570557,1024,1024,1
2022-08-29T16:43:40,suffix.2-dense.2.tanh,1794,65,1.0074269771575928,0.5,0.1,2,1024,133120,3836082708,4.2213521003723145,1024,1024,1
2022-08-29T16:43:43,dense.2.tanh-dense.2.tanh,1288,66,1.000533103942871,0.5,0.1,2,1024,135168,3836082708,4.379851341247559,1024,1024,1
2022-08-29T16:43:45,dense.2.tanh,1282,46,1.0009610652923584,0.5,0.1,2,2048,188416,3836082708,4.213152885437012,1024,1024,1
2022-08-29T16:43:47,dense.2.tanh,1282,63,1.0062129497528076,0.2,0.1,2,1024,129024,3836082708,4.524463176727295,1024,1024,1
2022-08-29T16:43:49,dense.2.tanh,1282,80,1.001216173171997,1.0,0.1,2,1024,163840,3836082708,4.32500696182251,1024,1024,1
2022-08-29T16:43:52,dense.2.tanh,1282,165,1.0003840923309326,0.5,0.1,2,256,84480,3836082708,4.248983860015869,1024,1024,1
2022-08-29T16:43:54,dense.2.tanh,1282,119,1.0029568672180176,0.2,0.1,2,512,121856,3836082708,4.419528007507324,1024,1024,1
2022-08-29T16:43:56,dense.2.tanh,1282,121,1.0008671283721924,1.0,0.1,2,512,123904,3836082708,4.411355495452881,1024,1024,1
2022-08-29T16:43:58,dense.2.tanh,1282,187,1.0087978839874268,0.5,0.1,8,64,95744,3836082708,4.219449996948242,1024,1024,1
2022-08-29T16:44:01,dense.2.tanh,1282,139,1.0021190643310547,0.2,0.1,8,128,142336,3836082708,4.366206645965576,1024,1024,1
2022-08-29T16:44:03,dense.2.tanh,1282,139,1.0014021396636963,1.0,0.1,8,128,142336,3836082708,4.401829242706299,1024,1024,1
2022-08-29T16:44:05,rec.2.tanh,1286,97,1.000143051147461,0.5,0.1,64,32,198656,3836082708,4.157416820526123,1024,1024,1
2022-08-29T16:44:07,dense.1.tanh,769,93,1.0000500679016113,0.5,0.1,4,512,190464,3836082708,4.4292755126953125,1024,1024,1
2022-08-29T16:44:09,dense.2.relu,1282,80,1.0001187324523926,0.5,0.1,4,512,163840,3836082708,4.2971296310424805,1024,1024,1
2022-08-29T16:44:11,gru.1.tanh,1286,37,1.0041401386260986,0.5,0.1,4,512,75776,3836082708,4.387735366821289,1024,1024,1
2022-08-29T16:44:14,lstm.1,1544,24,1.0069339275360107,0.5,0.1,4,512,49152,3836082708,4.550964832305908,1024,1024,1
2022-08-29T16:44:16,dense.2.tanh-dense.2.tanh,1288,67,1.004776954650879,0.5,0.1,4,512,137216,3836082708,4.266539573669434,1024,1024,1
2022-08-29T16:44:18,dense.2.tanh,1282,84,1.0010192394256592,0.2,0.1,4,512,172032,3836082708,4.45147180557251,1024,1024,1
2022-08-29T16:44:21,dense.2.tanh,1282,83,1.0025298595428467,1.0,0.1,4,512,169984,3836082708,4.319073677062988,1024,1024,1
2022-08-29T16:44:23,suffix.2-dense.1.relu,1025,123,1.0012950897216797,0.5,0.1,16,64,125952,3836082708,4.841965198516846,1024,1024,1
2022-08-29T16:44:25,dense.2.relu,1282,154,1.002129077911377,0.5,0.1,16,64,157696,3836082708,4.434420585632324,1024,1024,1
2022-08-29T16:44:28,suffix.2-dense.2.relu-dense.2.tanh,1800,88,1.0036122798919678,0.5,0.1,16,64,90112,3836082708,4.740271091461182,1024,1024,1
2022-08-29T16:44:30,suffix.2-dense.2.relu,1794,108,1.0022258758544922,0.5,0.1,8,128,110592,3836082708,4.139186859130859,1024,1024,1
2022-08-29T16:44:33,suffix.2-dense.1.relu,1025,109,1.0000131130218506,0.5,0.1,8,128,111616,3836082708,4.788125038146973,1024,1024,1
2022-08-29T16:44:35,suffix.2-rec.2.tanh,1798,89,1.0006380081176758,0.5,0.1,8,128,91136,3836082708,4.099428176879883,1024,1024,1
2022-08-29T16:44:38,suffix.2-rec.1.tanh,1026,86,1.001255750656128,0.5,0.1,8,128,88064,3836082708,4.385327339172363,1024,1024,1
2022-08-29T16:44:40,suffix.2-rec.2.relu,1798,90,1.0031161308288574,0.5,0.1,8,128,92160,3836082708,4.175541400909424,1024,1024,1
2022-08-29T16:44:43,suffix.2-rec.2.tanh-dense.2.tanh,1804,68,1.001406192779541,0.5,0.1,8,128,69632,3836082708,4.185346603393555,1024,1024,1
2022-08-29T16:44:45,suffix.2-rec.2.tanh,1798,83,1.0010669231414795,0.2,0.1,8,128,84992,3836082708,4.347546100616455,1024,1024,1
2022-08-29T16:44:48,suffix.2-rec.2.tanh,1798,91,1.003880262374878,1.0,0.1,8,128,93184,3836082708,4.387835502624512,1024,1024,1
2022-08-29T16:44:50,suffix.2-dense.2.relu-dense.2.tanh,1800,81,1.0023269653320312,0.5,0.1,8,128,82944,3836082708,4.355225086212158,1024,1024,1
2022-08-29T16:44:53,suffix.2-dense.2.relu,1794,181,1.000976324081421,0.5,0.1,8,64,92672,3836082708,4.15372371673584,1024,1024,1
2022-08-29T16:44:55,suffix.2-dense.2.relu,1794,108,1.002295732498169,0.2,0.1,8,128,110592,3836082708,4.265151023864746,1024,1024,1
2022-08-29T16:44:58,suffix.2-dense.2.relu,1794,109,1.0024330615997314,1.0,0.1,8,128,111616,3836082708,4.858616828918457,1024,1024,1
2022-08-29T16:45:00,suffix.2-rec.2.tanh,1798,87,1.002816915512085,0.5,0.1,8,128,89088,3836082708,4.12360954284668,1024,1024,1
2022-08-29T16:45:03,suffix.2-rec.1.tanh,1026,88,1.0043308734893799,0.5,0.1,8,128,90112,3836082708,4.381723880767822,1024,1024,1
2022-08-29T16:45:05,suffix.2-rec.2.relu,1798,89,1.0003268718719482,0.5,0.1,8,128,91136,3836082708,4.115203380584717,1024,1024,1
2022-08-29T16:45:08,suffix.2-rec.1.relu,1026,93,1.0018670558929443,0.5,0.1,8,128,95232,3836082708,4.3690385818481445,1024,1024,1
2022-08-29T16:45:10,rec.2.relu,1286,115,1.0020418167114258,0.5,0.1,8,128,117760,3836082708,4.808244228363037,1024,1024,1
2022-08-29T16:45:12,suffix.2-rec.2.relu-dense.2.tanh,1804,46,1.0016121864318848,0.5,0.1,8,128,47104,3836082708,4.44851541519165,1024,1024,1
2022-08-29T16:45:15,suffix.2-rec.2.relu,1798,84,1.0053691864013672,0.5,0.1,4,256,86016,3836082708,4.27532434463501,1024,1024,1
2022-08-29T16:45:17,suffix.2-rec.2.relu,1798,51,1.0006027221679688,0.5,0.1,8,256,104448,3836082708,4.203183174133301,1024,1024,1
2022-08-29T16:45:20,suffix.2-rec.2.relu,1798,146,1.0026698112487793,0.5,0.1,8,64,74752,3836082708,4.401397228240967,1024,1024,1
2022-08-29T16:45:22,suffix.2-rec.2.relu,1798,89,1.0021538734436035,0.2,0.1,8,128,91136,3836082708,4.323559284210205,1024,1024,1
2022-08-29T16:45:25,suffix.2-rec.2.relu,1798,89,1.0030560493469238,1.0,0.1,8,128,91136,3836082708,4.845187187194824,1024,1024,1
2022-08-29T16:45:27,suffix.2-dense.2.tanh,1794,104,1.0024869441986084,0.5,0.1,8,128,106496,3836082708,4.190856456756592,1024,1024,1
2022-08-29T16:45:30,rec.2.tanh,1286,110,1.000025987625122,0.5,0.1,8,128,112640,3836082708,4.197602272033691,1024,1024,1
2022-08-29T16:45:32,suffix.2-rec.2.tanh-dense.2.tanh,1804,69,1.0030591487884521,0.5,0.1,8,128,70656,3836082708,4.2437896728515625,1024,1024,1
2022-08-29T16:45:35,suffix.2-rec.2.tanh,1798,100,1.0008749961853027,0.5,0.1,16,64,102400,3836082708,4.161513328552246,1024,1024,1
2022-08-29T16:45:37,suffix.2-rec.2.tanh,1798,92,1.001431941986084,0.5,0.1,4,256,94208,3836082708,4.193060398101807,1024,1024,1
2022-08-29T16:45:39,suffix.2-rec.2.tanh,1798,55,1.0060641765594482,0.5,0.1,8,256,112640,3836082708,4.207699775695801,1024,1024,1
2022-08-29T16:45:42,suffix.2-rec.2.tanh,1798,146,1.003122091293335,0.5,0.1,8,64,74752,3836082708,4.170427322387695,1024,1024,1
2022-08-29T16:45:44,suffix.2-rec.2.tanh,1798,89,1.0001389980316162,0.2,0.1,8,128,91136,3836082708,4.3032097816467285,1024,1024,1
2022-08-29T16:45:47,suffix.2-rec.2.tanh,1798,87,1.003288984298706,1.0,0.1,8,128,89088,3836082708,4.252248287200928,1024,1024,1
2022-08-29T16:45:50,suffix.2-dense.1.relu,1025,174,1.0016469955444336,0.5,0.1,8,64,89088,3836082708,4.382518291473389,1024,1024,1
2022-08-29T16:45:52,dense.2.relu,1282,192,1.0053398609161377,0.5,0.1,8,64,98304,3836082708,4.346667766571045,1024,1024,1
2022-08-29T16:45:54,suffix.2-dense.2.relu-dense.2.tanh,1800,131,1.0024070739746094,0.5,0.1,8,64,67072,3836082708,4.448404312133789,1024,1024,1
2022-08-29T16:45:57,suffix.2-dense.2.relu,1794,189,1.0001237392425537,0.5,0.1,16,32,96768,3836082708,4.2797136306762695,1024,1024,1
2022-08-29T16:45:59,suffix.2-dense.2.relu,1794,206,1.0099608898162842,0.5,0.1,8,32,52736,3836082708,4.287731170654297,1024,1024,1
2022-08-29T16:46:02,suffix.2-dense.2.relu,1794,179,1.0007069110870361,0.2,0.1,8,64,91648,3836082708,4.393485069274902,1024,1024,1
2022-08-29T16:46:04,suffix.2-dense.2.relu,1794,181,1.002655029296875,1.0,0.1,8,64,92672,3836082708,4.911212921142578,1024,1024,1
2022-08-29T16:46:06,suffix.2-rec.1.tanh,1026,107,1.0015077590942383,0.5,0.1,16,64,109568,3836082708,4.395319938659668,1024,1024,1
2022-08-29T16:46:09,suffix.2-rec.2.tanh-dense.2.tanh,1804,75,1.00406813621521,0.5,0.1,16,64,76800,3836082708,4.450087547302246,1024,1024,1
2022-08-29T16:46:11,suffix.2-rec.2.tanh,1798,101,1.0033478736877441,0.2,0.1,16,64,103424,3836082708,4.387477397918701,1024,1024,1
2022-08-29T16:46:14,suffix.2-rec.2.tanh,1798,97,1.001112699508667,1.0,0.1,16,64,99328,3836082708,4.31139612197876,1024,1024,1
2022-08-29T16:46:17,suffix.2-rec.1.tanh,1026,153,1.0024659633636475,0.5,0.1,8,64,78336,3836082708,4.4264817237854,1024,1024,1
2022-08-29T16:46:19,rec.2.tanh,1286,172,1.000337839126587,0.5,0.1,8,64,88064,3836082708,4.17479133605957,1024,1024,1
2022-08-29T16:46:21,rec.1.tanh,770,201,1.0012779235839844,0.5,0.1,8,64,102912,3836082708,4.443594932556152,1024,1024,1
2022-08-29T16:46:23,rec.2.relu,1286,177,1.0022242069244385,0.5,0.1,8,64,90624,3836082708,4.332004070281982,1024,1024,1
2022-08-29T16:46:25,gru.1.tanh,1286,48,1.0014259815216064,0.5,0.1,8,64,24576,3836082708,4.471611976623535,1024,1024,1
2022-08-29T16:46:28,lstm.1,1544,17,1.0027577877044678,0.5,0.1,8,64,8704,3836082708,4.692161560058594,1024,1024,1
2022-08-29T16:46:30,rec.2.tanh-dense.2.tanh,1292,75,1.0019159317016602,0.5,0.1,8,64,38400,3836082708,4.278104782104492,1024,1024,1
2022-08-29T16:46:32,rec.2.tanh,1286,167,1.000884771347046,0.5,0.1,16,32,85504,3836082708,4.254395484924316,1024,1024,1
2022-08-29T16:46:35,rec.2.tanh,1286,208,1.00484299659729,0.5,0.1,8,32,53248,3836082708,4.239179611206055,1024,1024,1
2022-08-29T16:46:37,rec.2.tanh,1286,161,1.0022621154785156,0.2,0.1,8,64,82432,3836082708,4.318403244018555,1024,1024,1
2022-08-29T16:46:39,rec.2.tanh,1286,158,1.0010123252868652,1.0,0.1,8,64,80896,3836082708,4.639425277709961,1024,1024,1
2022-08-29T16:46:42,suffix.2-rec.2.tanh-dense.2.tanh,1804,105,1.0011887550354004,0.5,0.1,8,64,53760,3836082708,4.278227806091309,1024,1024,1
2022-08-29T16:46:44,suffix.2-rec.2.tanh,1798,206,1.0026018619537354,0.5,0.1,8,32,52736,3836082708,4.247721195220947,1024,1024,1
2022-08-29T16:46:47,suffix.2-rec.2.tanh,1798,140,1.0012507438659668,0.2,0.1,8,64,71680,3836082708,4.361902236938477,1024,1024,1
2022-08-29T16:46:49,suffix.2-rec.2.tanh,1798,138,1.0002110004425049,1.0,0.1,8,64,70656,3836082708,4.521036624908447,1024,1024,1
2022-08-29T16:46:52,suffix.2-dense.2.relu,1794,105,1.0001027584075928,0.5,0.1,8,128,107520,3836082708,4.138550758361816,1024,1024,1
2022-08-29T16:46:54,suffix.2-dense.1.relu,1025,108,1.0005440711975098,0.5,0.1,8,128,110592,3836082708,4.4070281982421875,1024,1024,1
2022-08-29T16:46:56,dense.2.relu,1282,136,1.000507116317749,0.5,0.1,8,128,139264,3836082708,4.426792621612549,1024,1024,1
2022-08-29T16:46:59,suffix.2-dense.2.relu-dense.2.tanh,1800,81,1.0005810260772705,0.5,0.1,8,128,82944,3836082708,4.44935941696167,1024,1024,1
2022-08-29T16:47:01,suffix.2-dense.2.relu,1794,119,1.0031561851501465,0.5,0.1,16,64,121856,3836082708,4.150354385375977,1024,1024,1
2022-08-29T16:47:04,suffix.2-dense.2.relu,1794,113,1.0038280487060547,0.2,0.1,16,64,115712,3836082708,4.2824482917785645,1024,1024,1
2022-08-29T16:47:06,suffix.2-dense.2.relu,1794,113,1.0037519931793213,1.0,0.1,16,64,115712,3836082708,4.625502109527588,1024,1024,1
2022-08-29T16:47:09,suffix.2-dense.2.relu,1794,97,1.0027210712432861,0.5,0.1,4,256,99328,3836082708,4.381463527679443,1024,1024,1
2022-08-29T16:47:11,suffix.2-dense.2.relu,1794,56,1.0057499408721924,0.5,0.1,8,256,114688,3836082708,4.1375346183776855,1024,1024,1
2022-08-29T16:47:14,suffix.2-dense.2.relu,1794,167,1.000549077987671,0.5,0.1,8,64,85504,3836082708,4.3452324867248535,1024,1024,1
2022-08-29T16:47:16,suffix.2-dense.2.relu,1794,100,1.0034937858581543,0.2,0.1,8,128,102400,3836082708,4.237033843994141,1024,1024,1
2022-08-29T16:47:19,suffix.2-dense.2.relu,1794,95,1.0047168731689453,1.0,0.1,8,128,97280,3836082708,4.868170261383057,1024,1024,1
2022-08-29T16:47:21,suffix.2-dense.1.tanh,1025,123,1.0017328262329102,0.5,0.1,64,16,125952,3836082708,4.424631118774414,1024,1024,1
2022-08-29T16:47:23,dense.2.tanh,1282,158,1.0025160312652588,0.5,0.1,64,16,161792,3836082708,4.231467247009277,1024,1024,1
2022-08-29T16:47:26,suffix.2-dense.2.tanh-dense.2.tanh,1800,94,1.0017931461334229,0.5,0.1,64,16,96256,3836082708,4.2417168617248535,1024,1024,1
2022-08-29T16:47:28,suffix.2-dense.2.tanh,1794,137,1.000063180923462,0.5,0.1,64,8,70144,3836082708,4.261545181274414,1024,1024,1
2022-08-29T16:47:31,suffix.2-dense.2.tanh,1794,117,1.0026018619537354,0.2,0.1,64,16,119808,3836082708,4.35226583480835,1024,1024,1
2022-08-29T16:47:33,suffix.2-dense.2.tanh,1794,118,1.0020160675048828,1.0,0.1,64,16,120832,3836082708,4.402397632598877,1024,1024,1
2022-08-29T16:47:36,suffix.2-rec.1.relu,1026,90,1.0045700073242188,0.5,0.1,8,128,92160,3836082708,4.77699089050293,1024,1024,1
2022-08-29T16:47:38,rec.2.relu,1286,114,1.0017940998077393,0.5,0.1,8,128,116736,3836082708,4.204909324645996,1024,1024,1
2022-08-29T16:47:40,suffix.2-rec.2.relu-dense.2.tanh,1804,65,1.0013608932495117,0.5,0.1,8,128,66560,3836082708,4.443850517272949,1024,1024,1
2022-08-29T16:47:43,suffix.2-rec.2.relu,1798,98,1.0028200149536133,0.5,0.1,16,64,100352,3836082708,4.193181037902832,1024,1024,1
2022-08-29T16:47:45,suffix.2-rec.2.relu,1798,83,1.0031280517578125,0.5,0.1,4,256,84992,3836082708,4.197950839996338,1024,1024,1
2022-08-29T16:47:48,suffix.2-rec.2.relu,1798,51,1.0033831596374512,0.5,0.1,8,256,104448,3836082708,4.190307140350342,1024,1024,1
2022-08-29T16:47:50,suffix.2-rec.2.relu,1798,141,1.0007398128509521,0.5,0.1,8,64,72192,3836082708,4.4436821937561035,1024,1024,1
2022-08-29T16:47:53,suffix.2-rec.2.relu,1798,89,1.0037918090820312,0.2,0.1,8,128,91136,3836082708,4.248579025268555,1024,1024,1
2022-08-29T16:47:56,suffix.2-rec.2.relu,1798,88,1.0050270557403564,1.0,0.1,8,128,90112,3836082708,4.788278102874756,1024,1024,1
2022-08-29T16:47:57,rec.1.tanh,770,118,1.0031089782714844,0.5,0.1,128,16,241664,3836082708,4.4297404289245605,1024,1024,1
2022-08-29T16:48:00,rec.2.relu,1286,76,1.0019550323486328,0.5,0.1,128,16,155648,3836082708,4.219291687011719,1024,1024,1
2022-08-29T16:48:02,dense.2.tanh,1282,99,1.001673936843872,0.5,0.1,128,16,202752,3836082708,4.263572692871094,1024,1024,1
2022-08-29T16:48:04,gru.1.tanh,1286,42,1.0056381225585938,0.5,0.1,128,16,86016,3836082708,4.521512985229492,1024,1024,1
2022-08-29T16:48:07,lstm.1,1544,10,1.0050392150878906,0.5,0.1,128,16,20480,3836082708,4.865212440490723,1024,1024,1
2022-08-29T16:48:09,rec.2.tanh-dense.2.tanh,1292,63,1.0038349628448486,0.5,0.1,128,16,129024,3836082708,4.258930683135986,1024,1024,1
2022-08-29T16:48:12,rec.2.tanh,1286,76,1.0055780410766602,0.5,0.1,256,8,155648,3836082708,4.2281270027160645,1024,1024,1
2022-08-29T16:48:14,rec.2.tanh,1286,72,1.00295090675354,0.2,0.1,128,16,147456,3836082708,4.396918773651123,1024,1024,1
2022-08-29T16:48:16,rec.2.tanh,1286,68,1.0053880214691162,1.0,0.1,128,16,139264,3836082708,4.5828070640563965,1024,1024,1
2022-08-29T16:48:19,suffix.2-rec.1.tanh,1026,164,1.001701831817627,0.5,0.1,16,32,83968,3836082708,4.512323379516602,1024,1024,1
2022-08-29T16:48:21,suffix.2-rec.2.relu,1798,147,1.00307297706604,0.5,0.1,16,32,75264,3836082708,4.3340678215026855,1024,1024,1
2022-08-29T16:48:24,suffix.2-dense.2.tanh,1794,184,1.0002861022949219,0.5,0.1,16,32,94208,3836082708,4.196948528289795,1024,1024,1
2022-08-29T16:48:26,suffix.2-rec.2.tanh-dense.2.tanh,1804,118,1.000403881072998,0.5,0.1,16,32,60416,3836082708,4.326232433319092,1024,1024,1
2022-08-29T16:48:29,suffix.2-rec.2.tanh,1798,188,1.0023589134216309,0.5,0.1,16,16,48128,3836082708,4.285767078399658,1024,1024,1
2022-08-29T16:48:31,suffix.2-rec.2.tanh,1798,158,1.0030152797698975,0.2,0.1,16,32,80896,3836082708,4.230066776275635,1024,1024,1
2022-08-29T16:48:34,suffix.2-rec.2.tanh,1798,150,1.0017993450164795,1.0,0.1,16,32,76800,3836082708,4.446319580078125,1024,1024,1
2022-08-29T16:48:36,suffix.2-dense.1.tanh,1025,65,1.0036070346832275,0.5,0.1,16,128,133120,3836082708,4.367330074310303,1024,1024,1
2022-08-29T16:48:38,dense.2.tanh,1282,102,1.0034749507904053,0.5,0.1,16,128,208896,3836082708,4.194849491119385,1024,1024,1
2022-08-29T16:48:41,suffix.2-dense.2.tanh-dense.2.tanh,1800,56,1.0047650337219238,0.5,0.1,16,128,114688,3836082708,4.220331192016602,1024,1024,1
2022-08-29T16:50:56,suffix.2-rec.2.tanh,1798,57,2.005950927734375,0.5,0.1,32,64,116736,3836082708,4.132320880889893,1024,1024,1
2022-08-29T16:51:00,suffix.2-rec.1.tanh,1026,103,2.009826898574829,0.5,0.1,32,64,210944,3836082708,4.38527250289917,1024,1024,1
2022-08-29T16:51:03,suffix.2-rec.2.relu,1798,149,2.0025441646575928,0.5,0.1,32,64,305152,3836082708,4.080280780792236,1024,1024,1
2022-08-29T16:51:07,suffix.2-rec.1.relu,1026,180,2.0145270824432373,0.5,0.1,32,64,368640,3836082708,4.463437557220459,1024,1024,1
2022-08-29T16:51:10,suffix.2-dense.2.tanh,1794,200,2.0118110179901123,0.5,0.1,32,64,409600,3836082708,4.056033134460449,1024,1024,1
2022-08-29T16:51:14,suffix.2-dense.1.tanh,1025,214,2.0132968425750732,0.5,0.1,32,64,438272,3836082708,4.397434234619141,1024,1024,1
2022-08-29T16:51:17,suffix.2-dense.2.relu,1794,218,2.0045077800750732,0.5,0.1,32,64,446464,3836082708,4.195845127105713,1024,1024,1
2022-08-29T16:51:20,dense.2.tanh,1282,239,2.009371042251587,0.5,0.1,32,64,489472,3836082708,4.204415798187256,1024,1024,1
2022-08-29T16:51:24,suffix.2-dense.2.tanh-dense.2.tanh,1800,192,2.0004711151123047,0.5,0.1,32,64,393216,3836082708,4.103786468505859,1024,1024,1
2022-08-29T16:51:27,suffix.2-dense.2.tanh,1794,233,2.005660057067871,0.5,0.1,64,32,477184,3836082708,4.123084545135498,1024,1024,1
2022-08-29T16:51:31,suffix.2-dense.2.tanh,1794,210,2.0027263164520264,0.5,0.1,16,128,430080,3836082708,4.090306758880615,1024,1024,1
2022-08-29T16:51:34,suffix.2-dense.2.tanh,1794,119,2.0006909370422363,0.5,0.1,32,128,487424,3836082708,4.046297550201416,1024,1024,1
2022-08-29T16:51:38,suffix.2-dense.1.tanh,1025,118,2.00901198387146,0.5,0.1,32,128,483328,3836082708,4.386231899261475,1024,1024,1
2022-08-29T16:51:41,suffix.2-dense.2.relu,1794,121,2.0045320987701416,0.5,0.1,32,128,495616,3836082708,4.046533107757568,1024,1024,1
2022-08-29T16:51:45,suffix.2-rec.2.tanh,1798,108,2.008796215057373,0.5,0.1,32,128,442368,3836082708,4.02178430557251,1024,1024,1
2022-08-29T16:51:48,suffix.2-rec.1.tanh,1026,112,2.0102078914642334,0.5,0.1,32,128,458752,3836082708,4.362102031707764,1024,1024,1
2022-08-29T16:51:52,suffix.2-rec.2.relu,1798,107,2.0004239082336426,0.5,0.1,32,128,438272,3836082708,4.154971122741699,1024,1024,1
2022-08-29T16:51:55,rec.2.tanh,1286,160,2.00103497505188,0.5,0.1,32,128,655360,3836082708,4.143312931060791,1024,1024,1
2022-08-29T16:51:59,suffix.2-rec.2.tanh-dense.2.tanh,1804,98,2.0035030841827393,0.5,0.1,32,128,401408,3836082708,4.115362644195557,1024,1024,1
2022-08-29T16:52:02,suffix.2-rec.2.tanh,1798,114,2.008248805999756,0.5,0.1,64,64,466944,3836082708,4.120192050933838,1024,1024,1
2022-08-29T16:52:05,suffix.2-rec.2.tanh,1798,105,2.007873058319092,0.5,0.1,16,256,430080,3836082708,4.05957555770874,1024,1024,1
2022-08-29T16:52:09,suffix.2-rec.2.tanh,1798,61,2.0085396766662598,0.5,0.1,32,256,499712,3836082708,4.138438701629639,1024,1024,1
2022-08-29T16:52:13,suffix.2-rec.2.tanh,1798,109,2.0104410648345947,0.2,0.1,32,128,446464,3836082708,4.223631381988525,1024,1024,1
2022-08-29T16:52:16,suffix.2-rec.2.tanh,1798,103,2.000392198562622,1.0,0.1,32,128,421888,3836082708,4.544101238250732,1024,1024,1
2022-08-29T16:52:19,dense.2.tanh,1282,185,2.0060946941375732,0.5,0.1,32,128,757760,3836082708,4.205158710479736,1024,1024,1
2022-08-29T16:52:23,suffix.2-dense.2.tanh-dense.2.tanh,1800,111,2.012324094772339,0.5,0.1,32,128,454656,3836082708,4.143885612487793,1024,1024,1
2022-08-29T16:52:26,suffix.2-dense.2.tanh,1794,124,2.001190185546875,0.5,0.1,64,64,507904,3836082708,4.128230571746826,1024,1024,1
2022-08-29T16:52:30,suffix.2-dense.2.tanh,1794,117,2.0102241039276123,0.5,0.1,16,256,479232,3836082708,4.07642126083374,1024,1024,1
2022-08-29T16:52:33,suffix.2-dense.2.tanh,1794,66,2.0076189041137695,0.5,0.1,32,256,540672,3836082708,4.068802833557129,1024,1024,1
2022-08-29T16:52:37,suffix.2-dense.2.tanh,1794,121,2.008455991744995,0.2,0.1,32,128,495616,3836082708,4.342901229858398,1024,1024,1
2022-08-29T16:52:40,suffix.2-dense.2.tanh,1794,119,2.0029919147491455,1.0,0.1,32,128,487424,3836082708,4.162188529968262,1024,1024,1
2022-08-29T16:52:44,suffix.2-dense.1.relu,1025,120,2.006798267364502,0.5,0.1,32,128,491520,3836082708,4.444346904754639,1024,1024,1
2022-08-29T16:52:47,dense.2.relu,1282,179,2.002789258956909,0.5,0.1,32,128,733184,3836082708,4.224069118499756,1024,1024,1
2022-08-29T16:52:50,suffix.2-dense.2.relu-dense.2.tanh,1800,110,2.000899076461792,0.5,0.1,32,128,450560,3836082708,4.366174697875977,1024,1024,1
2022-08-29T16:52:54,suffix.2-dense.2.relu,1794,128,2.0042080879211426,0.5,0.1,64,64,524288,3836082708,4.109701156616211,1024,1024,1
2022-08-29T16:52:57,suffix.2-dense.2.relu,1794,115,2.0060291290283203,0.5,0.1,16,256,471040,3836082708,4.337623119354248,1024,1024,1
2022-08-29T16:53:01,suffix.2-dense.2.relu,1794,66,2.013090133666992,0.5,0.1,32,256,540672,3836082708,4.263988018035889,1024,1024,1
2022-08-29T16:53:04,suffix.2-dense.2.relu,1794,119,2.0017752647399902,0.2,0.1,32,128,487424,3836082708,4.125270843505859,1024,1024,1
2022-08-29T16:53:08,suffix.2-dense.2.relu,1794,120,2.0091068744659424,1.0,0.1,32,128,491520,3836082708,4.289534568786621,1024,1024,1
2022-08-29T16:53:11,suffix.2-dense.2.tanh,1794,276,2.0042471885681152,0.5,0.1,32,32,282624,3836082708,4.168139934539795,1024,1024,1
2022-08-29T16:53:14,suffix.2-dense.2.tanh,1794,218,2.002521276473999,0.2,0.1,32,64,446464,3836082708,4.120874881744385,1024,1024,1
2022-08-29T16:53:18,suffix.2-dense.2.tanh,1794,223,2.003911018371582,1.0,0.1,32,64,456704,3836082708,4.202373504638672,1024,1024,1
2022-08-29T16:53:21,suffix.2-rec.1.tanh,1026,103,2.0085692405700684,0.5,0.1,16,256,421888,3836082708,4.33624267578125,1024,1024,1
2022-08-29T16:53:25,suffix.2-rec.2.relu,1798,107,2.011564016342163,0.5,0.1,16,256,438272,3836082708,4.055492877960205,1024,1024,1
2022-08-29T16:53:29,suffix.2-rec.1.relu,1026,105,2.0123918056488037,0.5,0.1,16,256,430080,3836082708,4.3378190994262695,1024,1024,1
2022-08-29T16:53:32,rec.2.relu,1286,168,2.005261182785034,0.5,0.1,16,256,688128,3836082708,4.191714286804199,1024,1024,1
2022-08-29T16:53:35,suffix.2-rec.2.relu-dense.2.tanh,1804,99,2.0132358074188232,0.5,0.1,16,256,405504,3836082708,4.355685710906982,1024,1024,1
2022-08-29T16:53:39,suffix.2-rec.2.relu,1798,107,2.011654853820801,0.5,0.1,8,512,438272,3836082708,4.028817653656006,1024,1024,1
2022-08-29T16:53:42,suffix.2-rec.1.relu,1026,95,2.011056900024414,0.5,0.1,8,512,389120,3836082708,4.427979946136475,1024,1024,1
2022-08-29T16:53:46,suffix.2-rec.2.tanh,1798,106,2.0080220699310303,0.5,0.1,8,512,434176,3836082708,4.1275506019592285,1024,1024,1
2022-08-29T16:53:49,suffix.2-dense.2.tanh,1794,112,2.0108537673950195,0.5,0.1,8,512,458752,3836082708,4.076211929321289,1024,1024,1
2022-08-29T16:53:53,rec.2.relu,1286,141,2.0031580924987793,0.5,0.1,8,512,577536,3836082708,4.123907089233398,1024,1024,1
2022-08-29T16:53:56,suffix.2-rec.2.relu-dense.2.tanh,1804,99,2.0117318630218506,0.5,0.1,8,512,405504,3836082708,4.487163543701172,1024,1024,1
2022-08-29T16:54:00,suffix.2-rec.2.relu,1798,107,2.0068910121917725,0.5,0.1,4,1024,438272,3836082708,4.127326011657715,1024,1024,1
2022-08-29T16:54:03,suffix.2-rec.2.relu,1798,62,2.019785165786743,0.5,0.1,8,1024,507904,3836082708,4.287111282348633,1024,1024,1
2022-08-29T16:54:07,suffix.2-rec.2.relu,1798,181,2.005228042602539,0.5,0.1,8,256,370688,3836082708,4.3492841720581055,1024,1024,1
2022-08-29T16:54:10,suffix.2-rec.2.relu,1798,108,2.0077457427978516,0.2,0.1,8,512,442368,3836082708,4.184306621551514,1024,1024,1
2022-08-29T16:54:14,suffix.2-rec.2.relu,1798,107,2.0107581615448,1.0,0.1,8,512,438272,3836082708,4.569740295410156,1024,1024,1
2022-08-29T16:54:17,suffix.2-rec.2.relu,1798,60,2.0139710903167725,0.5,0.1,16,512,491520,3836082708,4.0478715896606445,1024,1024,1
2022-08-29T16:54:21,suffix.2-rec.1.relu,1026,54,2.0107061862945557,0.5,0.1,16,512,442368,3836082708,4.592523097991943,1024,1024,1
2022-08-29T16:54:24,suffix.2-rec.2.tanh,1798,62,2.0061540603637695,0.5,0.1,16,512,507904,3836082708,4.249757766723633,1024,1024,1
2022-08-29T16:54:28,suffix.2-dense.2.tanh,1794,66,2.014785051345825,0.5,0.1,16,512,540672,3836082708,4.085169315338135,1024,1024,1
2022-08-29T16:54:31,rec.2.relu,1286,84,2.013144016265869,0.5,0.1,16,512,688128,3836082708,4.259822368621826,1024,1024,1
2022-08-29T16:54:35,suffix.2-rec.2.relu-dense.2.tanh,1804,58,2.003848075866699,0.5,0.1,16,512,475136,3836082708,4.52590799331665,1024,1024,1
2022-08-29T16:54:38,suffix.2-rec.2.relu,1798,61,2.024231195449829,0.5,0.1,32,256,499712,3836082708,4.321596622467041,1024,1024,1
2022-08-29T16:54:42,suffix.2-rec.2.relu,1798,35,2.0121312141418457,0.5,0.1,16,1024,573440,3836082708,4.211990833282471,1024,1024,1
2022-08-29T16:54:45,suffix.2-rec.2.relu,1798,63,2.0108559131622314,0.2,0.1,16,512,516096,3836082708,4.463016986846924,1024,1024,1
2022-08-29T16:54:49,suffix.2-rec.2.relu,1798,63,2.0203797817230225,1.0,0.1,16,512,516096,3836082708,4.758841514587402,1024,1024,1
2022-08-29T16:54:52,suffix.2-rec.2.relu,1798,182,2.0035769939422607,0.5,0.1,16,128,372736,3836082708,4.354415416717529,1024,1024,1
2022-08-29T16:54:56,suffix.2-rec.2.relu,1798,107,2.0043089389801025,0.2,0.1,16,256,438272,3836082708,4.146514892578125,1024,1024,1
2022-08-29T16:54:59,suffix.2-rec.2.relu,1798,105,2.0015010833740234,1.0,0.1,16,256,430080,3836082708,4.794109344482422,1024,1024,1
2022-08-29T16:55:03,rec.2.tanh,1286,168,2.005748987197876,0.5,0.1,16,256,688128,3836082708,4.118894577026367,1024,1024,1
2022-08-29T16:55:06,suffix.2-rec.2.tanh-dense.2.tanh,1804,99,2.001168966293335,0.5,0.1,16,256,405504,3836082708,4.113158702850342,1024,1024,1
2022-08-29T16:55:10,suffix.2-rec.2.tanh,1798,186,2.0011661052703857,0.5,0.1,16,128,380928,3836082708,4.098369598388672,1024,1024,1
2022-08-29T16:55:13,suffix.2-rec.2.tanh,1798,105,2.0042598247528076,0.2,0.1,16,256,430080,3836082708,4.411673545837402,1024,1024,1
2022-08-29T16:55:17,suffix.2-rec.2.tanh,1798,105,2.0056681632995605,1.0,0.1,16,256,430080,3836082708,4.150284767150879,1024,1024,1
2022-08-29T16:55:20,suffix.2-rec.2.tanh,1798,107,2.001539707183838,0.5,0.1,32,128,438272,3836082708,4.10456657409668,1024,1024,1
2022-08-29T16:55:24,suffix.2-dense.1.tanh,1025,55,2.0023200511932373,0.5,0.1,32,256,450560,3836082708,4.380184650421143,1024,1024,1
2022-08-29T16:55:27,dense.2.tanh,1282,103,2.00125789642334,0.5,0.1,32,256,843776,3836082708,4.180069923400879,1024,1024,1
2022-08-29T16:55:30,suffix.2-dense.2.tanh-dense.2.tanh,1800,61,2.010960817337036,0.5,0.1,32,256,499712,3836082708,4.18878173828125,1024,1024,1
2022-08-29T16:55:34,suffix.2-dense.2.tanh,1794,64,2.0063581466674805,0.5,0.1,64,128,524288,3836082708,4.103740692138672,1024,1024,1
2022-08-29T16:55:37,suffix.2-dense.2.tanh,1794,37,2.038144111633301,0.5,0.1,32,512,606208,3836082708,4.196580410003662,1024,1024,1
2022-08-29T16:55:41,suffix.2-dense.2.tanh,1794,65,2.0016300678253174,0.2,0.1,32,256,532480,3836082708,4.528151035308838,1024,1024,1
2022-08-29T16:55:44,suffix.2-dense.2.tanh,1794,66,2.0061590671539307,1.0,0.1,32,256,540672,3836082708,4.2387003898620605,1024,1024,1
2022-08-29T16:55:48,suffix.2-rec.2.relu,1798,106,2.0085039138793945,0.5,0.1,8,512,434176,3836082708,4.042952060699463,1024,1024,1
2022-08-29T16:55:51,suffix.2-dense.1.tanh,1025,98,2.004660129547119,0.5,0.1,8,512,401408,3836082708,4.409029960632324,1024,1024,1
2022-08-29T16:55:55,suffix.2-dense.2.relu,1794,113,2.005531072616577,0.5,0.1,8,512,462848,3836082708,4.124370098114014,1024,1024,1
2022-08-29T16:55:58,dense.2.tanh,1282,158,2.0032520294189453,0.5,0.1,8,512,647168,3836082708,4.156711578369141,1024,1024,1
2022-08-29T16:56:02,suffix.2-dense.2.tanh-dense.2.tanh,1800,103,2.010653018951416,0.5,0.1,8,512,421888,3836082708,4.251461505889893,1024,1024,1
2022-08-29T16:56:05,suffix.2-dense.2.tanh,1794,116,2.0003371238708496,0.5,0.1,4,1024,475136,3836082708,4.118631362915039,1024,1024,1
2022-08-29T16:56:09,suffix.2-dense.2.tanh,1794,68,2.0045979022979736,0.5,0.1,8,1024,557056,3836082708,4.136464595794678,1024,1024,1
2022-08-29T16:56:12,suffix.2-dense.2.tanh,1794,198,2.004265069961548,0.5,0.1,8,256,405504,3836082708,4.104962348937988,1024,1024,1
2022-08-29T16:56:15,suffix.2-dense.2.tanh,1794,113,2.006783962249756,0.2,0.1,8,512,462848,3836082708,4.289661407470703,1024,1024,1
2022-08-29T16:56:19,suffix.2-dense.2.tanh,1794,114,2.0025782585144043,1.0,0.1,8,512,466944,3836082708,4.217509746551514,1024,1024,1
2022-08-29T16:56:22,suffix.2-rec.1.relu,1026,95,2.0178110599517822,0.5,0.1,8,512,389120,3836082708,4.71227502822876,1024,1024,1
2022-08-29T16:56:26,suffix.2-rec.2.tanh,1798,107,2.0020523071289062,0.5,0.1,8,512,438272,3836082708,4.136809349060059,1024,1024,1
2022-08-29T16:56:29,suffix.2-dense.2.tanh,1794,115,2.0048458576202393,0.5,0.1,8,512,471040,3836082708,4.061635971069336,1024,1024,1
2022-08-29T16:56:33,rec.2.relu,1286,145,2.0074381828308105,0.5,0.1,8,512,593920,3836082708,4.1435227394104,1024,1024,1
2022-08-29T16:56:36,suffix.2-rec.2.relu-dense.2.tanh,1804,97,2.005908966064453,0.5,0.1,8,512,397312,3836082708,4.235772132873535,1024,1024,1
2022-08-29T16:56:40,suffix.2-rec.2.relu,1798,104,2.013087034225464,0.5,0.1,16,256,425984,3836082708,4.143948554992676,1024,1024,1
2022-08-29T16:56:43,suffix.2-rec.2.relu,1798,105,2.0064141750335693,0.5,0.1,4,1024,430080,3836082708,4.129463195800781,1024,1024,1
2022-08-29T16:56:47,suffix.2-rec.2.relu,1798,62,2.010279893875122,0.5,0.1,8,1024,507904,3836082708,4.08323335647583,1024,1024,1
2022-08-29T16:56:50,suffix.2-rec.2.relu,1798,183,2.0005738735198975,0.5,0.1,8,256,374784,3836082708,4.145871639251709,1024,1024,1
2022-08-29T16:56:54,suffix.2-rec.2.relu,1798,106,2.004667282104492,0.2,0.1,8,512,434176,3836082708,4.193742275238037,1024,1024,1
2022-08-29T16:56:57,suffix.2-rec.2.relu,1798,107,2.0070579051971436,1.0,0.1,8,512,438272,3836082708,4.817914962768555,1024,1024,1
2022-08-29T16:57:01,suffix.2-dense.1.tanh,1025,99,2.009200096130371,0.5,0.1,16,256,405504,3836082708,4.397083759307861,1024,1024,1
2022-08-29T16:57:04,dense.2.tanh,1282,183,2.007235050201416,0.5,0.1,16,256,749568,3836082708,4.174761772155762,1024,1024,1
2022-08-29T16:57:08,suffix.2-dense.2.tanh-dense.2.tanh,1800,106,2.001667022705078,0.5,0.1,16,256,434176,3836082708,4.165211200714111,1024,1024,1
2022-08-29T16:57:11,suffix.2-dense.2.tanh,1794,117,2.003847122192383,0.2,0.1,16,256,479232,3836082708,4.241092681884766,1024,1024,1
2022-08-29T16:57:15,suffix.2-dense.2.tanh,1794,116,2.0066750049591064,1.0,0.1,16,256,475136,3836082708,4.146526336669922,1024,1024,1
2022-08-29T16:57:18,rec.2.relu,1286,271,2.002843141555786,0.5,0.1,32,64,555008,3836082708,4.36679220199585,1024,1024,1
2022-08-29T16:57:21,suffix.2-rec.2.relu-dense.2.tanh,1804,175,2.000728130340576,0.5,0.1,32,64,358400,3836082708,4.285327911376953,1024,1024,1
2022-08-29T16:57:25,suffix.2-rec.2.relu,1798,202,2.0061302185058594,0.5,0.1,64,32,413696,3836082708,4.099580764770508,1024,1024,1
2022-08-29T16:57:28,suffix.2-rec.2.relu,1798,288,2.0095748901367188,0.5,0.1,32,32,294912,3836082708,4.112360000610352,1024,1024,1
2022-08-29T16:57:32,suffix.2-rec.2.relu,1798,204,2.001422166824341,0.2,0.1,32,64,417792,3836082708,4.0717692375183105,1024,1024,1
2022-08-29T16:57:35,suffix.2-rec.1.relu,1026,216,2.000814914703369,0.2,0.1,32,64,442368,3836082708,4.3948822021484375,1024,1024,1
2022-08-29T16:57:39,suffix.2-rec.2.tanh,1798,203,2.0004007816314697,0.2,0.1,32,64,415744,3836082708,4.155633449554443,1024,1024,1
2022-08-29T16:57:42,rec.2.relu,1286,274,2.003619909286499,0.2,0.1,32,64,561152,3836082708,4.1233978271484375,1024,1024,1
2022-08-29T16:57:46,suffix.2-rec.2.relu-dense.2.tanh,1804,175,2.004075050354004,0.2,0.1,32,64,358400,3836082708,4.195945739746094,1024,1024,1
2022-08-29T16:57:49,suffix.2-rec.2.relu,1798,208,2.0060901641845703,0.2,0.1,64,32,425984,3836082708,4.061135768890381,1024,1024,1
2022-08-29T16:57:53,suffix.2-rec.1.relu,1026,233,2.00189208984375,0.2,0.1,64,32,477184,3836082708,4.310732841491699,1024,1024,1
2022-08-29T16:57:56,suffix.2-rec.2.tanh,1798,210,2.002498149871826,0.2,0.1,64,32,430080,3836082708,4.165158271789551,1024,1024,1
2022-08-29T16:58:00,suffix.2-dense.2.tanh,1794,234,2.0010740756988525,0.2,0.1,64,32,479232,3836082708,4.113832950592041,1024,1024,1
2022-08-29T16:58:03,rec.2.relu,1286,284,2.0013539791107178,0.2,0.1,64,32,581632,3836082708,4.7858757972717285,1024,1024,1
2022-08-29T16:58:07,suffix.2-rec.2.relu-dense.2.tanh,1804,185,2.007032632827759,0.2,0.1,64,32,378880,3836082708,4.342109680175781,1024,1024,1
2022-08-29T16:58:10,suffix.2-rec.2.relu,1798,190,2.0028040409088135,0.2,0.1,128,16,389120,3836082708,4.194293975830078,1024,1024,1
2022-08-29T16:58:14,suffix.2-rec.2.relu,1798,108,2.001600980758667,0.2,0.1,64,64,442368,3836082708,4.203566074371338,1024,1024,1
2022-08-29T16:58:17,suffix.2-rec.2.relu,1798,289,2.0133070945739746,0.2,0.1,64,16,295936,3836082708,4.113255500793457,1024,1024,1
2022-08-29T16:58:21,suffix.2-rec.2.relu,1798,211,2.0058257579803467,0.1,0.1,64,32,432128,3836082708,4.447782039642334,1024,1024,1
2022-08-29T16:58:24,suffix.2-rec.2.relu,1798,181,2.0067059993743896,0.2,0.1,16,128,370688,3836082708,4.204958438873291,1024,1024,1
2022-08-29T16:58:28,suffix.2-rec.2.relu,1798,107,2.006258726119995,0.2,0.1,32,128,438272,3836082708,4.193519115447998,1024,1024,1
2022-08-29T16:58:31,suffix.2-rec.2.relu,1798,298,2.0008599758148193,0.2,0.1,32,32,305152,3836082708,4.058743000030518,1024,1024,1
2022-08-29T16:58:35,suffix.2-rec.1.relu,1026,311,2.0001380443573,0.2,0.1,32,32,318464,3836082708,4.335968494415283,1024,1024,1
2022-08-29T16:58:38,suffix.2-rec.2.tanh,1798,312,2.0078630447387695,0.2,0.1,32,32,319488,3836082708,4.098961353302002,1024,1024,1
2022-08-29T16:58:42,suffix.2-dense.2.tanh,1794,326,2.0081708431243896,0.2,0.1,32,32,333824,3836082708,4.140821933746338,1024,1024,1
2022-08-29T16:58:45,rec.2.relu,1286,348,2.0015461444854736,0.2,0.1,32,32,356352,3836082708,4.07849645614624,1024,1024,1
2022-08-29T16:58:49,suffix.2-rec.2.relu-dense.2.tanh,1804,265,2.003483772277832,0.2,0.1,32,32,271360,3836082708,4.335691452026367,1024,1024,1
2022-08-29T16:58:52,suffix.2-rec.2.relu,1798,297,2.001913070678711,0.2,0.1,16,64,304128,3836082708,4.0583038330078125,1024,1024,1
2022-08-29T16:58:56,suffix.2-rec.1.relu,1026,316,2.0035147666931152,0.2,0.1,16,64,323584,3836082708,4.38611364364624,1024,1024,1
2022-08-29T16:58:59,suffix.2-rec.2.tanh,1798,296,2.0006179809570312,0.2,0.1,16,64,303104,3836082708,4.112784385681152,1024,1024,1
2022-08-29T16:59:03,suffix.2-dense.2.tanh,1794,328,2.001013994216919,0.2,0.1,16,64,335872,3836082708,4.109935760498047,1024,1024,1
2022-08-29T16:59:06,rec.2.relu,1286,358,2.011760950088501,0.2,0.1,16,64,366592,3836082708,4.09193754196167,1024,1024,1
2022-08-29T16:59:10,suffix.2-rec.2.relu-dense.2.tanh,1804,241,2.003495931625366,0.2,0.1,16,64,246784,3836082708,4.217877388000488,1024,1024,1
2022-08-29T16:59:13,suffix.2-rec.2.relu,1798,259,2.0046119689941406,0.2,0.1,8,128,265216,3836082708,4.120148181915283,1024,1024,1
2022-08-29T16:59:17,suffix.2-rec.2.relu,1798,376,2.0063929557800293,0.2,0.1,16,32,192512,3836082708,4.087984085083008,1024,1024,1
2022-08-29T16:59:20,suffix.2-rec.2.relu,1798,292,2.0007569789886475,0.1,0.1,16,64,299008,3836082708,4.194337368011475,1024,1024,1
2022-08-29T16:59:24,suffix.2-rec.2.relu,1798,293,2.0007193088531494,0.5,0.1,16,64,300032,3836082708,4.193862438201904,1024,1024,1
2022-08-29T16:59:27,suffix.2-rec.2.relu,1798,390,2.0069150924682617,0.2,0.1,32,16,199680,3836082708,4.088813781738281,1024,1024,1
2022-08-29T16:59:31,suffix.2-rec.2.relu,1798,314,2.0045762062072754,0.1,0.1,32,32,321536,3836082708,4.214645862579346,1024,1024,1
2022-08-29T16:59:34,suffix.2-rec.2.relu,1798,202,2.0015292167663574,0.1,0.1,32,64,413696,3836082708,4.411319255828857,1024,1024,1
2022-08-29T16:59:37,rec.1.relu,770,397,2.0009751319885254,0.2,0.1,32,32,406528,3836082708,4.774271488189697,1024,1024,1
2022-08-29T16:59:41,rec.2.tanh,1286,398,2.012187957763672,0.2,0.1,32,32,407552,3836082708,4.142969608306885,1024,1024,1
2022-08-29T16:59:44,dense.2.tanh,1282,413,2.010639190673828,0.2,0.1,32,32,422912,3836082708,4.167212009429932,1024,1024,1
2022-08-29T16:59:47,gru.1.tanh,1286,229,2.004237174987793,0.2,0.1,32,32,234496,3836082708,4.461978912353516,1024,1024,1
2022-08-29T16:59:50,lstm.1,1544,181,2.004272937774658,0.2,0.1,32,32,185344,3836082708,4.2944111824035645,1024,1024,1
2022-08-29T16:59:54,rec.2.relu-dense.2.tanh,1292,317,2.0011372566223145,0.2,0.1,32,32,324608,3836082708,4.1366729736328125,1024,1024,1
2022-08-29T16:59:57,rec.2.relu,1286,390,2.003571033477783,0.2,0.1,64,16,399360,3836082708,4.089472770690918,1024,1024,1
2022-08-29T17:00:00,rec.2.relu,1286,435,2.0062780380249023,0.2,0.1,32,16,222720,3836082708,4.545675277709961,1024,1024,1
2022-08-29T17:00:04,rec.2.relu,1286,399,2.000670909881592,0.1,0.1,32,32,408576,3836082708,4.340290546417236,1024,1024,1
2022-08-29T17:00:07,rec.2.relu,1286,404,2.0030081272125244,0.5,0.1,32,32,413696,3836082708,4.2057881355285645,1024,1024,1
2022-08-29T17:00:10,suffix.2-rec.2.relu,1798,204,2.0079119205474854,1.0,0.1,32,64,417792,3836082708,4.888759613037109,1024,1024,1
2022-08-29T17:00:14,suffix.2-dense.1.tanh,1025,56,2.021461009979248,0.5,0.1,16,512,458752,3836082708,4.425576686859131,1024,1024,1
2022-08-29T17:00:18,suffix.2-dense.2.relu,1794,63,2.0085880756378174,0.5,0.1,16,512,516096,3836082708,4.10849666595459,1024,1024,1
2022-08-29T17:00:21,dense.2.tanh,1282,86,2.004512071609497,0.5,0.1,16,512,704512,3836082708,4.177712440490723,1024,1024,1
2022-08-29T17:00:24,suffix.2-dense.2.tanh-dense.2.tanh,1800,61,2.012662887573242,0.5,0.1,16,512,499712,3836082708,4.226690769195557,1024,1024,1
2022-08-29T17:00:28,suffix.2-dense.2.tanh,1794,37,2.008223056793213,0.5,0.1,16,1024,606208,3836082708,4.197413444519043,1024,1024,1
2022-08-29T17:00:31,suffix.2-dense.2.tanh,1794,65,2.0202391147613525,0.2,0.1,16,512,532480,3836082708,4.335994720458984,1024,1024,1
2022-08-29T17:00:35,suffix.2-dense.2.tanh,1794,65,2.0071239471435547,1.0,0.1,16,512,532480,3836082708,4.205419540405273,1024,1024,1
2022-08-29T17:00:38,suffix.2-dense.2.tanh,1794,120,2.0110950469970703,0.5,0.1,32,128,491520,3836082708,4.129579067230225,1024,1024,1
2022-08-29T17:00:42,suffix.2-dense.2.relu,1794,120,2.0104610919952393,0.5,0.1,32,128,491520,3836082708,4.042061805725098,1024,1024,1
2022-08-29T17:00:45,suffix.2-dense.1.relu,1025,121,2.00400710105896,0.5,0.1,32,128,495616,3836082708,4.607541561126709,1024,1024,1
2022-08-29T17:00:49,dense.2.relu,1282,183,2.0074808597564697,0.5,0.1,32,128,749568,3836082708,4.203077793121338,1024,1024,1
2022-08-29T17:00:52,suffix.2-dense.2.relu-dense.2.tanh,1800,110,2.0092899799346924,0.5,0.1,32,128,450560,3836082708,4.238735198974609,1024,1024,1
2022-08-29T17:00:55,suffix.2-dense.2.relu,1794,128,2.004282236099243,0.5,0.1,64,64,524288,3836082708,4.145795822143555,1024,1024,1
2022-08-29T17:00:59,suffix.2-dense.2.relu,1794,115,2.0079188346862793,0.5,0.1,16,256,471040,3836082708,4.288047790527344,1024,1024,1
2022-08-29T17:01:02,suffix.2-dense.2.relu,1794,67,2.000026226043701,0.5,0.1,32,256,548864,3836082708,4.180898666381836,1024,1024,1
2022-08-29T17:01:06,suffix.2-dense.2.relu,1794,235,2.0014588832855225,0.5,0.1,32,64,481280,3836082708,4.065340042114258,1024,1024,1
2022-08-29T17:01:09,suffix.2-dense.2.relu,1794,123,2.0031120777130127,0.2,0.1,32,128,503808,3836082708,4.211622714996338,1024,1024,1
2022-08-29T17:01:13,suffix.2-dense.2.relu,1794,123,2.0088791847229004,1.0,0.1,32,128,503808,3836082708,4.848768711090088,1024,1024,1
2022-08-29T17:01:16,suffix.2-rec.1.relu,1026,440,2.0028722286224365,0.2,0.1,16,32,225280,3836082708,4.349908351898193,1024,1024,1
2022-08-29T17:01:20,suffix.2-rec.2.tanh,1798,442,2.0070419311523438,0.2,0.1,16,32,226304,3836082708,4.152203559875488,1024,1024,1
2022-08-29T17:01:23,suffix.2-dense.2.tanh,1794,458,2.0099236965179443,0.2,0.1,16,32,234496,3836082708,4.179996967315674,1024,1024,1
2022-08-29T17:01:26,rec.2.relu,1286,471,2.0038208961486816,0.2,0.1,16,32,241152,3836082708,4.220828056335449,1024,1024,1
2022-08-29T17:01:30,suffix.2-rec.2.relu-dense.2.tanh,1804,365,2.002218008041382,0.2,0.1,16,32,186880,3836082708,4.127206802368164,1024,1024,1
2022-08-29T17:01:33,suffix.2-rec.2.relu,1798,423,2.0033950805664062,0.2,0.1,8,64,216576,3836082708,4.387035846710205,1024,1024,1
2022-08-29T17:01:37,suffix.2-rec.2.relu,1798,488,2.001559019088745,0.2,0.1,16,16,124928,3836082708,4.052530288696289,1024,1024,1
2022-08-29T17:01:40,suffix.2-rec.1.relu,1026,512,2.0102427005767822,0.2,0.1,16,16,131072,3836082708,4.370279788970947,1024,1024,1
2022-08-29T17:01:44,suffix.2-rec.2.tanh,1798,520,2.002147674560547,0.2,0.1,16,16,133120,3836082708,4.140689373016357,1024,1024,1
2022-08-29T17:01:47,suffix.2-dense.2.tanh,1794,543,2.00403094291687,0.2,0.1,16,16,139008,3836082708,4.138390064239502,1024,1024,1
2022-08-29T17:01:51,rec.2.relu,1286,558,2.00793719291687,0.2,0.1,16,16,142848,3836082708,4.8449883460998535,1024,1024,1
2022-08-29T17:01:54,suffix.2-rec.2.relu-dense.2.tanh,1804,440,2.0006821155548096,0.2,0.1,16,16,112640,3836082708,4.432897567749023,1024,1024,1
2022-08-29T17:01:58,suffix.2-rec.2.relu,1798,527,2.0023257732391357,0.2,0.1,32,8,134912,3836082708,4.1481451988220215,1024,1024,1
2022-08-29T17:02:01,suffix.2-rec.2.relu,1798,557,2.0023818016052246,0.2,0.1,8,32,142592,3836082708,4.068892955780029,1024,1024,1
2022-08-29T17:02:05,suffix.2-rec.2.relu,1798,567,2.0013539791107178,0.2,0.1,16,8,72576,3836082708,4.400810241699219,1024,1024,1
2022-08-29T17:02:08,suffix.2-rec.2.relu,1798,550,2.0023579597473145,0.1,0.1,16,16,140800,3836082708,4.241518497467041,1024,1024,1
2022-08-29T17:02:12,suffix.2-rec.2.relu,1798,537,2.0017740726470947,0.5,0.1,16,16,137472,3836082708,4.373641014099121,1024,1024,1
2022-08-29T17:02:15,suffix.2-rec.1.relu,1026,573,2.009275197982788,0.2,0.1,8,32,146688,3836082708,4.409091472625732,1024,1024,1
2022-08-29T17:02:19,suffix.2-rec.2.tanh,1798,538,2.001972198486328,0.2,0.1,8,32,137728,3836082708,4.153563499450684,1024,1024,1
2022-08-29T17:02:22,suffix.2-dense.2.tanh,1794,584,2.0001590251922607,0.2,0.1,8,32,149504,3836082708,4.157995223999023,1024,1024,1
2022-08-29T17:02:26,rec.2.relu,1286,590,2.008445978164673,0.2,0.1,8,32,151040,3836082708,4.167401313781738,1024,1024,1
2022-08-29T17:02:29,suffix.2-rec.2.relu-dense.2.tanh,1804,405,2.0014939308166504,0.2,0.1,8,32,103680,3836082708,4.437383651733398,1024,1024,1
2022-08-29T17:02:33,suffix.2-rec.2.relu,1798,527,2.0014090538024902,0.2,0.1,4,64,134912,3836082708,4.102302551269531,1024,1024,1
2022-08-29T17:02:36,suffix.2-rec.2.relu,1798,593,2.0023281574249268,0.2,0.1,8,16,75904,3836082708,4.407512664794922,1024,1024,1
2022-08-29T17:02:40,suffix.2-rec.2.relu,1798,535,2.000030994415283,0.1,0.1,8,32,136960,3836082708,4.277056694030762,1024,1024,1
2022-08-29T17:02:43,suffix.2-rec.2.relu,1798,535,2.0002989768981934,0.5,0.1,8,32,136960,3836082708,4.333766460418701,1024,1024,1
2022-08-29T17:02:47,suffix.2-rec.2.relu,1798,423,2.0027859210968018,0.1,0.1,16,32,216576,3836082708,4.24995756149292,1024,1024,1
2022-08-29T17:02:50,suffix.2-rec.2.relu,1798,430,2.002052068710327,0.5,0.1,16,32,220160,3836082708,4.165815830230713,1024,1024,1
2022-08-29T17:02:54,suffix.2-rec.2.relu,1798,63,2.010637044906616,0.5,0.1,16,512,516096,3836082708,4.080970764160156,1024,1024,1
2022-08-29T17:02:57,suffix.2-rec.1.relu,1026,469,2.001824140548706,0.2,0.1,32,16,240128,3836082708,4.4167327880859375,1024,1024,1
2022-08-29T17:03:01,suffix.2-rec.2.tanh,1798,432,2.001801013946533,0.2,0.1,32,16,221184,3836082708,4.132204532623291,1024,1024,1
2022-08-29T17:03:04,suffix.2-dense.2.tanh,1794,492,2.002606153488159,0.2,0.1,32,16,251904,3836082708,4.113570690155029,1024,1024,1
2022-08-29T17:03:08,suffix.2-rec.2.relu-dense.2.tanh,1804,345,2.003000020980835,0.2,0.1,32,16,176640,3836082708,4.178637504577637,1024,1024,1
2022-08-29T17:03:11,suffix.2-rec.2.relu,1798,407,2.000535726547241,0.2,0.1,64,8,208384,3836082708,4.117440700531006,1024,1024,1
2022-08-29T17:03:15,suffix.2-rec.2.relu,1798,430,2.0014960765838623,0.1,0.1,32,16,220160,3836082708,4.203309059143066,1024,1024,1
2022-08-29T17:03:19,suffix.2-rec.2.relu,1798,416,2.002645969390869,0.5,0.1,32,16,212992,3836082708,4.259881019592285,1024,1024,1
2022-08-29T17:03:21,rec.1.relu,770,455,2.000542163848877,0.2,0.1,64,16,465920,3836082708,4.798239707946777,1024,1024,1
2022-08-29T17:03:25,rec.2.tanh,1286,387,2.0006890296936035,0.2,0.1,64,16,396288,3836082708,4.193758487701416,1024,1024,1
2022-08-29T17:03:28,dense.2.tanh,1282,435,2.00032901763916,0.2,0.1,64,16,445440,3836082708,4.171141147613525,1024,1024,1
2022-08-29T17:03:31,gru.1.tanh,1286,249,2.0028910636901855,0.2,0.1,64,16,254976,3836082708,4.505856037139893,1024,1024,1
2022-08-29T17:03:35,lstm.1,1544,195,2.0044689178466797,0.2,0.1,64,16,199680,3836082708,4.3390398025512695,1024,1024,1
2022-08-29T17:03:38,rec.2.relu-dense.2.tanh,1292,317,2.0021419525146484,0.2,0.1,64,16,324608,3836082708,4.250644683837891,1024,1024,1
2022-08-29T17:03:41,rec.2.relu,1286,331,2.0016889572143555,0.2,0.1,128,8,338944,3836082708,4.1190338134765625,1024,1024,1
2022-08-29T17:03:45,rec.2.relu,1286,476,2.001641035079956,0.2,0.1,64,8,243712,3836082708,4.132326602935791,1024,1024,1
2022-08-29T17:03:48,rec.2.relu,1286,368,2.003453016281128,0.1,0.1,64,16,376832,3836082708,4.595145225524902,1024,1024,1
2022-08-29T17:03:51,rec.2.relu,1286,383,2.0025107860565186,0.5,0.1,64,16,392192,3836082708,4.127645969390869,1024,1024,1
2022-08-29T17:03:55,suffix.2-dense.1.tanh,1025,204,2.0048317909240723,0.5,0.1,16,128,417792,3836082708,4.416092395782471,1024,1024,1
2022-08-29T17:03:58,suffix.2-dense.2.relu,1794,209,2.001760959625244,0.5,0.1,16,128,428032,3836082708,4.0411810874938965,1024,1024,1
2022-08-29T17:04:02,suffix.2-dense.1.relu,1025,210,2.0063560009002686,0.5,0.1,16,128,430080,3836082708,4.31876802444458,1024,1024,1
2022-08-29T17:04:05,dense.2.relu,1282,283,2.0005781650543213,0.5,0.1,16,128,579584,3836082708,4.1267523765563965,1024,1024,1
2022-08-29T17:04:09,suffix.2-dense.2.relu-dense.2.tanh,1800,185,2.0054779052734375,0.5,0.1,16,128,378880,3836082708,4.312682628631592,1024,1024,1
2022-08-29T17:04:12,suffix.2-dense.2.relu,1794,193,2.0018670558929443,0.5,0.1,8,256,395264,3836082708,4.057680606842041,1024,1024,1
2022-08-29T17:04:15,suffix.2-dense.2.relu,1794,308,2.000882148742676,0.5,0.1,16,64,315392,3836082708,4.159140110015869,1024,1024,1
2022-08-29T17:04:19,suffix.2-dense.2.relu,1794,205,2.005366086959839,0.2,0.1,16,128,419840,3836082708,4.098931789398193,1024,1024,1
2022-08-29T17:04:22,suffix.2-dense.2.relu,1794,203,2.0035958290100098,1.0,0.1,16,128,415744,3836082708,4.312740802764893,1024,1024,1
2022-08-29T17:04:26,suffix.2-dense.1.relu,1025,185,2.0010480880737305,0.5,0.1,8,256,378880,3836082708,4.480384826660156,1024,1024,1
2022-08-29T17:04:30,suffix.2-rec.2.tanh,1798,180,2.0027289390563965,0.5,0.1,8,256,368640,3836082708,4.092904567718506,1024,1024,1
2022-08-29T17:04:33,dense.2.relu,1282,287,2.00376296043396,0.5,0.1,8,256,587776,3836082708,4.206270217895508,1024,1024,1
2022-08-29T17:04:36,suffix.2-dense.2.relu-dense.2.tanh,1800,173,2.001404047012329,0.5,0.1,8,256,354304,3836082708,4.3967084884643555,1024,1024,1
2022-08-29T17:04:40,suffix.2-dense.2.relu,1794,197,2.0045900344848633,0.5,0.1,4,512,403456,3836082708,4.18617582321167,1024,1024,1
2022-08-29T17:04:43,suffix.2-dense.2.relu,1794,313,2.000864028930664,0.5,0.1,8,128,320512,3836082708,4.169142723083496,1024,1024,1
2022-08-29T17:04:47,suffix.2-dense.2.relu,1794,199,2.0032739639282227,0.2,0.1,8,256,407552,3836082708,4.0429582595825195,1024,1024,1
2022-08-29T17:04:50,suffix.2-dense.1.relu,1025,193,2.004807949066162,0.2,0.1,8,256,395264,3836082708,4.338095188140869,1024,1024,1
2022-08-29T17:04:54,suffix.2-dense.2.tanh,1794,200,2.001386880874634,0.2,0.1,8,256,409600,3836082708,4.178290367126465,1024,1024,1
2022-08-29T17:04:57,suffix.2-rec.2.tanh,1798,185,2.0063037872314453,0.2,0.1,8,256,378880,3836082708,4.176486492156982,1024,1024,1
2022-08-29T17:05:00,dense.2.relu,1282,286,2.0022261142730713,0.2,0.1,8,256,585728,3836082708,4.121756076812744,1024,1024,1
2022-08-29T17:05:04,suffix.2-dense.2.relu-dense.2.tanh,1800,179,2.0037119388580322,0.2,0.1,8,256,366592,3836082708,4.395318984985352,1024,1024,1
2022-08-29T17:05:07,suffix.2-dense.2.relu,1794,197,2.0042920112609863,0.2,0.1,4,512,403456,3836082708,4.117879390716553,1024,1024,1
2022-08-29T17:05:11,suffix.2-dense.2.relu,1794,111,2.012251853942871,0.2,0.1,8,512,454656,3836082708,4.291314601898193,1024,1024,1
2022-08-29T17:05:14,suffix.2-dense.2.relu,1794,311,2.0003089904785156,0.2,0.1,8,128,318464,3836082708,4.059388637542725,1024,1024,1
2022-08-29T17:05:18,suffix.2-dense.2.relu,1794,191,2.000455379486084,0.1,0.1,8,256,391168,3836082708,4.505720615386963,1024,1024,1
2022-08-29T17:05:21,suffix.2-dense.2.relu,1794,201,2.000657796859741,1.0,0.1,8,256,411648,3836082708,4.330276966094971,1024,1024,1
2022-08-29T17:05:25,suffix.2-dense.1.relu,1025,299,2.00394868850708,0.2,0.1,8,128,306176,3836082708,4.319980621337891,1024,1024,1
2022-08-29T17:05:28,suffix.2-dense.2.tanh,1794,294,2.001784086227417,0.2,0.1,8,128,301056,3836082708,4.091391086578369,1024,1024,1
2022-08-29T17:05:32,suffix.2-rec.2.tanh,1798,275,2.0005180835723877,0.2,0.1,8,128,281600,3836082708,4.128403186798096,1024,1024,1
2022-08-29T17:05:35,dense.2.relu,1282,394,2.000667095184326,0.2,0.1,8,128,403456,3836082708,4.152719974517822,1024,1024,1
2022-08-29T17:05:38,suffix.2-dense.2.relu-dense.2.tanh,1800,259,2.0042951107025146,0.2,0.1,8,128,265216,3836082708,4.23237943649292,1024,1024,1
2022-08-29T17:05:42,suffix.2-dense.2.relu,1794,342,2.0042669773101807,0.2,0.1,16,64,350208,3836082708,4.05517053604126,1024,1024,1
2022-08-29T17:05:45,suffix.2-dense.1.relu,1025,338,2.0035858154296875,0.2,0.1,16,64,346112,3836082708,4.334028244018555,1024,1024,1
2022-08-29T17:05:49,dense.2.relu,1282,420,2.0011250972747803,0.2,0.1,16,64,430080,3836082708,4.132920742034912,1024,1024,1
2022-08-29T17:05:52,suffix.2-dense.2.relu-dense.2.tanh,1800,282,2.0016520023345947,0.2,0.1,16,64,288768,3836082708,4.139587879180908,1024,1024,1
2022-08-29T17:05:56,suffix.2-dense.2.relu,1794,355,2.001067876815796,0.2,0.1,32,32,363520,3836082708,4.077808856964111,1024,1024,1
2022-08-29T17:05:59,suffix.2-dense.2.relu,1794,499,2.0021369457244873,0.2,0.1,16,32,255488,3836082708,4.083817005157471,1024,1024,1
2022-08-29T17:06:02,suffix.2-dense.2.relu,1794,337,2.0003838539123535,0.1,0.1,16,64,345088,3836082708,4.2904372215271,1024,1024,1
2022-08-29T17:06:06,suffix.2-dense.2.relu,1794,298,2.0040462017059326,0.2,0.1,4,256,305152,3836082708,4.135634899139404,1024,1024,1
2022-08-29T17:06:09,suffix.2-dense.2.relu,1794,478,2.0000221729278564,0.2,0.1,8,64,244736,3836082708,4.040956974029541,1024,1024,1
2022-08-29T17:06:13,suffix.2-dense.1.relu,1025,478,2.001389980316162,0.2,0.1,8,64,244736,3836082708,4.372503280639648,1024,1024,1
2022-08-29T17:06:16,suffix.2-dense.2.tanh,1794,449,2.001085042953491,0.2,0.1,8,64,229888,3836082708,4.078066825866699,1024,1024,1
2022-08-29T17:06:20,suffix.2-rec.2.tanh,1798,412,2.002239942550659,0.2,0.1,8,64,210944,3836082708,4.069206714630127,1024,1024,1
2022-08-29T17:06:23,dense.2.relu,1282,550,2.0024728775024414,0.2,0.1,8,64,281600,3836082708,4.133177280426025,1024,1024,1
2022-08-29T17:06:27,suffix.2-dense.2.relu-dense.2.tanh,1800,384,2.0007400512695312,0.2,0.1,8,64,196608,3836082708,4.393064022064209,1024,1024,1
2022-08-29T17:06:30,suffix.2-dense.2.relu,1794,460,2.001891851425171,0.2,0.1,4,128,235520,3836082708,4.069261074066162,1024,1024,1
2022-08-29T17:06:33,suffix.2-dense.2.relu,1794,602,2.010582208633423,0.2,0.1,8,32,154112,3836082708,4.061048984527588,1024,1024,1
2022-08-29T17:06:37,suffix.2-dense.2.relu,1794,480,2.0023181438446045,0.1,0.1,8,64,245760,3836082708,4.214969158172607,1024,1024,1
2022-08-29T17:06:40,suffix.2-dense.2.relu,1794,479,2.0023300647735596,0.5,0.1,8,64,245248,3836082708,4.21602201461792,1024,1024,1
2022-08-29T17:06:44,suffix.2-dense.2.relu,1794,310,2.0021331310272217,0.1,0.1,8,128,317440,3836082708,4.318614482879639,1024,1024,1
2022-08-29T17:06:47,suffix.2-dense.1.relu,1025,606,2.0090553760528564,0.2,0.1,8,32,155136,3836082708,4.387800693511963,1024,1024,1
2022-08-29T17:06:51,dense.2.relu,1282,622,2.008334159851074,0.2,0.1,8,32,159232,3836082708,4.207356929779053,1024,1024,1
2022-08-29T17:06:54,suffix.2-dense.2.relu-dense.2.tanh,1800,479,2.000412940979004,0.2,0.1,8,32,122624,3836082708,4.255185604095459,1024,1024,1
2022-08-29T17:06:58,suffix.2-dense.2.relu,1794,624,2.006377935409546,0.2,0.1,16,16,159744,3836082708,4.1111040115356445,1024,1024,1
2022-08-29T17:07:01,suffix.2-dense.2.relu,1794,624,2.001929998397827,0.2,0.1,4,64,159744,3836082708,4.08213996887207,1024,1024,1
2022-08-29T17:07:04,suffix.2-dense.2.relu,1794,639,2.0024991035461426,0.2,0.1,8,16,81792,3836082708,4.146175861358643,1024,1024,1
2022-08-29T17:07:08,suffix.2-dense.2.relu,1794,620,2.0000569820404053,0.1,0.1,8,32,158720,3836082708,4.1839280128479,1024,1024,1
2022-08-29T17:07:11,suffix.2-dense.2.relu,1794,633,2.0002880096435547,0.5,0.1,8,32,162048,3836082708,4.287126541137695,1024,1024,1
2022-08-29T17:07:15,suffix.2-rec.1.tanh,1026,429,2.002702236175537,0.2,0.1,8,64,219648,3836082708,4.387773513793945,1024,1024,1
2022-08-29T17:07:18,rec.2.tanh,1286,471,2.002305746078491,0.2,0.1,8,64,241152,3836082708,4.19417142868042,1024,1024,1
2022-08-29T17:07:22,suffix.2-rec.2.tanh-dense.2.tanh,1804,332,2.0034759044647217,0.2,0.1,8,64,169984,3836082708,4.203106880187988,1024,1024,1
2022-08-29T17:07:25,suffix.2-rec.2.tanh,1798,402,2.0023701190948486,0.2,0.1,4,128,205824,3836082708,4.157545566558838,1024,1024,1
2022-08-29T17:07:29,suffix.2-rec.2.tanh,1798,406,2.003162145614624,0.1,0.1,8,64,207872,3836082708,4.355738639831543,1024,1024,1
2022-08-29T17:07:32,suffix.2-rec.2.tanh,1798,411,2.0025060176849365,0.5,0.1,8,64,210432,3836082708,4.1753926277160645,1024,1024,1
2022-08-29T17:07:36,suffix.2-dense.1.relu,1025,460,2.001412868499756,0.2,0.1,4,128,235520,3836082708,4.832062721252441,1024,1024,1
2022-08-29T17:07:39,suffix.2-dense.2.tanh,1794,451,2.002941846847534,0.2,0.1,4,128,230912,3836082708,4.130136966705322,1024,1024,1
2022-08-29T17:07:43,dense.2.relu,1282,524,2.001997232437134,0.2,0.1,4,128,268288,3836082708,4.161630630493164,1024,1024,1
2022-08-29T17:07:46,suffix.2-dense.2.relu-dense.2.tanh,1800,369,2.0033230781555176,0.2,0.1,4,128,188928,3836082708,4.158847808837891,1024,1024,1
2022-08-29T17:07:50,suffix.2-dense.2.relu,1794,398,2.002289295196533,0.2,0.1,2,256,203776,3836082708,4.4645562171936035,1024,1024,1
2022-08-29T17:07:53,suffix.2-dense.2.relu,1794,454,2.0021848678588867,0.1,0.1,4,128,232448,3836082708,4.216119766235352,1024,1024,1
2022-08-29T17:07:56,suffix.2-dense.2.relu,1794,459,2.0030481815338135,0.5,0.1,4,128,235008,3836082708,4.549410820007324,1024,1024,1
2022-08-29T17:08:00,suffix.2-dense.1.relu,1025,368,2.003664016723633,0.2,0.1,32,32,376832,3836082708,4.333912372589111,1024,1024,1
2022-08-29T17:08:03,dense.2.relu,1282,440,2.002173900604248,0.2,0.1,32,32,450560,3836082708,4.1255083084106445,1024,1024,1
2022-08-29T17:08:07,suffix.2-dense.2.relu-dense.2.tanh,1800,297,2.005012035369873,0.2,0.1,32,32,304128,3836082708,4.31314754486084,1024,1024,1
2022-08-29T17:08:10,suffix.2-dense.2.relu,1794,329,2.0024139881134033,0.2,0.1,64,16,336896,3836082708,4.31033182144165,1024,1024,1
2022-08-29T17:08:14,suffix.2-dense.2.relu,1794,217,2.0010859966278076,0.2,0.1,32,64,444416,3836082708,4.071545600891113,1024,1024,1
2022-08-29T17:08:17,suffix.2-dense.1.relu,1025,225,2.004678726196289,0.2,0.1,32,64,460800,3836082708,4.374301433563232,1024,1024,1
2022-08-29T17:08:21,dense.2.relu,1282,310,2.0020220279693604,0.2,0.1,32,64,634880,3836082708,4.131118297576904,1024,1024,1
2022-08-29T17:08:24,suffix.2-dense.2.relu-dense.2.tanh,1800,199,2.0014870166778564,0.2,0.1,32,64,407552,3836082708,4.130199909210205,1024,1024,1
2022-08-29T17:08:27,suffix.2-dense.2.relu,1794,229,2.005880832672119,0.2,0.1,64,32,468992,3836082708,4.087262153625488,1024,1024,1
2022-08-29T17:08:31,suffix.2-dense.2.relu,1794,226,2.0026931762695312,0.1,0.1,32,64,462848,3836082708,4.271188259124756,1024,1024,1
2022-08-29T17:08:34,suffix.2-dense.2.relu,1794,500,2.0024619102478027,0.2,0.1,32,16,256000,3836082708,4.048040390014648,1024,1024,1
2022-08-29T17:08:38,suffix.2-dense.1.relu,1025,521,2.00166392326355,0.2,0.1,32,16,266752,3836082708,4.3375067710876465,1024,1024,1
2022-08-29T17:08:41,dense.2.relu,1282,532,2.00258731842041,0.2,0.1,32,16,272384,3836082708,4.168341159820557,1024,1024,1
2022-08-29T17:08:45,suffix.2-dense.2.relu-dense.2.tanh,1800,394,2.0032310485839844,0.2,0.1,32,16,201728,3836082708,4.193370819091797,1024,1024,1
2022-08-29T17:08:48,suffix.2-dense.2.relu,1794,433,2.0029101371765137,0.2,0.1,64,8,221696,3836082708,4.117671489715576,1024,1024,1
2022-08-29T17:08:52,suffix.2-dense.2.relu,1794,597,2.0005838871002197,0.2,0.1,32,8,152832,3836082708,4.121033191680908,1024,1024,1
2022-08-29T17:08:55,suffix.2-dense.2.relu,1794,470,2.0028700828552246,0.1,0.1,32,16,240640,3836082708,4.186657428741455,1024,1024,1
2022-08-29T17:08:59,suffix.2-dense.2.relu,1794,481,2.0015580654144287,0.5,0.1,32,16,246272,3836082708,4.179633617401123,1024,1024,1
2022-08-29T17:09:02,suffix.2-dense.2.relu,1794,345,2.0038866996765137,0.1,0.1,32,32,353280,3836082708,4.525336265563965,1024,1024,1
2022-08-29T17:09:05,suffix.2-dense.2.relu,1794,354,2.0017199516296387,0.5,0.1,32,32,362496,3836082708,4.082334041595459,1024,1024,1
2022-08-29T17:09:09,suffix.2-dense.1.tanh,1025,478,2.0005741119384766,0.2,0.1,8,64,244736,3836082708,4.370041847229004,1024,1024,1
2022-08-29T17:09:12,dense.2.tanh,1282,523,2.0012691020965576,0.2,0.1,8,64,267776,3836082708,4.140153884887695,1024,1024,1
2022-08-29T17:09:16,suffix.2-dense.2.tanh-dense.2.tanh,1800,370,2.0023269653320312,0.2,0.1,8,64,189440,3836082708,4.148698806762695,1024,1024,1
2022-08-29T17:09:19,suffix.2-dense.2.tanh,1794,472,2.001908302307129,0.1,0.1,8,64,241664,3836082708,4.343100547790527,1024,1024,1
2022-08-29T17:09:23,suffix.2-dense.2.tanh,1794,455,2.002676010131836,0.5,0.1,8,64,232960,3836082708,4.208041667938232,1024,1024,1
2022-08-29T17:09:26,suffix.2-dense.2.relu,1794,476,2.0011861324310303,0.2,0.1,8,64,243712,3836082708,4.073650360107422,1024,1024,1
2022-08-29T17:09:30,suffix.2-dense.2.relu,1794,211,2.0054752826690674,0.5,0.1,16,128,432128,3836082708,4.025318622589111,1024,1024,1
2022-08-29T17:09:33,suffix.2-dense.1.relu,1025,209,2.004183053970337,0.5,0.1,16,128,428032,3836082708,4.350061893463135,1024,1024,1
2022-08-29T17:09:37,suffix.2-dense.2.tanh,1794,193,2.0068280696868896,0.5,0.1,16,128,395264,3836082708,4.101707458496094,1024,1024,1
2022-08-29T17:09:40,suffix.2-rec.2.tanh,1798,178,2.006772994995117,0.5,0.1,16,128,364544,3836082708,4.10013484954834,1024,1024,1
2022-08-29T17:09:43,dense.2.relu,1282,270,2.004491090774536,0.5,0.1,16,128,552960,3836082708,4.16711950302124,1024,1024,1
2022-08-29T17:09:47,suffix.2-dense.2.relu-dense.2.tanh,1800,182,2.003922939300537,0.5,0.1,16,128,372736,3836082708,4.139963626861572,1024,1024,1
2022-08-29T17:09:50,suffix.2-dense.2.relu,1794,195,2.003337860107422,0.5,0.1,8,256,399360,3836082708,4.099587917327881,1024,1024,1
2022-08-29T17:09:54,suffix.2-dense.2.relu,1794,317,2.001220226287842,0.5,0.1,16,64,324608,3836082708,4.122297286987305,1024,1024,1
2022-08-29T17:09:57,suffix.2-dense.2.relu,1794,206,2.0060837268829346,0.2,0.1,16,128,421888,3836082708,4.111204147338867,1024,1024,1
2022-08-29T17:10:01,suffix.2-dense.2.relu,1794,208,2.0035159587860107,1.0,0.1,16,128,425984,3836082708,4.864115238189697,1024,1024,1
2022-08-29T17:10:04,suffix.2-dense.1.relu,1025,625,2.002112865447998,0.2,0.1,4,64,160000,3836082708,4.795904159545898,1024,1024,1
2022-08-29T17:10:08,suffix.2-dense.2.tanh,1794,593,2.0019149780273438,0.2,0.1,4,64,151808,3836082708,4.126958847045898,1024,1024,1
2022-08-29T17:10:11,suffix.2-rec.2.tanh,1798,525,2.003061056137085,0.2,0.1,4,64,134400,3836082708,4.13051700592041,1024,1024,1
2022-08-29T17:10:15,dense.2.relu,1282,646,2.002383232116699,0.2,0.1,4,64,165376,3836082708,4.15173864364624,1024,1024,1
2022-08-29T17:10:18,suffix.2-dense.2.relu-dense.2.tanh,1800,468,2.0004489421844482,0.2,0.1,4,64,119808,3836082708,4.310461521148682,1024,1024,1
2022-08-29T17:10:21,suffix.2-dense.2.relu,1794,569,2.0020110607147217,0.2,0.1,2,128,145664,3836082708,4.397989273071289,1024,1024,1
2022-08-29T17:10:25,suffix.2-dense.2.relu,1794,665,2.004199981689453,0.2,0.1,4,32,85120,3836082708,4.139127254486084,1024,1024,1
2022-08-29T17:10:28,suffix.2-dense.2.relu,1794,608,2.0006070137023926,0.1,0.1,4,64,155648,3836082708,4.18449592590332,1024,1024,1
2022-08-29T17:10:32,suffix.2-dense.2.relu,1794,623,2.0009379386901855,0.5,0.1,4,64,159488,3836082708,4.299845218658447,1024,1024,1
2022-08-29T17:10:35,suffix.2-dense.1.relu,1025,367,2.0019371509552,0.5,0.1,32,32,375808,3836082708,4.504406452178955,1024,1024,1
2022-08-29T17:10:39,suffix.2-rec.2.tanh,1798,303,2.0005130767822266,0.5,0.1,32,32,310272,3836082708,4.088191986083984,1024,1024,1
2022-08-29T17:10:42,dense.2.relu,1282,425,2.0034310817718506,0.5,0.1,32,32,435200,3836082708,4.169398307800293,1024,1024,1
2022-08-29T17:10:46,suffix.2-dense.2.relu-dense.2.tanh,1800,294,2.0039398670196533,0.5,0.1,32,32,301056,3836082708,4.401156425476074,1024,1024,1
2022-08-29T17:10:49,suffix.2-dense.2.relu,1794,341,2.0031850337982178,0.5,0.1,64,16,349184,3836082708,4.2581000328063965,1024,1024,1
2022-08-29T17:10:53,suffix.2-dense.2.relu,1794,345,2.000270128250122,1.0,0.1,32,32,353280,3836082708,4.892014503479004,1024,1024,1
2022-08-29T17:10:56,suffix.2-dense.2.relu,1794,197,2.000124931335449,0.2,0.1,8,256,403456,3836082708,4.114685535430908,1024,1024,1
2022-08-29T17:11:00,suffix.2-dense.1.relu,1025,492,2.00036883354187,0.2,0.1,16,32,251904,3836082708,4.3630595207214355,1024,1024,1
2022-08-29T17:11:03,dense.2.relu,1282,529,2.000622034072876,0.2,0.1,16,32,270848,3836082708,4.16915225982666,1024,1024,1
2022-08-29T17:11:06,suffix.2-dense.2.relu-dense.2.tanh,1800,396,2.0049359798431396,0.2,0.1,16,32,202752,3836082708,4.454843997955322,1024,1024,1
2022-08-29T17:11:10,suffix.2-dense.2.relu,1794,461,2.001887798309326,0.1,0.1,16,32,236032,3836082708,4.43691873550415,1024,1024,1
2022-08-29T17:11:13,suffix.2-dense.2.relu,1794,484,2.002451181411743,0.5,0.1,16,32,247808,3836082708,4.476106643676758,1024,1024,1
2022-08-29T17:11:17,suffix.2-dense.1.relu,1025,251,2.0005528926849365,0.2,0.1,64,32,514048,3836082708,4.821742534637451,1024,1024,1
2022-08-29T17:11:20,dense.2.relu,1282,313,2.002315044403076,0.2,0.1,64,32,641024,3836082708,4.144208908081055,1024,1024,1
2022-08-29T17:11:24,suffix.2-dense.2.relu-dense.2.tanh,1800,203,2.0069477558135986,0.2,0.1,64,32,415744,3836082708,4.211544990539551,1024,1024,1
2022-08-29T17:11:27,suffix.2-dense.2.relu,1794,201,2.004228115081787,0.2,0.1,128,16,411648,3836082708,4.069916248321533,1024,1024,1
2022-08-29T17:11:31,suffix.2-dense.1.relu,1025,243,2.0000319480895996,0.2,0.1,128,16,497664,3836082708,4.3633575439453125,1024,1024,1
2022-08-29T17:11:34,suffix.2-dense.2.tanh,1794,214,2.0024259090423584,0.2,0.1,128,16,438272,3836082708,4.176511287689209,1024,1024,1
2022-08-29T17:11:38,suffix.2-rec.2.tanh,1798,185,2.00587797164917,0.2,0.1,128,16,378880,3836082708,4.184763431549072,1024,1024,1
2022-08-29T17:11:41,dense.2.relu,1282,288,2.0043489933013916,0.2,0.1,128,16,589824,3836082708,4.424020290374756,1024,1024,1
2022-08-29T17:11:45,suffix.2-dense.2.relu-dense.2.tanh,1800,180,2.0064098834991455,0.2,0.1,128,16,368640,3836082708,4.2790374755859375,1024,1024,1
2022-08-29T17:11:48,suffix.2-dense.2.relu,1794,211,2.0001211166381836,0.2,0.1,256,8,432128,3836082708,4.107152938842773,1024,1024,1
2022-08-29T17:11:52,suffix.2-dense.2.relu,1794,121,2.0112528800964355,0.2,0.1,128,32,495616,3836082708,4.220978260040283,1024,1024,1
2022-08-29T17:11:55,suffix.2-dense.2.relu,1794,296,2.0024490356445312,0.2,0.1,128,8,303104,3836082708,4.092635631561279,1024,1024,1
2022-08-29T17:11:58,suffix.2-dense.2.relu,1794,210,2.003312110900879,0.1,0.1,128,16,430080,3836082708,4.3239336013793945,1024,1024,1
2022-08-29T17:12:02,suffix.2-dense.2.relu,1794,213,2.000412940979004,0.5,0.1,128,16,436224,3836082708,4.128646373748779,1024,1024,1
2022-08-29T17:12:05,suffix.2-dense.2.relu,1794,114,2.008543014526367,0.2,0.1,64,64,466944,3836082708,4.1616902351379395,1024,1024,1
2022-08-29T17:12:09,suffix.2-dense.2.relu,1794,235,2.0001730918884277,0.1,0.1,64,32,481280,3836082708,4.36643123626709,1024,1024,1
2022-08-29T17:12:12,suffix.2-dense.2.relu,1794,233,2.003861904144287,0.5,0.1,64,32,477184,3836082708,4.085733890533447,1024,1024,1
2022-08-29T17:12:16,suffix.2-dense.1.relu,1025,248,2.0020971298217773,0.5,0.1,64,32,507904,3836082708,4.464237213134766,1024,1024,1
2022-08-29T17:12:19,suffix.2-rec.2.tanh,1798,207,2.003183126449585,0.5,0.1,64,32,423936,3836082708,4.102433681488037,1024,1024,1
2022-08-29T17:12:23,dense.2.relu,1282,304,2.000579833984375,0.5,0.1,64,32,622592,3836082708,4.467880725860596,1024,1024,1
2022-08-29T17:12:26,suffix.2-dense.2.relu-dense.2.tanh,1800,197,2.0011329650878906,0.5,0.1,64,32,403456,3836082708,4.3938140869140625,1024,1024,1
2022-08-29T17:12:30,suffix.2-dense.2.relu,1794,221,2.0039608478546143,1.0,0.1,64,32,452608,3836082708,4.613368511199951,1024,1024,1
2022-08-29T17:12:33,suffix.2-rec.1.tanh,1026,338,2.002376079559326,0.5,0.1,32,32,346112,3836082708,4.437005996704102,1024,1024,1
2022-08-29T17:12:37,rec.2.tanh,1286,387,2.0025999546051025,0.5,0.1,32,32,396288,3836082708,4.151294231414795,1024,1024,1
2022-08-29T17:12:40,suffix.2-rec.2.tanh-dense.2.tanh,1804,269,2.0038259029388428,0.5,0.1,32,32,275456,3836082708,4.121133327484131,1024,1024,1
2022-08-29T17:12:44,suffix.2-rec.2.tanh,1798,298,2.003610134124756,0.5,0.1,64,16,305152,3836082708,4.192758083343506,1024,1024,1
2022-08-29T17:12:47,suffix.2-rec.2.tanh,1798,292,2.002134084701538,0.5,0.1,16,64,299008,3836082708,4.175658702850342,1024,1024,1
2022-08-29T17:12:51,suffix.2-rec.2.tanh,1798,414,2.002488136291504,0.5,0.1,32,16,211968,3836082708,4.2408318519592285,1024,1024,1
2022-08-29T17:12:54,suffix.2-rec.2.tanh,1798,314,2.0033841133117676,1.0,0.1,32,32,321536,3836082708,4.2967023849487305,1024,1024,1
2022-08-29T17:12:58,suffix.2-dense.2.relu,1794,448,2.0018696784973145,0.2,0.1,32,16,229376,3836082708,4.136252403259277,1024,1024,1
2022-08-29T17:13:01,suffix.2-dense.1.tanh,1025,303,2.003087043762207,0.2,0.1,8,128,310272,3836082708,4.371968746185303,1024,1024,1
2022-08-29T17:13:04,dense.2.tanh,1282,390,2.0010979175567627,0.2,0.1,8,128,399360,3836082708,4.182370185852051,1024,1024,1
2022-08-29T17:13:08,suffix.2-dense.2.tanh-dense.2.tanh,1800,267,2.0008182525634766,0.2,0.1,8,128,273408,3836082708,4.18362283706665,1024,1024,1
2022-08-29T17:13:11,suffix.2-dense.2.tanh,1794,304,2.000131845474243,0.2,0.1,4,256,311296,3836082708,4.147279262542725,1024,1024,1
2022-08-29T17:13:15,suffix.2-dense.2.tanh,1794,314,2.0011959075927734,0.1,0.1,8,128,321536,3836082708,4.376502513885498,1024,1024,1
2022-08-29T17:13:18,suffix.2-dense.2.tanh,1794,316,2.0025370121002197,0.5,0.1,8,128,323584,3836082708,4.15037727355957,1024,1024,1
2022-08-29T17:13:21,rec.1.relu,770,402,2.001383066177368,0.2,0.1,16,64,411648,3836082708,4.385796070098877,1024,1024,1
2022-08-29T17:13:24,rec.2.tanh,1286,374,2.0011110305786133,0.2,0.1,16,64,382976,3836082708,4.172974109649658,1024,1024,1
2022-08-29T17:13:28,dense.2.tanh,1282,420,2.0009660720825195,0.2,0.1,16,64,430080,3836082708,4.170627593994141,1024,1024,1
2022-08-29T17:13:31,gru.1.tanh,1286,201,2.0005791187286377,0.2,0.1,16,64,205824,3836082708,4.417043209075928,1024,1024,1
2022-08-29T17:13:34,lstm.1,1544,150,2.0041050910949707,0.2,0.1,16,64,153600,3836082708,4.305173397064209,1024,1024,1
2022-08-29T17:13:38,rec.2.relu-dense.2.tanh,1292,300,2.001157283782959,0.2,0.1,16,64,307200,3836082708,4.254621982574463,1024,1024,1
2022-08-29T17:13:41,rec.2.relu,1286,350,2.000746011734009,0.2,0.1,8,128,358400,3836082708,4.112880229949951,1024,1024,1
2022-08-29T17:13:44,rec.2.relu,1286,258,2.0023889541625977,0.2,0.1,16,128,528384,3836082708,4.0647125244140625,1024,1024,1
2022-08-29T17:13:47,rec.1.relu,770,279,2.0009992122650146,0.2,0.1,16,128,571392,3836082708,4.359719753265381,1024,1024,1
2022-08-29T17:13:50,rec.2.tanh,1286,251,2.002903938293457,0.2,0.1,16,128,514048,3836082708,4.134271621704102,1024,1024,1
2022-08-29T17:13:54,dense.2.tanh,1282,292,2.004918098449707,0.2,0.1,16,128,598016,3836082708,4.166650295257568,1024,1024,1
2022-08-29T17:13:57,gru.1.tanh,1286,122,2.000148057937622,0.2,0.1,16,128,249856,3836082708,4.59932804107666,1024,1024,1
2022-08-29T17:14:00,lstm.1,1544,107,2.003314971923828,0.2,0.1,16,128,219136,3836082708,4.491275787353516,1024,1024,1
2022-08-29T17:14:04,rec.2.relu-dense.2.tanh,1292,217,2.003509998321533,0.2,0.1,16,128,444416,3836082708,4.257175445556641,1024,1024,1
2022-08-29T17:14:07,rec.2.relu,1286,259,2.00527286529541,0.2,0.1,8,256,530432,3836082708,4.0920610427856445,1024,1024,1
2022-08-29T17:14:10,rec.2.relu,1286,169,2.005375862121582,0.2,0.1,16,256,692224,3836082708,4.109641075134277,1024,1024,1
2022-08-29T17:14:14,rec.2.relu,1286,255,2.003206968307495,0.1,0.1,16,128,522240,3836082708,4.284256458282471,1024,1024,1
2022-08-29T17:14:17,rec.2.relu,1286,259,2.002384901046753,0.5,0.1,16,128,530432,3836082708,4.143792152404785,1024,1024,1
2022-08-29T17:14:20,rec.2.relu,1286,363,2.0004119873046875,0.1,0.1,16,64,371712,3836082708,4.191333293914795,1024,1024,1
2022-08-29T17:14:24,rec.2.relu,1286,375,2.0006868839263916,0.5,0.1,16,64,384000,3836082708,4.11878776550293,1024,1024,1
2022-08-29T17:14:27,rec.1.relu,770,263,2.0057260990142822,0.2,0.1,8,256,538624,3836082708,4.411017894744873,1024,1024,1
2022-08-29T17:14:30,rec.2.tanh,1286,258,2.0003468990325928,0.2,0.1,8,256,528384,3836082708,4.199586868286133,1024,1024,1
2022-08-29T17:14:33,dense.2.tanh,1282,285,2.0027501583099365,0.2,0.1,8,256,583680,3836082708,4.191072463989258,1024,1024,1
2022-08-29T17:14:36,gru.1.tanh,1286,99,2.0058929920196533,0.2,0.1,8,256,202752,3836082708,4.511578559875488,1024,1024,1
2022-08-29T17:14:40,lstm.1,1544,31,2.003152847290039,0.2,0.1,8,256,63488,3836082708,5.306597709655762,1024,1024,1
2022-08-29T17:14:43,suffix.2-rec.2.relu,1798,184,2.0061259269714355,0.2,0.1,8,256,376832,3836082708,4.125035762786865,1024,1024,1
2022-08-29T17:14:47,rec.2.relu-dense.2.tanh,1292,225,2.000293254852295,0.2,0.1,8,256,460800,3836082708,4.265871524810791,1024,1024,1
2022-08-29T17:14:50,rec.2.relu,1286,228,2.00506591796875,0.2,0.1,4,512,466944,3836082708,4.337884902954102,1024,1024,1
2022-08-29T17:14:53,rec.2.relu,1286,146,2.004249095916748,0.2,0.1,8,512,598016,3836082708,4.326720714569092,1024,1024,1
2022-08-29T17:14:56,rec.2.relu,1286,258,2.0014240741729736,0.1,0.1,8,256,528384,3836082708,4.3018574714660645,1024,1024,1
2022-08-29T17:15:00,rec.2.relu,1286,258,2.00016713142395,0.5,0.1,8,256,528384,3836082708,4.154500961303711,1024,1024,1
2022-08-29T17:15:03,suffix.2-dense.1.relu,1025,358,2.0023951530456543,0.2,0.1,128,8,366592,3836082708,4.3493428230285645,1024,1024,1
2022-08-29T17:15:07,suffix.2-dense.2.tanh,1794,324,2.002736806869507,0.2,0.1,128,8,331776,3836082708,4.135149002075195,1024,1024,1
2022-08-29T17:15:10,suffix.2-rec.2.tanh,1798,281,2.0037219524383545,0.2,0.1,128,8,287744,3836082708,4.142879009246826,1024,1024,1
2022-08-29T17:15:14,dense.2.relu,1282,410,2.0005152225494385,0.2,0.1,128,8,419840,3836082708,4.122521877288818,1024,1024,1
2022-08-29T17:15:17,suffix.2-dense.2.relu-dense.2.tanh,1800,268,2.000164031982422,0.2,0.1,128,8,274432,3836082708,4.4698309898376465,1024,1024,1
2022-08-29T17:15:20,suffix.2-dense.2.relu,1794,311,2.001711845397949,0.2,0.1,256,4,318464,3836082708,4.156096458435059,1024,1024,1
2022-08-29T17:15:24,suffix.2-dense.2.relu,1794,447,2.0012428760528564,0.2,0.1,128,4,228864,3836082708,4.0702009201049805,1024,1024,1
2022-08-29T17:15:27,suffix.2-dense.1.relu,1025,498,2.000474214553833,0.2,0.1,128,4,254976,3836082708,4.395334243774414,1024,1024,1
2022-08-29T17:15:31,suffix.2-dense.2.tanh,1794,462,2.0029678344726562,0.2,0.1,128,4,236544,3836082708,4.1814470291137695,1024,1024,1
2022-08-29T17:15:34,suffix.2-rec.2.tanh,1798,384,2.0011038780212402,0.2,0.1,128,4,196608,3836082708,4.168212413787842,1024,1024,1
2022-08-29T17:15:38,dense.2.relu,1282,527,2.001469135284424,0.2,0.1,128,4,269824,3836082708,4.228233337402344,1024,1024,1
2022-08-29T17:15:41,suffix.2-dense.2.relu-dense.2.tanh,1800,368,2.001340866088867,0.2,0.1,128,4,188416,3836082708,4.429481029510498,1024,1024,1
2022-08-29T17:15:44,suffix.2-dense.2.relu,1794,440,2.0015058517456055,0.2,0.1,256,2,225280,3836082708,4.203904151916504,1024,1024,1
2022-08-29T17:15:48,suffix.2-dense.2.relu,1794,563,2.000215768814087,0.2,0.1,128,2,144128,3836082708,4.165579319000244,1024,1024,1
2022-08-29T17:15:51,suffix.2-dense.2.relu,1794,437,2.0017154216766357,0.1,0.1,128,4,223744,3836082708,4.255696773529053,1024,1024,1
2022-08-29T17:15:55,suffix.2-dense.2.relu,1794,453,2.0009090900421143,0.5,0.1,128,4,231936,3836082708,4.25120210647583,1024,1024,1
2022-08-29T17:15:58,suffix.2-dense.2.relu,1794,320,2.003814220428467,0.1,0.1,128,8,327680,3836082708,4.592629432678223,1024,1024,1
2022-08-29T17:16:02,suffix.2-dense.2.relu,1794,322,2.002347946166992,0.5,0.1,128,8,329728,3836082708,4.20952033996582,1024,1024,1
2022-08-29T17:16:05,suffix.2-rec.1.tanh,1026,178,2.004164934158325,0.5,0.1,8,256,364544,3836082708,4.3989434242248535,1024,1024,1
2022-08-29T17:16:08,rec.2.tanh,1286,260,2.0004491806030273,0.5,0.1,8,256,532480,3836082708,4.2141523361206055,1024,1024,1
2022-08-29T17:16:12,suffix.2-rec.2.tanh-dense.2.tanh,1804,164,2.002269983291626,0.5,0.1,8,256,335872,3836082708,4.129415512084961,1024,1024,1
2022-08-29T17:16:15,suffix.2-rec.2.tanh,1798,186,2.000002861022949,0.5,0.1,4,512,380928,3836082708,4.12812614440918,1024,1024,1
2022-08-29T17:16:19,suffix.2-rec.2.tanh,1798,276,2.0030429363250732,0.5,0.1,8,128,282624,3836082708,4.183272361755371,1024,1024,1
2022-08-29T17:16:23,suffix.2-rec.2.tanh,1798,182,2.0045809745788574,1.0,0.1,8,256,372736,3836082708,4.190361022949219,1024,1024,1
2022-08-29T17:16:26,suffix.2-rec.2.relu,1798,540,2.000847816467285,0.2,0.1,16,16,138240,3836082708,4.151875972747803,1024,1024,1
2022-08-29T17:16:29,suffix.2-dense.2.relu,1794,339,2.000577926635742,0.2,0.1,16,64,347136,3836082708,4.03182315826416,1024,1024,1
2022-08-29T17:16:33,suffix.2-dense.1.relu,1025,343,2.0031888484954834,0.2,0.1,16,64,351232,3836082708,4.334091663360596,1024,1024,1
2022-08-29T17:16:36,suffix.2-dense.2.tanh,1794,334,2.0033681392669678,0.2,0.1,16,64,342016,3836082708,4.056911945343018,1024,1024,1
2022-08-29T17:16:40,suffix.2-dense.1.tanh,1025,344,2.00337815284729,0.2,0.1,16,64,352256,3836082708,4.453553199768066,1024,1024,1
2022-08-29T17:16:43,suffix.2-dense.2.tanh-dense.2.tanh,1800,272,2.0013999938964844,0.2,0.1,16,64,278528,3836082708,4.18895149230957,1024,1024,1
2022-08-29T17:16:47,suffix.2-dense.2.tanh,1794,214,2.006200075149536,0.2,0.1,16,128,438272,3836082708,4.177033424377441,1024,1024,1
2022-08-29T17:16:50,suffix.2-dense.2.tanh,1794,295,2.0023391246795654,0.1,0.1,16,64,302080,3836082708,4.424413204193115,1024,1024,1
2022-08-29T17:16:54,suffix.2-dense.2.tanh,1794,329,2.001721143722534,0.5,0.1,16,64,336896,3836082708,4.1175761222839355,1024,1024,1
2022-08-29T17:16:57,suffix.2-rec.2.tanh,1798,297,2.002770185470581,0.2,0.1,16,64,304128,3836082708,4.0961174964904785,1024,1024,1
2022-08-29T17:17:01,dense.2.relu,1282,422,2.002138137817383,0.2,0.1,16,64,432128,3836082708,4.118507385253906,1024,1024,1
2022-08-29T17:17:04,suffix.2-dense.2.relu-dense.2.tanh,1800,274,2.002329111099243,0.2,0.1,16,64,280576,3836082708,4.286595821380615,1024,1024,1
2022-08-29T17:17:07,suffix.2-dense.2.relu,1794,356,2.0027971267700195,0.2,0.1,32,32,364544,3836082708,4.065739154815674,1024,1024,1
2022-08-29T17:17:11,suffix.2-dense.2.relu,1794,311,2.0034549236297607,0.2,0.1,8,128,318464,3836082708,4.020798206329346,1024,1024,1
2022-08-29T17:17:14,suffix.2-dense.1.relu,1025,312,2.0036237239837646,0.2,0.1,8,128,319488,3836082708,4.380283832550049,1024,1024,1
2022-08-29T17:17:18,suffix.2-dense.2.tanh,1794,316,2.0006489753723145,0.2,0.1,8,128,323584,3836082708,4.09737491607666,1024,1024,1
2022-08-29T17:17:21,suffix.2-rec.2.tanh,1798,273,2.0048818588256836,0.2,0.1,8,128,279552,3836082708,4.181668281555176,1024,1024,1
2022-08-29T17:17:25,dense.2.relu,1282,389,2.003204822540283,0.2,0.1,8,128,398336,3836082708,4.138920307159424,1024,1024,1
2022-08-29T17:17:28,suffix.2-dense.2.relu-dense.2.tanh,1800,261,2.004141092300415,0.2,0.1,8,128,267264,3836082708,4.278728485107422,1024,1024,1
2022-08-29T17:17:32,suffix.2-dense.2.relu,1794,305,2.003605842590332,0.2,0.1,4,256,312320,3836082708,4.065928936004639,1024,1024,1
2022-08-29T17:17:35,suffix.2-dense.2.relu,1794,308,2.0017802715301514,0.1,0.1,8,128,315392,3836082708,4.285404682159424,1024,1024,1
2022-08-29T17:17:38,suffix.2-dense.2.relu,1794,312,2.0012869834899902,0.5,0.1,8,128,319488,3836082708,4.17767333984375,1024,1024,1
2022-08-29T17:17:42,suffix.2-dense.2.relu,1794,497,2.002274990081787,0.2,0.1,16,32,254464,3836082708,4.031047344207764,1024,1024,1
2022-08-29T17:17:45,suffix.2-dense.2.relu,1794,338,2.0032761096954346,0.1,0.1,16,64,346112,3836082708,4.233818054199219,1024,1024,1
2022-08-29T17:17:49,dense.2.tanh,1282,290,2.0032050609588623,0.5,0.1,16,128,593920,3836082708,4.173741817474365,1024,1024,1
2022-08-29T17:17:52,suffix.2-dense.2.tanh-dense.2.tanh,1800,184,2.0017480850219727,0.5,0.1,16,128,376832,3836082708,4.079767227172852,1024,1024,1
2022-08-29T17:17:56,suffix.2-dense.1.tanh-dense.2.tanh,1285,159,2.005495071411133,0.5,0.1,16,128,325632,3836082708,4.262676239013672,1024,1024,1
2022-08-29T17:17:59,suffix.2-rec.2.tanh-dense.2.tanh,1804,165,2.001100778579712,0.5,0.1,16,128,337920,3836082708,4.1122002601623535,1024,1024,1
2022-08-29T17:18:03,suffix.2-dense.2.tanh-dense.1.tanh,1541,180,2.0062050819396973,0.5,0.1,16,128,368640,3836082708,4.3768744468688965,1024,1024,1
2022-08-29T17:18:06,suffix.2-dense.2.tanh-dense.2.relu,1800,180,2.003777027130127,0.5,0.1,16,128,368640,3836082708,4.3609724044799805,1024,1024,1
2022-08-29T17:18:10,suffix.2-dense.2.tanh-rec.2.tanh,1804,166,2.001477003097534,0.5,0.1,16,128,339968,3836082708,4.13001823425293,1024,1024,1
2022-08-29T17:18:13,suffix.2-dense.2.tanh-gru.2.tanh,1824,104,2.0060722827911377,0.5,0.1,16,128,212992,3836082708,4.310357093811035,1024,1024,1
2022-08-29T17:18:17,suffix.2-dense.2.tanh-lstm.2,1834,75,2.004971981048584,0.5,0.1,16,128,153600,3836082708,4.21943998336792,1024,1024,1
2022-08-29T17:18:20,dense.2.tanh-dense.2.tanh,1288,227,2.0057761669158936,0.5,0.1,16,128,464896,3836082708,4.209935188293457,1024,1024,1
2022-08-29T17:18:24,suffix.2-dense.2.tanh-dense.2.tanh-dense.2.tanh,1806,156,2.0005040168762207,0.5,0.1,16,128,319488,3836082708,4.181866645812988,1024,1024,1
2022-08-29T17:18:27,suffix.2-dense.2.tanh-dense.2.tanh,1800,175,2.000612258911133,0.5,0.1,8,256,358400,3836082708,4.08481502532959,1024,1024,1
2022-08-29T17:18:31,suffix.2-dense.2.tanh-dense.2.tanh,1800,260,2.0049939155578613,0.5,0.1,16,64,266240,3836082708,4.18413782119751,1024,1024,1
2022-08-29T17:18:34,suffix.2-dense.2.tanh-dense.2.tanh,1800,184,2.0068306922912598,0.2,0.1,16,128,376832,3836082708,4.224073886871338,1024,1024,1
2022-08-29T17:18:38,suffix.2-dense.2.tanh-dense.2.tanh,1800,187,2.0013811588287354,1.0,0.1,16,128,382976,3836082708,4.343818664550781,1024,1024,1
2022-08-29T17:18:42,suffix.2-dense.1.tanh-dense.2.tanh,1285,138,2.0003209114074707,0.5,0.1,8,256,282624,3836082708,4.263092994689941,1024,1024,1
2022-08-29T17:18:45,suffix.2-dense.2.tanh-dense.1.tanh,1541,164,2.00298810005188,0.5,0.1,8,256,335872,3836082708,4.3798041343688965,1024,1024,1
2022-08-29T17:18:48,suffix.2-dense.2.tanh-dense.2.relu,1800,176,2.006989002227783,0.5,0.1,8,256,360448,3836082708,4.1089324951171875,1024,1024,1
2022-08-29T17:18:52,suffix.2-dense.2.tanh-rec.2.tanh,1804,164,2.0025689601898193,0.5,0.1,8,256,335872,3836082708,4.193437576293945,1024,1024,1
2022-08-29T17:18:55,suffix.2-dense.2.tanh-gru.2.tanh,1824,112,2.005790948867798,0.5,0.1,8,256,229376,3836082708,4.1426591873168945,1024,1024,1
2022-08-29T17:18:59,suffix.2-dense.2.tanh-lstm.2,1834,80,2.00227689743042,0.5,0.1,8,256,163840,3836082708,10.378113746643066,1024,1024,1
2022-08-29T17:19:02,dense.2.tanh-dense.2.tanh,1288,244,2.0001938343048096,0.5,0.1,8,256,499712,3836082708,4.163732051849365,1024,1024,1
2022-08-29T17:19:06,suffix.2-dense.2.tanh-dense.2.tanh-dense.2.tanh,1806,153,2.004563808441162,0.5,0.1,8,256,313344,3836082708,4.242933750152588,1024,1024,1
2022-08-29T17:19:09,suffix.2-dense.2.tanh-dense.2.tanh,1800,170,2.005728006362915,0.5,0.1,4,512,348160,3836082708,4.159621715545654,1024,1024,1
2022-08-29T17:19:13,suffix.2-dense.2.tanh-dense.2.tanh,1800,259,2.0045650005340576,0.5,0.1,8,128,265216,3836082708,4.186474323272705,1024,1024,1
2022-08-29T17:19:16,suffix.2-dense.2.tanh-dense.2.tanh,1800,168,2.000962018966675,0.2,0.1,8,256,344064,3836082708,4.185511589050293,1024,1024,1
2022-08-29T17:19:20,suffix.2-dense.2.tanh-dense.2.tanh,1800,177,2.006765127182007,1.0,0.1,8,256,362496,3836082708,4.421512603759766,1024,1024,1
2022-08-29T17:19:23,suffix.2-dense.2.tanh,1794,210,2.002735137939453,1.0,0.1,16,128,430080,3836082708,4.220789909362793,1024,1024,1
2022-08-29T17:19:27,suffix.2-dense.2.tanh,1794,224,2.0044500827789307,0.5,0.1,32,64,458752,3836082708,4.09530782699585,1024,1024,1
2022-08-29T17:19:30,suffix.2-dense.1.relu,1025,476,2.000898838043213,0.2,0.1,8,64,243712,3836082708,4.321089267730713,1024,1024,1
2022-08-29T17:19:34,suffix.2-dense.2.tanh,1794,458,2.0032567977905273,0.2,0.1,8,64,234496,3836082708,4.115205764770508,1024,1024,1
2022-08-29T17:19:37,suffix.2-rec.2.tanh,1798,410,2.0014710426330566,0.2,0.1,8,64,209920,3836082708,4.104985237121582,1024,1024,1
2022-08-29T17:19:40,dense.2.relu,1282,537,2.00109601020813,0.2,0.1,8,64,274944,3836082708,4.17696475982666,1024,1024,1
2022-08-29T17:19:44,suffix.2-dense.2.relu-dense.2.tanh,1800,375,2.003704071044922,0.2,0.1,8,64,192000,3836082708,4.318432331085205,1024,1024,1
2022-08-29T17:19:47,suffix.2-dense.2.relu,1794,453,2.0025527477264404,0.2,0.1,4,128,231936,3836082708,4.123102188110352,1024,1024,1
2022-08-29T17:19:51,suffix.2-dense.2.relu,1794,631,2.000645875930786,0.2,0.1,8,32,161536,3836082708,4.082985877990723,1024,1024,1
2022-08-29T17:19:54,suffix.2-dense.2.relu,1794,471,2.0017101764678955,0.1,0.1,8,64,241152,3836082708,4.118886947631836,1024,1024,1
2022-08-29T17:19:58,suffix.2-dense.2.relu,1794,469,2.0010011196136475,0.5,0.1,8,64,240128,3836082708,4.169866561889648,1024,1024,1
2022-08-29T17:20:01,suffix.2-dense.1.relu,1025,515,2.0000131130218506,0.2,0.1,16,32,263680,3836082708,4.381981372833252,1024,1024,1
2022-08-29T17:20:05,suffix.2-dense.2.tanh,1794,478,2.0006470680236816,0.2,0.1,16,32,244736,3836082708,4.1524658203125,1024,1024,1
2022-08-29T17:20:08,suffix.2-rec.2.tanh,1798,431,2.002958059310913,0.2,0.1,16,32,220672,3836082708,4.127435207366943,1024,1024,1
2022-08-29T17:20:11,dense.2.relu,1282,578,2.002453088760376,0.2,0.1,16,32,295936,3836082708,4.1490678787231445,1024,1024,1
2022-08-29T17:20:15,suffix.2-dense.2.relu-dense.2.tanh,1800,402,2.003066062927246,0.2,0.1,16,32,205824,3836082708,4.157735347747803,1024,1024,1
2022-08-29T17:20:18,suffix.2-dense.2.relu,1794,621,2.000741958618164,0.2,0.1,16,16,158976,3836082708,4.107008934020996,1024,1024,1
2022-08-29T17:20:22,suffix.2-dense.2.relu,1794,487,2.0008251667022705,0.1,0.1,16,32,249344,3836082708,4.2433037757873535,1024,1024,1
2022-08-29T17:20:25,suffix.2-dense.2.relu,1794,497,2.0003457069396973,0.5,0.1,16,32,254464,3836082708,4.213318347930908,1024,1024,1
2022-08-29T17:20:29,suffix.2-rec.2.relu,1798,298,2.0002098083496094,0.2,0.1,16,64,305152,3836082708,4.056850910186768,1024,1024,1
2022-08-29T17:20:32,suffix.2-rec.1.relu,1026,313,2.0005953311920166,0.2,0.1,16,64,320512,3836082708,4.356432914733887,1024,1024,1
2022-08-29T17:20:35,rec.2.relu,1286,372,2.00216007232666,0.2,0.1,16,64,380928,3836082708,4.089935302734375,1024,1024,1
2022-08-29T17:20:39,suffix.2-rec.2.relu-dense.2.tanh,1804,245,2.003621816635132,0.2,0.1,16,64,250880,3836082708,4.272074222564697,1024,1024,1
2022-08-29T17:20:42,suffix.2-rec.2.relu,1798,317,2.001771926879883,0.2,0.1,32,32,324608,3836082708,4.070245742797852,1024,1024,1
2022-08-29T17:20:46,suffix.2-rec.2.relu,1798,275,2.001086950302124,0.2,0.1,8,128,281600,3836082708,4.0867533683776855,1024,1024,1
2022-08-29T17:20:49,suffix.2-rec.2.relu,1798,187,2.0044450759887695,0.2,0.1,16,128,382976,3836082708,4.088492393493652,1024,1024,1
2022-08-29T17:20:53,suffix.2-rec.2.relu,1798,433,2.0022389888763428,0.2,0.1,16,32,221696,3836082708,4.053728103637695,1024,1024,1
2022-08-29T17:20:56,suffix.2-rec.2.relu,1798,297,2.003709077835083,0.1,0.1,16,64,304128,3836082708,4.351951599121094,1024,1024,1
2022-08-29T17:21:00,suffix.2-rec.2.relu,1798,299,2.0041050910949707,0.5,0.1,16,64,306176,3836082708,4.134543418884277,1024,1024,1
2022-08-29T17:21:03,suffix.2-rec.1.tanh,1026,347,2.0026307106018066,0.2,0.1,32,32,355328,3836082708,4.423379421234131,1024,1024,1
2022-08-29T17:21:07,suffix.2-rec.2.tanh-dense.2.tanh,1804,271,2.002519130706787,0.2,0.1,32,32,277504,3836082708,4.127140998840332,1024,1024,1
2022-08-29T17:21:10,suffix.2-rec.2.tanh,1798,299,2.004744052886963,0.2,0.1,64,16,306176,3836082708,4.141608715057373,1024,1024,1
2022-08-29T17:21:14,suffix.2-rec.2.tanh,1798,314,2.002769947052002,0.1,0.1,32,32,321536,3836082708,4.408927917480469,1024,1024,1
2022-08-29T17:21:18,suffix.2-rec.1.tanh,1026,191,2.0068650245666504,0.5,0.1,16,128,391168,3836082708,4.398947238922119,1024,1024,1
2022-08-29T17:21:21,rec.2.tanh,1286,251,2.0016191005706787,0.5,0.1,16,128,514048,3836082708,4.176170349121094,1024,1024,1
2022-08-29T17:21:24,suffix.2-rec.2.tanh,1798,189,2.0068130493164062,0.2,0.1,16,128,387072,3836082708,4.097978115081787,1024,1024,1
2022-08-29T17:21:28,suffix.2-rec.1.tanh,1026,191,2.007117748260498,0.2,0.1,16,128,391168,3836082708,4.454885959625244,1024,1024,1
2022-08-29T17:23:05,rec.1.relu,770,476,8.011434078216553,0.2,0.1,8,256,974848,3836082708,4.311101913452148,1024,1024,1
2022-08-29T17:23:14,rec.1.tanh,770,796,8.00513482093811,0.2,0.1,8,256,1630208,3836082708,4.402915954589844,1024,1024,1
2022-08-29T17:23:23,dense.1.tanh,769,1010,8.001983165740967,0.2,0.1,8,256,2068480,3836082708,4.347191333770752,1024,1024,1
2022-08-29T17:23:32,rec.1.relu-dense.1.tanh,772,1088,8.012648344039917,0.2,0.1,8,256,2228224,3836082708,4.779446601867676,1024,1024,1
2022-08-29T17:23:41,rec.1.relu,770,1209,8.01161003112793,0.2,0.1,16,128,2476032,3836082708,4.343534469604492,1024,1024,1
2022-08-29T17:23:50,rec.1.relu,770,1218,8.012350797653198,0.2,0.1,4,512,2494464,3836082708,4.344878673553467,1024,1024,1
2022-08-29T17:23:59,rec.1.relu,770,764,8.003601312637329,0.2,0.1,8,512,3129344,3836082708,4.312464714050293,1024,1024,1
2022-08-29T17:24:08,rec.1.relu,770,1430,8.003448009490967,0.2,0.1,8,128,1464320,3836082708,4.361944675445557,1024,1024,1
2022-08-29T17:24:17,rec.1.relu,770,1345,8.001041173934937,0.1,0.1,8,256,2754560,3836082708,4.340882301330566,1024,1024,1
2022-08-29T17:24:26,rec.1.relu,770,1338,8.005172967910767,0.5,0.1,8,256,2740224,3836082708,4.404085159301758,1024,1024,1
2022-08-29T17:24:35,rec.1.tanh,770,764,8.00184178352356,0.2,0.1,8,512,3129344,3836082708,4.437203407287598,1024,1024,1
2022-08-29T17:24:43,dense.1.tanh,769,794,8.002665281295776,0.2,0.1,8,512,3252224,3836082708,4.35158109664917,1024,1024,1
2022-08-29T17:24:52,rec.1.relu-dense.1.tanh,772,718,8.005619049072266,0.2,0.1,8,512,2940928,3836082708,4.36423397064209,1024,1024,1
2022-08-29T17:25:01,rec.1.relu,770,833,8.006273984909058,0.2,0.1,16,256,3411968,3836082708,4.33381986618042,1024,1024,1
2022-08-29T17:25:10,rec.1.relu,770,707,8.003335952758789,0.2,0.1,4,1024,2895872,3836082708,4.326425075531006,1024,1024,1
2022-08-29T17:25:19,rec.1.relu,770,416,8.010244131088257,0.2,0.1,8,1024,3407872,3836082708,4.794156551361084,1024,1024,1
2022-08-29T17:25:28,rec.1.relu,770,764,8.005460977554321,0.1,0.1,8,512,3129344,3836082708,4.3793044090271,1024,1024,1
2022-08-29T17:25:37,rec.1.relu,770,760,8.005601167678833,0.5,0.1,8,512,3112960,3836082708,4.328116416931152,1024,1024,1
2022-08-29T17:25:46,rec.1.tanh,770,712,8.000612020492554,0.2,0.1,4,1024,2916352,3836082708,4.369758605957031,1024,1024,1
2022-08-29T17:25:55,dense.1.tanh,769,732,8.009129047393799,0.2,0.1,4,1024,2998272,3836082708,4.4138102531433105,1024,1024,1
2022-08-29T17:26:04,rec.1.relu-dense.1.tanh,772,669,8.003101825714111,0.2,0.1,4,1024,2740224,3836082708,4.362370014190674,1024,1024,1
2022-08-29T17:26:13,rec.1.relu,770,638,8.008624792098999,0.2,0.1,2,2048,2613248,3836082708,4.336449146270752,1024,1024,1
2022-08-29T17:26:22,rec.1.relu,770,385,8.005693912506104,0.2,0.1,4,2048,3153920,3836082708,4.328279972076416,1024,1024,1
2022-08-29T17:26:31,rec.1.relu,770,708,8.001496076583862,0.1,0.1,4,1024,2899968,3836082708,4.3852128982543945,1024,1024,1
2022-08-29T17:26:40,rec.1.relu,770,708,8.004154920578003,0.5,0.1,4,1024,2899968,3836082708,4.786722183227539,1024,1024,1
2022-08-29T17:26:49,rec.1.tanh,770,767,8.007865190505981,0.5,0.1,8,512,3141632,3836082708,4.39103364944458,1024,1024,1
2022-08-29T17:26:58,dense.1.tanh,769,792,8.0037682056427,0.5,0.1,8,512,3244032,3836082708,4.364913463592529,1024,1024,1
2022-08-29T17:27:07,rec.1.relu-dense.1.tanh,772,720,8.004945039749146,0.5,0.1,8,512,2949120,3836082708,4.415194034576416,1024,1024,1
2022-08-29T17:27:16,rec.1.relu,770,834,8.006321907043457,0.5,0.1,16,256,3416064,3836082708,4.311988353729248,1024,1024,1
2022-08-29T17:27:25,rec.1.tanh,770,828,8.002151012420654,0.5,0.1,16,256,3391488,3836082708,4.386657238006592,1024,1024,1
2022-08-29T17:27:34,dense.1.tanh,769,854,8.005259037017822,0.5,0.1,16,256,3497984,3836082708,4.416845798492432,1024,1024,1
2022-08-29T17:27:43,rec.1.relu-dense.1.tanh,772,779,8.002478122711182,0.5,0.1,16,256,3190784,3836082708,4.813301086425781,1024,1024,1
2022-08-29T17:27:52,rec.1.relu,770,885,8.000730276107788,0.5,0.1,32,128,3624960,3836082708,4.329004287719727,1024,1024,1
2022-08-29T17:28:01,rec.1.relu,770,436,8.01341986656189,0.5,0.1,16,512,3571712,3836082708,4.357111930847168,1024,1024,1
2022-08-29T17:28:09,rec.1.relu,770,1425,8.00031590461731,0.5,0.1,16,128,2918400,3836082708,4.385218620300293,1024,1024,1
2022-08-29T17:28:18,rec.1.relu,770,828,8.005500793457031,1.0,0.1,16,256,3391488,3836082708,4.443685531616211,1024,1024,1
2022-08-29T17:28:27,rec.1.relu,770,413,8.015326023101807,0.5,0.1,8,1024,3383296,3836082708,4.345329761505127,1024,1024,1
2022-08-29T17:28:36,rec.1.relu,770,762,8.009571075439453,1.0,0.1,8,512,3121152,3836082708,4.435238361358643,1024,1024,1
2022-08-29T17:28:45,rec.1.tanh,770,388,8.004693031311035,0.2,0.1,4,2048,3178496,3836082708,4.3850908279418945,1024,1024,1
2022-08-29T17:28:54,dense.1.tanh,769,393,8.005972862243652,0.2,0.1,4,2048,3219456,3836082708,4.403194427490234,1024,1024,1
2022-08-29T17:29:03,rec.1.relu-dense.1.tanh,772,373,8.010245084762573,0.2,0.1,4,2048,3055616,3836082708,4.475736141204834,1024,1024,1
2022-08-29T17:29:12,rec.1.relu,770,419,8.019065856933594,0.2,0.1,2,4096,3432448,3836082708,4.373479843139648,1024,1024,1
2022-08-29T17:29:21,rec.1.relu,770,266,8.023591041564941,0.2,0.1,4,4096,4358144,3836082708,4.339657306671143,1024,1024,1
2022-08-29T17:29:30,rec.1.relu,770,387,8.006418228149414,0.1,0.1,4,2048,3170304,3836082708,4.465541362762451,1024,1024,1
2022-08-29T17:29:39,rec.1.relu,770,388,8.004465818405151,0.5,0.1,4,2048,3178496,3836082708,4.342820167541504,1024,1024,1
2022-08-29T17:29:48,rec.1.tanh,770,887,8.002983808517456,0.5,0.1,32,128,3633152,3836082708,4.386544227600098,1024,1024,1
2022-08-29T17:29:57,dense.1.tanh,769,921,8.003054141998291,0.5,0.1,32,128,3772416,3836082708,4.431563377380371,1024,1024,1
2022-08-29T17:30:06,rec.1.relu-dense.1.tanh,772,823,8.006958961486816,0.5,0.1,32,128,3371008,3836082708,4.365143775939941,1024,1024,1
2022-08-29T17:30:15,rec.1.relu,770,953,8.002540111541748,0.5,0.1,64,64,3903488,3836082708,4.33096981048584,1024,1024,1
2022-08-29T17:30:24,rec.1.relu,770,474,8.006128072738647,0.5,0.1,32,256,3883008,3836082708,4.310877323150635,1024,1024,1
2022-08-29T17:30:33,rec.1.tanh,770,473,8.00432276725769,0.5,0.1,32,256,3874816,3836082708,4.3464674949646,1024,1024,1
2022-08-29T17:30:42,dense.1.tanh,769,475,8.000133752822876,0.5,0.1,32,256,3891200,3836082708,4.354562282562256,1024,1024,1
2022-08-29T17:30:51,rec.1.relu-dense.1.tanh,772,453,8.009082078933716,0.5,0.1,32,256,3710976,3836082708,4.8042826652526855,1024,1024,1
2022-08-29T17:31:00,rec.1.relu,770,494,8.003782272338867,0.5,0.1,64,128,4046848,3836082708,4.331584453582764,1024,1024,1
2022-08-29T17:31:09,rec.1.relu,770,239,8.009619951248169,0.5,0.1,32,512,3915776,3836082708,4.342257976531982,1024,1024,1
2022-08-29T17:31:18,rec.1.relu,770,475,8.008268117904663,0.2,0.1,32,256,3891200,3836082708,4.333717346191406,1024,1024,1
2022-08-29T17:31:27,rec.1.relu,770,474,8.014102935791016,1.0,0.1,32,256,3883008,3836082708,4.420104026794434,1024,1024,1
2022-08-29T17:31:36,rec.1.relu,770,1466,8.012112855911255,0.5,0.1,32,64,3002368,3836082708,4.351454257965088,1024,1024,1
2022-08-29T17:31:45,rec.1.relu,770,893,8.002679109573364,0.2,0.1,32,128,3657728,3836082708,4.356085777282715,1024,1024,1
2022-08-29T17:31:53,rec.1.relu,770,885,8.000154972076416,1.0,0.1,32,128,3624960,3836082708,4.596093654632568,1024,1024,1
2022-08-29T17:32:02,rec.1.tanh,770,957,8.005392074584961,0.5,0.1,64,64,3919872,3836082708,4.36000919342041,1024,1024,1
2022-08-29T17:32:11,dense.1.tanh,769,993,8.00601601600647,0.5,0.1,64,64,4067328,3836082708,4.354103088378906,1024,1024,1
2022-08-29T17:32:20,rec.1.relu-dense.1.tanh,772,881,8.00319790840149,0.5,0.1,64,64,3608576,3836082708,4.805321216583252,1024,1024,1
2022-08-29T17:32:29,rec.1.relu,770,1054,8.003032922744751,0.5,0.1,128,32,4317184,3836082708,4.35277795791626,1024,1024,1
2022-08-29T17:32:38,rec.1.relu,770,1535,8.008777856826782,0.5,0.1,64,32,3143680,3836082708,4.3604655265808105,1024,1024,1
2022-08-29T17:32:47,rec.1.relu,770,955,8.007127046585083,0.2,0.1,64,64,3911680,3836082708,4.299554347991943,1024,1024,1
2022-08-29T17:32:56,rec.1.tanh,770,925,8.00152325630188,0.2,0.1,64,64,3788800,3836082708,4.3464813232421875,1024,1024,1
2022-08-29T17:33:05,dense.1.tanh,769,988,8.004668235778809,0.2,0.1,64,64,4046848,3836082708,4.371126651763916,1024,1024,1
2022-08-29T17:33:14,rec.1.relu-dense.1.tanh,772,885,8.001871824264526,0.2,0.1,64,64,3624960,3836082708,4.373151779174805,1024,1024,1
2022-08-29T17:33:23,rec.1.relu,770,1048,8.00276494026184,0.2,0.1,128,32,4292608,3836082708,4.33699369430542,1024,1024,1
2022-08-29T17:33:32,rec.1.relu,770,493,8.009223222732544,0.2,0.1,64,128,4038656,3836082708,4.338504314422607,1024,1024,1
2022-08-29T17:33:41,rec.1.relu,770,1577,8.002601861953735,0.2,0.1,64,32,3229696,3836082708,4.307409763336182,1024,1024,1
2022-08-29T17:33:50,rec.1.relu,770,957,8.00576376914978,0.1,0.1,64,64,3919872,3836082708,4.347378730773926,1024,1024,1
2022-08-29T17:33:59,rec.1.tanh,770,1612,8.006028175354004,0.2,0.1,64,32,3301376,3836082708,4.354846477508545,1024,1024,1
2022-08-29T17:34:08,dense.1.tanh,769,1670,8.007791996002197,0.2,0.1,64,32,3420160,3836082708,4.417510032653809,1024,1024,1
2022-08-29T17:34:17,rec.1.relu-dense.1.tanh,772,1498,8.000850200653076,0.2,0.1,64,32,3067904,3836082708,4.399038791656494,1024,1024,1
2022-08-29T17:34:26,rec.1.relu,770,1611,8.004384994506836,0.2,0.1,128,16,3299328,3836082708,4.326391220092773,1024,1024,1
2022-08-29T17:34:35,rec.1.relu,770,1546,8.001832008361816,0.2,0.1,32,64,3166208,3836082708,4.333142280578613,1024,1024,1
2022-08-29T17:34:44,rec.1.relu,770,1779,8.012895107269287,0.2,0.1,64,16,1821696,3836082708,4.321280479431152,1024,1024,1
2022-08-29T17:34:53,rec.1.relu,770,1648,8.002250909805298,0.1,0.1,64,32,3375104,3836082708,4.344659805297852,1024,1024,1
2022-08-29T17:35:02,rec.1.tanh,770,1866,8.007763862609863,0.2,0.1,64,16,1910784,3836082708,4.3874311447143555,1024,1024,1
2022-08-29T17:35:11,dense.1.tanh,769,1987,8.00894021987915,0.2,0.1,64,16,2034688,3836082708,4.411502361297607,1024,1024,1
2022-08-29T17:35:20,rec.1.relu-dense.1.tanh,772,1869,8.000520944595337,0.2,0.1,64,16,1913856,3836082708,4.4059882164001465,1024,1024,1
2022-08-29T17:35:29,rec.1.relu,770,2021,8.008232355117798,0.2,0.1,128,8,2069504,3836082708,4.811592102050781,1024,1024,1
2022-08-29T17:35:38,rec.1.relu,770,2044,8.001227140426636,0.2,0.1,32,32,2093056,3836082708,4.3143534660339355,1024,1024,1
2022-08-29T17:35:47,rec.1.tanh,770,2061,8.010356187820435,0.2,0.1,32,32,2110464,3836082708,4.4022440910339355,1024,1024,1
2022-08-29T17:35:56,dense.1.tanh,769,2127,8.012959957122803,0.2,0.1,32,32,2178048,3836082708,4.419256210327148,1024,1024,1
2022-08-29T17:36:05,rec.1.relu-dense.1.tanh,772,1829,8.003539085388184,0.2,0.1,32,32,1872896,3836082708,4.399129390716553,1024,1024,1
2022-08-29T17:36:14,rec.1.relu,770,1990,8.002148151397705,0.2,0.1,16,64,2037760,3836082708,4.339033603668213,1024,1024,1
2022-08-29T17:36:23,rec.1.relu,770,2253,8.001947164535522,0.2,0.1,32,16,1153536,3836082708,4.857041835784912,1024,1024,1
2022-08-29T17:36:32,rec.1.relu,770,2151,8.002035856246948,0.1,0.1,32,32,2202624,3836082708,4.3562493324279785,1024,1024,1
2022-08-29T17:36:41,rec.1.relu,770,2110,8.00171709060669,0.5,0.1,32,32,2160640,3836082708,4.378503322601318,1024,1024,1
2022-08-29T17:36:50,rec.1.relu,770,2349,8.005086183547974,0.2,0.1,64,8,1202688,3836082708,4.372900009155273,1024,1024,1
2022-08-29T17:36:59,rec.1.relu,770,2196,8.000523090362549,0.1,0.1,64,16,2248704,3836082708,4.327967166900635,1024,1024,1
2022-08-29T17:37:08,rec.1.relu,770,2186,8.000509023666382,0.5,0.1,64,16,2238464,3836082708,4.414403438568115,1024,1024,1
2022-08-29T17:37:17,rec.1.tanh,770,1582,8.003144979476929,0.2,0.1,128,16,3239936,3836082708,4.363853454589844,1024,1024,1
2022-08-29T17:37:26,dense.1.tanh,769,1667,8.002869844436646,0.2,0.1,128,16,3414016,3836082708,4.363339900970459,1024,1024,1
2022-08-29T17:37:35,rec.1.relu-dense.1.tanh,772,1439,8.000069856643677,0.2,0.1,128,16,2947072,3836082708,4.366333961486816,1024,1024,1
2022-08-29T17:37:44,rec.1.relu,770,1633,8.002068996429443,0.2,0.1,256,8,3344384,3836082708,4.319370746612549,1024,1024,1
2022-08-29T17:37:53,rec.1.tanh,770,1625,8.002320051193237,0.2,0.1,256,8,3328000,3836082708,4.388871669769287,1024,1024,1
2022-08-29T17:38:01,dense.1.tanh,769,1742,8.00216031074524,0.2,0.1,256,8,3567616,3836082708,4.390467166900635,1024,1024,1
2022-08-29T17:38:10,rec.1.relu-dense.1.tanh,772,1447,8.003467082977295,0.2,0.1,256,8,2963456,3836082708,4.402815818786621,1024,1024,1
2022-08-29T17:38:19,rec.1.relu,770,1542,8.002354860305786,0.2,0.1,512,4,3158016,3836082708,4.370272636413574,1024,1024,1
2022-08-29T17:38:28,rec.1.relu,770,1079,8.000081300735474,0.2,0.1,256,16,4419584,3836082708,4.338376522064209,1024,1024,1
2022-08-29T17:38:37,rec.1.relu,770,2193,8.001844882965088,0.2,0.1,256,4,2245632,3836082708,4.416304111480713,1024,1024,1
2022-08-29T17:38:46,rec.1.relu,770,1625,8.003233909606934,0.1,0.1,256,8,3328000,3836082708,4.357900619506836,1024,1024,1
2022-08-29T17:38:55,rec.1.relu,770,1619,8.002471923828125,0.5,0.1,256,8,3315712,3836082708,4.368546485900879,1024,1024,1
2022-08-29T17:39:04,rec.1.relu,770,1615,8.00235390663147,0.1,0.1,128,16,3307520,3836082708,4.354820728302002,1024,1024,1
2022-08-29T17:39:13,rec.1.relu,770,1610,8.000003814697266,0.5,0.1,128,16,3297280,3836082708,4.384830951690674,1024,1024,1
2022-08-29T17:39:22,rec.1.tanh,770,2253,8.003008127212524,0.1,0.1,64,16,2307072,3836082708,4.358916282653809,1024,1024,1
2022-08-29T17:39:31,dense.1.tanh,769,2384,8.000267028808594,0.1,0.1,64,16,2441216,3836082708,4.389247894287109,1024,1024,1
2022-08-29T17:39:40,rec.1.relu-dense.1.tanh,772,1937,8.002187013626099,0.1,0.1,64,16,1983488,3836082708,4.3971357345581055,1024,1024,1
2022-08-29T17:39:49,rec.1.relu,770,2238,8.001374244689941,0.1,0.1,128,8,2291712,3836082708,4.7853288650512695,1024,1024,1
2022-08-29T17:39:58,rec.1.relu,770,2475,8.011206865310669,0.1,0.1,64,8,1267200,3836082708,4.344797134399414,1024,1024,1
2022-08-29T17:40:07,rec.1.relu,770,2258,8.002928733825684,0.05,0.1,64,16,2312192,3836082708,4.477372646331787,1024,1024,1
2022-08-29T17:40:16,rec.1.relu,770,951,8.003437995910645,1.0,0.1,64,64,3895296,3836082708,4.4538116455078125,1024,1024,1
2022-08-29T17:40:25,rec.1.tanh,770,495,8.009916067123413,0.5,0.1,64,128,4055040,3836082708,4.334255695343018,1024,1024,1
2022-08-29T17:40:34,dense.1.tanh,769,511,8.009664058685303,0.5,0.1,64,128,4186112,3836082708,4.53754186630249,1024,1024,1
2022-08-29T17:40:43,rec.1.relu-dense.1.tanh,772,474,8.004491090774536,0.5,0.1,64,128,3883008,3836082708,4.382801532745361,1024,1024,1
2022-08-29T17:40:52,rec.1.relu,770,529,8.007665157318115,0.5,0.1,128,64,4333568,3836082708,4.818435192108154,1024,1024,1
2022-08-29T17:41:01,rec.1.relu,770,254,8.013122081756592,0.5,0.1,64,256,4161536,3836082708,4.766522407531738,1024,1024,1
2022-08-29T17:41:10,rec.1.relu,770,500,8.008677959442139,1.0,0.1,64,128,4096000,3836082708,4.7814717292785645,1024,1024,1
2022-08-29T17:41:19,rec.1.tanh,770,1544,8.003774881362915,0.2,0.1,32,64,3162112,3836082708,4.363936424255371,1024,1024,1
2022-08-29T17:41:28,dense.1.tanh,769,1640,8.001146793365479,0.2,0.1,32,64,3358720,3836082708,4.398937225341797,1024,1024,1
2022-08-29T17:41:37,rec.1.relu-dense.1.tanh,772,1356,8.002986907958984,0.2,0.1,32,64,2777088,3836082708,4.801145553588867,1024,1024,1
2022-08-29T17:41:46,rec.1.relu,770,1541,8.004676818847656,0.1,0.1,32,64,3155968,3836082708,4.307249546051025,1024,1024,1
2022-08-29T17:41:55,rec.1.tanh,770,1532,8.00312089920044,0.1,0.1,32,64,3137536,3836082708,4.352048397064209,1024,1024,1
2022-08-29T17:42:04,dense.1.tanh,769,1649,8.001361846923828,0.1,0.1,32,64,3377152,3836082708,4.369319438934326,1024,1024,1
2022-08-29T17:42:12,rec.1.relu-dense.1.tanh,772,1374,8.000800132751465,0.1,0.1,32,64,2813952,3836082708,4.505349636077881,1024,1024,1
2022-08-29T17:42:21,rec.1.relu,770,1437,8.003957986831665,0.1,0.1,16,128,2942976,3836082708,4.3207597732543945,1024,1024,1
2022-08-29T17:42:30,rec.1.relu,770,865,8.003916025161743,0.1,0.1,32,128,3543040,3836082708,4.435868740081787,1024,1024,1
2022-08-29T17:42:39,rec.1.relu,770,1494,8.003372192382812,0.05,0.1,32,64,3059712,3836082708,4.9266462326049805,1024,1024,1
2022-08-29T17:42:48,rec.1.tanh,770,1437,8.000844955444336,0.1,0.1,16,128,2942976,3836082708,4.422485828399658,1024,1024,1
2022-08-29T17:42:57,dense.1.tanh,769,1518,8.001606702804565,0.1,0.1,16,128,3108864,3836082708,4.404926776885986,1024,1024,1
2022-08-29T17:43:06,rec.1.relu-dense.1.tanh,772,1287,8.00334906578064,0.1,0.1,16,128,2635776,3836082708,4.404325485229492,1024,1024,1
2022-08-29T17:43:15,rec.1.relu,770,837,8.008364915847778,0.1,0.1,16,256,3428352,3836082708,4.323843955993652,1024,1024,1
2022-08-29T17:43:24,rec.1.relu,770,2043,8.002916812896729,0.1,0.1,16,64,2092032,3836082708,4.324416637420654,1024,1024,1
2022-08-29T17:43:33,rec.1.relu,770,1441,8.00232982635498,0.05,0.1,16,128,2951168,3836082708,4.502044677734375,1024,1024,1
2022-08-29T17:43:42,rec.1.tanh,770,820,8.00440764427185,0.1,0.1,16,256,3358720,3836082708,4.475228786468506,1024,1024,1
2022-08-29T17:43:51,dense.1.tanh,769,825,8.007742881774902,0.1,0.1,16,256,3379200,3836082708,4.442873477935791,1024,1024,1
2022-08-29T17:44:00,rec.1.relu-dense.1.tanh,772,779,8.009627103805542,0.1,0.1,16,256,3190784,3836082708,4.482767105102539,1024,1024,1
2022-08-29T17:44:09,rec.1.relu,770,437,8.013452053070068,0.1,0.1,16,512,3579904,3836082708,4.534962177276611,1024,1024,1
2022-08-29T17:44:18,rec.1.relu,770,837,8.008362054824829,0.05,0.1,16,256,3428352,3836082708,4.641190528869629,1024,1024,1
2022-08-29T17:44:27,rec.1.tanh,770,2058,8.003509283065796,0.1,0.1,16,64,2107392,3836082708,4.401700019836426,1024,1024,1
2022-08-29T17:44:36,dense.1.tanh,769,2241,8.001545906066895,0.1,0.1,16,64,2294784,3836082708,4.385307788848877,1024,1024,1
2022-08-29T17:44:45,rec.1.relu-dense.1.tanh,772,1787,8.001884937286377,0.1,0.1,16,64,1829888,3836082708,4.8071465492248535,1024,1024,1
2022-08-29T17:44:54,rec.1.relu,770,1934,8.002429008483887,0.1,0.1,8,128,1980416,3836082708,4.330691814422607,1024,1024,1
2022-08-29T17:45:03,rec.1.relu,770,2517,8.002555847167969,0.1,0.1,16,32,1288704,3836082708,4.322817802429199,1024,1024,1
2022-08-29T17:45:12,rec.1.tanh,770,2556,8.00151801109314,0.1,0.1,16,32,1308672,3836082708,4.491241455078125,1024,1024,1
2022-08-29T17:45:21,dense.1.tanh,769,2663,8.013263940811157,0.1,0.1,16,32,1363456,3836082708,4.4467034339904785,1024,1024,1
2022-08-29T17:45:30,rec.1.relu-dense.1.tanh,772,2273,8.003221035003662,0.1,0.1,16,32,1163776,3836082708,4.453854084014893,1024,1024,1
2022-08-29T17:45:39,rec.1.relu,770,2696,8.010457038879395,0.1,0.1,32,16,1380352,3836082708,4.345938682556152,1024,1024,1
2022-08-29T17:45:48,rec.1.relu,770,2592,8.000832080841064,0.1,0.1,8,64,1327104,3836082708,4.3673930168151855,1024,1024,1
2022-08-29T17:45:57,rec.1.relu,770,2790,8.0015869140625,0.1,0.1,16,16,714240,3836082708,4.333148002624512,1024,1024,1
2022-08-29T17:46:06,rec.1.relu,770,2719,8.003038883209229,0.05,0.1,16,32,1392128,3836082708,4.490256309509277,1024,1024,1
2022-08-29T17:46:15,rec.1.relu,770,2754,8.002465963363647,0.2,0.1,16,32,1410048,3836082708,4.358436584472656,1024,1024,1
2022-08-29T17:46:23,rec.1.relu,770,2061,8.001596927642822,0.05,0.1,16,64,2110464,3836082708,4.471378326416016,1024,1024,1
2022-08-29T17:46:32,rec.1.tanh,770,1931,8.000010967254639,0.1,0.1,8,128,1977344,3836082708,4.3381476402282715,1024,1024,1
2022-08-29T17:46:41,dense.1.tanh,769,2088,8.002169847488403,0.1,0.1,8,128,2138112,3836082708,4.346719264984131,1024,1024,1
2022-08-29T17:46:50,rec.1.relu-dense.1.tanh,772,1685,8.000574827194214,0.1,0.1,8,128,1725440,3836082708,4.396484851837158,1024,1024,1
2022-08-29T17:46:59,rec.1.relu,770,1821,8.003552913665771,0.1,0.1,4,256,1864704,3836082708,4.3579277992248535,1024,1024,1
2022-08-29T17:47:08,rec.1.relu,770,1924,8.000228881835938,0.05,0.1,8,128,1970176,3836082708,4.502008438110352,1024,1024,1
2022-08-29T17:47:17,rec.1.tanh,770,2872,8.007404804229736,0.1,0.1,16,16,735232,3836082708,4.401000499725342,1024,1024,1
2022-08-29T17:47:26,dense.1.tanh,769,3015,8.011486291885376,0.1,0.1,16,16,771840,3836082708,4.443827152252197,1024,1024,1
2022-08-29T17:47:35,rec.1.relu-dense.1.tanh,772,2570,8.000198125839233,0.1,0.1,16,16,657920,3836082708,4.41637659072876,1024,1024,1
2022-08-29T17:47:44,rec.1.relu,770,3043,8.007245063781738,0.1,0.1,32,8,779008,3836082708,4.354808807373047,1024,1024,1
2022-08-29T17:47:53,rec.1.relu,770,3057,8.001121759414673,0.1,0.1,8,32,782592,3836082708,4.35508394241333,1024,1024,1
2022-08-29T17:48:02,rec.1.relu,770,3124,8.005595684051514,0.1,0.1,16,8,399872,3836082708,4.349998474121094,1024,1024,1
2022-08-29T17:48:11,rec.1.relu,770,3133,8.010040044784546,0.05,0.1,16,16,802048,3836082708,4.5257487297058105,1024,1024,1
2022-08-29T17:48:20,rec.1.relu,770,3143,8.003540992736816,0.2,0.1,16,16,804608,3836082708,4.38206148147583,1024,1024,1
2022-08-29T17:48:29,rec.1.tanh,770,474,8.009588956832886,0.2,0.1,32,256,3883008,3836082708,4.3824992179870605,1024,1024,1
2022-08-29T17:48:38,dense.1.tanh,769,478,8.014098167419434,0.2,0.1,32,256,3915776,3836082708,4.418947219848633,1024,1024,1
2022-08-29T17:48:47,rec.1.relu-dense.1.tanh,772,445,8.012230157852173,0.2,0.1,32,256,3645440,3836082708,4.364512920379639,1024,1024,1
2022-08-29T17:48:56,rec.1.relu,770,434,8.006282091140747,0.2,0.1,16,512,3555328,3836082708,4.328184604644775,1024,1024,1
2022-08-29T17:49:05,rec.1.tanh,770,435,8.016601085662842,0.2,0.1,16,512,3563520,3836082708,4.378776550292969,1024,1024,1
2022-08-29T17:49:14,dense.1.tanh,769,445,8.00755500793457,0.2,0.1,16,512,3645440,3836082708,4.369167804718018,1024,1024,1
2022-08-29T17:49:23,rec.1.relu-dense.1.tanh,772,412,8.004541397094727,0.2,0.1,16,512,3375104,3836082708,4.376672744750977,1024,1024,1
2022-08-29T17:49:32,rec.1.relu,770,226,8.01142692565918,0.2,0.1,16,1024,3702784,3836082708,4.384840965270996,1024,1024,1
2022-08-29T17:49:41,rec.1.relu,770,239,8.011032104492188,0.2,0.1,32,512,3915776,3836082708,4.298552513122559,1024,1024,1
2022-08-29T17:49:50,rec.1.tanh,770,239,8.016409158706665,0.2,0.1,32,512,3915776,3836082708,4.416148662567139,1024,1024,1
2022-08-29T17:49:59,dense.1.tanh,769,243,8.012118101119995,0.2,0.1,32,512,3981312,3836082708,4.464825630187988,1024,1024,1
2022-08-29T17:50:08,rec.1.relu-dense.1.tanh,772,233,8.023789167404175,0.2,0.1,32,512,3817472,3836082708,4.398856163024902,1024,1024,1
2022-08-29T17:50:17,rec.1.relu,770,254,8.010081052780151,0.2,0.1,64,256,4161536,3836082708,4.334996223449707,1024,1024,1
2022-08-29T17:50:26,rec.1.relu,770,133,8.032272338867188,0.2,0.1,32,1024,4358144,3836082708,4.518754482269287,1024,1024,1
2022-08-29T17:50:35,rec.1.relu,770,239,8.001394987106323,0.1,0.1,32,512,3915776,3836082708,4.59381628036499,1024,1024,1
2022-08-29T17:50:43,rec.1.relu,770,472,8.005632877349854,0.1,0.1,32,256,3866624,3836082708,4.450789451599121,1024,1024,1
2022-08-29T17:50:52,rec.1.tanh,770,811,8.002041816711426,0.2,0.1,16,256,3321856,3836082708,4.370503902435303,1024,1024,1
2022-08-29T17:51:01,dense.1.tanh,769,842,8.003326177597046,0.2,0.1,16,256,3448832,3836082708,4.380841255187988,1024,1024,1
2022-08-29T17:51:10,rec.1.relu-dense.1.tanh,772,774,8.002283096313477,0.2,0.1,16,256,3170304,3836082708,4.37034273147583,1024,1024,1
2022-08-29T17:51:19,rec.1.tanh-dense.1.tanh,772,463,8.001466989517212,0.5,0.1,64,128,3792896,3836082708,4.352992534637451,1024,1024,1
2022-08-29T17:51:28,rec.1.tanh,770,524,8.011455059051514,0.5,0.1,128,64,4292608,3836082708,4.367578983306885,1024,1024,1
2022-08-29T17:51:37,rec.1.tanh,770,254,8.016340017318726,0.5,0.1,64,256,4161536,3836082708,4.344273567199707,1024,1024,1
2022-08-29T17:51:46,rec.1.tanh,770,496,8.009314060211182,0.2,0.1,64,128,4063232,3836082708,4.369542121887207,1024,1024,1
2022-08-29T17:51:55,rec.1.tanh,770,496,8.013298988342285,1.0,0.1,64,128,4063232,3836082708,4.480452060699463,1024,1024,1
2022-08-29T17:52:04,rec.1.tanh,770,254,8.02077603340149,0.2,0.1,64,256,4161536,3836082708,4.47425651550293,1024,1024,1
2022-08-29T17:52:13,dense.1.tanh,769,252,8.02124810218811,0.2,0.1,64,256,4128768,3836082708,4.464129447937012,1024,1024,1
2022-08-29T17:52:22,rec.1.relu-dense.1.tanh,772,235,8.002248764038086,0.2,0.1,64,256,3850240,3836082708,4.506099700927734,1024,1024,1
2022-08-29T17:52:31,rec.1.relu,770,260,8.024569988250732,0.2,0.1,128,128,4259840,3836082708,4.3538641929626465,1024,1024,1
2022-08-29T17:52:40,rec.1.relu,770,133,8.007610082626343,0.2,0.1,64,512,4358144,3836082708,4.42296838760376,1024,1024,1
2022-08-29T17:52:49,rec.1.relu,770,250,8.007871150970459,0.1,0.1,64,256,4096000,3836082708,4.625890254974365,1024,1024,1
2022-08-29T17:52:58,rec.1.tanh,770,635,8.002565145492554,0.2,0.1,2,2048,2600960,3836082708,4.372268199920654,1024,1024,1
2022-08-29T17:53:07,dense.1.tanh,769,662,8.008188962936401,0.2,0.1,2,2048,2711552,3836082708,4.403535842895508,1024,1024,1
2022-08-29T17:53:16,rec.1.relu-dense.1.tanh,772,602,8.008196115493774,0.2,0.1,2,2048,2465792,3836082708,4.350383281707764,1024,1024,1
2022-08-29T17:53:25,rec.1.relu,770,1099,8.003270864486694,0.2,0.1,2,1024,2250752,3836082708,4.386843204498291,1024,1024,1
2022-08-29T17:53:34,rec.1.relu,770,630,8.011650085449219,0.1,0.1,2,2048,2580480,3836082708,4.40472936630249,1024,1024,1
2022-08-29T17:53:43,rec.1.relu,770,633,8.006227970123291,0.5,0.1,2,2048,2592768,3836082708,4.374086856842041,1024,1024,1
2022-08-29T17:53:52,rec.1.tanh,770,1053,8.004326105117798,0.2,0.1,128,32,4313088,3836082708,4.380820274353027,1024,1024,1
2022-08-29T17:54:01,dense.1.tanh,769,1093,8.00171184539795,0.2,0.1,128,32,4476928,3836082708,4.399258136749268,1024,1024,1
2022-08-29T17:54:10,rec.1.relu-dense.1.tanh,772,968,8.001643180847168,0.2,0.1,128,32,3964928,3836082708,4.321134567260742,1024,1024,1
2022-08-29T17:54:19,rec.1.tanh-dense.1.tanh,772,963,8.00264310836792,0.2,0.1,128,32,3944448,3836082708,4.367794990539551,1024,1024,1
2022-08-29T17:54:28,rec.1.relu-dense.1.relu,772,969,8.003545045852661,0.2,0.1,128,32,3969024,3836082708,4.799732208251953,1024,1024,1
2022-08-29T17:54:37,rec.1.relu-rec.1.tanh,773,928,8.003589868545532,0.2,0.1,128,32,3801088,3836082708,4.381225109100342,1024,1024,1
2022-08-29T17:54:46,rec.1.relu-gru.1.tanh,779,724,8.009655714035034,0.2,0.1,128,32,2965504,3836082708,4.372699737548828,1024,1024,1
2022-08-29T17:54:55,rec.1.relu-lstm.1,782,672,8.004749774932861,0.2,0.1,128,32,2752512,3836082708,4.784578323364258,1024,1024,1
2022-08-29T17:55:04,rec.1.relu-dense.1.tanh-dense.1.tanh,774,896,8.00321888923645,0.2,0.1,128,32,3670016,3836082708,4.479937553405762,1024,1024,1
2022-08-29T17:55:13,rec.1.relu-dense.1.tanh,772,996,8.003430128097534,0.2,0.1,256,16,4079616,3836082708,4.370075702667236,1024,1024,1
2022-08-29T17:55:22,rec.1.relu-dense.1.tanh,772,504,8.000457763671875,0.2,0.1,128,64,4128768,3836082708,4.399862289428711,1024,1024,1
2022-08-29T17:55:31,rec.1.relu-dense.1.tanh,772,952,8.00245714187622,0.1,0.1,128,32,3899392,3836082708,4.791194438934326,1024,1024,1
2022-08-29T17:55:40,rec.1.relu-dense.1.tanh,772,961,8.003535747528076,0.5,0.1,128,32,3936256,3836082708,4.394835948944092,1024,1024,1
2022-08-29T17:55:48,rec.1.relu,770,525,8.008343935012817,0.2,0.1,128,64,4300800,3836082708,4.329875946044922,1024,1024,1
2022-08-29T17:55:58,rec.1.tanh,770,516,8.002509117126465,0.2,0.1,128,64,4227072,3836082708,4.344525337219238,1024,1024,1
2022-08-29T17:56:07,dense.1.tanh,769,516,8.009840250015259,0.2,0.1,128,64,4227072,3836082708,4.442554473876953,1024,1024,1
2022-08-29T17:56:16,rec.1.relu,770,579,8.002246141433716,0.2,0.1,256,32,4743168,3836082708,4.313380718231201,1024,1024,1
2022-08-29T17:56:25,rec.1.tanh,770,581,8.009401082992554,0.2,0.1,256,32,4759552,3836082708,4.39421272277832,1024,1024,1
2022-08-29T17:56:34,dense.1.tanh,769,585,8.010370016098022,0.2,0.1,256,32,4792320,3836082708,4.377194881439209,1024,1024,1
2022-08-29T17:56:43,rec.1.relu-dense.1.tanh,772,543,8.008009910583496,0.2,0.1,256,32,4448256,3836082708,4.3640546798706055,1024,1024,1
2022-08-29T17:56:52,rec.1.relu,770,573,8.003905057907104,0.2,0.1,512,16,4694016,3836082708,4.3382463455200195,1024,1024,1
2022-08-29T17:57:01,rec.1.relu,770,269,8.023843765258789,0.2,0.1,256,64,4407296,3836082708,4.330183029174805,1024,1024,1
2022-08-29T17:57:10,rec.1.relu,770,561,8.002482175827026,0.1,0.1,256,32,4595712,3836082708,4.498564720153809,1024,1024,1
2022-08-29T17:57:19,rec.1.relu,770,564,8.00508427619934,0.5,0.1,256,32,4620288,3836082708,4.797275066375732,1024,1024,1
2022-08-29T17:57:28,rec.1.relu,770,498,8.005411148071289,0.1,0.1,128,64,4079616,3836082708,4.433101654052734,1024,1024,1
2022-08-29T17:57:37,rec.1.tanh,770,266,8.005254983901978,0.2,0.1,256,64,4358144,3836082708,4.4356536865234375,1024,1024,1
2022-08-29T17:57:46,dense.1.tanh,769,274,8.01327896118164,0.2,0.1,256,64,4489216,3836082708,4.446481227874756,1024,1024,1
2022-08-29T17:57:55,rec.1.relu-dense.1.tanh,772,263,8.013500213623047,0.2,0.1,256,64,4308992,3836082708,4.481791973114014,1024,1024,1
2022-08-29T17:58:04,rec.1.relu,770,301,8.005435705184937,0.2,0.1,512,32,4931584,3836082708,4.336899757385254,1024,1024,1
2022-08-29T17:58:13,rec.1.relu,770,148,8.030328035354614,0.2,0.1,256,128,4849664,3836082708,4.439361572265625,1024,1024,1
2022-08-29T17:58:22,rec.1.relu,770,271,8.006273031234741,0.1,0.1,256,64,4440064,3836082708,5.0897674560546875,1024,1024,1
2022-08-29T17:58:31,rec.1.relu,770,273,8.021997928619385,0.5,0.1,256,64,4472832,3836082708,4.341293811798096,1024,1024,1
2022-08-29T17:58:40,rec.1.tanh,770,309,8.01156997680664,0.2,0.1,512,32,5062656,3836082708,4.430607795715332,1024,1024,1
2022-08-29T17:58:49,dense.1.tanh,769,315,8.019387006759644,0.2,0.1,512,32,5160960,3836082708,4.424177169799805,1024,1024,1
2022-08-29T17:58:58,rec.1.relu-dense.1.tanh,772,299,8.013935804367065,0.2,0.1,512,32,4898816,3836082708,4.795010089874268,1024,1024,1
2022-08-29T17:59:07,rec.1.relu,770,305,8.008712768554688,0.2,0.1,1024,16,4997120,3836082708,4.837903022766113,1024,1024,1
2022-08-29T17:59:16,rec.1.relu,770,163,8.009529829025269,0.2,0.1,512,64,5341184,3836082708,4.447402000427246,1024,1024,1
2022-08-29T17:59:25,rec.1.relu,770,310,8.002389907836914,0.1,0.1,512,32,5079040,3836082708,4.5839667320251465,1024,1024,1
2022-08-29T17:59:34,rec.1.relu,770,312,8.013002872467041,0.5,0.1,512,32,5111808,3836082708,4.349266529083252,1024,1024,1
2022-08-29T17:59:43,rec.1.relu,770,1019,8.004715919494629,0.1,0.1,128,32,4173824,3836082708,4.3481268882751465,1024,1024,1
2022-08-29T17:59:52,rec.1.tanh-dense.1.tanh,772,1610,8.001078844070435,0.1,0.1,8,128,1648640,3836082708,4.37930965423584,1024,1024,1
2022-08-29T18:00:01,rec.1.tanh,770,1745,8.001734972000122,0.1,0.1,4,256,1786880,3836082708,4.387936115264893,1024,1024,1
2022-08-29T18:00:10,rec.1.tanh,770,1268,8.004475831985474,0.1,0.1,8,256,2596864,3836082708,4.3760666847229,1024,1024,1
2022-08-29T18:00:19,rec.1.tanh,770,2444,8.001199722290039,0.1,0.1,8,64,1251328,3836082708,4.365109443664551,1024,1024,1
2022-08-29T18:00:28,rec.1.tanh,770,1889,8.000995874404907,0.05,0.1,8,128,1934336,3836082708,4.5093607902526855,1024,1024,1
2022-08-29T18:00:37,rec.1.tanh,770,1883,8.00191879272461,0.2,0.1,8,128,1928192,3836082708,4.30440616607666,1024,1024,1
2022-08-29T18:00:46,dense.1.tanh,769,2008,8.003650188446045,0.2,0.1,8,128,2056192,3836082708,4.371973991394043,1024,1024,1
2022-08-29T18:00:55,rec.1.tanh-dense.1.tanh,772,1593,8.002270936965942,0.2,0.1,8,128,1631232,3836082708,4.39674186706543,1024,1024,1
2022-08-29T18:01:04,rec.1.tanh,770,2001,8.001462697982788,0.2,0.1,16,64,2049024,3836082708,4.379550457000732,1024,1024,1
2022-08-29T18:01:13,rec.1.tanh,770,1733,8.00347113609314,0.2,0.1,4,256,1774592,3836082708,4.367766380310059,1024,1024,1
2022-08-29T18:01:22,rec.1.tanh,770,2435,8.001674890518188,0.2,0.1,8,64,1246720,3836082708,4.42799711227417,1024,1024,1
2022-08-29T18:01:31,rec.1.tanh,770,1883,8.002048969268799,0.5,0.1,8,128,1928192,3836082708,4.420324325561523,1024,1024,1
2022-08-29T18:01:40,rec.1.tanh,770,599,8.009509086608887,0.2,0.1,512,16,4907008,3836082708,4.397465705871582,1024,1024,1
2022-08-29T18:01:49,dense.1.tanh,769,616,8.004765033721924,0.2,0.1,512,16,5046272,3836082708,4.367253303527832,1024,1024,1
2022-08-29T18:01:58,rec.1.relu-dense.1.tanh,772,560,8.008459091186523,0.2,0.1,512,16,4587520,3836082708,4.425793647766113,1024,1024,1
2022-08-29T18:02:07,rec.1.relu,770,609,8.007915735244751,0.2,0.1,1024,8,4988928,3836082708,4.4623541831970215,1024,1024,1
2022-08-29T18:02:16,rec.1.relu,770,1053,8.003607034683228,0.2,0.1,512,8,4313088,3836082708,4.452263832092285,1024,1024,1
2022-08-29T18:02:25,rec.1.relu,770,601,8.009205102920532,0.1,0.1,512,16,4923392,3836082708,4.6849822998046875,1024,1024,1
2022-08-29T18:02:34,rec.1.relu,770,607,8.005122661590576,0.5,0.1,512,16,4972544,3836082708,4.330073356628418,1024,1024,1
2022-08-29T18:02:43,rec.1.tanh,770,600,8.002322912216187,0.5,0.1,512,16,4915200,3836082708,4.349444389343262,1024,1024,1
2022-08-29T18:02:52,dense.1.tanh,769,619,8.011275053024292,0.5,0.1,512,16,5070848,3836082708,4.424859523773193,1024,1024,1
2022-08-29T18:03:01,rec.1.relu-dense.1.tanh,772,578,8.00635814666748,0.5,0.1,512,16,4734976,3836082708,4.8130693435668945,1024,1024,1
2022-08-29T18:03:10,rec.1.relu,770,618,8.00272011756897,0.5,0.1,1024,8,5062656,3836082708,4.380014419555664,1024,1024,1
2022-08-29T18:03:19,rec.1.relu,770,1049,8.001640796661377,0.5,0.1,512,8,4296704,3836082708,4.893456935882568,1024,1024,1
2022-08-29T18:03:28,rec.1.relu,770,599,8.012165069580078,1.0,0.1,512,16,4907008,3836082708,4.576922416687012,1024,1024,1
2022-08-29T18:03:37,rec.1.tanh,770,1076,8.007055044174194,0.2,0.1,256,16,4407296,3836082708,4.393882751464844,1024,1024,1
2022-08-29T18:03:46,dense.1.tanh,769,1134,8.004646301269531,0.2,0.1,256,16,4644864,3836082708,4.394566535949707,1024,1024,1
2022-08-29T18:03:55,rec.1.relu,770,1075,8.00413203239441,0.1,0.1,256,16,4403200,3836082708,4.367397785186768,1024,1024,1
2022-08-29T18:04:04,rec.1.relu,770,1062,8.000601768493652,0.5,0.1,256,16,4349952,3836082708,4.364473819732666,1024,1024,1
2022-08-29T18:04:13,dense.1.tanh,769,508,8.009606122970581,0.2,0.1,64,128,4161536,3836082708,4.417198181152344,1024,1024,1
2022-08-29T18:04:22,rec.1.relu-dense.1.tanh,772,467,8.001936912536621,0.2,0.1,64,128,3825664,3836082708,4.39201021194458,1024,1024,1
2022-08-29T18:04:31,rec.1.relu,770,494,8.010418891906738,0.1,0.1,64,128,4046848,3836082708,4.447606563568115,1024,1024,1
2022-08-29T18:04:40,dense.1.tanh,769,2202,8.000445127487183,0.2,0.1,16,64,2254848,3836082708,4.398293495178223,1024,1024,1
2022-08-29T18:04:49,rec.1.relu-dense.1.tanh,772,1780,8.001868963241577,0.2,0.1,16,64,1822720,3836082708,4.380038738250732,1024,1024,1
2022-08-29T18:04:58,rec.1.relu,770,2058,8.000829935073853,0.5,0.1,16,64,2107392,3836082708,4.3875651359558105,1024,1024,1
2022-08-29T18:05:07,rec.1.tanh,770,261,8.015110969543457,0.2,0.1,4,4096,4276224,3836082708,4.41840124130249,1024,1024,1
2022-08-29T18:05:16,dense.1.tanh,769,269,8.00946593284607,0.2,0.1,4,4096,4407296,3836082708,4.395205974578857,1024,1024,1
2022-08-29T18:05:25,rec.1.relu-dense.1.tanh,772,253,8.011201858520508,0.2,0.1,4,4096,4145152,3836082708,4.825711727142334,1024,1024,1
2022-08-29T18:05:34,rec.1.relu,770,220,8.007660865783691,0.2,0.1,8,2048,3604480,3836082708,4.325396537780762,1024,1024,1
2022-08-29T18:05:43,rec.1.tanh,770,221,8.023161172866821,0.2,0.1,8,2048,3620864,3836082708,4.408283710479736,1024,1024,1
2022-08-29T18:05:52,dense.1.tanh,769,224,8.002020120620728,0.2,0.1,8,2048,3670016,3836082708,4.468655109405518,1024,1024,1
2022-08-29T18:06:01,rec.1.relu-dense.1.tanh,772,216,8.025285243988037,0.2,0.1,8,2048,3538944,3836082708,4.4338250160217285,1024,1024,1
2022-08-29T18:06:10,rec.1.relu,770,165,8.00475811958313,0.2,0.1,8,4096,5406720,3836082708,4.757749080657959,1024,1024,1
2022-08-29T18:06:19,rec.1.relu,770,220,8.026323795318604,0.1,0.1,8,2048,3604480,3836082708,4.542758464813232,1024,1024,1
2022-08-29T18:06:28,rec.1.relu,770,217,8.000561952590942,0.5,0.1,8,2048,3555328,3836082708,4.3306097984313965,1024,1024,1
2022-08-29T18:06:37,rec.1.tanh,770,218,8.000438928604126,0.5,0.1,8,2048,3571712,3836082708,4.34650182723999,1024,1024,1
2022-08-29T18:06:46,dense.1.tanh,769,219,8.018988847732544,0.5,0.1,8,2048,3588096,3836082708,4.3871331214904785,1024,1024,1
2022-08-29T18:06:55,rec.1.relu-dense.1.tanh,772,215,8.006808042526245,0.5,0.1,8,2048,3522560,3836082708,4.75424861907959,1024,1024,1
2022-08-29T18:07:04,rec.1.relu,770,228,8.007962226867676,0.5,0.1,16,1024,3735552,3836082708,4.351426124572754,1024,1024,1
2022-08-29T18:07:13,rec.1.relu,770,260,8.024333000183105,0.5,0.1,4,4096,4259840,3836082708,4.425774097442627,1024,1024,1
2022-08-29T18:07:22,rec.1.relu,770,166,8.038105010986328,0.5,0.1,8,4096,5439488,3836082708,4.304486274719238,1024,1024,1
2022-08-29T18:07:31,rec.1.tanh,770,169,8.043971061706543,0.5,0.1,8,4096,5537792,3836082708,4.360655307769775,1024,1024,1
2022-08-29T18:07:40,dense.1.tanh,769,167,8.00221300125122,0.5,0.1,8,4096,5472256,3836082708,4.380751609802246,1024,1024,1
2022-08-29T18:07:49,rec.1.relu-dense.1.tanh,772,162,8.017889022827148,0.5,0.1,8,4096,5308416,3836082708,4.341506481170654,1024,1024,1
2022-08-29T18:07:58,rec.1.relu,770,128,8.043936967849731,0.5,0.1,16,2048,4194304,3836082708,4.35890007019043,1024,1024,1
2022-08-29T18:08:07,rec.1.relu,770,141,8.030265092849731,0.5,0.1,4,8192,4620288,3836082708,4.452326774597168,1024,1024,1
2022-08-29T18:08:16,rec.1.relu,770,85,8.06911587715149,0.5,0.1,8,8192,5570560,3836082708,4.353961944580078,1024,1024,1
2022-08-29T18:08:25,rec.1.relu,770,165,8.01724100112915,1.0,0.1,8,4096,5406720,3836082708,4.78177547454834,1024,1024,1
2022-08-29T18:08:34,rec.1.relu,770,215,8.017449140548706,1.0,0.1,8,2048,3522560,3836082708,4.465622425079346,1024,1024,1
2022-08-29T18:08:43,rec.1.relu,770,214,8.000706911087036,0.2,0.1,2,8192,3506176,3836082708,4.3994622230529785,1024,1024,1
2022-08-29T18:08:52,rec.1.relu,770,141,8.005114078521729,0.2,0.1,4,8192,4620288,3836082708,4.511481285095215,1024,1024,1
2022-08-29T18:09:01,rec.1.relu,770,257,8.021147012710571,0.1,0.1,4,4096,4210688,3836082708,4.595988750457764,1024,1024,1
2022-08-29T18:09:10,dense.1.tanh,769,1355,8.005621910095215,0.1,0.1,8,256,2775040,3836082708,4.451236724853516,1024,1024,1
2022-08-29T18:09:19,rec.1.relu-dense.1.tanh,772,1205,8.000190019607544,0.1,0.1,8,256,2467840,3836082708,4.370701789855957,1024,1024,1
2022-08-29T18:09:28,rec.1.relu,770,1215,8.005292892456055,0.1,0.1,4,512,2488320,3836082708,4.349424362182617,1024,1024,1
2022-08-29T18:09:37,rec.1.relu,770,1331,8.004838705062866,0.05,0.1,8,256,2725888,3836082708,4.524257183074951,1024,1024,1
2022-08-29T18:09:46,rec.1.tanh,770,278,8.009512901306152,0.5,0.1,256,64,4554752,3836082708,4.339590549468994,1024,1024,1
2022-08-29T18:09:55,dense.1.tanh,769,285,8.01129698753357,0.5,0.1,256,64,4669440,3836082708,4.398000717163086,1024,1024,1
2022-08-29T18:10:04,rec.1.tanh-dense.1.tanh,772,269,8.021867990493774,0.5,0.1,256,64,4407296,3836082708,4.4110188484191895,1024,1024,1
2022-08-29T18:10:13,rec.1.tanh,770,315,8.009199857711792,0.5,0.1,512,32,5160960,3836082708,4.3917765617370605,1024,1024,1
2022-08-29T18:10:22,rec.1.tanh,770,260,8.022866249084473,0.5,0.1,128,128,4259840,3836082708,4.3852338790893555,1024,1024,1
2022-08-29T18:10:31,rec.1.tanh,770,149,8.048749923706055,0.5,0.1,256,128,4882432,3836082708,4.358169078826904,1024,1024,1
2022-08-29T18:10:40,rec.1.tanh,770,600,8.00402307510376,0.5,0.1,256,32,4915200,3836082708,4.406916618347168,1024,1024,1
2022-08-29T18:10:49,rec.1.tanh,770,280,8.004302263259888,1.0,0.1,256,64,4587520,3836082708,4.410186767578125,1024,1024,1
2022-08-29T18:10:58,rec.1.relu-dense.1.tanh,772,268,8.02333116531372,0.5,0.1,256,64,4390912,3836082708,4.4423370361328125,1024,1024,1
2022-08-29T18:11:07,rec.1.relu,770,258,8.017271041870117,0.5,0.1,128,128,4227072,3836082708,4.311722755432129,1024,1024,1
2022-08-29T18:11:16,dense.1.tanh,769,262,8.001850128173828,0.5,0.1,128,128,4292608,3836082708,4.3924174308776855,1024,1024,1
2022-08-29T18:11:25,rec.1.relu-dense.1.tanh,772,253,8.027368068695068,0.5,0.1,128,128,4145152,3836082708,4.381877899169922,1024,1024,1
2022-08-29T18:11:34,rec.1.relu,770,143,8.015262126922607,0.5,0.1,128,256,4685824,3836082708,4.375739574432373,1024,1024,1
2022-08-29T18:11:43,rec.1.relu,770,260,8.00187087059021,1.0,0.1,128,128,4259840,3836082708,4.534887313842773,1024,1024,1
2022-08-29T18:11:51,rec.1.relu,770,152,8.011346817016602,0.5,0.1,256,128,4980736,3836082708,4.450767993927002,1024,1024,1
2022-08-29T18:12:00,rec.1.relu,770,280,8.007943153381348,1.0,0.1,256,64,4587520,3836082708,4.817443370819092,1024,1024,1
2022-08-29T18:12:09,rec.1.tanh-dense.1.tanh,772,161,8.03934383392334,0.5,0.1,8,4096,5275648,3836082708,4.369126796722412,1024,1024,1
2022-08-29T18:12:18,rec.1.relu-dense.1.relu,772,160,8.015701055526733,0.5,0.1,8,4096,5242880,3836082708,4.774666786193848,1024,1024,1
2022-08-29T18:12:27,rec.1.relu-rec.1.tanh,773,161,8.022850036621094,0.5,0.1,8,4096,5275648,3836082708,4.8176045417785645,1024,1024,1
2022-08-29T18:12:36,rec.1.relu-gru.1.tanh,779,145,8.031991958618164,0.5,0.1,8,4096,4751360,3836082708,4.398383140563965,1024,1024,1
2022-08-29T18:12:46,rec.1.relu-lstm.1,782,140,8.029855966567993,0.5,0.1,8,4096,4587520,3836082708,4.406041622161865,1024,1024,1
2022-08-29T18:12:55,rec.1.relu-dense.1.tanh-dense.1.tanh,774,158,8.019808053970337,0.5,0.1,8,4096,5177344,3836082708,4.7623186111450195,1024,1024,1
2022-08-29T18:13:04,rec.1.relu-dense.1.tanh,772,127,8.055002927780151,0.5,0.1,16,2048,4161536,3836082708,4.484176158905029,1024,1024,1
2022-08-29T18:13:13,rec.1.relu-dense.1.tanh,772,139,8.02904987335205,0.5,0.1,4,8192,4554752,3836082708,4.847462177276611,1024,1024,1
2022-08-29T18:13:22,rec.1.relu-dense.1.tanh,772,82,8.048414945602417,0.5,0.1,8,8192,5373952,3836082708,4.484519004821777,1024,1024,1
2022-08-29T18:13:31,rec.1.relu-dense.1.tanh,772,164,8.023677825927734,0.2,0.1,8,4096,5373952,3836082708,4.495627403259277,1024,1024,1
2022-08-29T18:13:40,rec.1.relu-dense.1.tanh,772,162,8.04190182685852,1.0,0.1,8,4096,5308416,3836082708,4.765244483947754,1024,1024,1
2022-08-29T18:13:49,rec.1.relu,770,240,8.020967960357666,0.2,0.1,32,512,3932160,3836082708,4.344167709350586,1024,1024,1
2022-08-29T18:13:58,rec.1.tanh,770,238,8.00142788887024,0.5,0.1,32,512,3899392,3836082708,4.378718376159668,1024,1024,1
2022-08-29T18:14:07,dense.1.tanh,769,243,8.004929065704346,0.5,0.1,32,512,3981312,3836082708,4.355923652648926,1024,1024,1
2022-08-29T18:14:16,rec.1.relu-dense.1.tanh,772,232,8.0051908493042,0.5,0.1,32,512,3801088,3836082708,4.370707988739014,1024,1024,1
2022-08-29T18:14:25,rec.1.relu,770,133,8.054853916168213,0.5,0.1,32,1024,4358144,3836082708,4.345615386962891,1024,1024,1
2022-08-29T18:14:34,rec.1.relu,770,240,8.005115032196045,1.0,0.1,32,512,3932160,3836082708,4.8208537101745605,1024,1024,1
2022-08-29T18:14:43,rec.1.relu,770,936,8.007184267044067,0.2,0.1,64,64,3833856,3836082708,4.332637310028076,1024,1024,1
2022-08-29T18:14:52,rec.1.tanh,770,383,8.005132913589478,0.5,0.1,4,2048,3137536,3836082708,4.395810604095459,1024,1024,1
2022-08-29T18:15:01,dense.1.tanh,769,391,8.001667022705078,0.5,0.1,4,2048,3203072,3836082708,4.431631088256836,1024,1024,1
2022-08-29T18:15:10,rec.1.relu-dense.1.tanh,772,374,8.015599966049194,0.5,0.1,4,2048,3063808,3836082708,4.363327980041504,1024,1024,1
2022-08-29T18:15:19,rec.1.relu,770,412,8.012229204177856,0.5,0.1,2,4096,3375104,3836082708,4.33126974105835,1024,1024,1
2022-08-29T18:15:27,rec.1.tanh,770,412,8.015042066574097,0.5,0.1,2,4096,3375104,3836082708,4.409336090087891,1024,1024,1
2022-08-29T18:15:36,dense.1.tanh,769,420,8.007889986038208,0.5,0.1,2,4096,3440640,3836082708,4.398998737335205,1024,1024,1
2022-08-29T18:15:45,rec.1.relu-dense.1.tanh,772,397,8.008801221847534,0.5,0.1,2,4096,3252224,3836082708,4.4503607749938965,1024,1024,1
2022-08-29T18:15:54,rec.1.relu,770,217,8.024208784103394,0.5,0.1,2,8192,3555328,3836082708,4.372863292694092,1024,1024,1
2022-08-29T18:16:03,rec.1.relu,770,414,8.006440877914429,1.0,0.1,2,4096,3391488,3836082708,4.848266124725342,1024,1024,1
2022-08-29T18:16:12,rec.1.relu,770,386,8.001981258392334,1.0,0.1,4,2048,3162112,3836082708,4.607275485992432,1024,1024,1
2022-08-29T18:16:21,rec.1.tanh,770,1409,8.002125024795532,0.2,0.1,16,128,2885632,3836082708,4.347514629364014,1024,1024,1
2022-08-29T18:16:30,dense.1.tanh,769,1503,8.000708818435669,0.2,0.1,16,128,3078144,3836082708,4.389771461486816,1024,1024,1
2022-08-29T18:16:39,rec.1.relu-dense.1.tanh,772,1273,8.00161600112915,0.2,0.1,16,128,2607104,3836082708,4.355809688568115,1024,1024,1
2022-08-29T18:16:48,dense.1.tanh,769,253,8.002100944519043,0.5,0.1,64,256,4145152,3836082708,4.381778717041016,1024,1024,1
2022-08-29T18:16:57,rec.1.tanh-dense.1.tanh,772,240,8.021052837371826,0.5,0.1,64,256,3932160,3836082708,4.3796844482421875,1024,1024,1
2022-08-29T18:17:06,rec.1.tanh,770,135,8.002341985702515,0.5,0.1,64,512,4423680,3836082708,4.370671272277832,1024,1024,1
2022-08-29T18:17:15,rec.1.tanh,770,254,8.025816679000854,1.0,0.1,64,256,4161536,3836082708,4.379766941070557,1024,1024,1
2022-08-29T18:17:24,rec.1.tanh-dense.1.tanh,772,501,8.000208139419556,0.2,0.1,128,64,4104192,3836082708,4.443301200866699,1024,1024,1
2022-08-29T18:17:33,rec.1.tanh,770,258,8.022954940795898,0.2,0.1,128,128,4227072,3836082708,4.396298408508301,1024,1024,1
2022-08-29T18:17:42,rec.1.tanh,770,522,8.002990007400513,0.1,0.1,128,64,4276224,3836082708,4.519464015960693,1024,1024,1
2022-08-29T18:17:51,rec.1.tanh,770,1655,8.000473260879517,0.1,0.1,64,32,3389440,3836082708,4.415533542633057,1024,1024,1
2022-08-29T18:18:00,dense.1.tanh,769,1737,8.003798246383667,0.1,0.1,64,32,3557376,3836082708,4.39991569519043,1024,1024,1
2022-08-29T18:18:09,rec.1.relu-dense.1.tanh,772,1469,8.002341985702515,0.1,0.1,64,32,3008512,3836082708,4.47597074508667,1024,1024,1
2022-08-29T18:18:18,rec.1.relu,770,1674,8.00408411026001,0.05,0.1,64,32,3428352,3836082708,4.543635845184326,1024,1024,1
2022-08-29T18:18:27,rec.1.tanh,770,2643,8.000298023223877,0.1,0.1,64,8,1353216,3836082708,4.444437026977539,1024,1024,1
2022-08-29T18:18:36,dense.1.tanh,769,2888,8.001636981964111,0.1,0.1,64,8,1478656,3836082708,4.425544261932373,1024,1024,1
2022-08-29T18:18:45,rec.1.relu-dense.1.tanh,772,2200,8.001916885375977,0.1,0.1,64,8,1126400,3836082708,4.459775447845459,1024,1024,1
2022-08-29T18:18:54,rec.1.relu,770,2596,8.001358032226562,0.1,0.1,128,4,1329152,3836082708,4.349428653717041,1024,1024,1
2022-08-29T18:19:03,rec.1.relu,770,3098,8.00155782699585,0.1,0.1,64,4,793088,3836082708,4.354405403137207,1024,1024,1
2022-08-29T18:19:12,rec.1.relu,770,2637,8.000477075576782,0.05,0.1,64,8,1350144,3836082708,4.4546098709106445,1024,1024,1
2022-08-29T18:19:21,rec.1.tanh,770,1180,8.003668069839478,0.2,0.1,4,512,2416640,3836082708,4.3868255615234375,1024,1024,1
2022-08-29T18:19:30,dense.1.tanh,769,1285,8.000332832336426,0.2,0.1,4,512,2631680,3836082708,4.371119022369385,1024,1024,1
2022-08-29T18:19:39,rec.1.relu-dense.1.tanh,772,1072,8.003145933151245,0.2,0.1,4,512,2195456,3836082708,4.385255336761475,1024,1024,1
2022-08-29T18:19:48,rec.1.relu,770,1766,8.001981973648071,0.2,0.1,4,256,1808384,3836082708,4.810993194580078,1024,1024,1
2022-08-29T18:19:57,rec.1.relu,770,1194,8.005453824996948,0.5,0.1,4,512,2445312,3836082708,4.402634620666504,1024,1024,1
2022-08-29T18:20:06,rec.1.tanh,770,412,8.013577938079834,0.5,0.1,8,1024,3375104,3836082708,4.391578674316406,1024,1024,1
2022-08-29T18:20:15,dense.1.tanh,769,420,8.002438068389893,0.5,0.1,8,1024,3440640,3836082708,4.348620414733887,1024,1024,1
2022-08-29T18:20:24,rec.1.relu-dense.1.tanh,772,396,8.006067037582397,0.5,0.1,8,1024,3244032,3836082708,4.383848667144775,1024,1024,1
2022-08-29T18:20:33,rec.1.relu,770,414,8.00456714630127,1.0,0.1,8,1024,3391488,3836082708,4.849859237670898,1024,1024,1
2022-08-29T18:20:42,rec.1.tanh,770,133,8.04970121383667,0.5,0.1,32,1024,4358144,3836082708,4.331204414367676,1024,1024,1
2022-08-29T18:20:51,dense.1.tanh,769,134,8.054472208023071,0.5,0.1,32,1024,4390912,3836082708,4.395920276641846,1024,1024,1
2022-08-29T18:21:00,rec.1.tanh-dense.1.tanh,772,128,8.015663146972656,0.5,0.1,32,1024,4194304,3836082708,4.374331474304199,1024,1024,1
2022-08-29T18:21:09,rec.1.tanh,770,128,8.024631023406982,0.5,0.1,16,2048,4194304,3836082708,4.358593940734863,1024,1024,1
2022-08-29T18:21:18,rec.1.tanh,770,68,8.027736902236938,0.5,0.1,32,2048,4456448,3836082708,4.342433929443359,1024,1024,1
2022-08-29T18:21:27,rec.1.tanh,770,132,8.030028104782104,0.2,0.1,32,1024,4325376,3836082708,4.508845806121826,1024,1024,1
2022-08-29T18:21:36,rec.1.tanh,770,131,8.028298139572144,1.0,0.1,32,1024,4292608,3836082708,4.437853813171387,1024,1024,1
2022-08-29T18:21:45,rec.1.relu,770,68,8.011141777038574,0.5,0.1,32,2048,4456448,3836082708,4.529827117919922,1024,1024,1
2022-08-29T18:21:54,dense.1.tanh,769,69,8.1076500415802,0.5,0.1,32,2048,4521984,3836082708,4.38031530380249,1024,1024,1
2022-08-29T18:22:03,rec.1.tanh-dense.1.tanh,772,67,8.051167964935303,0.5,0.1,32,2048,4390912,3836082708,4.4219970703125,1024,1024,1
2022-08-29T18:22:12,rec.1.tanh,770,69,8.033303022384644,0.5,0.1,64,1024,4521984,3836082708,4.384471416473389,1024,1024,1
2022-08-29T18:22:21,rec.1.tanh,770,95,8.04034686088562,0.5,0.1,16,4096,6225920,3836082708,4.346802234649658,1024,1024,1
2022-08-29T18:22:30,rec.1.tanh,770,44,8.073408126831055,0.5,0.1,32,4096,5767168,3836082708,4.433837890625,1024,1024,1
2022-08-29T18:22:39,rec.1.tanh,770,68,8.007224082946777,0.2,0.1,32,2048,4456448,3836082708,4.746924877166748,1024,1024,1
2022-08-29T18:22:48,rec.1.tanh,770,69,8.08595585823059,1.0,0.1,32,2048,4521984,3836082708,4.400458335876465,1024,1024,1
2022-08-29T18:22:57,rec.1.relu-dense.1.tanh,772,129,8.035280227661133,0.5,0.1,32,1024,4227072,3836082708,4.4378275871276855,1024,1024,1
2022-08-29T18:23:06,rec.1.relu,770,135,8.028939962387085,0.5,0.1,64,512,4423680,3836082708,4.319145679473877,1024,1024,1
2022-08-29T18:23:15,dense.1.tanh,769,137,8.044677019119263,0.5,0.1,64,512,4489216,3836082708,4.365733623504639,1024,1024,1
2022-08-29T18:23:24,rec.1.relu-dense.1.tanh,772,133,8.039615154266357,0.5,0.1,64,512,4358144,3836082708,4.335628986358643,1024,1024,1
2022-08-29T18:23:33,rec.1.relu,770,69,8.034674882888794,0.5,0.1,64,1024,4521984,3836082708,4.730921268463135,1024,1024,1
2022-08-29T18:23:42,rec.1.relu,770,135,8.02683401107788,1.0,0.1,64,512,4423680,3836082708,4.756178855895996,1024,1024,1
2022-08-29T18:23:51,rec.1.tanh-dense.1.tanh,772,132,8.050173044204712,0.5,0.1,64,512,4325376,3836082708,4.381442546844482,1024,1024,1
2022-08-29T18:24:00,rec.1.relu-dense.1.relu,772,132,8.007241249084473,0.5,0.1,64,512,4325376,3836082708,4.336676120758057,1024,1024,1
2022-08-29T18:24:09,rec.1.relu-rec.1.tanh,773,131,8.048637866973877,0.5,0.1,64,512,4292608,3836082708,4.74436616897583,1024,1024,1
2022-08-29T18:24:18,rec.1.relu-gru.1.tanh,779,120,8.000907897949219,0.5,0.1,64,512,3932160,3836082708,4.385255813598633,1024,1024,1
2022-08-29T18:24:27,rec.1.relu-lstm.1,782,117,8.026979923248291,0.5,0.1,64,512,3833856,3836082708,4.408424377441406,1024,1024,1
2022-08-29T18:24:36,rec.1.relu-dense.1.tanh-dense.1.tanh,774,131,8.039245128631592,0.5,0.1,64,512,4292608,3836082708,4.5178375244140625,1024,1024,1
2022-08-29T18:24:45,rec.1.relu-dense.1.tanh,772,140,8.020585060119629,0.5,0.1,128,256,4587520,3836082708,4.429131507873535,1024,1024,1
2022-08-29T18:24:54,rec.1.relu-dense.1.tanh,772,68,8.060867071151733,0.5,0.1,64,1024,4456448,3836082708,4.715977191925049,1024,1024,1
2022-08-29T18:25:03,rec.1.relu-dense.1.tanh,772,238,8.011362075805664,0.5,0.1,64,256,3899392,3836082708,4.804527759552002,1024,1024,1
2022-08-29T18:25:12,rec.1.relu-dense.1.tanh,772,133,8.038944959640503,0.2,0.1,64,512,4358144,3836082708,4.479984760284424,1024,1024,1
2022-08-29T18:25:21,rec.1.relu-dense.1.tanh,772,130,8.006314039230347,1.0,0.1,64,512,4259840,3836082708,4.835358619689941,1024,1024,1
2022-08-29T18:25:30,rec.1.tanh-dense.1.relu,772,133,8.04207468032837,0.5,0.1,64,512,4358144,3836082708,4.317607879638672,1024,1024,1
2022-08-29T18:25:39,rec.1.tanh-rec.1.tanh,773,132,8.046108961105347,0.5,0.1,64,512,4325376,3836082708,4.819877624511719,1024,1024,1
2022-08-29T18:25:49,rec.1.tanh-gru.1.tanh,779,121,8.057789087295532,0.5,0.1,64,512,3964928,3836082708,4.345643997192383,1024,1024,1
2022-08-29T18:25:58,rec.1.tanh-lstm.1,782,117,8.007928848266602,0.5,0.1,64,512,3833856,3836082708,4.329311847686768,1024,1024,1
2022-08-29T18:26:07,rec.1.tanh-dense.1.relu-dense.1.tanh,774,131,8.03942084312439,0.5,0.1,64,512,4292608,3836082708,4.806423664093018,1024,1024,1
2022-08-29T18:26:16,rec.1.tanh-dense.1.relu,772,139,8.040763854980469,0.5,0.1,128,256,4554752,3836082708,4.385913372039795,1024,1024,1
2022-08-29T18:26:25,rec.1.tanh-dense.1.relu,772,130,8.037851095199585,0.5,0.1,32,1024,4259840,3836082708,4.319086074829102,1024,1024,1
2022-08-29T18:26:34,rec.1.tanh-dense.1.relu,772,68,8.06482195854187,0.5,0.1,64,1024,4456448,3836082708,4.649595260620117,1024,1024,1
2022-08-29T18:26:43,rec.1.tanh-dense.1.relu,772,238,8.024967908859253,0.5,0.1,64,256,3899392,3836082708,4.781768321990967,1024,1024,1
2022-08-29T18:26:52,rec.1.tanh-dense.1.relu,772,133,8.046046018600464,0.2,0.1,64,512,4358144,3836082708,4.827008247375488,1024,1024,1
2022-08-29T18:27:01,rec.1.tanh-dense.1.relu,772,133,8.031468868255615,1.0,0.1,64,512,4358144,3836082708,4.8006672859191895,1024,1024,1
2022-08-29T18:27:10,rec.1.relu-dense.1.relu,772,130,8.005744934082031,0.5,0.1,32,1024,4259840,3836082708,4.790831089019775,1024,1024,1
2022-08-29T18:27:19,rec.1.tanh-rec.1.tanh,773,130,8.039803981781006,0.5,0.1,32,1024,4259840,3836082708,4.417165756225586,1024,1024,1
2022-08-29T18:27:28,rec.1.tanh-gru.1.tanh,779,118,8.057790994644165,0.5,0.1,32,1024,3866624,3836082708,4.3421406745910645,1024,1024,1
2022-08-29T18:27:37,rec.1.tanh-lstm.1,782,115,8.062500953674316,0.5,0.1,32,1024,3768320,3836082708,4.3976216316223145,1024,1024,1
2022-08-29T18:27:46,rec.1.tanh-dense.1.relu-dense.1.tanh,774,125,8.022269010543823,0.5,0.1,32,1024,4096000,3836082708,4.823994159698486,1024,1024,1
2022-08-29T18:27:55,rec.1.tanh-dense.1.relu,772,127,8.05302882194519,0.5,0.1,16,2048,4161536,3836082708,4.34263801574707,1024,1024,1
2022-08-29T18:28:04,rec.1.tanh-dense.1.relu,772,67,8.041209936141968,0.5,0.1,32,2048,4390912,3836082708,4.399839878082275,1024,1024,1
2022-08-29T18:28:13,rec.1.tanh-dense.1.relu,772,229,8.004672050476074,0.5,0.1,32,512,3751936,3836082708,4.331000328063965,1024,1024,1
2022-08-29T18:28:22,rec.1.tanh-dense.1.relu,772,130,8.002185106277466,0.2,0.1,32,1024,4259840,3836082708,4.424760341644287,1024,1024,1
2022-08-29T18:28:31,rec.1.tanh-dense.1.relu,772,130,8.029565811157227,1.0,0.1,32,1024,4259840,3836082708,4.803405284881592,1024,1024,1
2022-08-29T18:28:40,rec.1.tanh-lstm.1-dense.1.tanh,784,116,8.043583154678345,0.5,0.1,64,512,3801088,3836082708,4.380937576293945,1024,1024,1
2022-08-29T18:28:49,rec.1.tanh-lstm.1,782,123,8.03945803642273,0.5,0.1,128,256,4030464,3836082708,4.31596565246582,1024,1024,1
2022-08-29T18:28:58,rec.1.relu-lstm.1,782,122,8.006545066833496,0.5,0.1,128,256,3997696,3836082708,4.602272033691406,1024,1024,1
2022-08-29T18:29:07,rec.1.tanh-dense.1.tanh,772,131,8.024161100387573,0.5,0.1,128,256,4292608,3836082708,4.414821624755859,1024,1024,1
2022-08-29T18:29:16,rec.1.tanh-rec.1.tanh,773,133,8.026679992675781,0.5,0.1,128,256,4358144,3836082708,4.4051923751831055,1024,1024,1
2022-08-29T18:29:25,rec.1.tanh-gru.1.tanh,779,125,8.005194187164307,0.5,0.1,128,256,4096000,3836082708,4.428530693054199,1024,1024,1
2022-08-29T18:29:34,rec.1.tanh,770,143,8.01400899887085,0.5,0.1,128,256,4685824,3836082708,4.3518290519714355,1024,1024,1
2022-08-29T18:29:44,rec.1.tanh-lstm.1-dense.1.tanh,784,119,8.01630711555481,0.5,0.1,128,256,3899392,3836082708,4.7904462814331055,1024,1024,1
2022-08-29T18:29:53,rec.1.tanh-lstm.1,782,130,8.042393922805786,0.5,0.1,256,128,4259840,3836082708,4.534764289855957,1024,1024,1
2022-08-29T18:30:02,rec.1.tanh-lstm.1,782,64,8.097677946090698,0.5,0.1,128,512,4194304,3836082708,4.363556385040283,1024,1024,1
2022-08-29T18:30:11,rec.1.tanh-lstm.1,782,221,8.031723976135254,0.5,0.1,128,128,3620864,3836082708,4.382558822631836,1024,1024,1
2022-08-29T18:30:20,rec.1.tanh-lstm.1,782,123,8.03748083114624,0.2,0.1,128,256,4030464,3836082708,4.604403972625732,1024,1024,1
2022-08-29T18:30:29,rec.1.tanh-lstm.1,782,122,8.047877073287964,1.0,0.1,128,256,3997696,3836082708,4.8145270347595215,1024,1024,1
2022-08-29T18:30:38,rec.1.tanh-lstm.1,782,63,8.049217939376831,0.5,0.1,64,1024,4128768,3836082708,4.355022430419922,1024,1024,1
2022-08-29T18:30:47,rec.1.tanh-lstm.1,782,212,8.02793025970459,0.5,0.1,64,256,3473408,3836082708,4.331645488739014,1024,1024,1
2022-08-29T18:30:56,rec.1.tanh-lstm.1,782,117,8.054434776306152,0.2,0.1,64,512,3833856,3836082708,4.43459415435791,1024,1024,1
2022-08-29T18:31:05,rec.1.tanh-lstm.1,782,119,8.040214776992798,1.0,0.1,64,512,3899392,3836082708,4.820468425750732,1024,1024,1
2022-08-29T18:31:14,rec.1.relu-dense.1.relu,772,230,8.013267040252686,0.5,0.1,32,512,3768320,3836082708,4.818119525909424,1024,1024,1
2022-08-29T18:31:23,rec.1.tanh-dense.1.tanh,772,230,8.031169652938843,0.5,0.1,32,512,3768320,3836082708,4.3488593101501465,1024,1024,1
2022-08-29T18:31:32,rec.1.tanh-rec.1.tanh,773,227,8.030257940292358,0.5,0.1,32,512,3719168,3836082708,4.342350006103516,1024,1024,1
2022-08-29T18:31:41,rec.1.tanh-gru.1.tanh,779,208,8.03214693069458,0.5,0.1,32,512,3407872,3836082708,4.41464900970459,1024,1024,1
2022-08-29T18:31:50,rec.1.tanh-lstm.1,782,204,8.017500162124634,0.5,0.1,32,512,3342336,3836082708,4.310741424560547,1024,1024,1
2022-08-29T18:31:59,rec.1.relu-lstm.1,782,204,8.0237557888031,0.5,0.1,32,512,3342336,3836082708,4.775468349456787,1024,1024,1
2022-08-29T18:32:09,rec.1.tanh-lstm.1-dense.1.tanh,784,199,8.004961967468262,0.5,0.1,32,512,3260416,3836082708,4.370983600616455,1024,1024,1
2022-08-29T18:32:18,rec.1.tanh-lstm.1,782,198,8.007466077804565,0.5,0.1,16,1024,3244032,3836082708,4.346672058105469,1024,1024,1
2022-08-29T18:32:27,rec.1.tanh-lstm.1,782,367,8.00390911102295,0.5,0.1,32,256,3006464,3836082708,4.3823723793029785,1024,1024,1
2022-08-29T18:32:36,rec.1.tanh-lstm.1,782,205,8.025461912155151,0.2,0.1,32,512,3358720,3836082708,4.325629234313965,1024,1024,1
2022-08-29T18:32:45,rec.1.tanh-lstm.1,782,205,8.03272008895874,1.0,0.1,32,512,3358720,3836082708,4.832797050476074,1024,1024,1
2022-08-29T18:32:54,rec.1.relu-lstm.1,782,202,8.015895128250122,0.2,0.1,32,512,3309568,3836082708,4.382330894470215,1024,1024,1
2022-08-29T18:33:03,rec.1.tanh-dense.1.tanh,772,230,8.016390800476074,0.2,0.1,32,512,3768320,3836082708,4.441799640655518,1024,1024,1
2022-08-29T18:33:12,rec.1.tanh-rec.1.tanh,773,225,8.007906198501587,0.2,0.1,32,512,3686400,3836082708,4.5487799644470215,1024,1024,1
2022-08-29T18:33:21,rec.1.tanh-gru.1.tanh,779,211,8.02091121673584,0.2,0.1,32,512,3457024,3836082708,4.500001907348633,1024,1024,1
2022-08-29T18:33:30,rec.1.tanh-lstm.1-dense.1.tanh,784,191,8.031386137008667,0.2,0.1,32,512,3129344,3836082708,4.4181742668151855,1024,1024,1
2022-08-29T18:33:39,rec.1.tanh-lstm.1,782,210,8.002965927124023,0.2,0.1,64,256,3440640,3836082708,4.3365254402160645,1024,1024,1
2022-08-29T18:33:48,rec.1.tanh-lstm.1,782,198,8.008545160293579,0.2,0.1,16,1024,3244032,3836082708,12.57984733581543,1024,1024,1
2022-08-29T18:33:57,rec.1.tanh-lstm.1,782,118,8.015652179718018,0.2,0.1,32,1024,3866624,3836082708,4.386842250823975,1024,1024,1
2022-08-29T18:34:06,rec.1.tanh-lstm.1,782,367,8.001479148864746,0.2,0.1,32,256,3006464,3836082708,4.330893039703369,1024,1024,1
2022-08-29T18:34:15,rec.1.tanh-lstm.1,782,204,8.024266958236694,0.1,0.1,32,512,3342336,3836082708,4.539785861968994,1024,1024,1
2022-08-29T18:34:24,rec.1.relu-lstm.1,782,366,8.019566059112549,0.2,0.1,32,256,2998272,3836082708,11.940850257873535,1024,1024,1
2022-08-29T18:34:33,rec.1.tanh-dense.1.tanh,772,445,8.004742860794067,0.2,0.1,32,256,3645440,3836082708,4.382466793060303,1024,1024,1
2022-08-29T18:34:42,rec.1.tanh-rec.1.tanh,773,435,8.01160192489624,0.2,0.1,32,256,3563520,3836082708,4.453576564788818,1024,1024,1
2022-08-29T18:34:51,rec.1.tanh-gru.1.tanh,779,386,8.016057968139648,0.2,0.1,32,256,3162112,3836082708,4.35465669631958,1024,1024,1
2022-08-29T18:35:00,rec.1.tanh-lstm.1-dense.1.tanh,784,355,8.00454592704773,0.2,0.1,32,256,2908160,3836082708,4.370349884033203,1024,1024,1
2022-08-29T18:35:09,rec.1.tanh-lstm.1,782,371,8.014281272888184,0.2,0.1,64,128,3039232,3836082708,4.301516532897949,1024,1024,1
2022-08-29T18:35:18,rec.1.relu-lstm.1,782,363,8.005519151687622,0.2,0.1,64,128,2973696,3836082708,4.810251712799072,1024,1024,1
2022-08-29T18:35:28,rec.1.tanh-dense.1.tanh,772,406,8.020310163497925,0.2,0.1,64,128,3325952,3836082708,4.453385353088379,1024,1024,1
2022-08-29T18:35:37,rec.1.tanh-rec.1.tanh,773,449,8.013623237609863,0.2,0.1,64,128,3678208,3836082708,4.482328414916992,1024,1024,1
2022-08-29T18:35:46,rec.1.tanh-gru.1.tanh,779,394,8.012351036071777,0.2,0.1,64,128,3227648,3836082708,4.381092548370361,1024,1024,1
2022-08-29T18:35:55,rec.1.tanh-lstm.1-dense.1.tanh,784,356,8.014315128326416,0.2,0.1,64,128,2916352,3836082708,4.369365692138672,1024,1024,1
2022-08-29T18:36:06,rec.1.tanh-lstm.1,782,331,8.016286849975586,0.2,0.1,128,64,2711552,3836082708,4.340292930603027,1024,1024,1
2022-08-29T18:36:15,rec.1.tanh-lstm.1,782,519,8.006801843643188,0.2,0.1,64,64,2125824,3836082708,4.32757043838501,1024,1024,1
2022-08-29T18:36:24,rec.1.tanh-lstm.1,782,369,8.016107082366943,0.1,0.1,64,128,3022848,3836082708,4.55232572555542,1024,1024,1
2022-08-29T18:36:33,rec.1.tanh-lstm.1,782,373,8.015470027923584,0.5,0.1,64,128,3055616,3836082708,4.3766937255859375,1024,1024,1
2022-08-29T18:36:42,rec.1.relu-lstm.1,782,605,8.011568069458008,0.2,0.1,64,64,2478080,3836082708,4.375606060028076,1024,1024,1
2022-08-29T18:36:51,rec.1.tanh-dense.1.tanh,772,850,8.004350900650024,0.2,0.1,64,64,3481600,3836082708,4.3798041343688965,1024,1024,1
2022-08-29T18:37:00,rec.1.tanh-rec.1.tanh,773,825,8.007817029953003,0.2,0.1,64,64,3379200,3836082708,4.400835990905762,1024,1024,1
2022-08-29T18:37:09,rec.1.tanh-gru.1.tanh,779,649,8.007323026657104,0.2,0.1,64,64,2658304,3836082708,4.366081237792969,1024,1024,1
2022-08-29T18:37:18,rec.1.tanh-lstm.1-dense.1.tanh,784,551,8.001427173614502,0.2,0.1,64,64,2256896,3836082708,4.4351091384887695,1024,1024,1
2022-08-29T18:37:27,rec.1.tanh-lstm.1,782,666,8.003471851348877,0.2,0.1,128,32,2727936,3836082708,4.357110023498535,1024,1024,1
2022-08-29T18:37:36,rec.1.tanh-lstm.1,782,567,8.004386186599731,0.2,0.1,32,128,2322432,3836082708,9.428473472595215,1024,1024,1
2022-08-29T18:37:45,rec.1.tanh-lstm.1,782,873,8.00702691078186,0.2,0.1,64,32,1787904,3836082708,4.349118232727051,1024,1024,1
2022-08-29T18:37:54,rec.1.tanh-lstm.1,782,586,8.008522033691406,0.1,0.1,64,64,2400256,3836082708,4.379846096038818,1024,1024,1
2022-08-29T18:38:03,rec.1.tanh-lstm.1,782,592,8.000025987625122,0.5,0.1,64,64,2424832,3836082708,4.378939151763916,1024,1024,1
2022-08-29T18:38:12,rec.1.tanh-lstm.1,782,343,8.00575590133667,0.2,0.1,16,512,2809856,3836082708,4.411518096923828,1024,1024,1
2022-08-29T18:38:21,rec.1.tanh-lstm.1,782,366,8.007939100265503,0.1,0.1,32,256,2998272,3836082708,4.533344268798828,1024,1024,1
2022-08-29T18:38:30,rec.1.tanh-dense.1.relu-dense.1.tanh,774,223,8.009392738342285,0.5,0.1,32,512,3653632,3836082708,4.806552886962891,1024,1024,1
2022-08-29T18:38:39,rec.1.tanh-dense.1.relu,772,224,8.026848077774048,0.5,0.1,16,1024,3670016,3836082708,4.837014675140381,1024,1024,1
2022-08-29T18:38:48,rec.1.tanh-dense.1.relu,772,442,8.007184982299805,0.5,0.1,32,256,3620864,3836082708,4.323128700256348,1024,1024,1
2022-08-29T18:38:57,rec.1.relu-dense.1.relu,772,442,8.002511024475098,0.5,0.1,32,256,3620864,3836082708,4.805576324462891,1024,1024,1
2022-08-29T18:39:06,rec.1.tanh-dense.1.tanh,772,443,8.000693082809448,0.5,0.1,32,256,3629056,3836082708,4.377875804901123,1024,1024,1
2022-08-29T18:39:15,rec.1.tanh-rec.1.tanh,773,431,8.01375412940979,0.5,0.1,32,256,3530752,3836082708,4.414038181304932,1024,1024,1
2022-08-29T18:39:24,rec.1.tanh-gru.1.tanh,779,382,8.013409852981567,0.5,0.1,32,256,3129344,3836082708,4.325984001159668,1024,1024,1
2022-08-29T18:39:33,rec.1.tanh-dense.1.relu-dense.1.tanh,774,423,8.003343105316162,0.5,0.1,32,256,3465216,3836082708,4.882498264312744,1024,1024,1
2022-08-29T18:39:42,rec.1.tanh-dense.1.relu,772,468,8.014813899993896,0.5,0.1,64,128,3833856,3836082708,4.326313495635986,1024,1024,1
2022-08-29T18:39:51,rec.1.tanh-dense.1.relu,772,417,8.007290124893188,0.5,0.1,16,512,3416064,3836082708,4.761173248291016,1024,1024,1
2022-08-29T18:40:00,rec.1.tanh-dense.1.relu,772,813,8.006668090820312,0.5,0.1,32,128,3330048,3836082708,4.367635726928711,1024,1024,1
2022-08-29T18:40:09,rec.1.tanh-dense.1.relu,772,445,8.005023956298828,0.2,0.1,32,256,3645440,3836082708,4.483963489532471,1024,1024,1
2022-08-29T18:40:18,rec.1.tanh-dense.1.relu,772,446,8.001335859298706,1.0,0.1,32,256,3653632,3836082708,4.8482160568237305,1024,1024,1
2022-08-29T18:40:27,rec.1.relu-gru.1.tanh,779,382,8.01637315750122,0.5,0.1,32,256,3129344,3836082708,4.371830940246582,1024,1024,1
2022-08-29T18:40:36,rec.1.tanh-gru.1.relu,779,373,8.014645099639893,0.5,0.1,32,256,3055616,3836082708,4.347784519195557,1024,1024,1
2022-08-29T18:40:45,rec.1.tanh-gru.1.tanh-dense.1.tanh,781,364,8.002637147903442,0.5,0.1,32,256,2981888,3836082708,4.363560199737549,1024,1024,1
2022-08-29T18:40:54,rec.1.tanh-gru.1.tanh,779,401,8.011438846588135,0.5,0.1,64,128,3284992,3836082708,4.361476421356201,1024,1024,1
2022-08-29T18:41:03,rec.1.tanh-gru.1.tanh,779,364,8.013135194778442,0.5,0.1,16,512,2981888,3836082708,4.342560291290283,1024,1024,1
2022-08-29T18:41:12,rec.1.tanh-gru.1.tanh,779,650,8.000231981277466,0.5,0.1,32,128,2662400,3836082708,4.795632839202881,1024,1024,1
2022-08-29T18:41:21,rec.1.tanh-gru.1.tanh,779,387,8.002832174301147,1.0,0.1,32,256,3170304,3836082708,4.467775344848633,1024,1024,1
2022-08-29T18:41:30,rec.1.relu-dense.1.relu,772,472,8.012256145477295,0.5,0.1,64,128,3866624,3836082708,4.797139644622803,1024,1024,1
2022-08-29T18:41:39,rec.1.tanh-rec.1.tanh,773,461,8.012455224990845,0.5,0.1,64,128,3776512,3836082708,4.396493911743164,1024,1024,1
2022-08-29T18:41:48,rec.1.tanh-dense.1.relu-dense.1.tanh,774,446,8.013267040252686,0.5,0.1,64,128,3653632,3836082708,4.794301986694336,1024,1024,1
2022-08-29T18:41:57,rec.1.tanh-dense.1.relu,772,501,8.007930040359497,0.5,0.1,128,64,4104192,3836082708,4.369630813598633,1024,1024,1
2022-08-29T18:42:06,rec.1.tanh-dense.1.relu,772,883,8.003806829452515,0.5,0.1,64,64,3616768,3836082708,4.816275119781494,1024,1024,1
2022-08-29T18:42:15,rec.1.tanh-dense.1.relu,772,469,8.008841037750244,0.2,0.1,64,128,3842048,3836082708,4.798499584197998,1024,1024,1
2022-08-29T18:42:24,rec.1.tanh-dense.1.relu,772,469,8.008047819137573,1.0,0.1,64,128,3842048,3836082708,4.813942909240723,1024,1024,1
2022-08-29T18:42:33,rec.1.tanh-dense.1.relu,772,234,8.02019715309143,0.2,0.1,32,512,3833856,3836082708,4.335069179534912,1024,1024,1
2022-08-29T18:42:42,rec.1.tanh-dense.1.relu,772,234,8.02169394493103,1.0,0.1,32,512,3833856,3836082708,4.853182315826416,1024,1024,1
2022-08-29T18:42:51,rec.1.relu-lstm.1,782,215,8.008222818374634,0.5,0.1,64,256,3522560,3836082708,4.393098831176758,1024,1024,1
2022-08-29T18:43:00,rec.1.tanh-rec.1.tanh,773,241,8.026777982711792,0.5,0.1,64,256,3948544,3836082708,4.361062526702881,1024,1024,1
2022-08-29T18:43:09,rec.1.tanh-gru.1.tanh,779,219,8.012951135635376,0.5,0.1,64,256,3588096,3836082708,4.3529181480407715,1024,1024,1
2022-08-29T18:43:18,rec.1.tanh-lstm.1-dense.1.tanh,784,205,8.027169942855835,0.5,0.1,64,256,3358720,3836082708,4.749032497406006,1024,1024,1
2022-08-29T18:43:27,rec.1.tanh-lstm.1,782,208,8.003005027770996,1.0,0.1,64,256,3407872,3836082708,4.812434673309326,1024,1024,1
2022-08-29T18:43:36,rec.1.relu-dense.1.relu,772,227,8.016681909561157,0.2,0.1,32,512,3719168,3836082708,4.81978702545166,1024,1024,1
2022-08-29T18:43:45,rec.1.tanh-dense.1.relu-dense.1.tanh,774,219,8.030726909637451,0.2,0.1,32,512,3588096,3836082708,4.801489353179932,1024,1024,1
2022-08-29T18:43:54,rec.1.tanh-dense.1.relu,772,233,8.015867948532104,0.2,0.1,64,256,3817472,3836082708,4.527240753173828,1024,1024,1
2022-08-29T18:44:03,rec.1.tanh-dense.1.relu,772,220,8.022884130477905,0.2,0.1,16,1024,3604480,3836082708,4.348299980163574,1024,1024,1
2022-08-29T18:44:12,rec.1.tanh-dense.1.relu,772,229,8.02099609375,0.1,0.1,32,512,3751936,3836082708,4.619105815887451,1024,1024,1
2022-08-29T18:44:21,rec.1.relu-lstm.1,782,199,8.008579015731812,0.2,0.1,64,256,3260416,3836082708,4.412241458892822,1024,1024,1
2022-08-29T18:44:30,rec.1.tanh-dense.1.tanh,772,236,8.021148920059204,0.2,0.1,64,256,3866624,3836082708,4.401224613189697,1024,1024,1
2022-08-29T18:44:40,rec.1.tanh-rec.1.tanh,773,234,8.026504039764404,0.2,0.1,64,256,3833856,3836082708,4.443253993988037,1024,1024,1
2022-08-29T18:44:49,rec.1.tanh-gru.1.tanh,779,213,8.020278215408325,0.2,0.1,64,256,3489792,3836082708,4.4606828689575195,1024,1024,1
2022-08-29T18:44:58,rec.1.tanh-lstm.1-dense.1.tanh,784,203,8.007617950439453,0.2,0.1,64,256,3325952,3836082708,4.414529323577881,1024,1024,1
2022-08-29T18:45:07,rec.1.tanh-lstm.1,782,216,8.022093057632446,0.2,0.1,128,128,3538944,3836082708,4.405361175537109,1024,1024,1
2022-08-29T18:45:16,rec.1.tanh-lstm.1,782,210,8.006301879882812,0.1,0.1,64,256,3440640,3836082708,4.548574924468994,1024,1024,1
2022-08-29T18:45:25,rec.1.relu-dense.1.relu-dense.1.tanh,774,128,8.001247882843018,0.5,0.1,64,512,4194304,3836082708,4.812241554260254,1024,1024,1
2022-08-29T18:45:34,rec.1.relu-dense.1.relu,772,140,8.049966812133789,0.5,0.1,128,256,4587520,3836082708,4.359957695007324,1024,1024,1
2022-08-29T18:45:43,rec.1.relu-dense.1.relu,772,67,8.03877592086792,0.5,0.1,64,1024,4390912,3836082708,4.835733890533447,1024,1024,1
2022-08-29T18:45:52,rec.1.relu-dense.1.relu,772,243,8.02136492729187,0.5,0.1,64,256,3981312,3836082708,4.762726783752441,1024,1024,1
2022-08-29T18:46:01,rec.1.relu-dense.1.relu,772,131,8.016602039337158,0.2,0.1,64,512,4292608,3836082708,4.361382484436035,1024,1024,1
2022-08-29T18:46:10,rec.1.relu-dense.1.relu,772,131,8.007156133651733,1.0,0.1,64,512,4292608,3836082708,4.796761512756348,1024,1024,1
2022-08-29T18:46:19,rec.1.relu-lstm.1,782,385,8.010163307189941,0.2,0.1,128,64,3153920,3836082708,4.308251857757568,1024,1024,1
2022-08-29T18:46:28,rec.1.relu-rec.1.tanh,773,488,8.005095958709717,0.2,0.1,128,64,3997696,3836082708,4.442333221435547,1024,1024,1
2022-08-29T18:46:37,rec.1.relu-gru.1.tanh,779,417,8.011555671691895,0.2,0.1,128,64,3416064,3836082708,4.518836498260498,1024,1024,1
2022-08-29T18:46:46,rec.1.relu-lstm.1-dense.1.tanh,784,374,8.015026092529297,0.2,0.1,128,64,3063808,3836082708,4.330506801605225,1024,1024,1
2022-08-29T18:46:55,rec.1.relu-lstm.1,782,437,8.015175104141235,0.2,0.1,256,32,3579904,3836082708,4.33215856552124,1024,1024,1
2022-08-29T18:47:04,rec.1.relu-lstm.1,782,220,8.01478886604309,0.2,0.1,128,128,3604480,3836082708,4.345170021057129,1024,1024,1
2022-08-29T18:47:13,rec.1.relu-lstm.1,782,365,8.012225866317749,0.1,0.1,128,64,2990080,3836082708,4.521446228027344,1024,1024,1
2022-08-29T18:47:22,rec.1.relu-lstm.1,782,379,8.015645980834961,0.5,0.1,128,64,3104768,3836082708,4.359111309051514,1024,1024,1
2022-08-29T18:47:31,rec.1.tanh-lstm.1-dense.1.tanh,784,357,8.000213146209717,0.2,0.1,128,64,2924544,3836082708,4.405019283294678,1024,1024,1
2022-08-29T18:47:41,rec.1.relu-lstm.2-dense.1.tanh,805,337,8.003217935562134,0.2,0.1,128,64,2760704,3836082708,4.380505561828613,1024,1024,1
2022-08-29T18:47:50,rec.1.relu-rec.1.tanh-dense.1.tanh,775,454,8.008543014526367,0.2,0.1,128,64,3719168,3836082708,4.416031837463379,1024,1024,1
2022-08-29T18:47:59,rec.1.relu-gru.1.tanh-dense.1.tanh,781,394,8.006375074386597,0.2,0.1,128,64,3227648,3836082708,4.407538414001465,1024,1024,1
2022-08-29T18:48:08,rec.1.relu-lstm.1-dense.1.relu,784,372,8.01322078704834,0.2,0.1,128,64,3047424,3836082708,4.783469200134277,1024,1024,1
2022-08-29T18:48:17,rec.1.relu-lstm.1-rec.1.tanh,785,360,8.000730276107788,0.2,0.1,128,64,2949120,3836082708,4.442354679107666,1024,1024,1
2022-08-29T18:48:26,rec.1.relu-lstm.1-gru.1.tanh,791,310,8.000556707382202,0.2,0.1,128,64,2539520,3836082708,4.460885047912598,1024,1024,1
2022-08-29T18:48:35,rec.1.relu-lstm.1-lstm.1,794,290,8.01692795753479,0.2,0.1,128,64,2375680,3836082708,4.411782741546631,1024,1024,1
2022-08-29T18:48:44,rec.1.relu-lstm.1-dense.1.tanh-dense.1.tanh,786,352,8.017305135726929,0.2,0.1,128,64,2883584,3836082708,4.420291423797607,1024,1024,1
2022-08-29T18:48:53,rec.1.relu-lstm.1-dense.1.tanh,784,417,8.014242172241211,0.2,0.1,256,32,3416064,3836082708,4.430365562438965,1024,1024,1
2022-08-29T18:49:02,rec.1.relu-lstm.1-dense.1.tanh,784,347,8.01322317123413,0.2,0.1,64,128,2842624,3836082708,4.818112373352051,1024,1024,1
2022-08-29T18:49:11,rec.1.relu-lstm.1-dense.1.tanh,784,215,8.005520820617676,0.2,0.1,128,128,3522560,3836082708,4.5072340965271,1024,1024,1
2022-08-29T18:49:20,rec.1.relu-lstm.1-dense.1.tanh,784,627,8.000481128692627,0.2,0.1,128,32,2568192,3836082708,4.820032596588135,1024,1024,1
2022-08-29T18:49:29,rec.1.relu-lstm.1-dense.1.tanh,784,374,8.004664182662964,0.1,0.1,128,64,3063808,3836082708,4.612702369689941,1024,1024,1
2022-08-29T18:49:38,rec.1.relu-lstm.1-dense.1.tanh,784,373,8.00178599357605,0.5,0.1,128,64,3055616,3836082708,4.480230331420898,1024,1024,1
2022-08-29T18:49:47,rec.1.tanh-lstm.1,782,438,8.002013921737671,0.2,0.1,256,32,3588096,3836082708,4.310314655303955,1024,1024,1
2022-08-29T18:49:56,rec.1.tanh-dense.1.tanh,772,557,8.000051975250244,0.2,0.1,256,32,4562944,3836082708,4.436229705810547,1024,1024,1
2022-08-29T18:50:05,rec.1.tanh-rec.1.tanh,773,549,8.006551027297974,0.2,0.1,256,32,4497408,3836082708,4.417572021484375,1024,1024,1
2022-08-29T18:50:14,rec.1.tanh-gru.1.tanh,779,469,8.009991884231567,0.2,0.1,256,32,3842048,3836082708,4.403166770935059,1024,1024,1
2022-08-29T18:50:23,rec.1.tanh-lstm.1-dense.1.tanh,784,416,8.004942893981934,0.2,0.1,256,32,3407872,3836082708,4.4233293533325195,1024,1024,1
2022-08-29T18:50:32,rec.1.tanh-lstm.1,782,446,8.001341342926025,0.2,0.1,512,16,3653632,3836082708,4.321053981781006,1024,1024,1
2022-08-29T18:50:41,rec.1.tanh-lstm.1,782,226,8.017853260040283,0.2,0.1,256,64,3702784,3836082708,4.356720924377441,1024,1024,1
2022-08-29T18:50:50,rec.1.tanh-lstm.1,782,697,8.010233163833618,0.2,0.1,256,16,2854912,3836082708,4.4855475425720215,1024,1024,1
2022-08-29T18:50:59,rec.1.tanh-lstm.1,782,437,8.01543927192688,0.1,0.1,256,32,3579904,3836082708,4.539410591125488,1024,1024,1
2022-08-29T18:51:08,rec.1.tanh-lstm.1,782,437,8.006269931793213,0.5,0.1,256,32,3579904,3836082708,4.402341842651367,1024,1024,1
2022-08-29T18:51:17,rec.1.relu-lstm.1,782,430,8.005371809005737,0.2,0.1,512,16,3522560,3836082708,4.392129421234131,1024,1024,1
2022-08-29T18:51:26,rec.1.tanh-dense.1.tanh,772,564,8.0073721408844,0.2,0.1,512,16,4620288,3836082708,4.374107837677002,1024,1024,1
2022-08-29T18:51:35,rec.1.tanh-rec.1.tanh,773,556,8.011201858520508,0.2,0.1,512,16,4554752,3836082708,4.3796234130859375,1024,1024,1
2022-08-29T18:51:44,rec.1.tanh-gru.1.tanh,779,479,8.00484299659729,0.2,0.1,512,16,3923968,3836082708,4.367954254150391,1024,1024,1
2022-08-29T18:51:53,rec.1.tanh-lstm.1-dense.1.tanh,784,430,8.010418176651001,0.2,0.1,512,16,3522560,3836082708,4.415061950683594,1024,1024,1
2022-08-29T18:52:02,rec.1.tanh-lstm.1,782,458,8.001795768737793,0.2,0.1,1024,8,3751936,3836082708,4.314184665679932,1024,1024,1
2022-08-29T18:52:11,rec.1.relu-lstm.1,782,460,8.010154008865356,0.2,0.1,1024,8,3768320,3836082708,4.809727668762207,1024,1024,1
2022-08-29T18:52:20,rec.1.tanh-dense.1.tanh,772,582,8.000204086303711,0.2,0.1,1024,8,4767744,3836082708,4.391876220703125,1024,1024,1
2022-08-29T18:52:29,rec.1.tanh-rec.1.tanh,773,559,8.012295961380005,0.2,0.1,1024,8,4579328,3836082708,4.394418239593506,1024,1024,1
2022-08-29T18:52:38,rec.1.tanh-gru.1.tanh,779,479,8.006594181060791,0.2,0.1,1024,8,3923968,3836082708,4.3880696296691895,1024,1024,1
2022-08-29T18:52:47,rec.1.tanh,770,607,8.004589080810547,0.2,0.1,1024,8,4972544,3836082708,4.34354305267334,1024,1024,1
2022-08-29T18:52:56,rec.1.tanh-lstm.1-dense.1.tanh,784,436,8.012540817260742,0.2,0.1,1024,8,3571712,3836082708,4.353776454925537,1024,1024,1
2022-08-29T18:53:06,rec.1.tanh-lstm.1,782,441,8.013147115707397,0.2,0.1,2048,4,3612672,3836082708,4.384671688079834,1024,1024,1
2022-08-29T18:53:15,rec.1.tanh-lstm.1,782,264,8.005774974822998,0.2,0.1,1024,16,4325376,3836082708,4.39137601852417,1024,1024,1
2022-08-29T18:53:24,rec.1.tanh-lstm.1,782,673,8.001324892044067,0.2,0.1,1024,4,2756608,3836082708,4.3899006843566895,1024,1024,1
2022-08-29T18:53:33,rec.1.tanh-lstm.1,782,456,8.0104820728302,0.1,0.1,1024,8,3735552,3836082708,4.593114376068115,1024,1024,1
2022-08-29T18:53:42,rec.1.tanh-lstm.1,782,456,8.01207685470581,0.5,0.1,1024,8,3735552,3836082708,4.510283470153809,1024,1024,1
2022-08-29T18:53:51,rec.1.tanh-lstm.1,782,256,8.018956661224365,0.2,0.1,512,32,4194304,3836082708,4.392604827880859,1024,1024,1
2022-08-29T18:54:00,rec.1.tanh-lstm.1,782,687,8.003551006317139,0.2,0.1,512,8,2813952,3836082708,4.432262897491455,1024,1024,1
2022-08-29T18:54:09,rec.1.tanh-lstm.1,782,412,8.015615940093994,0.1,0.1,512,16,3375104,3836082708,4.483525276184082,1024,1024,1
2022-08-29T18:54:18,rec.1.tanh-lstm.1,782,432,8.016287088394165,0.5,0.1,512,16,3538944,3836082708,4.397131443023682,1024,1024,1
2022-08-29T18:54:27,rec.1.relu-rec.1.tanh,773,542,8.005177021026611,0.2,0.1,256,32,4440064,3836082708,4.798864841461182,1024,1024,1
2022-08-29T18:54:36,rec.1.relu-gru.1.tanh,779,465,8.010976076126099,0.2,0.1,256,32,3809280,3836082708,4.359931468963623,1024,1024,1
2022-08-29T18:54:45,rec.1.relu-lstm.1,782,228,8.001461029052734,0.2,0.1,256,64,3735552,3836082708,4.316995143890381,1024,1024,1
2022-08-29T18:54:54,rec.1.relu-rec.1.tanh,773,268,8.016707181930542,0.2,0.1,256,64,4390912,3836082708,4.451457500457764,1024,1024,1
2022-08-29T18:55:03,rec.1.relu-gru.1.tanh,779,242,8.00639796257019,0.2,0.1,256,64,3964928,3836082708,4.494534015655518,1024,1024,1
2022-08-29T18:55:12,rec.1.relu-lstm.1-dense.1.tanh,784,222,8.004961013793945,0.2,0.1,256,64,3637248,3836082708,4.411716938018799,1024,1024,1
2022-08-29T18:55:21,rec.1.relu-lstm.1,782,259,8.012841939926147,0.2,0.1,512,32,4243456,3836082708,4.4461588859558105,1024,1024,1
2022-08-29T18:55:30,rec.1.relu-lstm.1,782,132,8.020652055740356,0.2,0.1,256,128,4325376,3836082708,4.812627792358398,1024,1024,1
2022-08-29T18:55:39,rec.1.relu-lstm.1,782,229,8.015604972839355,0.1,0.1,256,64,3751936,3836082708,4.658797264099121,1024,1024,1
2022-08-29T18:55:48,rec.1.relu-lstm.1,782,232,8.016409158706665,0.5,0.1,256,64,3801088,3836082708,4.7827582359313965,1024,1024,1
2022-08-29T18:55:57,rec.1.relu-lstm.1,782,690,8.000216960906982,0.2,0.1,256,16,2826240,3836082708,4.339617729187012,1024,1024,1
2022-08-29T18:56:06,rec.1.relu-lstm.1,782,433,8.006410121917725,0.1,0.1,256,32,3547136,3836082708,4.431675910949707,1024,1024,1
2022-08-29T18:56:15,rec.1.relu-lstm.1,782,437,8.01138710975647,0.5,0.1,256,32,3579904,3836082708,4.365999221801758,1024,1024,1
2022-08-29T18:56:24,rec.1.relu-rec.1.tanh,773,947,8.002798795700073,0.2,0.1,256,16,3878912,3836082708,4.390625953674316,1024,1024,1
2022-08-29T18:56:33,rec.1.relu-gru.1.tanh,779,761,8.003872156143188,0.2,0.1,256,16,3117056,3836082708,4.364006519317627,1024,1024,1
2022-08-29T18:56:42,rec.1.relu-lstm.1-dense.1.tanh,784,627,8.000081062316895,0.2,0.1,256,16,2568192,3836082708,4.37539005279541,1024,1024,1
2022-08-29T18:56:51,rec.1.relu-lstm.1,782,640,8.010298252105713,0.2,0.1,512,8,2621440,3836082708,4.320186138153076,1024,1024,1
2022-08-29T18:57:00,rec.1.relu-dense.1.tanh,772,952,8.0006582736969,0.2,0.1,512,8,3899392,3836082708,4.3675336837768555,1024,1024,1
2022-08-29T18:57:09,rec.1.relu-rec.1.tanh,773,903,8.007487058639526,0.2,0.1,512,8,3698688,3836082708,4.373815059661865,1024,1024,1
2022-08-29T18:57:18,rec.1.relu-gru.1.tanh,779,749,8.008993148803711,0.2,0.1,512,8,3067904,3836082708,4.385393142700195,1024,1024,1
2022-08-29T18:57:27,rec.1.relu-lstm.1-dense.1.tanh,784,651,8.009916305541992,0.2,0.1,512,8,2666496,3836082708,4.502912998199463,1024,1024,1
2022-08-29T18:57:36,rec.1.relu-lstm.1,782,669,8.005230903625488,0.2,0.1,1024,4,2740224,3836082708,4.814723968505859,1024,1024,1
2022-08-29T18:57:46,rec.1.relu-lstm.1,782,859,8.002511024475098,0.2,0.1,512,4,1759232,3836082708,4.838459491729736,1024,1024,1
2022-08-29T18:57:55,rec.1.relu-lstm.1,782,684,8.000586032867432,0.1,0.1,512,8,2801664,3836082708,4.420814514160156,1024,1024,1
2022-08-29T18:58:04,rec.1.relu-lstm.1,782,679,8.000391244888306,0.5,0.1,512,8,2781184,3836082708,4.394326686859131,1024,1024,1
2022-08-29T18:58:13,rec.1.relu-lstm.1,782,876,8.005234956741333,0.2,0.1,256,8,1794048,3836082708,4.446877479553223,1024,1024,1
2022-08-29T18:58:22,rec.1.relu-lstm.1,782,676,8.000839948654175,0.1,0.1,256,16,2768896,3836082708,4.595316410064697,1024,1024,1
2022-08-29T18:58:31,rec.1.relu-lstm.1,782,684,8.009595155715942,0.5,0.1,256,16,2801664,3836082708,4.846816539764404,1024,1024,1
2022-08-29T18:58:40,rec.1.tanh-rec.1.tanh,773,484,8.005833387374878,0.2,0.1,128,64,3964928,3836082708,4.437991619110107,1024,1024,1
2022-08-29T18:58:49,rec.1.tanh-gru.1.tanh,779,404,8.006277799606323,0.2,0.1,128,64,3309568,3836082708,4.3743414878845215,1024,1024,1
2022-08-29T18:58:58,rec.1.tanh-lstm.1,782,377,8.0049569606781,0.1,0.1,128,64,3088384,3836082708,4.517845153808594,1024,1024,1
2022-08-29T18:59:07,rec.1.tanh-lstm.1,782,375,8.016010046005249,0.5,0.1,128,64,3072000,3836082708,4.300456523895264,1024,1024,1
2022-08-29T18:59:16,rec.1.tanh-dense.1.tanh,772,489,8.006733655929565,0.5,0.1,128,64,4005888,3836082708,4.367939472198486,1024,1024,1
2022-08-29T18:59:25,rec.1.tanh-rec.1.tanh,773,477,8.000585794448853,0.5,0.1,128,64,3907584,3836082708,4.376176834106445,1024,1024,1
2022-08-29T18:59:34,rec.1.tanh-gru.1.tanh,779,404,8.011082887649536,0.5,0.1,128,64,3309568,3836082708,4.385561466217041,1024,1024,1
2022-08-29T18:59:43,rec.1.tanh-lstm.1-dense.1.tanh,784,356,8.012872219085693,0.5,0.1,128,64,2916352,3836082708,4.804515838623047,1024,1024,1
2022-08-29T18:59:52,rec.1.tanh-lstm.1,782,660,8.000870943069458,0.5,0.1,128,32,2703360,3836082708,4.3356404304504395,1024,1024,1
2022-08-29T19:00:01,rec.1.tanh-lstm.1,782,356,8.004119873046875,1.0,0.1,128,64,2916352,3836082708,4.791180610656738,1024,1024,1
2022-08-29T19:00:10,rec.1.relu-lstm.1,782,654,8.005606174468994,0.5,0.1,128,32,2678784,3836082708,4.8329362869262695,1024,1024,1
2022-08-29T19:00:19,rec.1.tanh-dense.1.tanh,772,950,8.00755786895752,0.5,0.1,128,32,3891200,3836082708,4.400238990783691,1024,1024,1
2022-08-29T19:00:28,rec.1.tanh-rec.1.tanh,773,911,8.003201007843018,0.5,0.1,128,32,3731456,3836082708,4.438227653503418,1024,1024,1
2022-08-29T19:00:37,rec.1.tanh-gru.1.tanh,779,711,8.008044004440308,0.5,0.1,128,32,2912256,3836082708,4.397521495819092,1024,1024,1
2022-08-29T19:00:46,rec.1.tanh,770,1030,8.003654718399048,0.5,0.1,128,32,4218880,3836082708,4.422701835632324,1024,1024,1
2022-08-29T19:00:55,rec.1.tanh-lstm.1-dense.1.tanh,784,607,8.00917387008667,0.5,0.1,128,32,2486272,3836082708,4.782968044281006,1024,1024,1
2022-08-29T19:01:04,rec.1.tanh-lstm.1,782,676,8.008830070495605,0.5,0.1,256,16,2768896,3836082708,4.356144905090332,1024,1024,1
2022-08-29T19:01:13,rec.1.tanh-lstm.1,782,870,8.007513046264648,0.5,0.1,128,16,1781760,3836082708,4.372905254364014,1024,1024,1
2022-08-29T19:01:22,rec.1.tanh-lstm.1,782,657,8.007514715194702,1.0,0.1,128,32,2691072,3836082708,4.79572868347168,1024,1024,1
2022-08-29T19:01:31,rec.1.relu-gru.1.tanh,779,120,8.05907917022705,0.5,0.1,32,1024,3932160,3836082708,4.834217071533203,1024,1024,1
2022-08-29T19:01:40,rec.1.tanh-gru.1.relu,779,120,8.016172170639038,0.5,0.1,32,1024,3932160,3836082708,4.8326568603515625,1024,1024,1
2022-08-29T19:01:49,rec.1.tanh-gru.1.tanh-dense.1.tanh,781,118,8.049883127212524,0.5,0.1,32,1024,3866624,3836082708,4.560391902923584,1024,1024,1
2022-08-29T19:01:59,rec.1.tanh-gru.1.tanh,779,118,8.059807062149048,0.5,0.1,16,2048,3866624,3836082708,4.352802276611328,1024,1024,1
2022-08-29T19:02:08,rec.1.tanh-gru.1.tanh,779,63,8.027209043502808,0.5,0.1,32,2048,4128768,3836082708,4.352882385253906,1024,1024,1
2022-08-29T19:02:17,rec.1.tanh-gru.1.tanh,779,120,8.0369131565094,0.2,0.1,32,1024,3932160,3836082708,4.552037239074707,1024,1024,1
2022-08-29T19:02:26,rec.1.tanh-gru.1.tanh,779,120,8.047029972076416,1.0,0.1,32,1024,3932160,3836082708,4.8394694328308105,1024,1024,1
2022-08-29T19:02:35,rec.1.relu-rec.1.tanh,773,227,8.014189720153809,0.5,0.1,32,512,3719168,3836082708,4.383700847625732,1024,1024,1
2022-08-29T19:02:44,dense.1.tanh-rec.1.tanh,772,231,8.029178857803345,0.5,0.1,32,512,3784704,3836082708,4.384515762329102,1024,1024,1
2022-08-29T19:02:53,rec.1.tanh-rec.1.relu,773,227,8.007297039031982,0.5,0.1,32,512,3719168,3836082708,4.7649102210998535,1024,1024,1
2022-08-29T19:03:02,rec.1.tanh-rec.1.tanh-dense.1.tanh,775,210,8.008859872817993,0.5,0.1,32,512,3440640,3836082708,4.401478290557861,1024,1024,1
2022-08-29T19:03:11,rec.1.tanh-rec.1.tanh,773,219,8.01531195640564,0.5,0.1,16,1024,3588096,3836082708,4.4253363609313965,1024,1024,1
2022-08-29T19:03:20,rec.1.tanh-rec.1.tanh,773,226,8.02883505821228,1.0,0.1,32,512,3702784,3836082708,4.401098728179932,1024,1024,1
2022-08-29T19:03:29,rec.1.relu-gru.1.tanh,779,359,8.002759218215942,0.5,0.1,16,512,2940928,3836082708,4.795924186706543,1024,1024,1
2022-08-29T19:03:38,rec.1.tanh-gru.1.relu,779,362,8.002896785736084,0.5,0.1,16,512,2965504,3836082708,4.798330307006836,1024,1024,1
2022-08-29T19:03:47,rec.1.tanh-dense.1.tanh,772,413,8.01268196105957,0.5,0.1,16,512,3383296,3836082708,4.394439220428467,1024,1024,1
2022-08-29T19:03:56,rec.1.tanh-rec.1.tanh,773,398,8.001575231552124,0.5,0.1,16,512,3260416,3836082708,4.377054691314697,1024,1024,1
2022-08-29T19:04:05,rec.1.tanh-lstm.1,782,343,8.007297039031982,0.5,0.1,16,512,2809856,3836082708,4.356804370880127,1024,1024,1
2022-08-29T19:04:14,rec.1.tanh,770,432,8.006688833236694,0.5,0.1,16,512,3538944,3836082708,4.366116046905518,1024,1024,1
2022-08-29T19:04:23,rec.1.tanh-gru.1.tanh-dense.1.tanh,781,349,8.01953411102295,0.5,0.1,16,512,2859008,3836082708,4.755574703216553,1024,1024,1
2022-08-29T19:05:16,rec.1.relu,770,1,1.270015001296997,0.5,0.1,128,256,32768,3926898741,7.100677967071533,1024,1024,1
2022-08-29T19:05:18,rec.1.tanh,770,8,1.0527288913726807,0.5,0.1,128,256,262144,3926898741,4.807362079620361,1024,1024,1
2022-08-29T19:05:20,dense.1.tanh,769,7,1.047335147857666,0.5,0.1,128,256,229376,3926898741,5.102391719818115,1024,1024,1
2022-08-29T19:05:22,rec.1.tanh-dense.1.tanh,772,6,1.0117840766906738,0.5,0.1,128,256,196608,3926898741,5.469994068145752,1024,1024,1
2022-08-29T19:05:24,rec.1.tanh,770,4,1.0289053916931152,0.5,0.1,128,512,262144,3926898741,5.424212455749512,1024,1024,1
2022-08-29T19:05:26,rec.1.tanh,770,13,1.0243289470672607,0.5,0.1,128,128,212992,3926898741,4.709903717041016,1024,1024,1
2022-08-29T19:05:28,rec.1.relu,770,16,1.024167776107788,0.5,0.1,128,128,262144,3926898741,4.666145324707031,1024,1024,1
2022-08-29T19:05:30,dense.1.tanh,769,17,1.0124170780181885,0.5,0.1,128,128,278528,3926898741,4.583639621734619,1024,1024,1
2022-08-29T19:05:32,dense.1.relu,769,19,1.0270390510559082,0.5,0.1,128,128,311296,3926898741,4.6548285484313965,1024,1024,1
