2022-09-18T16:56:05,dense.1.relu,769,1,2.7142655849456787,0.05,0.1,128,32,4096,3930028908,8.065958261489868,1024,1024,1,1
2022-09-18T16:56:07,dense.1.relu,769,9,1.0410470962524414,0.05,0.1,128,32,36864,3930028908,8.000087141990662,1024,1024,1,1
2022-09-18T16:56:12,dense.2.relu,1282,1,3.4534475803375244,0.05,0.1,128,32,4096,3930028908,7.949223279953003,1024,1024,1,1
2022-09-18T16:56:15,dense.4.relu,2308,1,1.8733203411102295,0.05,0.1,128,32,4096,3930028908,8.004514455795288,1024,1024,1,1
2022-09-18T16:56:17,dense.2.tanh,1282,14,1.0639996528625488,0.05,0.1,128,32,57344,3930028908,7.871932864189148,1024,1024,1,1
2022-09-18T16:56:19,suffix.2-dense.2.tanh,1794,10,1.0139992237091064,0.05,0.1,128,32,40960,3930028908,7.800284743309021,1024,1024,1,1
2022-09-18T16:56:21,suffix.2-dense.2.relu,1794,15,1.044010877609253,0.05,0.1,128,32,61440,3930028908,7.91601288318634,1024,1024,1,1
2022-09-18T16:56:23,suffix.4-dense.2.tanh,2818,1,1.0170156955718994,0.05,0.1,128,32,4096,3930028908,8.026700735092163,1024,1024,1,1
2022-09-18T16:56:25,suffix.2-dense.1.tanh,1025,16,1.024998664855957,0.05,0.1,128,32,65536,3930028908,7.911940574645996,1024,1024,1,1
2022-09-18T16:56:26,suffix.2-dense.4.tanh,3332,14,1.024000883102417,0.05,0.1,128,32,57344,3930028908,7.853177428245544,1024,1024,1,1
2022-09-18T16:56:28,suffix.2-dense.2.tanh,1794,18,1.0110101699829102,0.05,0.1,128,32,73728,3930028908,7.825274705886841,1024,1024,1,1
2022-09-18T16:56:30,suffix.2-dense.2.tanh-suffix.2,2306,15,1.0220005512237549,0.05,0.1,128,32,61440,3930028908,7.880379676818848,1024,1024,1,1
2022-09-18T16:56:32,suffix.2-dense.2.tanh-dense.2.relu,1800,9,1.0370395183563232,0.05,0.1,128,32,36864,3930028908,7.857413411140442,1024,1024,1,1
2022-09-18T16:56:34,suffix.2-dense.2.tanh,1794,19,1.070000171661377,0.05,0.1,128,64,155648,3930028908,7.748537063598633,1024,1024,1,1
2022-09-18T16:56:35,suffix.2-dense.2.tanh,1794,21,1.0931313037872314,0.05,0.1,128,64,172032,3930028908,7.8562633991241455,1024,1024,1,1
2022-09-18T16:56:37,suffix.2-dense.2.relu,1794,19,1.008000135421753,0.05,0.1,128,64,155648,3930028908,7.858771800994873,1024,1024,1,1
2022-09-18T16:56:39,attention.2.pos-dense.2.tanh,1794,10,1.0349981784820557,0.05,0.1,128,64,81920,3930028908,7.8597975969314575,1024,1024,1,1
2022-09-18T16:56:41,suffix.2-dense.2.tanh-attention.2,1794,10,1.0249981880187988,0.05,0.1,128,64,81920,3930028908,8.024235725402832,1024,1024,1,1
2022-09-18T16:56:43,suffix.2-dense.2.tanh,1794,18,1.0349986553192139,0.05,0.1,128,128,294912,3930028908,7.869162201881409,1024,1024,1,1
2022-09-18T16:56:45,suffix.2-dense.2.tanh,1794,22,1.078998327255249,0.02,0.1,128,64,180224,3930028908,7.9967029094696045,1024,1024,1,1
2022-09-18T16:56:46,suffix.2-dense.2.tanh,1794,21,1.0190026760101318,0.1,0.1,128,64,172032,3930028908,7.344569206237793,1024,1024,1,1
2022-09-18T16:56:48,suffix.2-dense.2.tanh,1794,15,1.0201034545898438,0.1,0.1,128,64,122880,3930028908,7.269698262214661,1024,1024,1,1
2022-09-18T16:56:49,suffix.2-dense.2.relu,1794,22,1.036771297454834,0.1,0.1,128,64,180224,3930028908,7.511294722557068,1024,1024,1,1
2022-09-18T16:56:51,dense.2.tanh,1282,22,1.002997636795044,0.1,0.1,128,64,180224,3930028908,7.217235684394836,1024,1024,1,1
2022-09-18T16:56:52,dense.2.relu,1282,22,1.0269711017608643,0.1,0.1,128,64,180224,3930028908,7.07174825668335,1024,1024,1,1
2022-09-18T16:56:54,dense.1.relu,769,24,1.0151467323303223,0.1,0.1,128,64,196608,3930028908,7.429792642593384,1024,1024,1,1
2022-09-18T16:56:55,dense.4.relu,2308,23,1.0240206718444824,0.1,0.1,128,64,188416,3930028908,6.730860233306885,1024,1024,1,1
2022-09-18T16:56:57,dense.4.relu,2308,25,1.034027099609375,0.1,0.1,128,64,204800,3930028908,6.303119540214539,1024,1024,1,1
2022-09-18T16:56:58,dense.4.tanh,2308,23,1.00303316116333,0.1,0.1,128,64,188416,3930028908,6.892518043518066,1024,1024,1,1
2022-09-18T16:57:01,dense.8.relu,4360,1,1.280090093612671,0.1,0.1,128,64,8192,3930028908,7.909846544265747,1024,1024,1,1
2022-09-18T16:57:03,attention.2-dense.4.relu,2308,19,1.0199990272521973,0.1,0.1,128,64,155648,3930028908,7.497486233711243,1024,1024,1,1
2022-09-18T16:57:04,dense.4.relu,2308,24,1.0070021152496338,0.1,0.1,128,64,196608,3930028908,7.008399486541748,1024,1024,1,1
2022-09-18T16:57:06,dense.4.relu-suffix.2,3332,20,1.0160424709320068,0.1,0.1,128,64,163840,3930028908,6.986945629119873,1024,1024,1,1
2022-09-18T16:57:08,dense.4.relu-dense.4.relu,2328,1,1.025000810623169,0.1,0.1,128,64,8192,3930028908,7.988661766052246,1024,1024,1,1
2022-09-18T16:57:10,dense.4.relu,2308,22,1.0280001163482666,0.1,0.1,128,128,360448,3930028908,7.170778870582581,1024,1024,1,1
2022-09-18T16:57:11,dense.4.relu,2308,26,1.0529987812042236,0.2,0.1,128,64,212992,3930028908,4.635870337486267,1024,1024,1,1
2022-09-18T16:57:13,dense.4.relu,2308,27,1.0769999027252197,0.2,0.1,128,64,221184,3930028908,4.542654633522034,1024,1024,1,1
2022-09-18T16:57:14,dense.4.relu,2308,26,1.004000186920166,0.2,0.1,128,64,212992,3930028908,4.990106701850891,1024,1024,1,1
2022-09-18T16:57:16,dense.4.tanh,2308,27,1.0240023136138916,0.2,0.1,128,64,221184,3930028908,4.583375573158264,1024,1024,1,1
2022-09-18T16:57:17,dense.4.tanh,2308,27,1.0219993591308594,0.2,0.1,128,64,221184,3930028908,4.63459324836731,1024,1024,1,1
2022-09-18T16:57:18,dense.4.tanh,2308,24,1.0150012969970703,0.2,0.1,128,64,196608,3930028908,4.695170879364014,1024,1024,1,1
2022-09-18T16:57:20,dense.8.tanh,4360,24,1.0185489654541016,0.2,0.1,128,64,196608,3930028908,4.431074738502502,1024,1024,1,1
2022-09-18T16:57:21,dense.8.tanh,4360,23,1.0250022411346436,0.2,0.1,128,64,188416,3930028908,4.350552439689636,1024,1024,1,1
2022-09-18T16:57:23,dense.8.tanh,4360,27,1.0179986953735352,0.2,0.1,128,64,221184,3930028908,4.297070622444153,1024,1024,1,1
2022-09-18T16:57:25,dense.16.tanh,8464,5,1.031998872756958,0.2,0.1,128,64,40960,3930028908,5.991013050079346,1024,1024,1,1
2022-09-18T16:57:27,suffix.2-dense.8.tanh,6408,15,1.0180017948150635,0.2,0.1,128,64,122880,3930028908,4.513375282287598,1024,1024,1,1
2022-09-18T16:57:29,dense.8.tanh-suffix.2,6408,17,1.011045217514038,0.2,0.1,128,64,139264,3930028908,4.489889740943909,1024,1024,1,1
2022-09-18T16:57:31,dense.8.tanh-dense.8.relu,4432,1,1.0149986743927002,0.2,0.1,128,64,8192,3930028908,7.757989048957825,1024,1024,1,1
2022-09-18T16:57:32,dense.8.tanh,4360,24,1.027001142501831,0.2,0.1,128,128,393216,3930028908,4.225773930549622,1024,1024,1,1
2022-09-18T16:57:34,dense.8.tanh,4360,26,1.0060296058654785,0.2,0.1,128,128,425984,3930028908,4.215799331665039,1024,1024,1,1
2022-09-18T16:57:35,dense.8.tanh,4360,25,1.0219991207122803,0.2,0.1,128,128,409600,3930028908,4.345166444778442,1024,1024,1,1
2022-09-18T16:57:36,dense.8.relu,4360,23,1.022033452987671,0.2,0.1,128,128,376832,3930028908,4.4412171840667725,1024,1024,1,1
2022-09-18T16:57:39,attention.2-dense.8.tanh,4360,19,1.0169999599456787,0.2,0.1,128,128,311296,3930028908,4.763813495635986,1024,1024,1,1
2022-09-18T16:57:41,dense.8.tanh-attention.2,4360,10,1.0090131759643555,0.2,0.1,128,128,163840,3930028908,5.198002815246582,1024,1024,1,1
2022-09-18T16:57:42,dense.8.tanh,4360,22,1.0129988193511963,0.2,0.1,128,256,720896,3930028908,4.498247027397156,1024,1024,1,1
2022-09-18T16:57:44,dense.8.tanh,4360,25,1.016026496887207,0.1,0.1,128,128,409600,3930028908,5.836783051490784,1024,1024,1,1
2022-09-18T16:57:45,dense.8.tanh,4360,27,1.023000717163086,0.5,0.1,128,128,442368,3930028908,3.841425657272339,1024,1024,1,1
2022-09-18T16:57:47,dense.8.tanh,4360,27,1.0210027694702148,0.5,0.1,128,128,442368,3930028908,3.863274931907654,1024,1024,1,1
2022-09-18T16:57:48,dense.8.tanh,4360,27,1.0225377082824707,0.5,0.1,128,128,442368,3930028908,3.8560181856155396,1024,1024,1,1
2022-09-18T16:57:50,dense.8.relu,4360,25,1.0071828365325928,0.5,0.1,128,128,409600,3930028908,3.9114320278167725,1024,1024,1,1
2022-09-18T16:57:51,dense.4.tanh,2308,24,1.0120024681091309,0.5,0.1,128,128,393216,3930028908,4.014105021953583,1024,1024,1,1
2022-09-18T16:57:53,dense.16.tanh,8464,22,1.0159971714019775,0.5,0.1,128,128,360448,3930028908,3.7938631772994995,1024,1024,1,1
2022-09-18T16:57:54,dense.16.relu,8464,21,1.0179996490478516,0.5,0.1,128,128,344064,3930028908,3.9441174268722534,1024,1024,1,1
2022-09-18T16:57:56,dense.16.tanh,8464,26,1.0189988613128662,0.5,0.1,128,128,425984,3930028908,3.8099068999290466,1024,1024,1,1
2022-09-18T16:57:58,dense.32.tanh,16672,1,1.3300137519836426,0.5,0.1,128,128,16384,3930028908,6.73549485206604,1024,1024,1,1
2022-09-18T16:58:00,dense.16.tanh,8464,20,1.0083229541778564,0.5,0.1,128,128,327680,3930028908,3.8282691836357117,1024,1024,1,1
2022-09-18T16:58:02,suffix.2-dense.16.tanh,12560,6,1.0108485221862793,0.5,0.1,128,128,98304,3930028908,4.283619046211243,1024,1024,1,1
2022-09-18T16:58:04,dense.16.tanh-suffix.2,12560,13,1.0079970359802246,0.5,0.1,128,128,212992,3930028908,3.863276958465576,1024,1024,1,1
2022-09-18T16:58:06,dense.16.tanh-dense.16.relu,8736,6,1.022923231124878,0.5,0.1,128,128,98304,3930028908,5.0387256145477295,1024,1024,1,1
2022-09-18T16:58:07,dense.16.tanh,8464,15,1.0009982585906982,0.5,0.1,128,256,491520,3930028908,3.8965494632720947,1024,1024,1,1
2022-09-18T16:58:09,dense.16.tanh,8464,14,1.0160682201385498,1.0,0.1,128,128,229376,3930028908,7.363866329193115,1024,1024,1,1
2022-09-18T16:58:11,dense.16.tanh-attention.2,8464,7,1.0410001277923584,0.5,0.1,128,128,114688,3930028908,4.114189267158508,1024,1024,1,1
2022-09-18T16:58:14,attention.2.pos-dense.8.tanh,4872,6,1.0279996395111084,0.5,0.1,128,128,98304,3930028908,5.386391758918762,1024,1024,1,1
2022-09-18T16:58:17,dense.8.tanh-attention.2.pos,4376,3,1.0159990787506104,0.5,0.1,128,128,49152,3930028908,5.465569257736206,1024,1024,1,1
2022-09-18T16:58:18,dense.8.tanh-dense.8.relu,4432,8,1.0389997959136963,0.5,0.1,128,128,131072,3930028908,4.553765058517456,1024,1024,1,1
2022-09-18T16:58:20,dense.8.tanh-suffix.2,6408,13,1.035001277923584,0.5,0.1,128,128,212992,3930028908,3.8969576358795166,1024,1024,1,1
2022-09-18T16:58:22,dense.16.tanh-suffix.2,12560,14,1.0020005702972412,0.5,0.1,128,128,229376,3930028908,3.927691698074341,1024,1024,1,1
2022-09-18T16:58:24,rec.8.relu,4424,12,1.0090000629425049,0.5,0.1,128,128,196608,3930028908,4.40152382850647,1024,1024,1,1
2022-09-18T16:58:26,dense.16.relu-suffix.2,12560,13,1.0190026760101318,0.5,0.1,128,128,212992,3930028908,3.9921715259552,1024,1024,1,1
2022-09-18T16:58:28,attention.2-dense.16.tanh-suffix.2,12560,10,1.0009996891021729,0.5,0.1,128,128,163840,3930028908,4.210987210273743,1024,1024,1,1
2022-09-18T16:58:30,dense.16.tanh-suffix.4,20752,6,1.0149989128112793,0.5,0.1,128,128,98304,3930028908,6.613604307174683,1024,1024,1,1
2022-09-18T16:58:32,dense.16.tanh-suffix.2-dense.32.relu,13616,5,1.0135211944580078,0.5,0.1,128,128,81920,3930028908,5.956097483634949,1024,1024,1,1
2022-09-18T16:58:34,dense.16.tanh-suffix.2,12560,14,1.0325164794921875,0.5,0.1,128,64,114688,3930028908,3.882063865661621,1024,1024,1,1
2022-09-18T16:58:36,dense.16.tanh,8464,20,1.0329983234405518,0.5,0.1,128,128,327680,3930028908,3.843804895877838,1024,1024,1,1
2022-09-18T16:58:38,dense.16.tanh-suffix.2,12560,13,1.041517972946167,0.5,0.1,128,64,106496,3930028908,4.08153760433197,1024,1024,1,1
2022-09-18T16:58:39,dense.16.tanh-suffix.2,12560,15,1.0325191020965576,0.5,0.1,128,128,245760,3930028908,3.9014954566955566,1024,1024,1,1
2022-09-18T16:58:41,dense.16.tanh,8464,18,1.0150001049041748,0.5,0.1,128,256,589824,3930028908,3.8056647777557373,1024,1024,1,1
2022-09-18T16:58:42,dense.16.tanh,8464,18,1.0380003452301025,0.5,0.1,128,256,589824,3930028908,3.8355790972709656,1024,1024,1,1
2022-09-18T16:58:44,dense.16.relu,8464,15,1.0290007591247559,0.5,0.1,128,256,491520,3930028908,3.9807727932929993,1024,1024,1,1
2022-09-18T16:58:46,attention.2-dense.16.tanh,8464,13,1.0370004177093506,0.5,0.1,128,256,425984,3930028908,4.036792039871216,1024,1024,1,1
2022-09-18T16:58:49,dense.16.tanh-attention.2.pos,8496,2,1.0730011463165283,0.5,0.1,128,256,65536,3930028908,5.812596797943115,1024,1024,1,1
2022-09-18T16:58:51,dense.16.tanh,8464,13,1.023998737335205,0.5,0.1,128,512,851968,3930028908,3.9103689193725586,1024,1024,1,1
2022-09-18T16:58:53,dense.8.tanh,4360,19,1.002000093460083,0.5,0.1,128,256,622592,3930028908,3.9222999811172485,1024,1024,1,1
2022-09-18T16:58:54,rec.4.relu-suffix.2,3348,11,1.0279991626739502,0.5,0.1,128,128,180224,3930028908,4.55900514125824,1024,1024,1,1
2022-09-18T16:58:56,suffix.2-dense.8.tanh-suffix.2,8456,10,1.0179998874664307,0.5,0.1,128,128,163840,3930028908,4.134665369987488,1024,1024,1,1
2022-09-18T16:58:58,dense.8.tanh-suffix.2-dense.16.relu,6680,8,1.0030007362365723,0.5,0.1,128,128,131072,3930028908,4.733561873435974,1024,1024,1,1
2022-09-18T16:59:00,dense.8.tanh-suffix.2,6408,15,1.0010020732879639,0.5,0.1,128,128,245760,3930028908,3.8111159801483154,1024,1024,1,1
2022-09-18T16:59:02,dense.8.tanh-suffix.2,6408,11,1.0160002708435059,0.5,0.1,128,128,180224,3930028908,3.9517317414283752,1024,1024,1,1
2022-09-18T16:59:04,dense.8.tanh-suffix.2,6408,13,1.0279967784881592,1.0,0.1,128,128,212992,3930028908,12.582226037979126,1024,1024,1,1
2022-09-18T16:59:05,dense.16.tanh-suffix.2,12560,12,1.0219995975494385,0.5,0.1,128,256,393216,3930028908,3.948851525783539,1024,1024,1,1
2022-09-18T16:59:07,dense.16.tanh-suffix.2,12560,15,1.0070018768310547,0.2,0.1,128,128,245760,3930028908,4.356186032295227,1024,1024,1,1
2022-09-18T16:59:09,rec.8.tanh-suffix.2,6472,10,1.004000186920166,0.5,0.1,128,128,163840,3930028908,4.286911606788635,1024,1024,1,1
2022-09-18T16:59:11,rec.16.relu,8720,11,1.001997709274292,0.5,0.1,128,256,360448,3930028908,4.364842772483826,1024,1024,1,1
2022-09-18T16:59:12,dense.16.tanh,8464,14,1.0119986534118652,0.5,0.1,128,512,917504,3930028908,3.9462762475013733,1024,1024,1,1
2022-09-18T16:59:15,gru.8.relu,8664,5,1.095001220703125,0.5,0.1,128,128,81920,3930028908,7.848432779312134,1024,1024,1,1
2022-09-18T16:59:17,rec.4.tanh,2324,12,1.0020112991333008,0.5,0.1,128,128,196608,3930028908,4.323603391647339,1024,1024,1,1
2022-09-18T16:59:18,suffix.2-dense.8.relu,6408,13,1.0140025615692139,0.5,0.1,128,128,212992,3930028908,3.9951754212379456,1024,1024,1,1
2022-09-18T16:59:20,dense.8.relu,4360,18,1.0120248794555664,0.5,0.1,128,128,294912,3930028908,3.985712945461273,1024,1024,1,1
2022-09-18T16:59:22,dense.8.tanh-suffix.2,6408,14,1.0140018463134766,0.5,0.1,128,256,458752,3930028908,3.9953131079673767,1024,1024,1,1
2022-09-18T16:59:23,rec.8.tanh,4424,13,1.0099987983703613,0.5,0.1,128,256,425984,3930028908,4.372325658798218,1024,1024,1,1
2022-09-18T16:59:25,dense.8.tanh,4360,19,1.0040020942687988,0.5,0.1,128,256,622592,3930028908,3.9179767966270447,1024,1024,1,1
2022-09-18T16:59:27,rec.4.relu,2324,15,1.0370006561279297,0.5,0.1,128,256,491520,3930028908,4.435851693153381,1024,1024,1,1
2022-09-18T16:59:28,suffix.2-dense.8.tanh,6408,16,1.005000114440918,0.5,0.1,128,256,524288,3930028908,3.8443052768707275,1024,1024,1,1
2022-09-18T16:59:30,suffix.2-dense.8.relu,6408,16,1.0029966831207275,0.5,0.1,128,256,524288,3930028908,3.990374445915222,1024,1024,1,1
2022-09-18T16:59:32,suffix.2-dense.8.tanh,6408,18,1.0330009460449219,0.5,0.1,128,256,589824,3930028908,3.8393207788467407,1024,1024,1,1
2022-09-18T16:59:34,suffix.2-dense.8.tanh,6408,19,1.0130009651184082,0.5,0.1,128,256,622592,3930028908,3.723757326602936,1024,1024,1,1
2022-09-18T16:59:35,suffix.4-dense.8.tanh,10504,13,1.017998456954956,0.5,0.1,128,256,425984,3930028908,3.9399940371513367,1024,1024,1,1
2022-09-18T16:59:37,suffix.2-dense.4.tanh,3332,17,1.0327205657958984,0.5,0.1,128,256,557056,3930028908,4.262769460678101,1024,1024,1,1
2022-09-18T16:59:40,suffix.2-dense.8.tanh-attention.2,6408,8,1.0390732288360596,0.5,0.1,128,256,262144,3930028908,4.331318259239197,1024,1024,1,1
2022-09-18T16:59:41,suffix.2-dense.8.tanh-dense.8.relu,6480,10,1.0220036506652832,0.5,0.1,128,256,327680,3930028908,4.367595911026001,1024,1024,1,1
2022-09-18T16:59:43,suffix.2-dense.8.tanh,6408,13,1.0330047607421875,0.5,0.1,128,512,851968,3930028908,3.9070231318473816,1024,1024,1,1
2022-09-18T16:59:45,suffix.2-dense.8.tanh,6408,19,1.0159995555877686,1.0,0.1,128,256,622592,3930028908,4.609128832817078,1024,1024,1,1
2022-09-18T16:59:47,suffix.2-dense.8.relu,6408,12,1.028101921081543,0.5,0.1,128,512,786432,3930028908,4.061156272888184,1024,1024,1,1
2022-09-18T16:59:49,attention.2.pos-dense.8.tanh,4872,10,1.0119984149932861,0.5,0.1,128,512,655360,3930028908,5.274359822273254,1024,1024,1,1
2022-09-18T16:59:50,suffix.2-dense.8.tanh,6408,19,1.002612829208374,0.5,0.1,128,512,1245184,3930028908,3.794225335121155,1024,1024,1,1
2022-09-18T16:59:52,suffix.2-dense.8.tanh-suffix.2,8456,14,1.0334506034851074,0.5,0.1,128,512,917504,3930028908,3.8186563849449158,1024,1024,1,1
2022-09-18T16:59:54,suffix.2-dense.8.tanh-suffix.2,8456,16,1.0345849990844727,0.5,0.1,128,512,1048576,3930028908,3.816530168056488,1024,1024,1,1
2022-09-18T16:59:56,suffix.2-dense.8.tanh-suffix.2,8456,14,1.0333924293518066,0.5,0.1,128,512,917504,3930028908,3.8656229376792908,1024,1024,1,1
2022-09-18T16:59:58,suffix.2-dense.8.relu-suffix.2,8456,9,1.0312225818634033,0.5,0.1,128,512,589824,3930028908,4.185624957084656,1024,1024,1,1
2022-09-18T17:00:00,suffix.2-dense.8.tanh-suffix.2,8456,13,1.002666711807251,0.5,0.1,128,512,851968,3930028908,3.8740769624710083,1024,1024,1,1
2022-09-18T17:00:01,suffix.4-dense.8.tanh-suffix.2,12552,12,1.0188755989074707,0.5,0.1,128,512,786432,3930028908,4.279266357421875,1024,1024,1,1
2022-09-18T17:00:04,attention.2-dense.8.tanh-suffix.2,6408,12,1.006155014038086,0.5,0.1,128,512,786432,3930028908,4.11336350440979,1024,1024,1,1
2022-09-18T17:00:05,suffix.2-dense.4.tanh-suffix.2,4356,13,1.0505852699279785,0.5,0.1,128,512,851968,3930028908,4.193592309951782,1024,1024,1,1
2022-09-18T17:00:07,suffix.2-dense.16.tanh-suffix.2,16656,12,1.0279793739318848,0.5,0.1,128,512,786432,3930028908,4.002902507781982,1024,1024,1,1
2022-09-18T17:00:09,suffix.2-dense.8.tanh-suffix.4,12552,12,1.006833553314209,0.5,0.1,128,512,786432,3930028908,4.250039339065552,1024,1024,1,1
2022-09-18T17:00:12,suffix.2-dense.8.tanh-suffix.2-dense.16.relu,8728,9,1.0394506454467773,0.5,0.1,128,512,589824,3930028908,4.317445874214172,1024,1024,1,1
2022-09-18T17:00:14,suffix.2-dense.8.tanh-suffix.2,8456,9,1.0624914169311523,0.5,0.1,128,1024,1179648,3930028908,4.083661079406738,1024,1024,1,1
2022-09-18T17:00:15,suffix.2-dense.8.tanh-suffix.2,8456,11,1.0419998168945312,0.2,0.1,128,512,720896,3930028908,4.680979609489441,1024,1024,1,1
2022-09-18T17:00:17,suffix.2-dense.8.tanh-suffix.2,8456,10,1.0449998378753662,1.0,0.1,128,512,655360,3930028908,16.331044673919678,1024,1024,1,1
2022-09-18T17:00:20,suffix.2-dense.8.tanh-attention.2.pos,6424,2,1.0160622596740723,0.5,0.1,128,512,131072,3930028908,7.103577733039856,1024,1024,1,1
2022-09-18T17:00:21,suffix.2-dense.8.tanh,6408,20,1.0261056423187256,0.5,0.1,128,512,1310720,3930028908,3.6806339621543884,1024,1024,1,1
2022-09-18T17:00:23,suffix.2-dense.8.tanh,6408,19,1.0010123252868652,0.5,0.1,128,512,1245184,3930028908,3.7598965764045715,1024,1024,1,1
2022-09-18T17:00:25,suffix.2-rec.8.relu,6472,15,1.0079998970031738,0.5,0.1,128,256,491520,3930028908,4.066259503364563,1024,1024,1,1
2022-09-18T17:00:27,suffix.2-rec.4.relu,3348,10,1.0379998683929443,0.5,0.1,128,512,655360,3930028908,4.421051383018494,1024,1024,1,1
2022-09-18T17:00:29,suffix.2-rec.8.tanh,6472,11,1.0180025100708008,0.5,0.1,128,512,720896,3930028908,4.206816673278809,1024,1024,1,1
2022-09-18T17:00:31,attention.2-dense.8.tanh,4360,17,1.0340032577514648,0.5,0.1,128,256,557056,3930028908,4.034663438796997,1024,1024,1,1
2022-09-18T17:00:32,dense.8.tanh,4360,15,1.007000207901001,0.5,0.1,128,512,983040,3930028908,3.9435609579086304,1024,1024,1,1
2022-09-18T17:00:34,dense.16.relu,8464,19,1.024003505706787,0.5,0.1,128,512,1245184,3930028908,3.863321900367737,1024,1024,1,1
2022-09-18T17:00:35,dense.32.relu,16672,19,1.0259971618652344,0.5,0.1,128,512,1245184,3930028908,3.8093038201332092,1024,1024,1,1
2022-09-18T17:00:37,dense.32.tanh,16672,19,1.0159997940063477,0.5,0.1,128,512,1245184,3930028908,3.861848771572113,1024,1024,1,1
2022-09-18T17:00:39,dense.64.relu,33088,8,1.0079991817474365,0.5,0.1,128,512,524288,3930028908,4.177903890609741,1024,1024,1,1
2022-09-18T17:00:41,suffix.2-dense.32.relu,24864,11,1.028000831604004,0.5,0.1,128,512,720896,3930028908,3.808312952518463,1024,1024,1,1
2022-09-18T17:00:42,suffix.2-dense.32.tanh,24864,13,1.0010018348693848,0.5,0.1,128,512,851968,3930028908,3.8754993081092834,1024,1024,1,1
2022-09-18T17:00:44,suffix.2-dense.32.relu,24864,17,1.009000539779663,0.5,0.1,128,512,1114112,3930028908,3.593661069869995,1024,1024,1,1
2022-09-18T17:00:46,suffix.4-dense.32.relu,41248,11,1.0279982089996338,0.5,0.1,128,512,720896,3930028908,3.714697241783142,1024,1024,1,1
2022-09-18T17:00:48,suffix.2-dense.32.relu,24864,18,1.0209994316101074,0.5,0.1,128,512,1179648,3930028908,3.594289541244507,1024,1024,1,1
2022-09-18T17:00:49,suffix.2-dense.32.relu,24864,14,1.0149996280670166,0.5,0.1,128,512,917504,3930028908,3.6514779329299927,1024,1024,1,1
2022-09-18T17:00:51,suffix.2-dense.32.relu-suffix.2,33056,11,1.0450005531311035,0.5,0.1,128,512,720896,3930028908,3.843916356563568,1024,1024,1,1
2022-09-18T17:00:54,suffix.2-dense.32.relu-dense.32.relu,25920,9,1.0695157051086426,0.5,0.1,128,512,589824,3930028908,4.528979301452637,1024,1024,1,1
2022-09-18T17:00:56,suffix.2-dense.32.relu,24864,13,1.0240001678466797,0.5,0.1,128,1024,1703936,3930028908,3.7106911540031433,1024,1024,1,1
2022-09-18T17:00:57,suffix.2-dense.32.relu,24864,16,1.0082828998565674,0.5,0.1,128,256,524288,3930028908,3.6399620175361633,1024,1024,1,1
2022-09-18T17:00:59,suffix.2-dense.32.relu,24864,17,1.027024507522583,0.2,0.1,128,512,1114112,3930028908,3.8688225150108337,1024,1024,1,1
2022-09-18T17:01:01,suffix.2-dense.32.relu,24864,13,1.0410130023956299,1.0,0.1,128,512,851968,3930028908,4.690726161003113,1024,1024,1,1
2022-09-18T17:01:02,suffix.2-dense.32.relu,24864,15,1.002328872680664,0.5,0.1,128,256,491520,3930028908,3.6677396297454834,1024,1024,1,1
2022-09-18T17:01:04,suffix.2-dense.32.tanh,24864,14,1.0199973583221436,0.5,0.1,128,256,458752,3930028908,3.737945556640625,1024,1024,1,1
2022-09-18T17:01:06,attention.2.pos-dense.32.relu,17184,9,1.0240428447723389,0.5,0.1,128,256,294912,3930028908,6.07507860660553,1024,1024,1,1
2022-09-18T17:01:08,suffix.2-dense.64.relu,49472,10,1.0009987354278564,0.5,0.1,128,256,327680,3930028908,3.825493097305298,1024,1024,1,1
2022-09-18T17:01:11,suffix.2-dense.32.relu-attention.2,24864,8,1.0559992790222168,0.5,0.1,128,256,262144,3930028908,4.195162057876587,1024,1024,1,1
2022-09-18T17:01:13,suffix.2-dense.32.relu,24864,17,1.00600004196167,0.5,0.1,128,128,278528,3930028908,3.678122341632843,1024,1024,1,1
2022-09-18T17:01:14,suffix.2-dense.32.relu,24864,17,1.0039994716644287,0.5,0.1,128,256,557056,3930028908,3.5572519302368164,1024,1024,1,1
2022-09-18T17:01:16,suffix.2-dense.32.relu,24864,18,1.0160026550292969,0.5,0.1,128,256,589824,3930028908,3.547612965106964,1024,1024,1,1
2022-09-18T17:01:18,suffix.4-dense.32.relu,41248,16,1.016059160232544,0.5,0.1,128,256,524288,3930028908,3.708484411239624,1024,1024,1,1
2022-09-18T17:01:20,suffix.2-rec.16.tanh,12816,14,1.0469462871551514,0.5,0.1,128,256,458752,3930028908,4.473151206970215,1024,1024,1,1
2022-09-18T17:01:21,suffix.2-dense.32.relu,24864,19,1.0119974613189697,0.5,0.1,128,128,311296,3930028908,3.635966122150421,1024,1024,1,1
2022-09-18T17:01:23,suffix.2-dense.32.relu,24864,19,1.0059986114501953,0.5,0.1,128,128,311296,3930028908,3.507916271686554,1024,1024,1,1
2022-09-18T17:01:25,attention.2-dense.32.relu,16672,16,1.0110008716583252,0.5,0.1,128,128,262144,3930028908,4.027292311191559,1024,1024,1,1
2022-09-18T17:01:27,suffix.2-rec.32.relu,25888,13,1.0120010375976562,0.5,0.1,128,128,212992,3930028908,nan,1024,1024,1,1
2022-09-18T17:01:29,suffix.2-dense.32.relu-suffix.2,33056,14,1.009002685546875,0.5,0.1,128,128,229376,3930028908,3.8579111099243164,1024,1024,1,1
2022-09-18T17:01:31,suffix.2-dense.32.relu-dense.32.relu,25920,11,1.0389962196350098,0.5,0.1,128,128,180224,3930028908,4.528562426567078,1024,1024,1,1
2022-09-18T17:01:33,suffix.2-dense.32.relu,24864,18,1.0309979915618896,0.5,0.1,128,64,147456,3930028908,3.6573243737220764,1024,1024,1,1
2022-09-18T17:01:34,suffix.2-dense.32.relu,24864,19,1.0099990367889404,0.2,0.1,128,128,311296,3930028908,3.7906752824783325,1024,1024,1,1
2022-09-18T17:01:36,suffix.2-dense.32.relu,24864,19,1.013000249862671,1.0,0.1,128,128,311296,3930028908,4.6014484167099,1024,1024,1,1
2022-09-18T17:01:38,suffix.2-dense.32.relu,24864,20,1.0219998359680176,0.5,0.1,128,64,163840,3930028908,3.5937229990959167,1024,1024,1,1
2022-09-18T17:01:39,dense.32.relu,16672,20,1.0030004978179932,0.5,0.1,128,64,163840,3930028908,3.8724514842033386,1024,1024,1,1
2022-09-18T17:01:41,suffix.4-dense.32.relu,41248,18,1.0060043334960938,0.5,0.1,128,64,147456,3930028908,3.6167141795158386,1024,1024,1,1
2022-09-18T17:01:43,suffix.4-dense.32.relu,41248,21,1.0280003547668457,0.5,0.1,128,64,172032,3930028908,3.6069312691688538,1024,1024,1,1
2022-09-18T17:01:44,suffix.4-dense.32.relu,41248,21,1.0345242023468018,0.5,0.1,128,64,172032,3930028908,3.627032160758972,1024,1024,1,1
2022-09-18T17:01:46,suffix.4-dense.32.relu,41248,21,1.025998592376709,0.5,0.1,128,64,172032,3930028908,3.5699788331985474,1024,1024,1,1
2022-09-18T17:01:48,suffix.8-dense.32.relu,74016,12,1.0139997005462646,0.5,0.1,128,64,98304,3930028908,4.416000485420227,1024,1024,1,1
2022-09-18T17:01:50,attention.4.pos-dense.32.relu,17696,10,1.0439987182617188,0.5,0.1,128,64,81920,3930028908,35.934237480163574,1024,1024,1,1
2022-09-18T17:01:52,suffix.4-dense.16.relu,20752,15,1.0310020446777344,0.5,0.1,128,64,122880,3930028908,4.009818434715271,1024,1024,1,1
2022-09-18T17:01:54,suffix.4-dense.64.relu,82240,13,1.0320026874542236,0.5,0.1,128,64,106496,3930028908,4.02804696559906,1024,1024,1,1
2022-09-18T17:01:56,suffix.4-dense.32.tanh,41248,20,1.0149972438812256,0.5,0.1,128,64,163840,3930028908,3.979057192802429,1024,1024,1,1
2022-09-18T17:01:58,suffix.4-dense.32.relu-suffix.2,49440,15,1.0360000133514404,0.5,0.1,128,64,122880,3930028908,4.280193209648132,1024,1024,1,1
2022-09-18T17:02:00,suffix.4-dense.32.relu-dense.32.relu,42304,7,1.0179996490478516,0.5,0.1,128,64,57344,3930028908,5.286447525024414,1024,1024,1,1
2022-09-18T17:02:01,suffix.4-dense.32.relu,41248,18,1.0170025825500488,0.5,0.1,128,32,73728,3930028908,3.785292863845825,1024,1024,1,1
2022-09-18T17:02:03,suffix.4-dense.32.relu,41248,21,1.0260000228881836,0.2,0.1,128,64,172032,3930028908,3.6482136249542236,1024,1024,1,1
2022-09-18T17:02:05,suffix.4-dense.32.relu,41248,20,1.0079996585845947,1.0,0.1,128,64,163840,3930028908,4.793976664543152,1024,1024,1,1
2022-09-18T17:02:06,suffix.2-dense.32.tanh,24864,20,1.0320003032684326,0.5,0.1,128,64,163840,3930028908,3.746322989463806,1024,1024,1,1
2022-09-18T17:02:09,suffix.2-dense.32.relu-attention.2,24864,9,1.0210018157958984,0.5,0.1,128,64,73728,3930028908,4.09636914730072,1024,1024,1,1
2022-09-18T17:02:11,suffix.4-dense.32.relu,41248,18,1.0310001373291016,0.5,0.1,128,128,294912,3930028908,3.722091317176819,1024,1024,1,1
2022-09-18T17:02:12,suffix.2-dense.32.relu,24864,20,1.0260000228881836,0.5,0.1,128,64,163840,3930028908,3.5548800826072693,1024,1024,1,1
2022-09-18T17:02:14,suffix.2-dense.32.relu,24864,20,1.0090000629425049,0.5,0.1,128,64,163840,3930028908,3.6039393544197083,1024,1024,1,1
2022-09-18T17:02:16,suffix.2-dense.32.relu,24864,20,1.0189998149871826,0.2,0.1,128,64,163840,3930028908,3.780779480934143,1024,1024,1,1
2022-09-18T17:02:17,suffix.4-dense.32.tanh,41248,23,1.0299997329711914,0.2,0.1,128,64,188416,3930028908,3.608518421649933,1024,1024,1,1
2022-09-18T17:02:19,suffix.4-dense.32.tanh,41248,21,1.0069992542266846,0.2,0.1,128,64,172032,3930028908,3.6618403792381287,1024,1024,1,1
2022-09-18T17:02:21,suffix.8-dense.32.tanh,74016,20,1.0289990901947021,0.2,0.1,128,64,163840,3930028908,3.742072582244873,1024,1024,1,1
2022-09-18T17:02:22,suffix.4-dense.32.tanh,41248,23,1.0239994525909424,0.2,0.1,128,64,188416,3930028908,3.663201689720154,1024,1024,1,1
2022-09-18T17:02:24,suffix.4-dense.32.relu,41248,21,1.0300004482269287,0.2,0.1,128,64,172032,3930028908,3.713854193687439,1024,1024,1,1
2022-09-18T17:02:26,attention.4.pos-dense.32.tanh,17696,10,1.0218284130096436,0.2,0.1,128,64,81920,3930028908,4.8751301765441895,1024,1024,1,1
2022-09-18T17:02:28,suffix.4-dense.16.tanh,20752,21,1.006000280380249,0.2,0.1,128,64,172032,3930028908,3.9333834648132324,1024,1024,1,1
2022-09-18T17:02:30,suffix.4-dense.64.tanh,82240,20,1.0150001049041748,0.2,0.1,128,64,163840,3930028908,3.5844228267669678,1024,1024,1,1
2022-09-18T17:02:31,suffix.4-dense.64.tanh,82240,22,1.0060007572174072,0.2,0.1,128,64,180224,3930028908,3.512555956840515,1024,1024,1,1
2022-09-18T17:02:33,suffix.2-dense.64.tanh,49472,18,1.0079987049102783,0.2,0.1,128,64,147456,3930028908,3.6741414070129395,1024,1024,1,1
2022-09-18T17:02:35,attention.4-dense.64.tanh,33088,16,1.005000114440918,0.2,0.1,128,64,131072,3930028908,4.3780517578125,1024,1024,1,1
2022-09-18T17:02:37,suffix.4-dense.64.tanh,82240,21,1.027001142501831,0.2,0.1,128,64,172032,3930028908,3.4906760454177856,1024,1024,1,1
2022-09-18T17:02:39,suffix.4-dense.64.tanh,82240,22,1.00700044631958,0.2,0.1,128,64,180224,3930028908,3.4965720772743225,1024,1024,1,1
2022-09-18T17:02:42,suffix.4-dense.128.tanh,164224,1,1.3584444522857666,0.2,0.1,128,64,8192,3930028908,6.094616174697876,1024,1024,1,1
2022-09-18T17:02:44,suffix.4-dense.64.tanh-suffix.2,98624,14,1.0350000858306885,0.2,0.1,128,64,114688,3930028908,3.744885265827179,1024,1024,1,1
2022-09-18T17:02:46,suffix.4-dense.64.tanh-dense.64.relu,86400,8,1.0159990787506104,0.2,0.1,128,64,65536,3930028908,4.1828895807266235,1024,1024,1,1
2022-09-18T17:02:48,suffix.4-dense.64.tanh,82240,18,1.014998435974121,0.2,0.1,128,128,294912,3930028908,3.610125780105591,1024,1024,1,1
2022-09-18T17:02:49,suffix.4-dense.64.tanh,82240,20,1.0209987163543701,0.2,0.1,128,32,81920,3930028908,3.58550488948822,1024,1024,1,1
2022-09-18T17:02:51,suffix.4-dense.64.tanh,82240,22,1.008000135421753,0.1,0.1,128,64,180224,3930028908,4.046366810798645,1024,1024,1,1
2022-09-18T17:02:53,suffix.4-dense.64.tanh,82240,21,1.0079991817474365,0.2,0.1,128,32,86016,3930028908,3.5809141993522644,1024,1024,1,1
2022-09-18T17:02:54,suffix.8-dense.64.tanh,147776,14,1.027998924255371,0.2,0.1,128,32,57344,3930028908,3.8095423579216003,1024,1024,1,1
2022-09-18T17:02:56,suffix.4-dense.64.tanh,82240,23,1.0180001258850098,0.2,0.1,128,32,94208,3930028908,3.524068236351013,1024,1024,1,1
2022-09-18T17:02:58,attention.4.pos-dense.64.tanh,34112,10,1.002000093460083,0.2,0.1,128,32,40960,3930028908,5.086844444274902,1024,1024,1,1
2022-09-18T17:03:00,suffix.4-dense.64.tanh,82240,23,1.0309967994689941,0.2,0.1,128,32,94208,3930028908,3.569575011730194,1024,1024,1,1
2022-09-18T17:03:02,suffix.4-dense.64.relu,82240,18,1.005000114440918,0.2,0.1,128,32,73728,3930028908,3.7063405513763428,1024,1024,1,1
2022-09-18T17:03:04,suffix.4-dense.64.tanh-attention.2,82240,9,1.01300048828125,0.2,0.1,128,32,36864,3930028908,4.4000091552734375,1024,1024,1,1
2022-09-18T17:03:06,suffix.4-dense.64.tanh,82240,19,1.0179991722106934,0.2,0.1,128,16,38912,3930028908,3.747304141521454,1024,1024,1,1
2022-09-18T17:03:08,suffix.4-dense.64.tanh,82240,23,1.0219998359680176,0.5,0.1,128,32,94208,3930028908,6.604633092880249,1024,1024,1,1
2022-09-18T17:03:09,suffix.4-dense.64.tanh,82240,21,1.0329995155334473,0.2,0.1,128,128,344064,3930028908,3.515812933444977,1024,1024,1,1
2022-09-18T17:03:11,suffix.4-dense.64.tanh,82240,19,1.0149996280670166,0.2,0.1,128,128,311296,3930028908,3.531930148601532,1024,1024,1,1
2022-09-18T17:03:13,suffix.4-dense.64.tanh,82240,21,1.0320003032684326,0.2,0.1,128,128,344064,3930028908,3.5077494978904724,1024,1024,1,1
2022-09-18T17:03:14,suffix.8-dense.64.tanh,147776,17,1.0140011310577393,0.2,0.1,128,128,278528,3930028908,3.580094635486603,1024,1024,1,1
2022-09-18T17:03:17,attention.4.pos-dense.64.tanh,34112,9,1.0259997844696045,0.2,0.1,128,128,147456,3930028908,4.90143346786499,1024,1024,1,1
2022-09-18T17:03:18,suffix.4-dense.64.relu,82240,17,1.023998737335205,0.2,0.1,128,128,278528,3930028908,3.571278691291809,1024,1024,1,1
2022-09-18T17:03:21,suffix.4-dense.64.tanh-attention.2,82240,9,1.0329992771148682,0.2,0.1,128,128,147456,3930028908,4.245189309120178,1024,1024,1,1
2022-09-18T17:03:22,suffix.4-dense.64.tanh,82240,17,1.027000904083252,0.2,0.1,128,256,557056,3930028908,3.56781005859375,1024,1024,1,1
2022-09-18T17:03:24,suffix.4-dense.64.tanh,82240,21,1.0330004692077637,0.5,0.1,128,128,344064,3930028908,5.424540758132935,1024,1024,1,1
2022-09-18T17:03:26,suffix.4-rec.64.relu,86336,13,1.0289995670318604,0.2,0.1,128,128,212992,3930028908,4.059566617012024,1024,1024,1,1
2022-09-18T17:03:28,suffix.4-rec.32.tanh,42272,14,1.0159995555877686,0.2,0.1,128,128,229376,3930028908,4.108050346374512,1024,1024,1,1
2022-09-18T17:03:29,suffix.4-dense.64.tanh,82240,9,1.0369963645935059,0.2,0.1,128,256,294912,3930028908,3.866968035697937,1024,1024,1,1
2022-09-18T17:03:32,suffix.4-gru.64.relu,225728,5,1.0390033721923828,0.2,0.1,128,128,81920,3930028908,nan,1024,1024,1,1
2022-09-18T17:03:33,suffix.4-dense.64.tanh,82240,22,1.0060031414031982,0.2,0.1,128,64,180224,3930028908,3.5365551710128784,1024,1024,1,1
2022-09-18T17:03:35,suffix.4-dense.64.relu,82240,19,1.0300002098083496,0.2,0.1,128,128,311296,3930028908,3.567283511161804,1024,1024,1,1
2022-09-18T17:03:37,suffix.4-dense.64.relu,82240,19,1.0299997329711914,0.2,0.1,128,128,311296,3930028908,3.5441600680351257,1024,1024,1,1
2022-09-18T17:03:38,suffix.4-dense.64.relu,82240,19,1.029000997543335,0.2,0.1,128,128,311296,3930028908,3.563973844051361,1024,1024,1,1
2022-09-18T17:03:41,attention.4-dense.64.relu,33088,15,1.038001298904419,0.2,0.1,128,128,245760,3930028908,4.513089060783386,1024,1024,1,1
2022-09-18T17:03:43,suffix.4-dense.64.relu-suffix.2,98624,14,1.004000186920166,0.2,0.1,128,128,229376,3930028908,3.8858142495155334,1024,1024,1,1
2022-09-18T17:03:45,suffix.4-dense.64.relu-dense.64.relu,86400,12,1.020000696182251,0.2,0.1,128,128,196608,3930028908,4.033227980136871,1024,1024,1,1
2022-09-18T17:03:46,suffix.4-dense.64.relu,82240,19,1.0369985103607178,0.1,0.1,128,128,311296,3930028908,4.295158267021179,1024,1024,1,1
2022-09-18T17:03:48,suffix.8-dense.64.tanh,147776,18,1.0040013790130615,0.2,0.1,128,128,294912,3930028908,3.608630418777466,1024,1024,1,1
2022-09-18T17:03:50,suffix.8-dense.64.tanh,147776,20,1.0219995975494385,0.2,0.1,128,128,327680,3930028908,3.495163381099701,1024,1024,1,1
2022-09-18T17:03:52,suffix.16-dense.64.tanh,278848,11,1.021000623703003,0.2,0.1,128,128,180224,3930028908,4.0473750829696655,1024,1024,1,1
2022-09-18T17:03:54,attention.8-dense.64.tanh,33088,15,1.0400035381317139,0.2,0.1,128,128,245760,3930028908,4.57971978187561,1024,1024,1,1
2022-09-18T17:03:56,suffix.8-dense.128.tanh,295296,12,1.0170023441314697,0.2,0.1,128,128,196608,3930028908,3.8354387879371643,1024,1024,1,1
2022-09-18T17:03:58,suffix.8-dense.64.relu,147776,17,1.0348589420318604,0.2,0.1,128,128,278528,3930028908,3.6398447155952454,1024,1024,1,1
2022-09-18T17:04:00,suffix.8-dense.64.tanh-suffix.2,164160,14,1.0299992561340332,0.2,0.1,128,128,229376,3930028908,3.788717567920685,1024,1024,1,1
2022-09-18T17:04:02,suffix.8-dense.64.tanh-dense.64.relu,151936,11,1.010000228881836,0.2,0.1,128,128,180224,3930028908,4.286214590072632,1024,1024,1,1
2022-09-18T17:04:03,suffix.8-dense.64.tanh,147776,20,1.0179996490478516,0.1,0.1,128,128,327680,3930028908,4.094478011131287,1024,1024,1,1
2022-09-18T17:04:05,suffix.2-dense.64.tanh,49472,17,1.0090012550354004,0.2,0.1,128,128,278528,3930028908,3.676964521408081,1024,1024,1,1
2022-09-18T17:04:07,suffix.8-dense.64.relu,147776,19,1.0139992237091064,0.2,0.1,128,128,311296,3930028908,3.630593001842499,1024,1024,1,1
2022-09-18T17:04:08,suffix.8-rec.32.relu,75040,14,1.0279994010925293,0.2,0.1,128,128,229376,3930028908,4.176890969276428,1024,1024,1,1
2022-09-18T17:04:10,suffix.4-dense.32.tanh,41248,21,1.0339992046356201,0.2,0.1,128,32,86016,3930028908,3.7803606390953064,1024,1024,1,1
2022-09-18T17:04:12,suffix.4-dense.64.relu,82240,20,1.0199995040893555,0.2,0.1,128,64,163840,3930028908,3.533921480178833,1024,1024,1,1
2022-09-18T17:04:13,suffix.4-dense.64.relu,82240,20,1.0159988403320312,0.2,0.1,128,64,163840,3930028908,3.5585580468177795,1024,1024,1,1
2022-09-18T17:04:15,suffix.4-rec.64.tanh,86336,7,1.0390002727508545,0.2,0.1,128,64,57344,3930028908,5.075197458267212,1024,1024,1,1
2022-09-18T17:04:18,attention.4.pos-dense.64.relu,34112,10,1.0490000247955322,0.2,0.1,128,64,81920,3930028908,4.818376183509827,1024,1024,1,1
2022-09-18T17:04:19,suffix.4-dense.64.relu,82240,20,1.0240004062652588,0.2,0.1,128,64,163840,3930028908,3.542340338230133,1024,1024,1,1
2022-09-18T17:04:21,suffix.4-dense.64.relu,82240,20,1.008000373840332,0.2,0.1,128,64,163840,3930028908,3.5383094549179077,1024,1024,1,1
2022-09-18T17:04:23,suffix.4-dense.64.relu-attention.2,82240,10,1.048999547958374,0.2,0.1,128,64,81920,3930028908,4.43494176864624,1024,1024,1,1
2022-09-18T17:04:25,suffix.8-dense.64.relu,147776,18,1.0360002517700195,0.2,0.1,128,64,147456,3930028908,3.738685727119446,1024,1024,1,1
2022-09-18T17:04:27,suffix.4-rec.32.relu,42272,14,1.0430004596710205,0.2,0.1,128,64,114688,3930028908,4.185229539871216,1024,1024,1,1
2022-09-18T17:04:29,suffix.2-dense.64.tanh,49472,19,1.0249989032745361,0.2,0.1,128,32,77824,3930028908,3.6875526905059814,1024,1024,1,1
2022-09-18T17:04:31,suffix.4-dense.64.tanh-attention.2.pos,82368,5,1.0329997539520264,0.2,0.1,128,64,40960,3930028908,4.666666507720947,1024,1024,1,1
2022-09-18T17:04:34,suffix.8-gru.32.relu,208224,5,1.077000617980957,0.2,0.1,128,128,81920,3930028908,5.813040852546692,1024,1024,1,1
2022-09-18T17:04:36,suffix.8-gru.64.tanh,422336,5,1.041003704071045,0.2,0.1,128,128,81920,3930028908,5.106192350387573,1024,1024,1,1
2022-09-18T17:04:39,attention.8.pos-dense.64.relu,35136,8,1.0000038146972656,0.2,0.1,128,128,131072,3930028908,4.891806483268738,1024,1024,1,1
2022-09-18T17:04:41,suffix.8-dense.64.relu-attention.2,147776,9,1.0379998683929443,0.2,0.1,128,128,147456,3930028908,4.467686057090759,1024,1024,1,1
2022-09-18T17:04:43,suffix.8-dense.64.relu,147776,15,1.0099987983703613,0.2,0.1,128,256,491520,3930028908,3.678664982318878,1024,1024,1,1
2022-09-18T17:04:44,suffix.8-dense.64.relu,147776,19,1.014000654220581,0.5,0.1,128,128,311296,3930028908,4.023128092288971,1024,1024,1,1
2022-09-18T17:04:46,suffix.4-rec.64.relu,86336,14,1.0369994640350342,0.2,0.1,128,32,57344,3930028908,4.032836556434631,1024,1024,1,1
2022-09-18T17:04:48,suffix.4-dense.32.tanh,41248,20,1.0249998569488525,0.2,0.1,128,128,327680,3930028908,3.6696874499320984,1024,1024,1,1
2022-09-18T17:04:50,suffix.4-dense.32.tanh-attention.2,41248,9,1.011000394821167,0.2,0.1,128,64,73728,3930028908,4.559561491012573,1024,1024,1,1
2022-09-18T17:04:52,suffix.4-dense.32.tanh-dense.32.relu,42304,12,1.0499987602233887,0.2,0.1,128,64,98304,3930028908,4.001301884651184,1024,1024,1,1
2022-09-18T17:04:55,suffix.4-gru.32.tanh,109920,1,1.0340008735656738,0.2,0.1,128,128,16384,3930028908,7.0003238916397095,1024,1024,1,1
2022-09-18T17:04:56,suffix.4-dense.32.tanh,41248,20,1.0110015869140625,0.2,0.1,128,128,327680,3930028908,3.647912621498108,1024,1024,1,1
2022-09-18T17:04:58,attention.4-dense.32.tanh,16672,15,1.001000165939331,0.2,0.1,128,128,245760,3930028908,4.547030687332153,1024,1024,1,1
2022-09-18T17:05:00,suffix.4-rec.16.relu,21008,13,1.012995958328247,0.2,0.1,128,128,212992,3930028908,4.341329336166382,1024,1024,1,1
2022-09-18T17:05:02,suffix.4-dense.32.tanh-suffix.2,49440,14,1.0340003967285156,0.2,0.1,128,128,229376,3930028908,3.902327597141266,1024,1024,1,1
2022-09-18T17:05:04,suffix.4-dense.32.tanh,41248,22,1.0289998054504395,0.1,0.1,128,128,360448,3930028908,4.333658218383789,1024,1024,1,1
2022-09-18T17:05:06,suffix.4-gru.32.relu,109920,6,1.0690014362335205,0.2,0.1,128,64,49152,3930028908,nan,1024,1024,1,1
2022-09-18T17:05:08,suffix.2-rec.16.relu,12816,14,1.031999111175537,0.5,0.1,128,64,114688,3930028908,4.134435772895813,1024,1024,1,1
2022-09-18T17:05:10,suffix.2-rec.32.tanh,25888,14,1.0220026969909668,0.5,0.1,128,64,114688,3930028908,6.6549049615859985,1024,1024,1,1
2022-09-18T17:05:12,suffix.2-dense.64.relu,49472,18,1.0169999599456787,0.2,0.1,128,64,147456,3930028908,3.6620309948921204,1024,1024,1,1
2022-09-18T17:05:13,dense.64.relu,33088,19,1.0009973049163818,0.2,0.1,128,64,155648,3930028908,3.942617893218994,1024,1024,1,1
2022-09-18T17:05:15,suffix.8-dense.64.relu,147776,19,1.0200004577636719,0.2,0.1,128,128,311296,3930028908,3.6297940015792847,1024,1024,1,1
2022-09-18T17:05:17,suffix.2-dense.64.relu,49472,20,1.0269997119903564,0.2,0.1,128,64,163840,3930028908,3.6378462314605713,1024,1024,1,1
2022-09-18T17:05:19,suffix.2-dense.128.relu,98688,12,1.0369997024536133,0.2,0.1,128,64,98304,3930028908,3.8111332058906555,1024,1024,1,1
2022-09-18T17:05:21,suffix.2-dense.64.relu-suffix.2,65856,14,1.0280025005340576,0.2,0.1,128,64,114688,3930028908,3.9156981706619263,1024,1024,1,1
2022-09-18T17:05:23,suffix.2-dense.64.relu-dense.64.relu,53632,11,1.0169997215270996,0.2,0.1,128,64,90112,3930028908,4.12169075012207,1024,1024,1,1
2022-09-18T17:05:24,suffix.2-dense.64.relu,49472,20,1.01300048828125,0.1,0.1,128,64,163840,3930028908,4.373324990272522,1024,1024,1,1
2022-09-18T17:05:26,suffix.2-rec.64.relu,53568,13,1.0140008926391602,0.2,0.1,128,64,106496,3930028908,4.436094403266907,1024,1024,1,1
2022-09-18T17:05:28,attention.2.pos-dense.64.tanh,33600,10,1.0009994506835938,0.2,0.1,128,64,81920,3930028908,4.63373327255249,1024,1024,1,1
2022-09-18T17:05:31,suffix.2-dense.64.tanh-attention.2,49472,9,1.0420000553131104,0.2,0.1,128,64,73728,3930028908,4.369945287704468,1024,1024,1,1
2022-09-18T17:05:33,suffix.2-dense.64.tanh,49472,19,1.0339982509613037,0.2,0.1,128,64,155648,3930028908,3.673218846321106,1024,1024,1,1
2022-09-18T17:05:34,suffix.2-dense.64.tanh,49472,19,1.0159997940063477,0.2,0.1,128,128,311296,3930028908,3.6093868017196655,1024,1024,1,1
2022-09-18T17:05:36,suffix.2-dense.64.relu,49472,16,1.018996238708496,0.2,0.1,128,128,262144,3930028908,3.6930295825004578,1024,1024,1,1
2022-09-18T17:05:38,dense.64.tanh,33088,19,1.0259976387023926,0.2,0.1,128,128,311296,3930028908,3.8611010909080505,1024,1024,1,1
2022-09-18T17:05:39,suffix.2-dense.128.tanh,98688,17,1.0230011940002441,0.2,0.1,128,128,278528,3930028908,3.598712384700775,1024,1024,1,1
2022-09-18T17:05:41,suffix.2-dense.128.tanh,98688,17,1.0089995861053467,0.2,0.1,128,128,278528,3930028908,3.596950590610504,1024,1024,1,1
2022-09-18T17:05:43,suffix.2-dense.128.tanh,98688,19,1.0350000858306885,0.2,0.1,128,128,311296,3930028908,3.570743203163147,1024,1024,1,1
2022-09-18T17:05:45,attention.2.pos-dense.128.tanh,66432,5,1.0069966316223145,0.2,0.1,128,128,81920,3930028908,7.689195394515991,1024,1024,1,1
2022-09-18T17:05:47,suffix.2-dense.256.tanh,197120,6,1.0350010395050049,0.2,0.1,128,128,98304,3930028908,3.898603618144989,1024,1024,1,1
2022-09-18T17:05:49,suffix.2-dense.128.tanh-suffix.2,131456,13,1.008000135421753,0.2,0.1,128,128,212992,3930028908,3.6846742033958435,1024,1024,1,1
2022-09-18T17:05:52,suffix.2-dense.128.tanh-dense.128.relu,115200,1,1.0249981880187988,0.2,0.1,128,128,16384,3930028908,5.764439940452576,1024,1024,1,1
2022-09-18T17:05:53,suffix.2-dense.128.tanh,98688,16,1.0230674743652344,0.2,0.1,128,256,524288,3930028908,3.5563413500785828,1024,1024,1,1
2022-09-18T17:05:55,dense.128.tanh,65920,18,1.0269999504089355,0.2,0.1,128,256,589824,3930028908,3.7721997499465942,1024,1024,1,1
2022-09-18T17:05:57,suffix.2-dense.128.relu,98688,16,1.0160000324249268,0.2,0.1,128,256,524288,3930028908,3.5643893480300903,1024,1024,1,1
2022-09-18T17:05:58,suffix.2-dense.128.tanh,98688,16,1.0060005187988281,0.2,0.1,128,256,524288,3930028908,3.595725893974304,1024,1024,1,1
2022-09-18T17:06:00,suffix.2,131328,28,1.0620005130767822,0.2,0.1,128,256,917504,3930028908,3.9566109776496887,1024,1024,1,1
2022-09-18T17:06:02,suffix.4-dense.128.relu,164224,16,1.0280015468597412,0.2,0.1,128,256,524288,3930028908,3.475899636745453,1024,1024,1,1
2022-09-18T17:06:03,suffix.4-dense.128.relu,164224,18,1.0150001049041748,0.2,0.1,128,256,589824,3930028908,3.388003170490265,1024,1024,1,1
2022-09-18T17:06:05,suffix.4-dense.128.relu,164224,18,1.0149998664855957,0.2,0.1,128,256,589824,3930028908,3.390213370323181,1024,1024,1,1
2022-09-18T17:06:07,suffix.4-dense.128.relu,164224,18,1.0209996700286865,0.2,0.1,128,256,589824,3930028908,3.40007346868515,1024,1024,1,1
2022-09-18T17:06:09,attention.4.pos-dense.128.relu,66944,8,1.0140008926391602,0.2,0.1,128,256,262144,3930028908,5.2331684827804565,1024,1024,1,1
2022-09-18T17:06:11,suffix.4-dense.256.relu,328192,9,1.0449988842010498,0.2,0.1,128,256,294912,3930028908,3.74927020072937,1024,1024,1,1
2022-09-18T17:06:13,suffix.4-dense.128.relu,164224,16,1.0259981155395508,0.2,0.1,128,256,524288,3930028908,3.440058410167694,1024,1024,1,1
2022-09-18T17:06:15,suffix.4-dense.128.relu-suffix.2,196992,13,1.0300002098083496,0.2,0.1,128,256,425984,3930028908,3.6631581783294678,1024,1024,1,1
2022-09-18T17:06:17,suffix.4-dense.128.relu-dense.128.relu,180736,8,1.0046226978302002,0.2,0.1,128,256,262144,3930028908,5.589756369590759,1024,1024,1,1
2022-09-18T17:06:18,suffix.4-dense.128.relu,164224,14,1.0349998474121094,0.2,0.1,128,512,917504,3930028908,3.4923512935638428,1024,1024,1,1
2022-09-18T17:06:20,suffix.4-dense.128.relu,164224,17,1.0199990272521973,0.1,0.1,128,256,557056,3930028908,4.0438233613967896,1024,1024,1,1
2022-09-18T17:06:22,suffix.4-dense.128.relu,164224,16,1.0369997024536133,0.5,0.1,128,256,524288,3930028908,3.8392869234085083,1024,1024,1,1
2022-09-18T17:06:24,suffix.4-dense.128.tanh,164224,15,1.0369999408721924,0.2,0.1,128,256,491520,3930028908,3.572668731212616,1024,1024,1,1
2022-09-18T17:06:25,suffix.4-dense.128.relu,164224,14,1.0000004768371582,0.2,0.1,128,512,917504,3930028908,3.5186785459518433,1024,1024,1,1
2022-09-18T17:06:27,suffix.4-dense.128.relu,164224,14,1.0030007362365723,0.2,0.1,128,512,917504,3930028908,3.544015109539032,1024,1024,1,1
2022-09-18T17:06:29,suffix.4-dense.128.relu,164224,13,1.0000011920928955,0.2,0.1,128,512,851968,3930028908,3.572759985923767,1024,1024,1,1
2022-09-18T17:06:31,suffix.8-dense.128.relu,295296,11,1.002000331878662,0.2,0.1,128,512,720896,3930028908,3.7469515800476074,1024,1024,1,1
2022-09-18T17:06:33,attention.4-dense.128.relu,65920,13,1.0470004081726074,0.2,0.1,128,512,851968,3930028908,4.394386410713196,1024,1024,1,1
2022-09-18T17:06:35,suffix.4-dense.64.relu,82240,13,1.009000539779663,0.2,0.1,128,512,851968,3930028908,3.6795010566711426,1024,1024,1,1
2022-09-18T17:06:36,suffix.4-dense.128.tanh,164224,12,1.0260000228881836,0.2,0.1,128,512,786432,3930028908,3.6333722472190857,1024,1024,1,1
2022-09-18T17:06:39,suffix.4-dense.128.relu-attention.2,164224,8,1.0419995784759521,0.2,0.1,128,512,524288,3930028908,4.267103910446167,1024,1024,1,1
2022-09-18T17:06:40,suffix.4,262400,17,1.021000623703003,0.2,0.1,128,512,1114112,3930028908,3.980359673500061,1024,1024,1,1
2022-09-18T17:06:42,suffix.4-dense.128.relu,164224,9,1.0020012855529785,0.2,0.1,128,1024,1179648,3930028908,3.758557081222534,1024,1024,1,1
2022-09-18T17:06:45,suffix.4-dense.128.relu-attention.2.pos,164480,4,1.051999807357788,0.2,0.1,128,256,131072,3930028908,5.067014575004578,1024,1024,1,1
2022-09-18T17:06:46,suffix.2-dense.128.relu,98688,13,1.0019996166229248,0.2,0.1,128,512,851968,3930028908,3.6540104150772095,1024,1024,1,1
2022-09-18T17:06:49,attention.2-dense.128.relu,65920,13,1.0379996299743652,0.2,0.1,128,256,425984,3930028908,4.147403120994568,1024,1024,1,1
2022-09-18T17:06:50,suffix.2-dense.128.relu,98688,17,1.0329999923706055,0.2,0.1,128,256,557056,3930028908,3.548072099685669,1024,1024,1,1
2022-09-18T17:06:53,suffix.2-dense.128.relu-attention.2,98688,8,1.0069999694824219,0.2,0.1,128,256,262144,3930028908,4.403144478797913,1024,1024,1,1
2022-09-18T17:06:55,suffix.2-dense.128.relu,98688,18,1.0259997844696045,0.2,0.1,128,256,589824,3930028908,3.440987229347229,1024,1024,1,1
2022-09-18T17:06:57,suffix.4-dense.128.tanh,164224,17,1.0371928215026855,0.2,0.1,128,256,557056,3930028908,3.4910768866539,1024,1024,1,1
2022-09-18T17:06:58,suffix.4-rec.64.tanh,86336,13,1.0369999408721924,0.2,0.1,128,256,425984,3930028908,4.540298342704773,1024,1024,1,1
2022-09-18T17:07:00,suffix.4-dense.128.tanh,164224,15,1.0220005512237549,0.2,0.1,128,256,491520,3930028908,3.5405415892601013,1024,1024,1,1
2022-09-18T17:07:02,suffix.4-rec.128.relu,180608,11,1.052999496459961,0.2,0.1,128,256,360448,3930028908,nan,1024,1024,1,1
2022-09-18T17:07:05,attention.4-dense.128.tanh,65920,11,1.0310008525848389,0.2,0.1,128,256,360448,3930028908,4.411289215087891,1024,1024,1,1
2022-09-18T17:07:07,suffix.4-dense.128.tanh-attention.2,164224,4,1.0120508670806885,0.2,0.1,128,256,131072,3930028908,4.717936635017395,1024,1024,1,1
2022-09-18T17:07:09,suffix.2-rec.64.relu,53568,9,1.0330750942230225,0.2,0.1,128,256,294912,3930028908,4.334695935249329,1024,1024,1,1
2022-09-18T17:07:11,suffix.2-rec.128.tanh,115072,12,1.0359997749328613,0.2,0.1,128,256,393216,3930028908,5.430756449699402,1024,1024,1,1
2022-09-18T17:07:14,suffix.2-dense.128.tanh-attention.2.pos,98944,6,1.0059993267059326,0.2,0.1,128,256,196608,3930028908,4.261374235153198,1024,1024,1,1
2022-09-18T17:07:15,suffix.2-dense.128.tanh,98688,16,1.0249996185302734,0.2,0.1,128,256,524288,3930028908,3.6112716794013977,1024,1024,1,1
2022-09-18T17:07:17,suffix.4-rec.128.tanh,180608,10,1.0170001983642578,0.2,0.1,128,512,655360,3930028908,5.467406749725342,1024,1024,1,1
2022-09-18T17:07:19,suffix.2-dense.128.tanh,98688,16,1.0065124034881592,0.1,0.1,128,256,524288,3930028908,4.083893537521362,1024,1024,1,1
2022-09-18T17:07:21,suffix.2-dense.128.tanh,98688,16,1.002000331878662,0.5,0.1,128,256,524288,3930028908,9.19944453239441,1024,1024,1,1
2022-09-18T17:07:22,suffix.2-dense.128.relu,98688,15,1.0419988632202148,0.2,0.1,128,128,245760,3930028908,3.611941635608673,1024,1024,1,1
2022-09-18T17:07:24,suffix.2-dense.128.relu,98688,17,1.0260000228881836,0.2,0.1,128,128,278528,3930028908,3.5458072423934937,1024,1024,1,1
2022-09-18T17:07:26,suffix.4-dense.128.relu,164224,15,1.0280001163482666,0.2,0.1,128,128,245760,3930028908,3.506471335887909,1024,1024,1,1
2022-09-18T17:07:28,suffix.4-dense.128.relu,164224,17,1.0219998359680176,0.2,0.1,128,128,278528,3930028908,3.475546181201935,1024,1024,1,1
2022-09-18T17:07:29,suffix.4,262400,29,1.0750007629394531,0.2,0.1,128,128,475136,3930028908,3.627731740474701,1024,1024,1,1
2022-09-18T17:07:31,suffix.4-dense.128.relu,164224,16,1.0080006122589111,0.2,0.1,128,128,262144,3930028908,3.4736167192459106,1024,1024,1,1
2022-09-18T17:07:33,suffix.4-dense.128.relu-attention.2,164224,8,1.021000862121582,0.2,0.1,128,128,131072,3930028908,4.444136738777161,1024,1024,1,1
2022-09-18T17:07:35,suffix.4-dense.128.relu,164224,17,1.0149993896484375,0.2,0.1,128,128,278528,3930028908,3.4845356941223145,1024,1024,1,1
2022-09-18T17:07:38,suffix.4-gru.128.tanh,475776,4,1.0309998989105225,0.2,0.1,128,128,65536,3930028908,7.47853696346283,1024,1024,1,1
2022-09-18T17:07:39,dense.128.relu,65920,17,1.0230002403259277,0.2,0.1,128,128,278528,3930028908,3.8536781072616577,1024,1024,1,1
2022-09-18T17:07:42,suffix.2-dense.128.relu-attention.2.pos,98944,7,1.0649998188018799,0.2,0.1,128,128,114688,3930028908,4.542661428451538,1024,1024,1,1
2022-09-18T17:07:44,suffix.2-dense.128.relu,98688,18,1.0379993915557861,0.2,0.1,128,128,294912,3930028908,3.501521587371826,1024,1024,1,1
2022-09-18T17:07:46,suffix.2-dense.128.relu,98688,17,1.0160002708435059,0.1,0.1,128,128,278528,3930028908,4.354105710983276,1024,1024,1,1
2022-09-18T17:07:47,suffix.2-dense.128.relu,98688,16,1.0000007152557373,0.5,0.1,128,128,262144,3930028908,3.5868157744407654,1024,1024,1,1
2022-09-18T17:07:49,suffix.4-dense.128.relu,164224,17,1.0329995155334473,0.5,0.1,128,128,278528,3930028908,3.7670727968215942,1024,1024,1,1
2022-09-18T17:07:51,suffix.2-dense.128.relu,98688,18,1.0369999408721924,0.5,0.1,128,128,294912,3930028908,3.4535682797431946,1024,1024,1,1
2022-09-18T17:07:52,suffix.2,131328,27,1.0070013999938965,0.5,0.1,128,128,442368,3930028908,3.452504336833954,1024,1024,1,1
2022-09-18T17:07:55,attention.2.pos,66304,13,1.0150086879730225,0.5,0.1,128,128,212992,3930028908,16.718573093414307,1024,1024,1,1
2022-09-18T17:07:56,suffix.2,131328,28,1.0130000114440918,0.5,0.1,128,64,229376,3930028908,3.5016334652900696,1024,1024,1,1
2022-09-18T17:07:58,suffix.2,131328,30,1.0570001602172852,0.5,0.1,128,128,491520,3930028908,3.492006838321686,1024,1024,1,1
2022-09-18T17:07:59,suffix.2,131328,31,1.071000099182129,0.5,0.1,128,128,507904,3930028908,3.449772596359253,1024,1024,1,1
2022-09-18T17:08:01,suffix.2,131328,31,1.0190000534057617,0.5,0.1,128,128,507904,3930028908,3.467690110206604,1024,1024,1,1
2022-09-18T17:08:03,suffix.2,131328,31,1.0139999389648438,1.0,0.1,128,128,507904,3930028908,3.480411112308502,1024,1024,1,1
2022-09-18T17:08:04,suffix.2,131328,31,1.0039987564086914,1.0,0.1,128,128,507904,3930028908,3.5108869075775146,1024,1024,1,1
2022-09-18T17:08:06,suffix.2,131328,31,1.0149996280670166,1.0,0.1,128,128,507904,3930028908,3.5152576565742493,1024,1024,1,1
2022-09-18T17:08:08,suffix.2,131328,32,1.0785362720489502,0.5,0.1,128,64,262144,3930028908,3.4869458079338074,1024,1024,1,1
2022-09-18T17:08:09,suffix.2,131328,32,1.0099992752075195,0.5,0.1,128,64,262144,3930028908,3.4719507694244385,1024,1024,1,1
2022-09-18T17:08:11,suffix.4,262400,31,1.0099992752075195,0.5,0.1,128,64,253952,3930028908,3.3968545794487,1024,1024,1,1
2022-09-18T17:08:12,suffix.4,262400,34,1.0750982761383057,0.5,0.1,128,64,278528,3930028908,3.382741689682007,1024,1024,1,1
2022-09-18T17:08:14,suffix.4,262400,35,1.0510008335113525,0.5,0.1,128,64,286720,3930028908,3.3918758630752563,1024,1024,1,1
2022-09-18T17:08:15,suffix.4,262400,36,1.0660021305084229,0.5,0.1,128,64,294912,3930028908,3.3991666436195374,1024,1024,1,1
2022-09-18T17:08:17,suffix.8,524544,22,1.0219964981079102,0.5,0.1,128,64,180224,3930028908,3.537333369255066,1024,1024,1,1
2022-09-18T17:08:19,suffix.4,262400,36,1.0160021781921387,0.5,0.1,128,64,294912,3930028908,3.4228204488754272,1024,1024,1,1
2022-09-18T17:08:21,attention.4.pos,66816,13,1.013031005859375,0.5,0.1,128,64,106496,3930028908,7.916697144508362,1024,1024,1,1
2022-09-18T17:08:23,suffix.4,262400,32,1.0129988193511963,0.5,0.1,128,32,131072,3930028908,3.4427425861358643,1024,1024,1,1
2022-09-18T17:08:24,suffix.4,262400,36,1.021998643875122,1.0,0.1,128,64,294912,3930028908,3.5412567853927612,1024,1024,1,1
2022-09-18T17:08:26,suffix.4,262400,36,1.0030014514923096,0.2,0.1,128,32,147456,3930028908,3.5715418457984924,1024,1024,1,1
2022-09-18T17:08:27,suffix.4,262400,36,1.0059983730316162,0.5,0.1,128,32,147456,3930028908,3.455016016960144,1024,1024,1,1
2022-09-18T17:08:29,suffix.4,262400,11,1.0001933574676514,0.5,0.1,128,32,45056,3930028908,3.743690550327301,1024,1024,1,1
2022-09-18T17:08:31,attention.4,65792,27,1.0105152130126953,0.5,0.1,128,32,110592,3930028908,4.122883558273315,1024,1024,1,1
2022-09-18T17:08:32,suffix.4,262400,35,1.00506591796875,0.5,0.1,128,32,143360,3930028908,3.4649795293807983,1024,1024,1,1
2022-09-18T17:08:34,suffix.4-dense.128.relu,164224,17,1.0374724864959717,0.5,0.1,128,32,69632,3930028908,3.9921233654022217,1024,1024,1,1
2022-09-18T17:08:35,suffix.4,262400,32,1.002000093460083,0.5,0.1,128,16,65536,3930028908,3.5556156635284424,1024,1024,1,1
2022-09-18T17:08:37,suffix.2,131328,28,1.0050005912780762,0.5,0.1,128,32,114688,3930028908,3.543953239917755,1024,1024,1,1
2022-09-18T17:08:39,attention.2,65792,26,1.0075185298919678,0.5,0.1,128,64,212992,3930028908,3.861541509628296,1024,1024,1,1
2022-09-18T17:08:41,suffix.8,524544,31,1.0070009231567383,0.5,0.1,128,32,126976,3930028908,3.606979727745056,1024,1024,1,1
2022-09-18T17:08:42,suffix.4,262400,32,1.0145094394683838,1.0,0.1,128,32,131072,3930028908,3.677227735519409,1024,1024,1,1
2022-09-18T17:08:44,suffix.2,131328,30,1.0039989948272705,1.0,0.1,128,64,245760,3930028908,3.5528206825256348,1024,1024,1,1
2022-09-18T17:08:46,suffix.2,131328,25,1.027003288269043,1.0,0.1,128,256,819200,3930028908,3.4461421370506287,1024,1024,1,1
2022-09-18T17:08:47,suffix.2,131328,31,1.0230002403259277,1.0,0.1,128,256,1015808,3930028908,3.4424094557762146,1024,1024,1,1
2022-09-18T17:08:49,suffix.2,131328,28,1.011000156402588,1.0,0.1,128,256,917504,3930028908,3.4609295129776,1024,1024,1,1
2022-09-18T17:08:50,suffix.2,131328,31,1.014009952545166,1.0,0.1,128,256,1015808,3930028908,3.465711534023285,1024,1024,1,1
2022-09-18T17:08:52,suffix.2,131328,21,1.006932020187378,1.0,0.1,128,512,1376256,3930028908,3.428165853023529,1024,1024,1,1
2022-09-18T17:08:54,suffix.2,131328,28,1.0079998970031738,1.0,0.1,128,512,1835008,3930028908,3.430659830570221,1024,1024,1,1
2022-09-18T17:08:55,suffix.2,131328,29,1.0179994106292725,0.5,0.1,128,512,1900544,3930028908,3.4203245639801025,1024,1024,1,1
2022-09-18T17:08:57,attention.2.pos,66304,9,1.0020015239715576,0.5,0.1,128,512,589824,3930028908,16.763739585876465,1024,1024,1,1
2022-09-18T17:08:59,suffix.2,131328,14,1.0084760189056396,0.5,0.1,128,1024,1835008,3930028908,3.525185704231262,1024,1024,1,1
2022-09-18T17:09:01,suffix.2,131328,30,1.026329755783081,0.5,0.1,128,512,1966080,3930028908,3.4419700503349304,1024,1024,1,1
2022-09-18T17:09:02,suffix.2,131328,36,1.021998643875122,1.0,0.1,128,512,2359296,3930028908,3.400459110736847,1024,1024,1,1
2022-09-18T17:09:04,suffix.2,131328,33,1.005000114440918,1.0,0.1,128,512,2162688,3930028908,3.410514712333679,1024,1024,1,1
2022-09-18T17:09:05,suffix.4,262400,36,1.0150001049041748,1.0,0.1,128,512,2359296,3930028908,3.358541488647461,1024,1024,1,1
2022-09-18T17:09:07,suffix.4,262400,33,1.0216479301452637,1.0,0.1,128,512,2162688,3930028908,3.3355112075805664,1024,1024,1,1
2022-09-18T17:09:08,suffix.8,524544,25,1.0012164115905762,1.0,0.1,128,512,1638400,3930028908,3.435775935649872,1024,1024,1,1
2022-09-18T17:09:10,suffix.4,262400,36,1.0189990997314453,1.0,0.1,128,512,2359296,3930028908,3.351065993309021,1024,1024,1,1
2022-09-18T17:09:12,attention.4.pos,66816,12,1.0200014114379883,1.0,0.1,128,512,786432,3930028908,285.7282180786133,1024,1024,1,1
2022-09-18T17:09:13,suffix.4-dense.128.relu,164224,15,1.0035340785980225,1.0,0.1,128,512,983040,3930028908,4.865523934364319,1024,1024,1,1
2022-09-18T17:09:15,suffix.4,262400,34,1.0149996280670166,1.0,0.1,128,512,2228224,3930028908,3.3425617814064026,1024,1024,1,1
2022-09-18T17:09:16,suffix.4,262400,36,1.0090000629425049,1.0,0.1,128,512,2359296,3930028908,3.3153817653656006,1024,1024,1,1
2022-09-18T17:09:18,suffix.4,262400,25,1.011000633239746,1.0,0.1,128,1024,3276800,3930028908,3.339624285697937,1024,1024,1,1
2022-09-18T17:09:19,suffix.4,262400,28,1.0029993057250977,1.0,0.1,128,1024,3670016,3930028908,3.331006944179535,1024,1024,1,1
2022-09-18T17:09:21,attention.4,65792,25,1.0159995555877686,1.0,0.1,128,1024,3276800,3930028908,4.057450532913208,1024,1024,1,1
2022-09-18T17:09:22,suffix.4,262400,15,1.047999620437622,1.0,0.1,128,2048,3932160,3930028908,3.378293991088867,1024,1024,1,1
2022-09-18T17:09:24,suffix.4,262400,29,1.0249991416931152,1.0,0.1,128,1024,3801088,3930028908,3.3214809894561768,1024,1024,1,1
2022-09-18T17:09:25,suffix.4,262400,28,1.003000020980835,2.0,0.1,128,1024,3670016,3930028908,3.346400260925293,1024,1024,1,1
2022-09-18T17:09:27,suffix.4,262400,28,1.0029988288879395,1.0,0.1,128,1024,3670016,3930028908,3.2938348054885864,1024,1024,1,1
2022-09-18T17:09:28,suffix.4,262400,29,1.0290007591247559,1.0,0.1,128,1024,3801088,3930028908,3.3377403020858765,1024,1024,1,1
2022-09-18T17:09:30,suffix.4,262400,35,1.0139994621276855,2.0,0.1,128,512,2293760,3930028908,3.4391629695892334,1024,1024,1,1
2022-09-18T17:09:31,suffix.2,131328,31,1.002000093460083,2.0,0.1,128,1024,4063232,3930028908,3.51118403673172,1024,1024,1,1
2022-09-18T17:09:33,suffix.8,524544,18,1.0250003337860107,2.0,0.1,128,1024,2359296,3930028908,5.2086135149002075,1024,1024,1,1
2022-09-18T17:09:35,attention.4.pos,66816,12,1.0009958744049072,2.0,0.1,128,1024,1572864,3930028908,311.6456069946289,1024,1024,1,1
2022-09-18T17:09:36,suffix.4-dense.128.relu,164224,18,1.0380010604858398,2.0,0.1,128,1024,2359296,3930028908,5.4940574169158936,1024,1024,1,1
2022-09-18T17:09:38,suffix.4,262400,29,1.0213394165039062,2.0,0.1,128,1024,3801088,3930028908,3.4232871532440186,1024,1024,1,1
2022-09-18T17:09:39,suffix.4,262400,17,1.0450165271759033,1.0,0.1,128,2048,4456448,3930028908,3.3536771535873413,1024,1024,1,1
2022-09-18T17:09:41,suffix.4,262400,16,1.0202746391296387,1.0,0.1,128,2048,4194304,3930028908,3.3771862387657166,1024,1024,1,1
2022-09-18T17:09:42,suffix.2,131328,18,1.0120000839233398,1.0,0.1,128,2048,4718592,3930028908,3.4239383935928345,1024,1024,1,1
2022-09-18T17:09:44,suffix.8,524544,9,1.0315771102905273,1.0,0.1,128,2048,2359296,3930028908,4.689597845077515,1024,1024,1,1
2022-09-18T17:09:46,attention.4.pos,66816,8,1.0109999179840088,1.0,0.1,128,2048,2097152,3930028908,753.8672332763672,1024,1024,1,1
2022-09-18T17:09:48,suffix.4-dense.128.relu,164224,11,1.0239059925079346,1.0,0.1,128,2048,2883584,3930028908,4.937940001487732,1024,1024,1,1
2022-09-18T17:09:49,suffix.4,262400,8,1.0025370121002197,1.0,0.1,128,4096,4194304,3930028908,3.6738905906677246,1024,1024,1,1
2022-09-18T17:09:51,suffix.4,262400,9,1.012587547302246,0.5,0.1,128,2048,2359296,3930028908,3.4664450883865356,1024,1024,1,1
2022-09-18T17:09:52,suffix.4,262400,9,1.0403921604156494,1.0,0.1,128,2048,2359296,3930028908,3.583825945854187,1024,1024,1,1
2022-09-18T17:09:54,suffix.4,262400,9,1.0377473831176758,2.0,0.1,128,2048,2359296,3930028908,7.4571555852890015,1024,1024,1,1
2022-09-18T17:09:55,suffix.4,262400,16,1.0309994220733643,2.0,0.1,128,1024,2097152,3930028908,3.682392716407776,1024,1024,1,1
2022-09-18T17:09:57,suffix.4,262400,28,1.0059995651245117,1.0,0.1,128,256,917504,3930028908,3.399511218070984,1024,1024,1,1
2022-09-18T17:09:58,suffix.4,262400,32,1.0079994201660156,1.0,0.1,128,256,1048576,3930028908,3.379917085170746,1024,1024,1,1
2022-09-18T17:10:00,attention.4,65792,23,1.0049545764923096,1.0,0.1,128,256,753664,3930028908,4.064069628715515,1024,1024,1,1
2022-09-18T17:10:02,suffix.4,262400,32,1.0179996490478516,1.0,0.1,128,256,1048576,3930028908,3.373160719871521,1024,1024,1,1
2022-09-18T17:10:03,suffix.4,262400,32,1.0009996891021729,1.0,0.1,128,256,1048576,3930028908,3.3521100282669067,1024,1024,1,1
2022-09-18T17:10:05,suffix.8,524544,27,1.0190000534057617,1.0,0.1,128,256,884736,3930028908,3.4633238911628723,1024,1024,1,1
2022-09-18T17:10:06,suffix.4,262400,30,1.0106732845306396,2.0,0.1,128,256,983040,3930028908,3.5097933411598206,1024,1024,1,1
2022-09-18T17:10:08,attention.2,65792,24,1.0079998970031738,1.0,0.1,128,512,1572864,3930028908,3.7806747555732727,1024,1024,1,1
2022-09-18T17:10:10,suffix.4,262400,17,1.0193872451782227,5.0,0.1,128,1024,2228224,3930028908,63040.9677734375,1024,1024,1,1
2022-09-18T17:10:12,suffix.2,131328,12,1.0346684455871582,1.0,0.1,128,2048,3145728,3930028908,3.4605435132980347,1024,1024,1,1
2022-09-18T17:10:13,suffix.4,262400,27,1.028998851776123,0.5,0.1,128,512,1769472,3930028908,3.328910171985626,1024,1024,1,1
2022-09-18T17:10:15,suffix.4,262400,27,1.009000301361084,0.5,0.1,128,512,1769472,3930028908,3.3071877360343933,1024,1024,1,1
2022-09-18T17:10:17,attention.4,65792,22,1.0199999809265137,0.5,0.1,128,512,1441792,3930028908,4.058626711368561,1024,1024,1,1
2022-09-18T17:10:18,suffix.4,262400,26,1.0017480850219727,0.5,0.1,128,512,1703936,3930028908,3.317238688468933,1024,1024,1,1
2022-09-18T17:10:20,suffix.4,262400,27,1.0285751819610596,0.5,0.1,128,512,1769472,3930028908,3.2906975150108337,1024,1024,1,1
2022-09-18T17:10:21,suffix.4,262400,27,1.00700044631958,0.5,0.1,128,512,1769472,3930028908,3.315535843372345,1024,1024,1,1
2022-09-18T17:10:23,suffix.8,524544,18,1.0010020732879639,0.5,0.1,128,512,1179648,3930028908,3.377824306488037,1024,1024,1,1
2022-09-18T17:10:24,suffix.4,262400,32,1.0154967308044434,0.5,0.1,128,256,1048576,3930028908,3.3446747064590454,1024,1024,1,1
2022-09-18T17:10:26,suffix.4,262400,28,1.0079991817474365,0.5,0.1,128,256,917504,3930028908,3.323140025138855,1024,1024,1,1
2022-09-18T17:10:28,attention.4.pos,66816,13,1.0349993705749512,0.5,0.1,128,256,425984,3930028908,38.89011859893799,1024,1024,1,1
2022-09-18T17:10:29,suffix.4,262400,31,1.0029962062835693,0.5,0.1,128,256,1015808,3930028908,3.299740195274353,1024,1024,1,1
2022-09-18T17:10:32,suffix.16,1048832,1,1.0309562683105469,0.5,0.1,128,512,65536,3930028908,4.899044752120972,1024,1024,1,1
2022-09-18T17:10:33,suffix.4,262400,33,1.0189998149871826,0.5,0.1,128,256,1081344,3930028908,3.331400990486145,1024,1024,1,1
2022-09-18T17:10:35,suffix.8,524544,19,1.012000322341919,0.5,0.1,128,512,1245184,3930028908,3.3422096967697144,1024,1024,1,1
2022-09-18T17:10:37,attention.8.pos,67840,6,1.0230014324188232,0.5,0.1,128,512,393216,3930028908,30.20386552810669,1024,1024,1,1
2022-09-18T17:10:39,suffix.8,524544,11,1.0057923793792725,0.5,0.1,128,1024,1441792,3930028908,3.4638641476631165,1024,1024,1,1
2022-09-18T17:10:40,suffix.8,524544,18,1.011000633239746,0.5,0.1,128,512,1179648,3930028908,3.3409206867218018,1024,1024,1,1
2022-09-18T17:10:42,suffix.8,524544,25,1.0159988403320312,0.5,0.1,128,256,819200,3930028908,3.3477410674095154,1024,1024,1,1
2022-09-18T17:10:43,suffix.8,524544,27,1.0019996166229248,0.2,0.1,128,256,884736,3930028908,3.5655303597450256,1024,1024,1,1
2022-09-18T17:10:45,suffix.4,262400,32,1.0199995040893555,0.5,0.1,128,256,1048576,3930028908,3.3306084275245667,1024,1024,1,1
2022-09-18T17:10:47,suffix.8,524544,5,1.0050013065338135,0.5,0.1,128,256,163840,3930028908,3.862948000431061,1024,1024,1,1
2022-09-18T17:10:49,attention.8,65792,20,1.007000207901001,1.0,0.1,128,512,1310720,3930028908,4.221951842308044,1024,1024,1,1
2022-09-18T17:10:50,suffix.8,524544,18,1.025740385055542,2.0,0.1,128,512,1179648,3930028908,5.102366924285889,1024,1024,1,1
2022-09-18T17:10:52,suffix.2,131328,29,1.0079994201660156,2.0,0.1,128,512,1900544,3930028908,3.45112681388855,1024,1024,1,1
2022-09-18T17:10:53,suffix.8,524544,19,1.0239999294281006,0.5,0.1,128,512,1245184,3930028908,3.3742167949676514,1024,1024,1,1
2022-09-18T17:10:55,suffix.2,131328,29,1.006000280380249,0.5,0.1,128,512,1900544,3930028908,3.40352326631546,1024,1024,1,1
2022-09-18T17:10:57,suffix.2,131328,12,1.029200792312622,1.0,0.1,128,2048,3145728,3930028908,3.4764463305473328,1024,1024,1,1
2022-09-18T17:10:58,suffix.8,524544,19,1.0005743503570557,1.0,0.1,128,512,1245184,3930028908,3.510206878185272,1024,1024,1,1
2022-09-18T17:11:00,attention.4,65792,25,1.008000135421753,2.0,0.1,128,512,1638400,3930028908,4.2968069314956665,1024,1024,1,1
2022-09-18T17:11:02,suffix.4,262400,27,1.0060009956359863,2.0,0.1,128,512,1769472,3930028908,3.4188473224639893,1024,1024,1,1
2022-09-18T17:11:04,attention.2.pos,66304,12,1.0032517910003662,2.0,0.1,128,512,786432,3930028908,571.6436767578125,1024,1024,1,1
2022-09-18T17:11:05,suffix.2-dense.128.relu,98688,14,1.0039997100830078,2.0,0.1,128,512,917504,3930028908,5.905305504798889,1024,1024,1,1
2022-09-18T17:11:07,suffix.2,131328,29,1.0079996585845947,5.0,0.1,128,512,1900544,3930028908,4124266.1875,1024,1024,1,1
2022-09-18T17:11:09,suffix.4,262400,27,1.0159997940063477,2.0,0.1,128,512,1769472,3930028908,3.4666203260421753,1024,1024,1,1
2022-09-18T17:11:11,attention.2.pos,66304,13,1.02000093460083,1.0,0.1,128,256,425984,3930028908,126.61973571777344,1024,1024,1,1
2022-09-18T17:11:12,suffix.2,131328,23,1.0264947414398193,2.0,0.1,128,512,1507328,3930028908,3.4975914359092712,1024,1024,1,1
2022-09-18T17:11:14,suffix.2-dense.128.relu,98688,17,1.0399997234344482,1.0,0.1,128,256,557056,3930028908,4.889196276664734,1024,1024,1,1
2022-09-18T17:11:16,suffix.2,131328,32,1.0230004787445068,0.5,0.1,128,256,1048576,3930028908,3.434872031211853,1024,1024,1,1
2022-09-18T17:11:18,attention.2,65792,27,1.0059998035430908,0.5,0.1,128,256,884736,3930028908,3.805491626262665,1024,1024,1,1
2022-09-18T17:11:19,suffix.2,131328,29,1.0090653896331787,0.5,0.1,128,256,950272,3930028908,3.4477237462997437,1024,1024,1,1
2022-09-18T17:11:21,suffix.4,262400,35,1.0150001049041748,0.5,0.1,128,128,573440,3930028908,3.342557430267334,1024,1024,1,1
2022-09-18T17:11:22,suffix.4,262400,34,1.004000186920166,0.5,0.1,128,128,557056,3930028908,3.366868019104004,1024,1024,1,1
2022-09-18T17:11:24,suffix.4,262400,35,1.0119998455047607,0.5,0.1,128,128,573440,3930028908,3.3763092756271362,1024,1024,1,1
2022-09-18T17:11:25,suffix.4,262400,31,1.0174968242645264,0.5,0.1,128,128,507904,3930028908,3.3488494157791138,1024,1024,1,1
2022-09-18T17:11:27,attention.4,65792,26,1.0140013694763184,0.5,0.1,128,128,425984,3930028908,4.1128997802734375,1024,1024,1,1
2022-09-18T17:11:29,suffix.4,262400,35,1.0069997310638428,1.0,0.1,128,128,573440,3930028908,3.4100908637046814,1024,1024,1,1
2022-09-18T17:11:31,attention.4.pos,66816,13,1.0069997310638428,1.0,0.1,128,128,212992,3930028908,184.32875442504883,1024,1024,1,1
2022-09-18T17:11:33,suffix.8,524544,27,1.0014700889587402,1.0,0.1,128,128,442368,3930028908,3.5777133107185364,1024,1024,1,1
2022-09-18T17:11:34,suffix.4,262400,35,1.0220000743865967,1.0,0.1,128,128,573440,3930028908,3.421118199825287,1024,1024,1,1
2022-09-18T17:11:36,suffix.2,131328,22,1.0320000648498535,1.0,0.1,128,1024,2883584,3930028908,3.45353102684021,1024,1024,1,1
2022-09-18T17:11:37,suffix.4,262400,34,1.018714427947998,1.0,0.1,128,128,557056,3930028908,3.43834388256073,1024,1024,1,1
2022-09-18T17:11:39,suffix.2,131328,29,1.0019996166229248,0.5,0.1,128,256,950272,3930028908,3.4412458539009094,1024,1024,1,1
2022-09-18T17:11:40,suffix.2,131328,22,1.0330004692077637,1.0,0.1,128,1024,2883584,3930028908,3.4209182262420654,1024,1024,1,1
2022-09-18T17:11:43,attention.2.pos,66304,8,1.0441865921020508,1.0,0.1,128,1024,1048576,3930028908,765.6370849609375,1024,1024,1,1
2022-09-18T17:11:44,suffix.2,131328,14,1.0391805171966553,1.0,0.1,128,1024,1835008,3930028908,3.4141713976860046,1024,1024,1,1
2022-09-18T17:11:46,suffix.2-dense.128.relu,98688,10,1.0431063175201416,1.0,0.1,128,1024,1310720,3930028908,5.011279821395874,1024,1024,1,1
2022-09-18T17:11:48,attention.2,65792,13,1.0136690139770508,1.0,0.1,128,2048,3407872,3930028908,3.7984042167663574,1024,1024,1,1
2022-09-18T17:11:50,suffix.16,1048832,13,1.0132019519805908,1.0,0.1,128,256,425984,3930028908,10.178986072540283,1024,1024,1,1
2022-09-18T17:11:52,attention.8.pos,67840,12,1.0344126224517822,1.0,0.1,128,256,393216,3930028908,585.0825500488281,1024,1024,1,1
2022-09-18T17:11:54,suffix.8,524544,29,1.0032384395599365,1.0,0.1,128,256,950272,3930028908,3.417312264442444,1024,1024,1,1
2022-09-18T17:11:56,suffix.8-dense.128.relu,295296,14,1.0094659328460693,1.0,0.1,128,256,458752,3930028908,4.956140637397766,1024,1024,1,1
2022-09-18T17:11:57,suffix.8,524544,29,1.0221593379974365,0.5,0.1,128,256,950272,3930028908,3.388931155204773,1024,1024,1,1
2022-09-18T17:11:59,attention.8,65792,23,1.0108656883239746,0.5,0.1,128,256,753664,3930028908,4.3745527267456055,1024,1024,1,1
2022-09-18T17:12:01,suffix.8,524544,29,1.0238840579986572,1.0,0.1,128,256,950272,3930028908,3.4465667605400085,1024,1024,1,1
2022-09-18T17:12:03,suffix.8,524544,33,1.010413408279419,0.5,0.1,128,128,540672,3930028908,3.3982632756233215,1024,1024,1,1
2022-09-18T17:12:04,suffix.8,524544,30,1.0170257091522217,0.5,0.1,128,128,491520,3930028908,3.4085317254066467,1024,1024,1,1
2022-09-18T17:12:06,suffix.8,524544,29,1.024620532989502,0.5,0.1,128,128,475136,3930028908,3.3724924325942993,1024,1024,1,1
2022-09-18T17:12:08,suffix.16,1048832,19,1.0029032230377197,0.5,0.1,128,128,311296,3930028908,3.6523040533065796,1024,1024,1,1
2022-09-18T17:12:10,attention.8.pos,67840,13,1.0026419162750244,0.5,0.1,128,128,212992,3930028908,12.271229028701782,1024,1024,1,1
2022-09-18T17:12:11,suffix.4,262400,17,1.002690315246582,0.5,0.1,128,1024,2228224,3930028908,3.382305085659027,1024,1024,1,1
2022-09-18T17:12:14,attention.4.pos,66816,10,1.0528688430786133,0.5,0.1,128,1024,1310720,3930028908,12.41733694076538,1024,1024,1,1
2022-09-18T17:12:15,suffix.4,262400,17,1.002427101135254,0.5,0.1,128,1024,2228224,3930028908,3.3546894788742065,1024,1024,1,1
2022-09-18T17:12:17,suffix.8,524544,10,1.0173523426055908,0.5,0.1,128,1024,1310720,3930028908,3.497429072856903,1024,1024,1,1
2022-09-18T17:12:18,suffix.4,262400,16,1.0353262424468994,0.5,0.1,128,1024,2097152,3930028908,3.39062362909317,1024,1024,1,1
2022-09-18T17:12:20,suffix.2,131328,20,1.0189886093139648,0.5,0.1,128,1024,2621440,3930028908,3.4542083740234375,1024,1024,1,1
2022-09-18T17:12:21,suffix.4,262400,8,1.0193729400634766,0.5,0.1,128,2048,2097152,3930028908,3.4892927408218384,1024,1024,1,1
2022-09-18T17:12:23,suffix.2,131328,16,1.0321133136749268,0.5,0.1,128,1024,2097152,3930028908,3.473917245864868,1024,1024,1,1
2022-09-18T17:12:25,suffix.4,262400,34,1.018392562866211,2.0,0.1,128,128,557056,3930028908,3.592208206653595,1024,1024,1,1
2022-09-18T17:12:26,suffix.2,131328,11,1.0146431922912598,0.5,0.1,128,2048,2883584,3930028908,3.5534569025039673,1024,1024,1,1
2022-09-18T17:12:28,attention.2,65792,20,1.0298068523406982,0.5,0.1,128,1024,2621440,3930028908,3.8357577323913574,1024,1024,1,1
2022-09-18T17:12:30,suffix.8,524544,32,1.0195896625518799,1.0,0.1,128,128,524288,3930028908,3.507616102695465,1024,1024,1,1
2022-09-18T17:12:31,suffix.2,131328,19,1.0120384693145752,0.2,0.1,128,1024,2490368,3930028908,4.423532843589783,1024,1024,1,1
2022-09-18T17:12:33,suffix.2,131328,31,1.0004987716674805,2.0,0.1,128,256,1015808,3930028908,3.5520875453948975,1024,1024,1,1
2022-09-18T17:12:35,attention.4,65792,11,1.0269663333892822,0.5,0.1,128,2048,2883584,3930028908,4.388521790504456,1024,1024,1,1
2022-09-18T17:12:36,suffix.4,262400,8,1.0237047672271729,0.2,0.1,128,2048,2097152,3930028908,5.040384531021118,1024,1024,1,1
2022-09-18T17:12:38,suffix.2,131328,20,1.0081658363342285,2.0,0.1,128,1024,2621440,3930028908,3.5543429255485535,1024,1024,1,1
2022-09-18T17:12:40,suffix.2,131328,11,1.0190951824188232,0.5,0.1,128,2048,2883584,3930028908,3.530535578727722,1024,1024,1,1
2022-09-18T17:12:42,attention.8,65792,13,1.0187726020812988,0.5,0.1,128,1024,1703936,3930028908,4.475352764129639,1024,1024,1,1
2022-09-18T17:12:44,suffix.8-dense.128.relu,295296,8,1.0283873081207275,0.5,0.1,128,1024,1048576,3930028908,5.573749899864197,1024,1024,1,1
2022-09-18T17:12:45,suffix.8,524544,10,1.0023410320281982,0.2,0.1,128,1024,1310720,3930028908,4.136044979095459,1024,1024,1,1
2022-09-18T17:12:47,suffix.8,524544,6,1.0966870784759521,0.5,0.1,128,2048,1572864,3930028908,3.717924475669861,1024,1024,1,1
2022-09-18T17:12:48,suffix.8,524544,11,1.023838758468628,1.0,0.1,128,1024,1441792,3930028908,5.3927695751190186,1024,1024,1,1
2022-09-18T17:12:50,suffix.2,131328,29,1.003222942352295,2.0,0.1,128,256,950272,3930028908,3.5635346174240112,1024,1024,1,1
2022-09-18T17:12:52,suffix.8,524544,27,1.0259451866149902,2.0,0.1,128,256,884736,3930028908,5.3442535400390625,1024,1024,1,1
2022-09-18T17:12:53,suffix.4,262400,31,1.0056483745574951,2.0,0.1,128,256,1015808,3930028908,3.4977959394454956,1024,1024,1,1
2022-09-18T17:12:55,attention.4.pos,66816,16,1.0334570407867432,2.0,0.1,128,256,524288,3930028908,281.41446685791016,1024,1024,1,1
2022-09-18T17:12:57,suffix.4-dense.128.relu,164224,18,1.02103853225708,2.0,0.1,128,256,589824,3930028908,5.697765827178955,1024,1024,1,1
2022-09-18T17:12:59,suffix.4,262400,28,1.0018436908721924,5.0,0.1,128,256,917504,3930028908,16102498.5,1024,1024,1,1
2022-09-18T17:13:01,attention.2,65792,23,1.0163681507110596,1.0,0.1,128,128,376832,3930028908,3.8476130962371826,1024,1024,1,1
2022-09-18T17:13:02,suffix.2,131328,32,1.024141550064087,0.5,0.1,128,32,131072,3930028908,3.53147691488266,1024,1024,1,1
2022-09-18T17:13:05,suffix.2-dense.128.relu,98688,13,1.002934455871582,1.0,0.1,128,128,212992,3930028908,4.758481025695801,1024,1024,1,1
2022-09-18T17:13:07,attention.2-dense.128.relu,65920,12,1.0031177997589111,0.5,0.1,128,128,196608,3930028908,3.953342378139496,1024,1024,1,1
2022-09-18T17:13:09,suffix.2-dense.256.relu,197120,13,1.022855520248413,0.5,0.1,128,128,212992,3930028908,3.6181377172470093,1024,1024,1,1
2022-09-18T17:13:11,suffix.2-rec.128.relu,115072,13,1.0222368240356445,0.5,0.1,128,128,212992,3930028908,nan,1024,1024,1,1
2022-09-18T17:13:13,suffix.2-rec.64.tanh,53568,12,1.0077300071716309,0.5,0.1,128,128,196608,3930028908,10.406105756759644,1024,1024,1,1
2022-09-18T17:13:15,suffix.2-dense.128.relu-suffix.2,131456,13,1.0166118144989014,0.5,0.1,128,128,212992,3930028908,3.8316367268562317,1024,1024,1,1
2022-09-18T17:13:17,suffix.2-dense.128.relu-dense.128.relu,115200,10,1.002685785293579,0.5,0.1,128,128,163840,3930028908,4.81947124004364,1024,1024,1,1
2022-09-18T17:13:18,suffix.2-dense.128.relu,98688,19,1.0185527801513672,0.5,0.1,128,64,155648,3930028908,3.5021808743476868,1024,1024,1,1
2022-09-18T17:13:20,suffix.2-rec.128.tanh,115072,13,1.0088894367218018,0.5,0.1,128,64,106496,3930028908,49.26315402984619,1024,1024,1,1
2022-09-18T17:13:23,suffix.2-gru.128.relu,279168,5,1.018707513809204,0.5,0.1,128,64,40960,3930028908,nan,1024,1024,1,1
2022-09-18T17:13:25,suffix.2-gru.64.tanh,127424,5,1.0025031566619873,0.5,0.1,128,64,40960,3930028908,12.298837184906006,1024,1024,1,1
2022-09-18T17:13:27,suffix.2-dense.128.relu,98688,20,1.0011394023895264,0.5,0.1,128,64,163840,3930028908,3.4830023050308228,1024,1024,1,1
2022-09-18T17:13:28,dense.128.relu,65920,19,1.0179712772369385,0.5,0.1,128,64,155648,3930028908,3.8176159858703613,1024,1024,1,1
2022-09-18T17:13:31,suffix.2-dense.128.relu-attention.2,98688,9,1.0267117023468018,0.5,0.1,128,64,73728,3930028908,4.308107256889343,1024,1024,1,1
2022-09-18T17:13:32,suffix.2-dense.256.relu,197120,16,1.0025708675384521,0.5,0.1,128,256,524288,3930028908,3.547704517841339,1024,1024,1,1
2022-09-18T17:13:34,suffix.2-dense.256.relu,197120,15,1.027073621749878,0.5,0.1,128,512,983040,3930028908,3.5027955174446106,1024,1024,1,1
2022-09-18T17:13:36,suffix.4-dense.256.relu,328192,15,1.0197913646697998,0.5,0.1,128,512,983040,3930028908,3.6458045840263367,1024,1024,1,1
2022-09-18T17:13:37,suffix.2-dense.256.relu,197120,18,1.003446102142334,1.0,0.1,128,512,1179648,3930028908,4.7771817445755005,1024,1024,1,1
2022-09-18T17:13:39,suffix.2-dense.512.relu,393984,6,1.0317127704620361,0.5,0.1,128,512,393216,3930028908,5.291313648223877,1024,1024,1,1
2022-09-18T17:13:41,suffix.2-rec.128.relu,115072,13,1.0492486953735352,0.5,0.1,128,512,851968,3930028908,nan,1024,1024,1,1
2022-09-18T17:13:43,suffix.4-rec.256.relu,393728,13,1.0182163715362549,0.5,0.1,128,512,851968,3930028908,nan,1024,1024,1,1
2022-09-18T17:13:45,suffix.2-dense.256.relu,197120,16,1.0406410694122314,0.5,0.1,128,1024,2097152,3930028908,3.4092671275138855,1024,1024,1,1
2022-09-18T17:13:46,suffix.2-dense.256.relu,197120,18,1.018052577972412,0.5,0.1,128,1024,2359296,3930028908,3.4105576276779175,1024,1024,1,1
2022-09-18T17:13:48,suffix.4-dense.256.relu,328192,14,1.0037059783935547,0.5,0.1,128,1024,1835008,3930028908,3.8532145619392395,1024,1024,1,1
2022-09-18T17:13:49,dense.256.relu,131584,18,1.0110347270965576,0.5,0.1,128,1024,2359296,3930028908,3.7541971802711487,1024,1024,1,1
2022-09-18T17:13:51,suffix.2-dense.256.tanh,197120,15,1.01847243309021,0.5,0.1,128,1024,1966080,3930028908,32.72696113586426,1024,1024,1,1
2022-09-18T17:13:53,suffix.2-dense.256.relu,197120,18,1.0336785316467285,0.5,0.1,128,1024,2359296,3930028908,3.3632901310920715,1024,1024,1,1
2022-09-18T17:13:55,suffix.2-dense.256.relu-suffix.2,262656,13,1.0335948467254639,0.5,0.1,128,1024,1703936,3930028908,3.809407591819763,1024,1024,1,1
2022-09-18T17:13:56,suffix.2-dense.256.relu-dense.128.relu,197248,10,1.0033972263336182,0.5,0.1,128,1024,1310720,3930028908,4.6135746240615845,1024,1024,1,1
2022-09-18T17:13:58,suffix.2-rec.256.relu,262656,12,1.0329458713531494,0.5,0.1,128,1024,1572864,3930028908,nan,1024,1024,1,1
2022-09-18T17:14:00,suffix.2-rec.128.tanh,115072,12,1.056807279586792,0.5,0.1,128,1024,1572864,3930028908,52.79079627990723,1024,1024,1,1
2022-09-18T17:14:02,suffix.2-dense.256.relu,197120,11,1.02085280418396,0.5,0.1,128,2048,2883584,3930028908,3.7012941241264343,1024,1024,1,1
2022-09-18T17:14:04,suffix.2-rec.256.relu,262656,13,1.0150494575500488,0.5,0.1,128,256,425984,3930028908,nan,1024,1024,1,1
2022-09-18T17:14:05,suffix.8-dense.256.relu,590336,16,1.0258307456970215,0.5,0.1,128,512,1048576,3930028908,4.2784236669540405,1024,1024,1,1
2022-09-18T17:14:07,suffix.2-gru.128.relu,279168,4,1.0098655223846436,0.5,0.1,128,512,262144,3930028908,nan,1024,1024,1,1
2022-09-18T17:14:10,suffix.2-gru.256.tanh,656384,1,1.3772058486938477,0.5,0.1,128,512,65536,3930028908,6.948674440383911,1024,1024,1,1
2022-09-18T17:14:12,attention.2-dense.256.relu,131584,15,1.0112431049346924,0.5,0.1,128,512,983040,3930028908,3.753058433532715,1024,1024,1,1
2022-09-18T17:14:15,suffix.2-dense.256.relu-attention.2,197120,8,1.013261079788208,0.5,0.1,128,512,524288,3930028908,4.548987627029419,1024,1024,1,1
2022-09-18T17:14:17,suffix.2-dense.256.relu,197120,15,1.0189499855041504,0.5,0.1,128,512,983040,3930028908,3.5786495208740234,1024,1024,1,1
2022-09-18T17:14:18,suffix.2,131328,12,1.0612058639526367,2.0,0.1,128,2048,3145728,3930028908,3.8537482023239136,1024,1024,1,1
2022-09-18T17:14:20,attention.2,65792,22,1.0238637924194336,2.0,0.1,128,1024,2883584,3930028908,3.835545063018799,1024,1024,1,1
2022-09-18T17:14:22,suffix.8,524544,36,1.0240390300750732,0.5,0.1,128,64,294912,3930028908,3.4609185457229614,1024,1024,1,1
2022-09-18T17:14:23,suffix.8,524544,35,1.0065925121307373,0.2,0.1,128,64,286720,3930028908,3.510070025920868,1024,1024,1,1
2022-09-18T17:14:26,attention.8,65792,25,1.023601770401001,0.5,0.1,128,64,204800,3930028908,4.33927857875824,1024,1024,1,1
2022-09-18T17:14:27,suffix.8-dense.128.relu,295296,16,1.0325560569763184,0.5,0.1,128,64,131072,3930028908,4.958071351051331,1024,1024,1,1
2022-09-18T17:14:29,suffix.8,524544,37,1.0555126667022705,0.2,0.1,128,64,303104,3930028908,3.50634902715683,1024,1024,1,1
2022-09-18T17:14:31,suffix.16,1048832,30,1.0087766647338867,0.2,0.1,128,64,245760,3930028908,3.595433831214905,1024,1024,1,1
2022-09-18T17:14:33,attention.8.pos,67840,9,1.0065317153930664,0.2,0.1,128,64,73728,3930028908,5.081836104393005,1024,1024,1,1
2022-09-18T17:14:35,suffix.8,524544,33,1.0105395317077637,0.1,0.1,128,64,270336,3930028908,4.3805636167526245,1024,1024,1,1
2022-09-18T17:14:36,suffix.8,524544,32,1.0143427848815918,0.2,0.1,128,128,524288,3930028908,3.496542513370514,1024,1024,1,1
2022-09-18T17:14:39,attention.8,65792,22,1.0142817497253418,0.2,0.1,128,128,360448,3930028908,5.204482316970825,1024,1024,1,1
2022-09-18T17:14:40,suffix.8,524544,31,1.0059943199157715,0.2,0.1,128,128,507904,3930028908,3.517378032207489,1024,1024,1,1
2022-09-18T17:14:42,suffix.4,262400,34,1.0141239166259766,0.2,0.1,128,128,557056,3930028908,3.532896339893341,1024,1024,1,1
2022-09-18T17:14:43,suffix.8,524544,30,1.0283310413360596,0.2,0.1,128,256,983040,3930028908,3.5163815021514893,1024,1024,1,1
2022-09-18T17:14:45,attention.2.pos,66304,12,1.0201599597930908,0.5,0.1,128,32,49152,3930028908,13.799167156219482,1024,1024,1,1
2022-09-18T17:14:47,suffix.2-dense.128.relu,98688,18,1.0123093128204346,0.5,0.1,128,32,73728,3930028908,3.680986225605011,1024,1024,1,1
2022-09-18T17:14:49,suffix.2-dense.512.relu,393984,17,1.0395300388336182,0.5,0.1,128,128,278528,3930028908,3.5058863162994385,1024,1024,1,1
2022-09-18T17:14:51,suffix.4-dense.512.relu,656128,10,1.0349831581115723,0.5,0.1,128,128,163840,3930028908,4.428900957107544,1024,1024,1,1
2022-09-18T17:14:53,suffix.2-dense.1024.relu,787712,6,1.0459671020507812,0.5,0.1,128,128,98304,3930028908,5.536877155303955,1024,1024,1,1
2022-09-18T17:14:55,suffix.2-dense.512.relu,393984,17,1.016237497329712,0.5,0.1,128,64,139264,3930028908,3.6288771629333496,1024,1024,1,1
2022-09-18T17:14:57,suffix.2-rec.512.relu,656128,11,1.0383212566375732,0.5,0.1,128,128,180224,3930028908,nan,1024,1024,1,1
2022-09-18T17:14:59,suffix.2-rec.256.tanh,262656,10,1.0061547756195068,0.5,0.1,128,128,163840,3930028908,92.50697898864746,1024,1024,1,1
2022-09-18T17:15:01,dense.512.relu,262912,10,1.0040135383605957,0.5,0.1,128,128,163840,3930028908,4.255168437957764,1024,1024,1,1
2022-09-18T17:15:02,suffix.2-dense.512.relu,393984,17,1.013991355895996,0.5,0.1,128,128,278528,3930028908,3.4452813267707825,1024,1024,1,1
2022-09-18T17:15:04,suffix.2-dense.512.tanh,393984,12,1.0206882953643799,0.5,0.1,128,128,196608,3930028908,90.63008117675781,1024,1024,1,1
2022-09-18T17:15:06,suffix.2-dense.512.relu-suffix.2,525056,14,1.0399200916290283,0.5,0.1,128,128,229376,3930028908,3.8238502740859985,1024,1024,1,1
2022-09-18T17:15:08,suffix.2-dense.512.relu-dense.128.relu,361344,10,1.0223500728607178,0.5,0.1,128,128,163840,3930028908,5.4586111307144165,1024,1024,1,1
2022-09-18T17:15:10,suffix.2-dense.512.relu,393984,17,1.0167474746704102,0.2,0.1,128,128,278528,3930028908,3.3632984161376953,1024,1024,1,1
2022-09-18T17:15:12,suffix.2-dense.512.relu,393984,18,1.045647382736206,0.2,0.1,128,128,294912,3930028908,3.2750768065452576,1024,1024,1,1
2022-09-18T17:15:14,attention.2.pos-dense.512.relu,263424,8,1.0602068901062012,0.2,0.1,128,128,131072,3930028908,5.095416069030762,1024,1024,1,1
2022-09-18T17:15:16,suffix.2-dense.512.relu,393984,18,1.0165550708770752,0.2,0.1,128,128,294912,3930028908,3.300727605819702,1024,1024,1,1
2022-09-18T17:15:18,suffix.2-rec.512.tanh,656128,12,1.0311312675476074,0.2,0.1,128,128,196608,3930028908,27.4868106842041,1024,1024,1,1
2022-09-18T17:15:20,suffix.2-dense.512.relu,393984,18,1.0190587043762207,0.2,0.1,128,128,294912,3930028908,3.300410211086273,1024,1024,1,1
2022-09-18T17:15:23,suffix.2-dense.512.relu-attention.2,393984,9,1.0530598163604736,0.2,0.1,128,128,147456,3930028908,3.9479441046714783,1024,1024,1,1
2022-09-18T17:15:24,suffix.2-dense.512.relu,393984,18,1.0211880207061768,0.1,0.1,128,128,294912,3930028908,3.658157706260681,1024,1024,1,1
2022-09-18T17:15:26,suffix.2-dense.512.relu,393984,18,1.0120768547058105,0.2,0.1,128,128,294912,3930028908,3.275472581386566,1024,1024,1,1
2022-09-18T17:15:28,suffix.2-dense.512.relu,393984,19,1.0254957675933838,0.2,0.1,128,64,155648,3930028908,3.416883647441864,1024,1024,1,1
2022-09-18T17:15:30,suffix.2-dense.512.relu,393984,18,1.007702112197876,0.2,0.1,128,64,147456,3930028908,3.371560573577881,1024,1024,1,1
2022-09-18T17:15:33,suffix.2-dense.512.relu,393984,18,1.0153393745422363,0.2,0.1,128,64,147456,3930028908,3.3140827417373657,1024,1024,1,1
2022-09-18T17:15:37,dense.512.relu,262912,17,3.535827398300171,0.2,0.1,128,64,139264,3930028908,3.8239938616752625,1024,1024,1,1
2022-09-18T17:15:41,suffix.4-dense.512.relu,656128,1,3.439199209213257,0.2,0.1,128,64,8192,3930028908,4.820144534111023,1024,1024,1,1
2022-09-18T17:18:28,suffix.2-dense.512.relu-attention.2,393984,1,4.496610641479492,0.2,0.1,128,128,16384,3930028908,5.111548662185669,1024,1024,1,1
2022-09-18T17:18:31,suffix.2-dense.512.relu-attention.2,393984,6,1.0780673027038574,0.2,0.1,128,128,98304,3930028908,4.34453022480011,1024,1024,1,1
2022-09-18T17:18:33,attention.4,65792,9,1.0352857112884521,0.5,0.1,128,512,589824,3930028908,4.44409704208374,1024,1024,1,1
2022-09-18T17:18:35,attention.4,65792,13,1.0682454109191895,1.0,0.1,128,1024,1703936,3930028908,4.08644425868988,1024,1024,1,1
2022-09-18T17:18:37,attention.4,65792,17,1.0315837860107422,0.5,0.1,128,128,278528,3930028908,4.213306784629822,1024,1024,1,1
2022-09-18T17:18:39,dense.512.relu,262912,12,1.0219216346740723,0.2,0.1,128,64,98304,3930028908,3.868650794029236,1024,1024,1,1
2022-09-18T17:18:41,suffix.4-dense.512.relu,656128,11,1.0186655521392822,0.2,0.1,128,64,90112,3930028908,3.5691057443618774,1024,1024,1,1
2022-09-18T17:18:44,suffix.2-dense.1024.relu,787712,1,1.4620671272277832,0.2,0.1,128,64,8192,3930028908,4.773698091506958,1024,1024,1,1
2022-09-18T17:18:46,suffix.2-dense.512.tanh,393984,17,1.0513434410095215,0.2,0.1,128,64,139264,3930028908,3.6821062564849854,1024,1024,1,1
2022-09-18T17:18:48,suffix.2-dense.512.relu-suffix.2,525056,15,1.0305593013763428,0.2,0.1,128,64,122880,3930028908,3.4541985392570496,1024,1024,1,1
2022-09-18T17:18:51,suffix.2-dense.512.relu-dense.128.relu,361344,1,1.551100492477417,0.2,0.1,128,64,8192,3930028908,7.421158075332642,1024,1024,1,1
2022-09-18T17:18:53,suffix.2-dense.512.relu,393984,18,1.054229974746704,0.2,0.1,128,32,73728,3930028908,3.4102150201797485,1024,1024,1,1
2022-09-18T17:18:55,attention.4,65792,21,1.083716630935669,1.0,0.1,128,256,688128,3930028908,4.10465407371521,1024,1024,1,1
2022-09-18T17:18:57,attention.8,65792,23,1.091907262802124,0.5,0.1,128,256,753664,3930028908,4.341190218925476,1024,1024,1,1
2022-09-18T17:18:59,suffix.2-dense.512.relu,393984,21,1.0077834129333496,0.2,0.1,128,32,86016,3930028908,3.4018695950508118,1024,1024,1,1
2022-09-18T17:19:01,suffix.2-dense.512.tanh,393984,18,1.0286376476287842,0.2,0.1,128,32,73728,3930028908,3.7922616004943848,1024,1024,1,1
2022-09-18T17:19:02,suffix.2-dense.512.relu,393984,22,1.0414743423461914,0.2,0.1,128,32,90112,3930028908,3.3313152194023132,1024,1024,1,1
2022-09-18T17:19:05,attention.2.pos-dense.512.relu,263424,6,1.0160140991210938,0.2,0.1,128,32,24576,3930028908,5.1664745807647705,1024,1024,1,1
2022-09-18T17:19:07,suffix.2-dense.256.relu,197120,18,1.0018374919891357,0.2,0.1,128,32,73728,3930028908,3.498697519302368,1024,1024,1,1
2022-09-18T17:19:09,suffix.2-dense.512.relu-attention.2,393984,10,1.025289535522461,0.2,0.1,128,32,40960,3930028908,3.846967339515686,1024,1024,1,1
2022-09-18T17:19:11,suffix.2-dense.512.relu,393984,18,1.0109457969665527,0.2,0.1,128,16,36864,3930028908,3.5372037291526794,1024,1024,1,1
2022-09-18T17:19:13,suffix.2-dense.512.relu,393984,21,1.004929780960083,0.1,0.1,128,32,86016,3930028908,3.66096830368042,1024,1024,1,1
2022-09-18T17:19:15,suffix.2-dense.512.relu-attention.2.pos,395008,5,1.0470986366271973,0.2,0.1,128,64,40960,3930028908,4.679345726966858,1024,1024,1,1
2022-09-18T17:19:17,attention.2,65792,24,1.0171895027160645,1.0,0.1,128,512,1572864,3930028908,3.774321734905243,1024,1024,1,1
2022-09-18T17:19:19,attention.4,65792,25,1.0410254001617432,2.0,0.1,128,512,1638400,3930028908,4.129145264625549,1024,1024,1,1
2022-09-18T17:19:21,attention.2,65792,26,1.0312004089355469,0.5,0.1,128,256,851968,3930028908,3.7987637519836426,1024,1024,1,1
2022-09-18T17:19:23,suffix.2-dense.512.relu-suffix.2,525056,14,1.003674030303955,0.2,0.1,128,32,57344,3930028908,3.6095522046089172,1024,1024,1,1
2022-09-18T17:19:25,suffix.2-dense.512.relu-suffix.2,525056,17,1.0184688568115234,0.2,0.1,128,64,139264,3930028908,3.351392388343811,1024,1024,1,1
2022-09-18T17:19:27,suffix.2-dense.512.relu-suffix.2,525056,17,1.0135810375213623,0.2,0.1,128,64,139264,3930028908,3.405993640422821,1024,1024,1,1
2022-09-18T17:19:29,suffix.2-dense.512.tanh-suffix.2,525056,15,1.030808925628662,0.2,0.1,128,64,122880,3930028908,3.822298288345337,1024,1024,1,1
2022-09-18T17:19:31,attention.2.pos-dense.512.relu-suffix.2,394496,8,1.0037882328033447,0.2,0.1,128,64,65536,3930028908,4.872920393943787,1024,1024,1,1
2022-09-18T17:19:33,suffix.2-dense.256.relu-suffix.2,262656,14,1.0258147716522217,0.2,0.1,128,64,114688,3930028908,3.530986487865448,1024,1024,1,1
2022-09-18T17:19:36,suffix.2-dense.512.relu-suffix.4,787200,9,1.0103859901428223,0.2,0.1,128,64,73728,3930028908,4.084094882011414,1024,1024,1,1
2022-09-18T17:19:38,suffix.2-dense.512.relu-suffix.2,525056,17,1.0284533500671387,0.1,0.1,128,64,139264,3930028908,3.7989030480384827,1024,1024,1,1
2022-09-18T17:19:40,attention.4,65792,27,1.0245554447174072,0.5,0.1,128,32,110592,3930028908,4.186921834945679,1024,1024,1,1
2022-09-18T17:19:42,attention.2,65792,15,1.0193123817443848,1.0,0.1,128,2048,3932160,3930028908,3.8010774850845337,1024,1024,1,1
2022-09-18T17:19:44,attention.8,65792,22,1.0169563293457031,1.0,0.1,128,512,1441792,3930028908,4.25510048866272,1024,1024,1,1
2022-09-18T17:19:46,attention.2,65792,21,1.018723487854004,0.5,0.1,128,1024,2752512,3930028908,3.8115422129631042,1024,1024,1,1
2022-09-18T17:19:48,suffix.4-dense.128.tanh,164224,9,1.017226219177246,0.5,0.1,128,512,589824,3930028908,42.615689277648926,1024,1024,1,1
2022-09-18T17:19:50,attention.4,65792,13,1.0587499141693115,0.5,0.1,128,2048,3407872,3930028908,4.263662815093994,1024,1024,1,1
2022-09-18T17:19:52,attention.4-dense.128.relu,65920,9,1.0130877494812012,0.2,0.1,128,128,147456,3930028908,4.705315351486206,1024,1024,1,1
2022-09-18T17:19:55,suffix.4-dense.128.relu-attention.2,164224,10,1.0257728099822998,0.2,0.1,128,128,163840,3930028908,4.1206793785095215,1024,1024,1,1
2022-09-18T17:19:57,attention.8,65792,15,1.0138916969299316,0.5,0.1,128,1024,1966080,3930028908,4.390918254852295,1024,1024,1,1
2022-09-18T17:19:59,attention.2,65792,28,1.0417377948760986,0.5,0.1,128,64,229376,3930028908,3.7948506474494934,1024,1024,1,1
2022-09-18T17:20:01,suffix.4-dense.512.relu-suffix.2,787200,15,1.0533244609832764,0.2,0.1,128,64,122880,3930028908,3.6901146173477173,1024,1024,1,1
2022-09-18T17:20:03,suffix.2-dense.128.relu-attention.2,98688,10,1.0448617935180664,0.5,0.1,128,64,81920,3930028908,4.225116014480591,1024,1024,1,1
2022-09-18T17:20:05,suffix.2-dense.512.relu,393984,17,1.0244951248168945,1.0,0.1,128,128,278528,3930028908,4.557240843772888,1024,1024,1,1
2022-09-18T17:20:07,suffix.2-rec.256.relu,262656,14,1.0451626777648926,0.2,0.1,128,32,57344,3930028908,nan,1024,1024,1,1
2022-09-18T17:20:08,dense.256.relu,131584,23,1.007270336151123,0.2,0.1,128,32,94208,3930028908,3.886963188648224,1024,1024,1,1
2022-09-18T17:20:10,suffix.2-rec.128.tanh,115072,10,1.0209901332855225,0.2,0.1,128,32,40960,3930028908,5.399533629417419,1024,1024,1,1
2022-09-18T17:20:13,suffix.2-dense.256.relu-attention.2.pos,197632,9,1.002676248550415,0.2,0.1,128,32,36864,3930028908,4.137739419937134,1024,1024,1,1
2022-09-18T17:20:15,suffix.2-dense.256.relu,197120,21,1.0272400379180908,0.2,0.1,128,32,86016,3930028908,3.429287075996399,1024,1024,1,1
2022-09-18T17:20:17,suffix.2-dense.256.relu-dense.128.relu,197248,12,1.027604579925537,0.2,0.1,128,32,49152,3930028908,3.8096178770065308,1024,1024,1,1
2022-09-18T17:20:18,suffix.2-dense.256.relu,197120,17,1.0213754177093506,0.2,0.1,128,64,139264,3930028908,3.458591639995575,1024,1024,1,1
2022-09-18T17:20:20,suffix.2-dense.256.relu,197120,19,1.0002031326293945,0.2,0.1,128,64,155648,3930028908,3.3862239718437195,1024,1024,1,1
2022-09-18T17:20:22,suffix.2-dense.256.relu,197120,20,1.0320327281951904,0.2,0.1,128,64,163840,3930028908,3.361603319644928,1024,1024,1,1
2022-09-18T17:20:23,suffix.2-rec.256.tanh,262656,13,1.0101416110992432,0.2,0.1,128,64,106496,3930028908,8.59706735610962,1024,1024,1,1
2022-09-18T17:20:26,attention.2.pos-dense.256.relu,132096,4,1.0422370433807373,0.2,0.1,128,64,32768,3930028908,6.411951422691345,1024,1024,1,1
2022-09-18T17:20:28,suffix.2-dense.256.relu,197120,19,1.0259387493133545,0.1,0.1,128,64,155648,3930028908,3.933737099170685,1024,1024,1,1
2022-09-18T17:20:30,suffix.2-dense.256.relu-attention.2,197120,10,1.0353384017944336,0.2,0.1,128,64,81920,3930028908,4.05569314956665,1024,1024,1,1
2022-09-18T17:20:32,suffix.4-dense.256.relu,328192,18,1.020348310470581,0.2,0.1,128,64,147456,3930028908,3.337453842163086,1024,1024,1,1
2022-09-18T17:20:33,suffix.4-dense.256.relu,328192,21,1.0421583652496338,0.2,0.1,128,64,172032,3930028908,3.245252311229706,1024,1024,1,1
2022-09-18T17:20:35,suffix.4-dense.256.relu,328192,21,1.0258839130401611,0.2,0.1,128,64,172032,3930028908,3.307633697986603,1024,1024,1,1
2022-09-18T17:20:37,suffix.4-dense.256.relu,328192,21,1.0340445041656494,0.2,0.1,128,64,172032,3930028908,3.261571764945984,1024,1024,1,1
2022-09-18T17:20:39,suffix.4-dense.256.relu,328192,21,1.0244715213775635,0.2,0.1,128,64,172032,3930028908,3.2759445905685425,1024,1024,1,1
2022-09-18T17:20:41,attention.4-dense.256.relu,131584,17,1.0299196243286133,0.2,0.1,128,64,139264,3930028908,4.241047501564026,1024,1024,1,1
2022-09-18T17:20:42,suffix.4-dense.256.tanh,328192,18,1.0011343955993652,0.2,0.1,128,64,147456,3930028908,3.582821011543274,1024,1024,1,1
2022-09-18T17:20:45,suffix.4-dense.256.relu-attention.2.pos,328704,9,1.0281171798706055,0.2,0.1,128,64,73728,3930028908,4.225257754325867,1024,1024,1,1
2022-09-18T17:20:47,suffix.4-dense.256.relu-dense.128.relu,328320,11,1.0049638748168945,0.2,0.1,128,64,90112,3930028908,4.011166214942932,1024,1024,1,1
2022-09-18T17:20:48,suffix.4-dense.256.relu,328192,21,1.0295295715332031,0.5,0.1,128,64,172032,3930028908,3.5973618030548096,1024,1024,1,1
2022-09-18T17:20:50,suffix.8-dense.256.relu,590336,17,1.0269865989685059,0.2,0.1,128,64,139264,3930028908,3.61326664686203,1024,1024,1,1
2022-09-18T17:20:52,suffix.4-rec.128.relu,180608,12,1.021000862121582,0.2,0.1,128,64,98304,3930028908,nan,1024,1024,1,1
2022-09-18T17:20:54,suffix.4-dense.256.relu,328192,18,1.0257983207702637,0.2,0.1,128,32,73728,3930028908,3.514786183834076,1024,1024,1,1
2022-09-18T17:20:56,suffix.4-rec.256.relu,393728,14,1.0158233642578125,0.5,0.1,128,64,114688,3930028908,nan,1024,1024,1,1
2022-09-18T17:20:58,attention.8,65792,28,1.0242114067077637,0.5,0.1,128,64,229376,3930028908,4.322141885757446,1024,1024,1,1
2022-09-18T17:20:59,suffix.2-dense.256.relu,197120,17,1.0194315910339355,0.2,0.1,128,16,34816,3930028908,3.73371422290802,1024,1024,1,1
2022-09-18T17:21:01,attention.8,65792,26,1.0146360397338867,0.2,0.1,128,128,425984,3930028908,5.034248113632202,1024,1024,1,1
2022-09-18T17:21:03,attention.2,65792,29,1.0842502117156982,1.0,0.1,128,128,475136,3930028908,3.827828347682953,1024,1024,1,1
2022-09-18T17:21:07,attention.4-dense.64.tanh,33088,1,1.406728982925415,0.2,0.1,128,64,8192,3930028908,7.3033082485198975,1024,1024,1,1
2022-09-18T17:21:09,suffix.4-dense.256.relu,328192,22,1.0108106136322021,0.2,0.1,128,32,90112,3930028908,3.3589565753936768,1024,1024,1,1
2022-09-18T17:21:11,attention.4.pos-dense.256.relu,132608,7,1.0054407119750977,0.2,0.1,128,32,28672,3930028908,5.274083137512207,1024,1024,1,1
2022-09-18T17:21:13,suffix.4-dense.256.relu-suffix.2,393728,15,1.0195677280426025,0.2,0.1,128,32,61440,3930028908,3.7711248993873596,1024,1024,1,1
2022-09-18T17:21:15,suffix.4-dense.256.relu,328192,22,1.0096309185028076,0.1,0.1,128,32,90112,3930028908,3.6733409762382507,1024,1024,1,1
2022-09-18T17:21:16,suffix.4-dense.512.relu,656128,19,1.045175313949585,0.2,0.1,128,32,77824,3930028908,3.293176054954529,1024,1024,1,1
2022-09-18T17:21:18,suffix.4-dense.512.relu,656128,21,1.0129644870758057,0.2,0.1,128,32,86016,3930028908,3.3277260065078735,1024,1024,1,1
2022-09-18T17:21:20,suffix.4-dense.512.relu,656128,21,1.0126399993896484,0.2,0.1,128,32,86016,3930028908,3.2513986825942993,1024,1024,1,1
2022-09-18T17:21:22,suffix.4-dense.512.relu,656128,21,1.0310845375061035,0.2,0.1,128,32,86016,3930028908,3.2499263286590576,1024,1024,1,1
2022-09-18T17:21:25,suffix.8-dense.512.relu,1180416,1,1.562774419784546,0.2,0.1,128,32,4096,3930028908,4.746274471282959,1024,1024,1,1
2022-09-18T17:21:27,attention.4-dense.512.relu,262912,17,1.0241942405700684,0.2,0.1,128,32,69632,3930028908,4.208706974983215,1024,1024,1,1
2022-09-18T17:21:29,suffix.4-dense.512.relu,656128,21,1.0326097011566162,0.2,0.1,128,32,86016,3930028908,3.2497953176498413,1024,1024,1,1
2022-09-18T17:21:31,suffix.4-dense.512.relu-attention.2.pos,657152,9,1.0444798469543457,0.2,0.1,128,32,36864,3930028908,4.338604807853699,1024,1024,1,1
2022-09-18T17:21:33,suffix.4-dense.512.relu-dense.128.relu,623488,12,1.0195865631103516,0.2,0.1,128,32,49152,3930028908,4.589982867240906,1024,1024,1,1
2022-09-18T17:21:35,suffix.4-dense.512.relu,656128,22,1.0407142639160156,0.5,0.1,128,32,90112,3930028908,3.6701842546463013,1024,1024,1,1
2022-09-18T17:21:37,suffix.4-dense.512.relu,656128,18,1.0153026580810547,0.2,0.1,128,16,36864,3930028908,3.42241770029068,1024,1024,1,1
2022-09-18T17:21:39,suffix.4-dense.512.tanh,656128,19,1.0387392044067383,0.2,0.1,128,32,77824,3930028908,3.843534290790558,1024,1024,1,1
2022-09-18T17:21:41,suffix.4-dense.1024.relu,1312000,12,1.0160226821899414,0.2,0.1,128,32,49152,3930028908,3.7481314539909363,1024,1024,1,1
2022-09-18T17:21:43,attention.4.pos-dense.512.relu,263936,10,1.0060884952545166,0.2,0.1,128,16,20480,3930028908,5.098985910415649,1024,1024,1,1
2022-09-18T17:21:45,suffix.4-dense.512.relu,656128,21,1.0284101963043213,0.2,0.1,128,16,43008,3930028908,3.4099186062812805,1024,1024,1,1
2022-09-18T17:21:47,suffix.4-dense.512.relu,656128,21,1.0045568943023682,0.2,0.1,128,16,43008,3930028908,3.3636515736579895,1024,1024,1,1
2022-09-18T17:21:49,suffix.4-dense.512.tanh,656128,19,1.0162949562072754,0.2,0.1,128,16,38912,3930028908,3.928056478500366,1024,1024,1,1
2022-09-18T17:21:50,suffix.4-dense.512.relu-suffix.2,787200,17,1.0251915454864502,0.2,0.1,128,16,34816,3930028908,3.6449350118637085,1024,1024,1,1
2022-09-18T17:21:52,suffix.4-dense.512.relu,656128,18,1.007861614227295,0.2,0.1,128,8,18432,3930028908,3.5752481818199158,1024,1024,1,1
2022-09-18T17:21:54,suffix.4-dense.512.relu,656128,20,1.0046379566192627,0.1,0.1,128,16,40960,3930028908,3.7123560309410095,1024,1024,1,1
2022-09-18T17:21:56,suffix.4-dense.256.relu,328192,20,1.0257821083068848,0.2,0.1,128,16,40960,3930028908,3.478428065776825,1024,1024,1,1
2022-09-18T17:21:57,suffix.4-dense.256.relu,328192,23,1.0279779434204102,0.2,0.1,128,16,47104,3930028908,3.4609938859939575,1024,1024,1,1
2022-09-18T17:21:59,suffix.4-rec.256.relu,393728,18,1.0456256866455078,0.2,0.1,128,16,36864,3930028908,nan,1024,1024,1,1
2022-09-18T17:22:01,suffix.8-dense.256.relu,590336,19,1.0421874523162842,0.2,0.1,128,16,38912,3930028908,3.7318896055221558,1024,1024,1,1
2022-09-18T17:22:03,attention.4-dense.256.relu,131584,19,1.0266401767730713,0.2,0.1,128,16,38912,3930028908,4.470219731330872,1024,1024,1,1
2022-09-18T17:22:05,suffix.4-dense.128.relu,164224,19,1.000072717666626,0.2,0.1,128,16,38912,3930028908,3.601357400417328,1024,1024,1,1
2022-09-18T17:22:07,suffix.4-dense.256.relu-attention.2,328192,11,1.0318386554718018,0.2,0.1,128,16,22528,3930028908,4.227233290672302,1024,1024,1,1
2022-09-18T17:22:09,suffix.4-dense.256.relu-dense.128.relu,328320,13,1.0335841178894043,0.2,0.1,128,16,26624,3930028908,4.027091979980469,1024,1024,1,1
2022-09-18T17:22:11,suffix.4-rec.256.tanh,393728,16,1.0385565757751465,0.2,0.1,128,32,65536,3930028908,8.421657085418701,1024,1024,1,1
2022-09-18T17:22:13,suffix.4-dense.256.relu,328192,23,1.0372655391693115,0.5,0.1,128,16,47104,3930028908,3.9042165279388428,1024,1024,1,1
2022-09-18T17:22:16,suffix.4-dense.16.relu,20752,1,1.4117436408996582,0.5,0.1,128,512,65536,3930028908,5.408442497253418,1024,1024,1,1
2022-09-18T17:22:19,suffix.4-rec.32.relu,42272,1,1.6584784984588623,0.5,0.1,128,512,65536,3930028908,nan,1024,1024,1,1
2022-09-18T17:22:21,suffix.4-rec.16.relu,21008,9,1.0002291202545166,0.5,0.1,128,256,294912,3930028908,nan,1024,1024,1,1
2022-09-18T17:22:23,suffix.4-rec.32.tanh,42272,14,1.0306973457336426,0.5,0.1,128,256,458752,3930028908,5.490427374839783,1024,1024,1,1
2022-09-18T17:22:25,attention.2-dense.128.relu,65920,15,1.0309557914733887,0.5,0.1,128,128,245760,3930028908,3.83194237947464,1024,1024,1,1
2022-09-18T17:22:27,suffix.4-dense.256.relu,328192,20,1.0163352489471436,0.2,0.1,128,8,20480,3930028908,3.6603935956954956,1024,1024,1,1
2022-09-18T17:22:30,suffix.4-dense.64.tanh-attention.2,82240,5,1.000199794769287,0.2,0.1,128,128,81920,3930028908,4.539209961891174,1024,1024,1,1
2022-09-18T17:22:32,suffix.2-rec.256.relu-suffix.2,328192,12,1.0284619331359863,0.2,0.1,128,64,98304,3930028908,nan,1024,1024,1,1
2022-09-18T17:22:34,dense.256.relu-suffix.2,197120,17,1.0358772277832031,0.2,0.1,128,64,139264,3930028908,3.614045262336731,1024,1024,1,1
2022-09-18T17:22:36,suffix.2-dense.256.relu-suffix.2,262656,17,1.0400762557983398,0.2,0.1,128,64,139264,3930028908,3.4900078177452087,1024,1024,1,1
2022-09-18T17:22:38,suffix.2-rec.128.tanh-suffix.2,147840,11,1.011293649673462,0.2,0.1,128,64,90112,3930028908,7.896605968475342,1024,1024,1,1
2022-09-18T17:22:40,suffix.2-dense.256.relu-suffix.2-dense.128.relu,230016,10,1.05149245262146,0.2,0.1,128,64,81920,3930028908,4.149482011795044,1024,1024,1,1
2022-09-18T17:22:42,suffix.2-dense.256.relu-suffix.2,262656,15,1.0389621257781982,0.2,0.1,128,128,245760,3930028908,3.5498112440109253,1024,1024,1,1
2022-09-18T17:22:44,suffix.2-dense.256.relu-suffix.2,262656,17,1.0274109840393066,0.5,0.1,128,64,139264,3930028908,3.663025975227356,1024,1024,1,1
2022-09-18T17:22:46,attention.4-dense.128.relu,65920,13,1.011012315750122,0.2,0.1,128,512,851968,3930028908,4.375411629676819,1024,1024,1,1
2022-09-18T17:22:48,suffix.4-dense.128.relu-attention.2,164224,9,1.0350899696350098,0.2,0.1,128,512,589824,3930028908,4.175566792488098,1024,1024,1,1
2022-09-18T17:22:50,attention.2,65792,24,1.0119421482086182,2.0,0.1,128,1024,3145728,3930028908,3.878293454647064,1024,1024,1,1
2022-09-18T17:22:53,suffix.2-gru.256.relu,656384,6,1.052511215209961,0.2,0.1,128,64,49152,3930028908,nan,1024,1024,1,1
2022-09-18T17:22:55,suffix.4-rec.128.tanh,180608,17,1.0300991535186768,0.2,0.1,128,16,34816,3930028908,5.463162541389465,1024,1024,1,1
2022-09-18T17:22:56,suffix.8-dense.32.relu,74016,9,1.0157229900360107,0.5,0.1,128,512,589824,3930028908,4.55443811416626,1024,1024,1,1
2022-09-18T17:22:58,suffix.2-dense.512.relu,393984,22,1.0201847553253174,0.2,0.1,128,16,45056,3930028908,3.4575047492980957,1024,1024,1,1
2022-09-18T17:23:00,dense.512.relu,262912,21,1.0112853050231934,0.2,0.1,128,16,43008,3930028908,3.8949040174484253,1024,1024,1,1
2022-09-18T17:23:01,suffix.2-dense.1024.relu,787712,18,1.0017576217651367,0.2,0.1,128,16,36864,3930028908,3.4385350942611694,1024,1024,1,1
2022-09-18T17:23:03,suffix.4-dense.1024.relu,1312000,19,1.025968074798584,0.2,0.1,128,16,38912,3930028908,3.396330952644348,1024,1024,1,1
2022-09-18T17:23:05,suffix.4-dense.1024.tanh,1312000,20,1.0206024646759033,0.2,0.1,128,16,40960,3930028908,5.343636393547058,1024,1024,1,1
2022-09-18T17:23:07,suffix.4-dense.1024.relu,1312000,22,1.030135154724121,0.2,0.1,128,16,45056,3930028908,3.3503127694129944,1024,1024,1,1
2022-09-18T17:23:09,suffix.8-dense.1024.relu,2360576,1,1.1095271110534668,0.2,0.1,128,16,2048,3930028908,5.4378814697265625,1024,1024,1,1
2022-09-18T17:23:11,suffix.4-dense.1024.relu,1312000,22,1.0464298725128174,0.2,0.1,128,16,45056,3930028908,3.2967997789382935,1024,1024,1,1
2022-09-18T17:23:14,attention.4-dense.1024.relu,525568,11,1.0157177448272705,0.2,0.1,128,16,22528,3930028908,4.434944987297058,1024,1024,1,1
2022-09-18T17:23:16,suffix.4-dense.2048.relu,2623744,5,1.0035510063171387,0.2,0.1,128,16,10240,3930028908,4.68127715587616,1024,1024,1,1
2022-09-18T17:23:18,suffix.4-dense.1024.relu,1312000,21,1.0049488544464111,0.2,0.1,128,16,43008,3930028908,3.3845734000205994,1024,1024,1,1
2022-09-18T17:23:21,suffix.4-dense.1024.relu-attention.2,1312000,11,1.0529041290283203,0.2,0.1,128,16,22528,3930028908,4.360205888748169,1024,1024,1,1
2022-09-18T17:23:23,suffix.4-dense.1024.relu-dense.128.relu,1213824,13,1.0452897548675537,0.2,0.1,128,16,26624,3930028908,4.715581893920898,1024,1024,1,1
2022-09-18T17:23:25,suffix.4-dense.512.relu,656128,22,1.0286803245544434,0.2,0.1,128,32,90112,3930028908,3.2935876846313477,1024,1024,1,1
2022-09-18T17:23:26,suffix.2-dense.1024.relu,787712,21,1.0049009323120117,0.2,0.1,128,16,43008,3930028908,3.3691369891166687,1024,1024,1,1
2022-09-18T17:23:28,suffix.2-dense.1024.relu,787712,21,1.025028944015503,0.2,0.1,128,16,43008,3930028908,3.3642361760139465,1024,1024,1,1
2022-09-18T17:23:30,attention.2.pos-dense.1024.relu,526080,10,1.0419187545776367,0.2,0.1,128,16,20480,3930028908,5.330379843711853,1024,1024,1,1
2022-09-18T17:23:32,suffix.2-dense.1024.tanh,787712,18,1.0259239673614502,0.2,0.1,128,16,36864,3930028908,4.257152676582336,1024,1024,1,1
2022-09-18T17:23:34,suffix.2-dense.1024.relu-suffix.2,1049856,15,1.0265653133392334,0.2,0.1,128,16,30720,3930028908,3.598718523979187,1024,1024,1,1
2022-09-18T17:23:36,suffix.2-dense.1024.relu,787712,19,1.025853157043457,0.2,0.1,128,8,19456,3930028908,3.688385546207428,1024,1024,1,1
2022-09-18T17:23:38,suffix.2-dense.1024.relu,787712,22,1.0420336723327637,0.1,0.1,128,16,45056,3930028908,3.634001314640045,1024,1024,1,1
2022-09-18T17:23:40,suffix.2-dense.1024.relu,787712,21,1.0158898830413818,0.5,0.1,128,16,43008,3930028908,3.64726984500885,1024,1024,1,1
2022-09-18T17:23:42,suffix.2-dense.1024.relu-attention.2.pos,789760,5,1.0467586517333984,0.2,0.1,128,16,10240,3930028908,5.106573224067688,1024,1024,1,1
2022-09-18T17:23:44,suffix.2-rec.512.relu,656128,14,1.0138757228851318,0.2,0.1,128,16,28672,3930028908,nan,1024,1024,1,1
2022-09-18T17:23:47,suffix.2-dense.512.relu-dense.128.relu,361344,13,1.0247583389282227,0.2,0.1,128,16,26624,3930028908,3.843953311443329,1024,1024,1,1
2022-09-18T17:23:49,suffix.2-dense.256.relu,197120,21,1.012976884841919,0.5,0.1,128,32,86016,3930028908,3.5756020545959473,1024,1024,1,1
2022-09-18T17:23:50,suffix.4,262400,31,1.0528810024261475,0.2,0.1,128,64,253952,3930028908,3.602896571159363,1024,1024,1,1
2022-09-18T17:23:52,suffix.4-rec.16.tanh,21008,15,1.0368714332580566,0.5,0.1,128,128,245760,3930028908,4.565314531326294,1024,1024,1,1
2022-09-18T17:23:55,suffix.4-dense.64.relu-attention.2,82240,10,1.0072040557861328,0.2,0.1,128,64,81920,3930028908,4.427127242088318,1024,1024,1,1
2022-09-18T17:23:57,attention.4-dense.128.tanh,65920,14,1.0001249313354492,0.2,0.1,128,256,458752,3930028908,4.285593271255493,1024,1024,1,1
2022-09-18T17:23:59,suffix.4-dense.128.tanh-attention.2,164224,9,1.0515162944793701,0.2,0.1,128,256,294912,3930028908,4.0329749584198,1024,1024,1,1
2022-09-18T17:24:01,attention.2-dense.256.relu,131584,14,1.032311201095581,0.5,0.1,128,512,917504,3930028908,3.8211065530776978,1024,1024,1,1
2022-09-18T17:24:04,suffix.2-gru.256.tanh,656384,4,1.000392198562622,0.5,0.1,128,512,262144,3930028908,55.44286918640137,1024,1024,1,1
2022-09-18T17:24:06,suffix.2-dense.256.relu-attention.2,197120,9,1.055891990661621,0.5,0.1,128,512,589824,3930028908,4.28970205783844,1024,1024,1,1
2022-09-18T17:24:08,suffix.8-dense.128.tanh,295296,11,1.0315454006195068,0.2,0.1,128,256,360448,3930028908,3.8097681999206543,1024,1024,1,1
2022-09-18T17:24:10,suffix.16,1048832,11,1.037090539932251,0.2,0.1,128,256,360448,3930028908,4.030755639076233,1024,1024,1,1
2022-09-18T17:24:13,attention.8.pos,67840,9,1.0317444801330566,0.2,0.1,128,256,294912,3930028908,5.014078140258789,1024,1024,1,1
2022-09-18T17:24:14,suffix.8,524544,28,1.0221943855285645,0.1,0.1,128,256,917504,3930028908,4.501239538192749,1024,1024,1,1
2022-09-18T17:24:16,suffix.8,524544,32,1.0502359867095947,1.0,0.1,128,64,262144,3930028908,3.6827832460403442,1024,1024,1,1
2022-09-18T17:24:18,suffix.4,262400,34,1.0182890892028809,1.0,0.1,128,64,278528,3930028908,3.500548005104065,1024,1024,1,1
2022-09-18T17:24:19,attention.4,65792,30,1.0226516723632812,1.0,0.1,128,64,245760,3930028908,4.101392984390259,1024,1024,1,1
2022-09-18T17:24:21,suffix.2,131328,30,1.0090363025665283,1.0,0.1,128,64,245760,3930028908,3.530450761318207,1024,1024,1,1
2022-09-18T17:24:23,suffix.4-dense.128.relu,164224,17,1.0134754180908203,1.0,0.1,128,64,139264,3930028908,4.899960875511169,1024,1024,1,1
2022-09-18T17:24:24,suffix.2,131328,30,1.0066041946411133,1.0,0.1,128,32,122880,3930028908,3.626417815685272,1024,1024,1,1
2022-09-18T17:24:26,attention.2.pos,66304,15,1.0172815322875977,1.0,0.1,128,64,122880,3930028908,336.8992614746094,1024,1024,1,1
2022-09-18T17:24:28,suffix.2,131328,34,1.030806303024292,2.0,0.1,128,64,278528,3930028908,3.76167631149292,1024,1024,1,1
2022-09-18T17:24:30,attention.2.pos,66304,7,1.0285601615905762,0.5,0.1,128,2048,1835008,3930028908,34.263237953186035,1024,1024,1,1
2022-09-18T17:24:32,suffix.2,131328,7,1.0500237941741943,0.5,0.1,128,4096,3670016,3930028908,3.6399620175361633,1024,1024,1,1
2022-09-18T17:24:33,suffix.4-dense.32.relu,41248,17,1.0290608406066895,1.0,0.1,128,256,557056,3930028908,4.660301566123962,1024,1024,1,1
2022-09-18T17:24:35,suffix.8,524544,35,1.0187788009643555,1.0,0.1,128,64,286720,3930028908,3.7109550833702087,1024,1024,1,1
2022-09-18T17:24:37,attention.8,65792,30,1.0187897682189941,1.0,0.1,128,128,491520,3930028908,4.248737215995789,1024,1024,1,1
2022-09-18T17:24:39,suffix.2,131328,31,1.013425588607788,0.5,0.1,128,16,63488,3930028908,3.5820769667625427,1024,1024,1,1
2022-09-18T17:24:40,suffix.2-dense.256.tanh,197120,16,1.0000240802764893,0.5,0.1,128,256,524288,3930028908,35.82438278198242,1024,1024,1,1
2022-09-18T17:24:42,suffix.2-dense.256.relu,197120,15,1.004204511642456,0.5,0.1,128,256,491520,3930028908,3.595910370349884,1024,1024,1,1
2022-09-18T17:24:44,attention.2-dense.128.relu,65920,15,1.032853126525879,0.2,0.1,128,256,491520,3930028908,4.044374585151672,1024,1024,1,1
2022-09-18T17:24:46,suffix.4,262400,32,1.0096077919006348,2.0,0.1,128,128,524288,3930028908,3.561729907989502,1024,1024,1,1
2022-09-18T17:24:48,suffix.2-dense.128.relu-attention.2,98688,9,1.0157036781311035,0.2,0.1,128,256,294912,3930028908,4.325302839279175,1024,1024,1,1
2022-09-18T17:24:50,suffix.2-dense.256.relu,197120,17,1.01405668258667,0.2,0.1,128,128,278528,3930028908,3.4305424094200134,1024,1024,1,1
2022-09-18T17:24:52,suffix.2-dense.256.relu,197120,19,1.0014724731445312,0.2,0.1,128,128,311296,3930028908,3.350586950778961,1024,1024,1,1
2022-09-18T17:24:53,suffix.2-dense.256.relu,197120,20,1.030655860900879,0.2,0.1,128,128,327680,3930028908,3.38982892036438,1024,1024,1,1
2022-09-18T17:24:55,suffix.2-rec.256.relu,262656,14,1.0191452503204346,0.2,0.1,128,128,229376,3930028908,nan,1024,1024,1,1
2022-09-18T17:24:57,attention.2-dense.256.relu,131584,16,1.0227110385894775,0.2,0.1,128,128,262144,3930028908,3.876894533634186,1024,1024,1,1
2022-09-18T17:24:59,suffix.2-dense.256.relu-dense.128.relu,197248,11,1.0250434875488281,0.2,0.1,128,128,180224,3930028908,3.895290493965149,1024,1024,1,1
2022-09-18T17:25:01,suffix.4-dense.256.relu,328192,18,1.0178093910217285,0.2,0.1,128,128,294912,3930028908,3.344487965106964,1024,1024,1,1
2022-09-18T17:25:02,suffix.4-dense.256.relu,328192,21,1.0283920764923096,0.2,0.1,128,128,344064,3930028908,3.215216636657715,1024,1024,1,1
2022-09-18T17:25:04,suffix.4-dense.256.relu,328192,21,1.0242910385131836,0.2,0.1,128,128,344064,3930028908,3.1796804070472717,1024,1024,1,1
2022-09-18T17:25:06,suffix.4-dense.256.relu,328192,21,1.0178656578063965,0.2,0.1,128,128,344064,3930028908,3.261618494987488,1024,1024,1,1
2022-09-18T17:25:07,suffix.4-dense.256.relu,328192,21,1.0277600288391113,0.2,0.1,128,128,344064,3930028908,3.197002410888672,1024,1024,1,1
2022-09-18T17:25:09,suffix.4-dense.256.relu,328192,20,1.002521276473999,0.2,0.1,128,128,327680,3930028908,3.2313960194587708,1024,1024,1,1
2022-09-18T17:25:11,attention.4.pos-dense.256.relu,132608,10,1.0064334869384766,0.2,0.1,128,128,163840,3930028908,5.247905015945435,1024,1024,1,1
2022-09-18T17:25:13,suffix.4-dense.256.relu,328192,21,1.0305531024932861,0.1,0.1,128,128,344064,3930028908,3.719397783279419,1024,1024,1,1
2022-09-18T17:25:15,suffix.4-dense.256.relu-suffix.2,393728,14,1.0134861469268799,0.2,0.1,128,128,229376,3930028908,3.521152436733246,1024,1024,1,1
2022-09-18T17:25:18,suffix.4-gru.256.relu,1049600,5,1.0145435333251953,0.2,0.1,128,128,81920,3930028908,nan,1024,1024,1,1
2022-09-18T17:25:19,suffix.8-dense.256.relu,590336,16,1.0079057216644287,0.2,0.1,128,128,262144,3930028908,3.661298632621765,1024,1024,1,1
2022-09-18T17:25:21,suffix.4-dense.256.relu-suffix.2,393728,17,1.0450303554534912,0.2,0.1,128,128,278528,3930028908,3.4056363701820374,1024,1024,1,1
2022-09-18T17:25:24,suffix.4-dense.256.relu-attention.2,328192,10,1.0437300205230713,0.2,0.1,128,128,163840,3930028908,4.029738545417786,1024,1024,1,1
2022-09-18T17:25:27,attention.4-dense.256.relu-suffix.2,197120,14,1.0385887622833252,0.2,0.1,128,128,229376,3930028908,4.279825448989868,1024,1024,1,1
2022-09-18T17:25:29,suffix.4-dense.256.tanh-suffix.2,393728,14,1.0299098491668701,0.2,0.1,128,128,229376,3930028908,3.8143832087516785,1024,1024,1,1
2022-09-18T17:25:31,suffix.4-dense.256.relu-suffix.4,524800,15,1.0056333541870117,0.2,0.1,128,128,245760,3930028908,3.686492443084717,1024,1024,1,1
2022-09-18T17:25:33,suffix.4-dense.256.relu-suffix.2-dense.128.relu,361088,10,1.0474886894226074,0.2,0.1,128,128,163840,3930028908,4.548149347305298,1024,1024,1,1
2022-09-18T17:25:35,suffix.4-dense.256.relu-suffix.2,393728,16,1.0086333751678467,0.5,0.1,128,128,262144,3930028908,3.9740147590637207,1024,1024,1,1
2022-09-18T17:25:36,suffix.8-dense.256.relu,590336,19,1.045365810394287,0.5,0.1,128,128,311296,3930028908,4.09380316734314,1024,1024,1,1
2022-09-18T17:25:38,suffix.2-dense.512.relu-suffix.2,525056,15,1.034428596496582,0.2,0.1,128,128,245760,3930028908,3.4270573258399963,1024,1024,1,1
2022-09-18T17:25:40,suffix.2-dense.512.tanh-suffix.2,525056,14,1.008744716644287,0.2,0.1,128,128,229376,3930028908,3.784727990627289,1024,1024,1,1
2022-09-18T17:25:42,dense.512.relu-suffix.2,393984,17,1.0450193881988525,0.2,0.1,128,128,278528,3930028908,3.5760931968688965,1024,1024,1,1
2022-09-18T17:25:44,suffix.2-dense.512.relu-suffix.2,525056,17,1.0081303119659424,0.2,0.1,128,128,278528,3930028908,3.3353797793388367,1024,1024,1,1
2022-09-18T17:25:46,suffix.2-dense.512.relu-suffix.2,525056,17,1.0119147300720215,0.2,0.1,128,128,278528,3930028908,3.3158631920814514,1024,1024,1,1
2022-09-18T17:25:48,suffix.2-dense.512.relu-suffix.2,525056,17,1.0227532386779785,0.2,0.1,128,128,278528,3930028908,3.3220961689949036,1024,1024,1,1
2022-09-18T17:25:50,suffix.2-dense.1024.relu-suffix.2,1049856,13,1.0064148902893066,0.2,0.1,128,128,212992,3930028908,3.4483370780944824,1024,1024,1,1
2022-09-18T17:25:52,suffix.2-dense.512.relu-suffix.2-dense.128.relu,426880,10,1.025075912475586,0.2,0.1,128,128,163840,3930028908,4.4169135093688965,1024,1024,1,1
2022-09-18T17:25:54,suffix.2-dense.512.relu-suffix.2,525056,13,1.003685474395752,0.2,0.1,128,256,425984,3930028908,3.3563827872276306,1024,1024,1,1
2022-09-18T17:25:55,suffix.2-dense.512.relu,393984,16,1.0158824920654297,0.2,0.1,128,256,524288,3930028908,3.3104645013809204,1024,1024,1,1
2022-09-18T17:25:57,suffix.2-dense.512.relu,393984,18,1.0034375190734863,0.2,0.1,128,256,589824,3930028908,3.281558871269226,1024,1024,1,1
2022-09-18T17:25:59,suffix.2-dense.512.relu,393984,19,1.046623706817627,0.2,0.1,128,256,622592,3930028908,3.2235575318336487,1024,1024,1,1
2022-09-18T17:26:01,suffix.2-dense.512.relu,393984,18,1.009335994720459,0.2,0.1,128,256,589824,3930028908,3.268966794013977,1024,1024,1,1
2022-09-18T17:26:02,suffix.2-dense.512.relu,393984,19,1.0340957641601562,0.2,0.1,128,256,622592,3930028908,3.2573564648628235,1024,1024,1,1
2022-09-18T17:26:04,dense.512.relu,262912,18,1.0161867141723633,0.2,0.1,128,256,589824,3930028908,3.7620320320129395,1024,1024,1,1
2022-09-18T17:26:06,suffix.2-dense.512.tanh,393984,16,1.044851541519165,0.2,0.1,128,256,524288,3930028908,3.5844366550445557,1024,1024,1,1
2022-09-18T17:26:07,suffix.2-dense.512.relu-dense.128.relu,361344,10,1.0027234554290771,0.2,0.1,128,256,327680,3930028908,3.7566617727279663,1024,1024,1,1
2022-09-18T17:26:10,suffix.2-dense.512.relu-attention.2.pos,395008,8,1.0404675006866455,0.2,0.1,128,256,262144,3930028908,4.167247891426086,1024,1024,1,1
2022-09-18T17:26:12,suffix.2-dense.512.relu-suffix.2,525056,15,1.0047681331634521,0.2,0.1,128,256,491520,3930028908,3.2983128428459167,1024,1024,1,1
2022-09-18T17:26:14,suffix.2-dense.512.relu-suffix.2,525056,15,1.0018267631530762,0.2,0.1,128,256,491520,3930028908,3.326169788837433,1024,1024,1,1
2022-09-18T17:26:16,suffix.2-dense.512.relu-suffix.2,525056,15,1.0041539669036865,0.2,0.1,128,256,491520,3930028908,3.3141469955444336,1024,1024,1,1
2022-09-18T17:26:18,suffix.4-dense.512.relu-suffix.2,787200,13,1.0317540168762207,0.2,0.1,128,256,425984,3930028908,3.533749043941498,1024,1024,1,1
2022-09-18T17:26:20,attention.2.pos-dense.512.relu-suffix.2,394496,8,1.0418152809143066,0.2,0.1,128,256,262144,3930028908,5.751323938369751,1024,1024,1,1
2022-09-18T17:26:22,suffix.2-rec.512.relu-suffix.2,787200,10,1.0257043838500977,0.2,0.1,128,256,327680,3930028908,nan,1024,1024,1,1
2022-09-18T17:26:24,suffix.2-rec.256.tanh-suffix.2,328192,11,1.0064892768859863,0.2,0.1,128,256,360448,3930028908,25.46831703186035,1024,1024,1,1
2022-09-18T17:26:26,suffix.2-dense.512.relu-suffix.4,787200,12,1.0156261920928955,0.2,0.1,128,256,393216,3930028908,3.845464825630188,1024,1024,1,1
2022-09-18T17:26:28,suffix.2-dense.512.relu-suffix.2,525056,11,1.049525499343872,0.2,0.1,128,512,720896,3930028908,3.496429920196533,1024,1024,1,1
2022-09-18T17:26:30,suffix.2-dense.512.relu-suffix.2,525056,15,1.0011649131774902,0.1,0.1,128,256,491520,3930028908,3.7474125027656555,1024,1024,1,1
2022-09-18T17:26:32,suffix.2-dense.1024.relu-suffix.2,1049856,11,1.0113022327423096,0.2,0.1,128,256,360448,3930028908,3.539470911026001,1024,1024,1,1
2022-09-18T17:26:35,suffix.2-gru.512.relu-suffix.2,1836800,5,1.10396146774292,0.2,0.1,128,128,81920,3930028908,nan,1024,1024,1,1
2022-09-18T17:26:37,suffix.2-dense.1024.relu-suffix.2,1049856,15,1.0054073333740234,0.2,0.1,128,128,245760,3930028908,3.3462650775909424,1024,1024,1,1
2022-09-18T17:26:39,suffix.2-dense.1024.relu-suffix.2,1049856,15,1.0012779235839844,0.2,0.1,128,128,245760,3930028908,3.348803460597992,1024,1024,1,1
2022-09-18T17:26:41,suffix.4-dense.1024.relu-suffix.2,1574144,12,1.0065412521362305,0.2,0.1,128,128,196608,3930028908,3.5369121432304382,1024,1024,1,1
2022-09-18T17:26:43,attention.2.pos-dense.1024.relu-suffix.2,788224,8,1.035353183746338,0.2,0.1,128,128,131072,3930028908,5.74211847782135,1024,1024,1,1
2022-09-18T17:26:46,suffix.2-dense.2048.relu-suffix.2,2099456,6,1.0204980373382568,0.2,0.1,128,128,98304,3930028908,4.470380663871765,1024,1024,1,1
2022-09-18T17:26:48,suffix.2-dense.1024.relu-suffix.4,1574144,10,1.013810634613037,0.2,0.1,128,128,163840,3930028908,4.166061043739319,1024,1024,1,1
2022-09-18T17:26:51,suffix.2-dense.1024.relu-attention.2.pos,789760,8,1.032179832458496,0.2,0.1,128,128,131072,3930028908,4.144321322441101,1024,1024,1,1
2022-09-18T17:26:53,suffix.2-dense.1024.relu-suffix.2,1049856,16,1.0412929058074951,0.1,0.1,128,128,262144,3930028908,3.5220694541931152,1024,1024,1,1
2022-09-18T17:26:55,suffix.2-dense.1024.relu-suffix.2,1049856,15,1.028855323791504,0.2,0.1,128,64,122880,3930028908,3.4037076830863953,1024,1024,1,1
2022-09-18T17:26:57,suffix.2-dense.1024.relu-suffix.2,1049856,17,1.019134759902954,0.2,0.1,128,64,139264,3930028908,3.255927085876465,1024,1024,1,1
2022-09-18T17:26:59,suffix.2-dense.1024.tanh-suffix.2,1049856,1,1.6364622116088867,0.2,0.1,128,64,8192,3930028908,5.929119825363159,1024,1024,1,1
2022-09-18T17:27:01,suffix.2-dense.1024.relu-suffix.2,1049856,17,1.0036919116973877,0.2,0.1,128,64,139264,3930028908,3.3126585483551025,1024,1024,1,1
2022-09-18T17:27:03,suffix.2-dense.1024.relu-suffix.2,1049856,17,1.0267813205718994,0.2,0.1,128,64,139264,3930028908,3.30842524766922,1024,1024,1,1
2022-09-18T17:27:05,dense.1024.relu-suffix.2,787712,17,1.0171442031860352,0.2,0.1,128,64,139264,3930028908,3.625060558319092,1024,1024,1,1
2022-09-18T17:27:07,suffix.2-dense.1024.relu-suffix.2-dense.128.relu,820608,10,1.0036048889160156,0.2,0.1,128,64,81920,3930028908,4.813830018043518,1024,1024,1,1
2022-09-18T17:27:09,suffix.2-dense.1024.relu-suffix.2,1049856,17,1.0107667446136475,0.5,0.1,128,64,139264,3930028908,3.6139204502105713,1024,1024,1,1
2022-09-18T17:27:12,attention.2-dense.512.relu-suffix.2,393984,14,1.0188589096069336,0.2,0.1,128,128,229376,3930028908,3.782233238220215,1024,1024,1,1
2022-09-18T17:27:14,attention.2-dense.1024.relu-suffix.2,787712,14,1.0022151470184326,0.2,0.1,128,64,114688,3930028908,3.7575939297676086,1024,1024,1,1
2022-09-18T17:27:16,suffix.2-dense.512.relu,393984,14,1.0422663688659668,0.2,0.1,128,512,917504,3930028908,3.347892999649048,1024,1024,1,1
2022-09-18T17:27:17,suffix.2-dense.512.tanh,393984,13,1.025109052658081,0.2,0.1,128,512,851968,3930028908,3.658759295940399,1024,1024,1,1
2022-09-18T17:27:19,suffix.2-dense.512.relu,393984,15,1.001699447631836,0.2,0.1,128,512,983040,3930028908,3.360533356666565,1024,1024,1,1
2022-09-18T17:27:21,suffix.2-dense.512.relu,393984,16,1.0421547889709473,0.2,0.1,128,512,1048576,3930028908,3.3226441740989685,1024,1024,1,1
2022-09-18T17:27:23,attention.2.pos-dense.512.relu,263424,8,1.0737268924713135,0.2,0.1,128,512,524288,3930028908,4.811731696128845,1024,1024,1,1
2022-09-18T17:27:25,suffix.2-dense.1024.relu,787712,10,1.026038646697998,0.2,0.1,128,512,655360,3930028908,3.5420259833335876,1024,1024,1,1
2022-09-18T17:27:27,suffix.2-dense.512.relu,393984,16,1.04856538772583,0.1,0.1,128,512,1048576,3930028908,3.7340064644813538,1024,1024,1,1
2022-09-18T17:27:29,suffix.2-dense.512.relu-attention.2,393984,7,1.0109946727752686,0.2,0.1,128,512,458752,3930028908,4.076628804206848,1024,1024,1,1
2022-09-18T17:27:31,dense.512.relu-suffix.2,393984,13,1.0455131530761719,0.2,0.1,128,512,851968,3930028908,3.5990010499954224,1024,1024,1,1
2022-09-18T17:27:33,suffix.2-dense.256.relu-suffix.2,262656,12,1.0497994422912598,0.2,0.1,128,512,786432,3930028908,3.561653196811676,1024,1024,1,1
2022-09-18T17:27:35,suffix.2-dense.512.relu-suffix.2,525056,12,1.0006129741668701,0.2,0.1,128,512,786432,3930028908,3.4170321822166443,1024,1024,1,1
2022-09-18T17:27:37,suffix.2-dense.512.tanh-suffix.2,525056,10,1.0002081394195557,0.2,0.1,128,512,655360,3930028908,4.41511070728302,1024,1024,1,1
2022-09-18T17:27:39,suffix.2-dense.512.relu-suffix.2-dense.128.relu,426880,8,1.0405268669128418,0.2,0.1,128,512,524288,3930028908,4.726720929145813,1024,1024,1,1
2022-09-18T17:27:41,suffix.2-dense.512.relu-suffix.2,525056,7,1.0518789291381836,0.2,0.1,128,1024,917504,3930028908,3.8751652240753174,1024,1024,1,1
2022-09-18T17:27:43,suffix.4-dense.512.relu-suffix.2,787200,10,1.0573105812072754,0.2,0.1,128,512,655360,3930028908,3.8480165004730225,1024,1024,1,1
2022-09-18T17:27:44,suffix.2-rec.256.relu,262656,11,1.0238056182861328,0.2,0.1,128,512,720896,3930028908,nan,1024,1024,1,1
2022-09-18T17:27:46,suffix.2-dense.256.relu-suffix.2,262656,17,1.0257816314697266,0.2,0.1,128,128,278528,3930028908,3.373023569583893,1024,1024,1,1
2022-09-18T17:27:49,suffix.2-gru.256.tanh-suffix.2,721920,5,1.0391845703125,0.2,0.1,128,128,81920,3930028908,13.168669939041138,1024,1024,1,1
2022-09-18T17:27:51,attention.2.pos-dense.256.relu-suffix.2,197632,9,1.0403881072998047,0.2,0.1,128,128,147456,3930028908,5.093720555305481,1024,1024,1,1
2022-09-18T17:27:53,suffix.2-dense.256.relu-suffix.2,262656,17,1.0257697105407715,0.1,0.1,128,128,278528,3930028908,3.920542359352112,1024,1024,1,1
2022-09-18T17:27:56,suffix.2-dense.256.relu-attention.2.pos,197632,8,1.0018997192382812,0.2,0.1,128,128,131072,3930028908,4.052598476409912,1024,1024,1,1
2022-09-18T17:27:58,suffix.2-dense.256.relu-suffix.2,262656,14,1.0183849334716797,0.2,0.1,128,256,458752,3930028908,3.433887481689453,1024,1024,1,1
2022-09-18T17:28:00,suffix.2-dense.256.relu-suffix.2,262656,16,1.0165374279022217,0.2,0.1,128,256,524288,3930028908,3.429687976837158,1024,1024,1,1
2022-09-18T17:28:02,suffix.2-dense.256.tanh-suffix.2,262656,14,1.042466163635254,0.2,0.1,128,256,458752,3930028908,3.5977709889411926,1024,1024,1,1
2022-09-18T17:28:03,dense.256.relu-suffix.2,197120,16,1.010303020477295,0.2,0.1,128,256,524288,3930028908,3.6127565503120422,1024,1024,1,1
2022-09-18T17:28:06,suffix.2-dense.256.relu-suffix.2-dense.128.relu,230016,9,1.0609862804412842,0.2,0.1,128,256,294912,3930028908,4.257615685462952,1024,1024,1,1
2022-09-18T17:28:08,suffix.2-dense.256.relu-suffix.2,262656,13,1.0225105285644531,0.5,0.1,128,256,425984,3930028908,3.9667320251464844,1024,1024,1,1
2022-09-18T17:28:10,suffix.2-dense.512.relu-dense.64.relu,312128,6,1.0069077014923096,0.2,0.1,128,256,196608,3930028908,4.362522602081299,1024,1024,1,1
2022-09-18T17:28:12,suffix.2-dense.512.relu-dense.256.relu,459776,10,1.0235023498535156,0.2,0.1,128,256,327680,3930028908,4.463461875915527,1024,1024,1,1
2022-09-18T17:28:13,suffix.2-rec.128.relu-suffix.2,147840,11,1.002380609512329,0.2,0.1,128,256,360448,3930028908,nan,1024,1024,1,1
2022-09-18T17:28:16,attention.2-dense.512.relu,262912,16,1.0372822284698486,0.2,0.1,128,256,524288,3930028908,3.692279636859894,1024,1024,1,1
2022-09-18T17:28:18,dense.1024.relu-suffix.2,787712,15,1.0120105743408203,0.1,0.1,128,128,245760,3930028908,3.695906400680542,1024,1024,1,1
2022-09-18T17:28:19,suffix.2-dense.1024.tanh-suffix.2,1049856,13,1.0331990718841553,0.1,0.1,128,128,212992,3930028908,3.586439311504364,1024,1024,1,1
2022-09-18T17:28:21,suffix.2-dense.1024.relu-suffix.2,1049856,15,1.005680799484253,0.1,0.1,128,128,245760,3930028908,3.5633498430252075,1024,1024,1,1
2022-09-18T17:28:24,attention.2-dense.256.relu-suffix.2,197120,14,1.0225584506988525,0.2,0.1,128,256,458752,3930028908,3.8481582403182983,1024,1024,1,1
2022-09-18T17:28:25,suffix.2-dense.512.relu,393984,18,1.0035202503204346,0.5,0.1,128,256,589824,3930028908,3.457772195339203,1024,1024,1,1
2022-09-18T17:28:27,suffix.2-rec.512.tanh,656128,11,1.0100791454315186,0.5,0.1,128,256,360448,3930028908,343.2042007446289,1024,1024,1,1
2022-09-18T17:28:30,suffix.2-gru.512.relu,1705728,4,1.0544593334197998,0.5,0.1,128,256,131072,3930028908,nan,1024,1024,1,1
2022-09-18T17:28:32,suffix.2-dense.512.relu,393984,19,1.0335536003112793,0.5,0.1,128,256,622592,3930028908,3.3695079684257507,1024,1024,1,1
2022-09-18T17:28:34,suffix.4-dense.512.relu,656128,14,1.002021074295044,0.5,0.1,128,256,458752,3930028908,3.887748956680298,1024,1024,1,1
2022-09-18T17:28:36,attention.2.pos-dense.512.relu,263424,9,1.0318033695220947,0.5,0.1,128,256,294912,3930028908,5.881853342056274,1024,1024,1,1
2022-09-18T17:28:38,suffix.2-dense.512.relu-attention.2,393984,9,1.0263831615447998,0.5,0.1,128,256,294912,3930028908,4.42167067527771,1024,1024,1,1
2022-09-18T17:28:40,suffix.2-dense.512.relu,393984,18,1.001072883605957,1.0,0.1,128,256,589824,3930028908,4.437393546104431,1024,1024,1,1
2022-09-18T17:28:44,attention.2-dense.512.relu-suffix.2,393984,11,1.0392608642578125,0.2,0.1,128,512,720896,3930028908,3.9184622764587402,1024,1024,1,1
2022-09-18T17:28:46,suffix.2-dense.512.relu,393984,18,1.0091195106506348,0.5,0.1,128,256,589824,3930028908,3.422925114631653,1024,1024,1,1
2022-09-18T17:28:48,suffix.4-dense.512.relu-suffix.2,787200,15,1.0413994789123535,0.2,0.1,128,128,245760,3930028908,3.373165786266327,1024,1024,1,1
2022-09-18T17:28:50,suffix.4-dense.512.relu-suffix.2,787200,17,1.016075849533081,0.2,0.1,128,128,278528,3930028908,3.3085227608680725,1024,1024,1,1
2022-09-18T17:28:52,suffix.8-dense.512.relu-suffix.2,1311488,13,1.0015764236450195,0.2,0.1,128,128,212992,3930028908,3.8454588055610657,1024,1024,1,1
2022-09-18T17:28:54,attention.4.pos-dense.512.relu-suffix.2,395008,8,1.0543606281280518,0.2,0.1,128,128,131072,3930028908,7.081161618232727,1024,1024,1,1
2022-09-18T17:28:56,suffix.4-dense.512.relu-suffix.2,787200,17,1.0336592197418213,0.2,0.1,128,128,278528,3930028908,3.318648636341095,1024,1024,1,1
2022-09-18T17:28:58,suffix.4-dense.512.relu-suffix.2,787200,17,1.024726152420044,0.2,0.1,128,128,278528,3930028908,3.386557877063751,1024,1024,1,1
2022-09-18T17:29:01,suffix.4-dense.512.relu-attention.2.pos,657152,8,1.0089850425720215,0.2,0.1,128,128,131072,3930028908,4.286793947219849,1024,1024,1,1
2022-09-18T17:29:03,suffix.4-dense.512.relu-suffix.2,787200,17,1.0208840370178223,0.1,0.1,128,128,278528,3930028908,3.6644867658615112,1024,1024,1,1
2022-09-18T17:29:05,suffix.4-rec.512.relu-suffix.2,1049344,11,1.0398063659667969,0.2,0.1,128,128,180224,3930028908,nan,1024,1024,1,1
2022-09-18T17:29:07,suffix.4-rec.256.tanh-suffix.2,459264,11,1.0109305381774902,0.2,0.1,128,128,180224,3930028908,24.559837818145752,1024,1024,1,1
2022-09-18T17:29:09,suffix.4-dense.512.relu-suffix.4,1049344,13,1.0047729015350342,0.2,0.1,128,128,212992,3930028908,3.8091132640838623,1024,1024,1,1
2022-09-18T17:29:11,suffix.4-dense.512.relu-suffix.2,787200,15,1.0324814319610596,0.2,0.1,128,256,491520,3930028908,3.396490216255188,1024,1024,1,1
2022-09-18T17:29:13,attention.4-dense.512.relu-suffix.2,393984,12,1.001615285873413,0.2,0.1,128,256,393216,3930028908,4.394643545150757,1024,1024,1,1
2022-09-18T17:29:15,suffix.4-dense.512.tanh-suffix.2,787200,12,1.0095930099487305,0.2,0.1,128,256,393216,3930028908,4.567606687545776,1024,1024,1,1
2022-09-18T17:29:17,suffix.4-dense.512.relu-attention.2,656128,8,1.0102543830871582,0.2,0.1,128,256,262144,3930028908,4.3221741914749146,1024,1024,1,1
2022-09-18T17:29:20,suffix.4-dense.512.relu-suffix.2-dense.128.relu,689024,9,1.0447163581848145,0.2,0.1,128,256,294912,3930028908,4.844939470291138,1024,1024,1,1
2022-09-18T17:29:21,suffix.4-dense.256.relu-suffix.2,393728,14,1.0012879371643066,0.2,0.1,128,256,458752,3930028908,3.530999720096588,1024,1024,1,1
2022-09-18T17:29:23,suffix.4-dense.256.relu-suffix.2,393728,17,1.0288891792297363,0.2,0.1,128,256,557056,3930028908,3.4208150506019592,1024,1024,1,1
2022-09-18T17:29:25,suffix.4-rec.256.relu-suffix.2,459264,11,1.0206108093261719,0.2,0.1,128,256,360448,3930028908,nan,1024,1024,1,1
2022-09-18T17:29:27,suffix.8-dense.256.relu-suffix.2,655872,12,1.0015294551849365,0.2,0.1,128,256,393216,3930028908,3.8929280638694763,1024,1024,1,1
2022-09-18T17:29:30,attention.4.pos-dense.256.relu-suffix.2,198144,8,1.0475645065307617,0.2,0.1,128,256,262144,3930028908,5.017354488372803,1024,1024,1,1
2022-09-18T17:29:32,suffix.4-dense.256.relu-suffix.2,393728,17,1.0258607864379883,0.1,0.1,128,256,557056,3930028908,3.8646896481513977,1024,1024,1,1
2022-09-18T17:29:35,suffix.4-gru.512.tanh-suffix.2,2623232,4,1.091428518295288,0.2,0.1,128,128,65536,3930028908,24.41989517211914,1024,1024,1,1
2022-09-18T17:29:37,suffix.4-dense.1024.relu-suffix.2,1574144,14,1.012606143951416,0.2,0.1,128,128,229376,3930028908,3.4953808784484863,1024,1024,1,1
2022-09-18T17:29:39,suffix.4-dense.1024.relu-suffix.2,1574144,10,1.0032958984375,0.2,0.1,128,256,327680,3930028908,3.766449809074402,1024,1024,1,1
2022-09-18T17:29:41,attention.4-dense.1024.relu-suffix.2,787712,13,1.0308382511138916,0.2,0.1,128,128,212992,3930028908,4.352517366409302,1024,1024,1,1
2022-09-18T17:29:46,suffix.4-gru.1024.relu-suffix.2,6819072,2,1.0105676651000977,0.2,0.1,128,128,32768,3930028908,nan,1024,1024,1,1
2022-09-18T17:29:48,suffix.4-dense.1024.relu-attention.2,1312000,8,1.0530264377593994,0.2,0.1,128,128,131072,3930028908,4.147438049316406,1024,1024,1,1
2022-09-18T17:29:51,suffix.4-dense.1024.relu-suffix.2-dense.128.relu,1344896,5,1.0548973083496094,0.2,0.1,128,128,81920,3930028908,9.782692193984985,1024,1024,1,1
2022-09-18T17:29:53,suffix.4-dense.1024.relu-suffix.2,1574144,14,1.046121597290039,0.5,0.1,128,128,229376,3930028908,6.562246203422546,1024,1024,1,1
2022-09-18T17:29:55,suffix.4-dense.1024.relu-suffix.2,1574144,9,1.0320627689361572,0.2,0.1,128,64,73728,3930028908,4.199009299278259,1024,1024,1,1
2022-09-18T17:29:57,suffix.2-dense.1024.relu-suffix.2,1049856,8,1.0932631492614746,0.2,0.1,128,512,524288,3930028908,3.8143556714057922,1024,1024,1,1
2022-09-18T17:29:59,suffix.2-dense.1024.relu-suffix.2,1049856,12,1.0237300395965576,0.2,0.1,128,256,393216,3930028908,3.4542753100395203,1024,1024,1,1
2022-09-18T17:30:02,suffix.2-gru.512.tanh-suffix.2,1836800,3,1.002225399017334,0.2,0.1,128,256,98304,3930028908,13.187018394470215,1024,1024,1,1
2022-09-18T17:30:04,dense.1024.relu-suffix.2,787712,9,1.0280113220214844,0.2,0.1,128,256,294912,3930028908,3.7909926772117615,1024,1024,1,1
2022-09-18T17:30:08,suffix.2-gru.1024.relu-suffix.2,5246208,2,1.012521743774414,0.2,0.1,128,256,65536,3930028908,nan,1024,1024,1,1
2022-09-18T17:30:10,suffix.2-dense.1024.relu-attention.2,787712,8,1.0207698345184326,0.2,0.1,128,256,262144,3930028908,4.049302339553833,1024,1024,1,1
2022-09-18T17:30:12,suffix.2-dense.1024.relu-suffix.2-dense.128.relu,820608,8,1.0246965885162354,0.2,0.1,128,256,262144,3930028908,6.199620366096497,1024,1024,1,1
2022-09-18T17:30:14,suffix.2-dense.1024.relu-suffix.2,1049856,13,1.0482025146484375,0.5,0.1,128,256,425984,3930028908,3.7719759941101074,1024,1024,1,1
2022-09-18T17:30:16,suffix.2-dense.1024.relu,787712,14,1.032193899154663,0.2,0.1,128,256,458752,3930028908,3.339633345603943,1024,1024,1,1
2022-09-18T17:30:19,attention.2.pos-dense.1024.relu,526080,9,1.048551321029663,0.2,0.1,128,256,294912,3930028908,5.392784595489502,1024,1024,1,1
2022-09-18T17:30:20,suffix.2-dense.1024.relu,787712,15,1.0297417640686035,0.1,0.1,128,256,491520,3930028908,3.6145127415657043,1024,1024,1,1
2022-09-18T17:30:22,suffix.2-dense.1024.relu,787712,15,1.0090422630310059,0.2,0.1,128,256,491520,3930028908,3.298636317253113,1024,1024,1,1
2022-09-18T17:30:24,suffix.2-dense.1024.relu,787712,12,1.0137147903442383,0.2,0.1,128,256,393216,3930028908,3.4045244455337524,1024,1024,1,1
2022-09-18T17:30:27,suffix.2-mgru.512,1180928,5,1.0530009269714355,0.2,0.1,128,256,163840,3930028908,17.106560230255127,1024,1024,1,1
2022-09-18T17:30:28,suffix.2-dense.1024.relu,787712,11,1.022975206375122,0.2,0.1,128,512,720896,3930028908,3.4369091391563416,1024,1024,1,1
2022-09-18T17:30:30,suffix.2-rec.512.tanh,656128,7,1.0076584815979004,0.2,0.1,128,512,458752,3930028908,20.198837757110596,1024,1024,1,1
2022-09-18T17:30:32,suffix.2-dense.1024.relu,787712,11,1.0140109062194824,0.5,0.1,128,512,720896,3930028908,3.7289071083068848,1024,1024,1,1
2022-09-18T17:30:34,dense.1024.relu,525568,11,1.0130267143249512,0.2,0.1,128,512,720896,3930028908,3.8262078166007996,1024,1024,1,1
2022-09-18T17:30:36,suffix.2-dense.2048.relu,1575168,7,1.0029103755950928,0.2,0.1,128,512,458752,3930028908,4.004140794277191,1024,1024,1,1
2022-09-18T17:30:38,suffix.2-dense.1024.relu-dense.128.relu,689536,8,1.0761878490447998,0.2,0.1,128,512,524288,3930028908,4.451578736305237,1024,1024,1,1
2022-09-18T17:30:41,suffix.4-dense.1024.relu,1312000,1,2.2862637042999268,0.5,0.1,128,512,65536,3930028908,28.01616668701172,1024,1024,1,1
2022-09-18T17:30:43,suffix.4-dense.1024.relu-suffix.2,1574144,14,1.0288965702056885,0.1,0.1,128,128,229376,3930028908,3.5724204182624817,1024,1024,1,1
