2022-09-23T22:26:06,dense.1.relu,769,1,1.0509581565856934,0.5,0.1,128,256,32768,3930028908,7.427286982536316,1024,1024,1,1.0
2022-09-23T22:26:08,dense.1.relu,769,9,1.014220952987671,0.5,0.1,128,256,294912,3930028908,4.703128695487976,1024,1024,1,1.0
2022-09-23T22:26:10,dense.1.tanh,769,8,1.0121877193450928,0.5,0.1,128,256,262144,3930028908,5.04148268699646,1024,1024,1,1.0
2022-09-23T22:26:12,dense.1.relu,769,10,1.0061500072479248,0.5,0.1,128,256,327680,3930028908,4.88370954990387,1024,1024,1,1.0
2022-09-23T22:26:15,suffix.2-dense.1.relu,1025,5,1.0850260257720947,0.5,0.1,128,256,163840,3930028908,5.635450482368469,1024,1024,1,1.0
2022-09-23T22:26:17,dense.2.relu,1282,4,1.0095160007476807,0.5,0.1,128,256,131072,3930028908,5.920614242553711,1024,1024,1,1.0
2022-09-23T22:26:20,suffix.2-dense.1.relu,1025,5,1.0028679370880127,0.5,0.1,128,256,163840,3930028908,5.387416958808899,1024,1024,1,1.0
2022-09-23T22:26:23,dense.1.relu,769,27,2.012223958969116,0.5,0.1,128,256,884736,3930028908,4.798052549362183,1024,1024,1,1.0
2022-09-23T22:26:26,dense.1.tanh,769,28,2.021803140640259,0.5,0.1,128,256,917504,3930028908,4.537812948226929,1024,1024,1,1.0
2022-09-23T22:26:32,dense.1.tanh,769,62,4.049216032028198,0.5,0.1,128,256,2031616,3930028908,4.354499697685242,1024,1024,1,1.0
2022-09-23T22:26:36,dense.1.relu,769,69,4.011337041854858,0.5,0.1,128,256,2260992,3930028908,4.489545822143555,1024,1024,1,1.0
2022-09-23T22:26:46,dense.1.tanh,769,135,8.025328874588013,0.5,0.1,128,256,4423680,3930028908,4.409448742866516,1024,1024,1,1.0
2022-09-23T22:26:55,dense.1.relu,769,148,8.03114104270935,0.5,0.1,128,256,4849664,3930028908,4.369738459587097,1024,1024,1,1.0
2022-09-23T22:26:58,dense.2.tanh,1282,32,2.02657413482666,0.5,0.1,128,256,1048576,3930028908,4.169992446899414,1024,1024,1,1.0
2022-09-23T22:27:15,dense.1.relu,769,283,16.057846069335938,0.5,0.1,128,256,9273344,3930028908,4.351318001747131,1024,1024,1,1.0
2022-09-23T22:27:32,dense.1.tanh,769,304,16.03504204750061,0.5,0.1,128,256,9961472,3930028908,4.387641906738281,1024,1024,1,1.0
2022-09-23T22:27:37,dense.1.tanh,769,68,4.008676290512085,0.5,0.1,128,256,2228224,3930028908,4.410285115242004,1024,1024,1,1.0
2022-09-23T22:27:40,dense.1.relu-suffix.2,1025,9,1.0259661674499512,0.5,0.1,128,256,294912,3930028908,4.899179220199585,1024,1024,1,1.0
2022-09-23T22:30:35,dense.1.relu,769,513,32.022939682006836,0.5,0.1,128,256,16809984,3930028908,4.7606528997421265,1024,1024,1,1.0
2022-09-23T22:31:08,dense.1.relu,769,609,32.047709226608276,0.5,0.1,128,256,19955712,3930028908,4.782536745071411,1024,1024,1,1.0
2022-09-23T22:31:12,dense.2.relu,1282,24,2.0279879570007324,0.5,0.1,128,256,786432,3930028908,4.456650137901306,1024,1024,1,1.0
2022-09-23T22:31:45,dense.2.relu,1282,658,32.017324924468994,0.5,0.1,128,256,21561344,3930028908,4.083592057228088,1024,1024,1,1.0
2022-09-23T22:31:54,dense.1.relu,769,151,8.047898769378662,0.5,0.1,128,256,4947968,3930028908,4.440346598625183,1024,1024,1,1.0
2022-09-23T22:31:57,dense.2.tanh,1282,32,2.0166800022125244,0.5,0.1,128,256,1048576,3930028908,4.189619779586792,1024,1024,1,1.0
2022-09-23T22:33:02,dense.1.relu,769,1164,64.00660586357117,0.5,0.1,128,256,38141952,3930028908,4.350475072860718,1024,1024,1,1.0
2022-09-23T22:33:08,suffix.2-dense.1.tanh,1025,37,4.085127353668213,0.5,0.1,128,256,1212416,3930028908,4.4067909717559814,1024,1024,1,1.0
2022-09-23T22:34:13,dense.1.tanh,769,1249,64.02427911758423,0.5,0.1,128,256,40927232,3930028908,4.3719786405563354,1024,1024,1,1.0
2022-09-23T22:34:30,dense.1.relu,769,311,16.033672094345093,0.5,0.1,128,256,10190848,3930028908,4.757109999656677,1024,1024,1,1.0
2022-09-23T22:34:33,rec.1.relu,770,29,2.050083875656128,0.5,0.1,128,256,950272,3930028908,4.786088585853577,1024,1024,1,1.0
2022-09-23T22:34:35,dense.1.relu-dense.1.relu,771,9,1.0265038013458252,0.5,0.1,128,256,294912,3930028908,5.055770039558411,1024,1024,1,1.0
2022-09-23T22:34:41,dense.2.tanh,1282,75,4.046087980270386,0.5,0.1,128,256,2457600,3930028908,4.121500730514526,1024,1024,1,1.0
2022-09-23T22:37:36,dense.1.relu,769,2099,128.030189037323,0.5,0.1,128,256,68780032,3930028908,4.387455224990845,1024,1024,1,1.0
2022-09-23T22:39:45,dense.1.relu,769,2469,128.0466468334198,0.5,0.1,128,256,80904192,3930028908,4.314846158027649,1024,1024,1,1.0
2022-09-23T22:39:55,suffix.2-dense.1.relu,1025,82,8.026336908340454,0.5,0.1,128,256,2686976,3930028908,4.4763023853302,1024,1024,1,1.0
2022-09-23T22:39:57,dense.1.relu,769,5,1.0754320621490479,0.5,0.1,128,512,327680,3930028908,5.733071804046631,1024,1024,1,1.0
2022-09-23T22:39:59,dense.1.relu,769,5,1.0416350364685059,0.5,0.1,128,512,327680,3930028908,5.351373314857483,1024,1024,1,1.0
2022-09-23T22:40:03,suffix.2-dense.2.tanh,1794,14,2.0167696475982666,0.5,0.1,128,256,458752,3930028908,4.430963397026062,1024,1024,1,1.0
2022-09-23T22:42:12,dense.1.tanh,769,2534,128.01012802124023,0.5,0.1,128,256,83034112,3930028908,4.399916172027588,1024,1024,1,1.0
2022-09-23T22:42:14,dense.1.relu,769,20,1.0119884014129639,0.5,0.1,128,128,327680,3930028908,4.788110613822937,1024,1024,1,1.0
2022-09-23T22:42:19,dense.2.tanh,1282,72,4.0469770431518555,0.5,0.1,128,256,2359296,3930028908,4.136009693145752,1024,1024,1,1.0
2022-09-23T22:42:23,suffix.2-rec.1.tanh,1026,15,2.0407629013061523,0.5,0.1,128,256,491520,3930028908,4.616505980491638,1024,1024,1,1.0
2022-09-23T22:46:40,dense.1.relu,769,4647,256.0399842262268,0.5,0.1,128,256,152272896,3930028908,4.330469489097595,1024,1024,1,1.0
2022-09-23T22:46:49,dense.2.relu,1282,131,8.046083927154541,0.5,0.1,128,256,4292608,3930028908,4.357420325279236,1024,1024,1,1.0
2022-09-23T22:46:51,dense.1.relu,769,19,1.0110700130462646,0.5,0.1,128,128,311296,3930028908,4.862651944160461,1024,1024,1,1.0
2022-09-23T22:47:09,suffix.2-dense.1.tanh,1025,168,16.09171772003174,0.5,0.1,128,256,5505024,3930028908,4.358702301979065,1024,1024,1,1.0
2022-09-23T22:47:13,dense.2.tanh-attention.2,1282,28,2.0199859142303467,0.5,0.1,128,256,917504,3930028908,4.382061123847961,1024,1024,1,1.0
2022-09-23T22:47:18,dense.2.relu,1282,74,4.006101846694946,0.5,0.1,128,256,2424832,3930028908,4.13546895980835,1024,1024,1,1.0
2022-09-23T22:47:20,dense.1.tanh,769,19,1.0079209804534912,0.5,0.1,128,128,311296,3930028908,4.60243821144104,1024,1024,1,1.0
2022-09-23T22:51:38,dense.2.relu,1282,4450,256.0490789413452,0.5,0.1,128,256,145817600,3930028908,4.065208435058594,1024,1024,1,1.0
2022-09-23T22:52:43,dense.1.relu,769,1056,64.0456371307373,0.5,0.1,128,256,34603008,3930028908,4.338719606399536,1024,1024,1,1.0
2022-09-23T22:52:45,dense.1.tanh,769,19,1.001774787902832,0.5,0.1,128,128,311296,3930028908,4.599756717681885,1024,1024,1,1.0
2022-09-23T22:52:48,dense.2.tanh-dense.2.relu,1288,28,2.0205259323120117,0.5,0.1,128,256,917504,3930028908,4.830287933349609,1024,1024,1,1.0
2022-09-23T22:52:57,dense.2.tanh,1282,158,8.00426721572876,0.5,0.1,128,256,5177344,3930028908,4.099793195724487,1024,1024,1,1.0
2022-09-23T22:53:03,attention.2-dense.2.tanh,1282,57,4.049304008483887,0.5,0.1,128,256,1867776,3930028908,4.278224229812622,1024,1024,1,1.0
2022-09-23T22:53:06,suffix.2-dense.1.tanh,1025,10,1.007040023803711,0.5,0.1,128,128,163840,3930028908,4.869601488113403,1024,1024,1,1.0
2022-09-23T23:01:39,dense.1.relu,769,8600,512.010174036026,0.5,0.1,128,256,281804800,3930028908,4.291259407997131,1024,1024,1,1.0
2022-09-23T23:01:57,suffix.2-dense.1.relu,1025,155,16.02818775177002,0.5,0.1,128,256,5079040,3930028908,4.29863715171814,1024,1024,1,1.0
2022-09-23T23:02:01,suffix.2-dense.1.tanh,1025,33,2.03214693069458,0.5,0.1,128,128,540672,3930028908,4.4696478843688965,1024,1024,1,1.0
2022-09-23T23:02:34,rec.1.relu,770,545,32.0031578540802,0.5,0.1,128,256,17858560,3930028908,4.303496956825256,1024,1024,1,1.0
2022-09-23T23:02:37,dense.1.tanh-suffix.2,1025,14,1.0164213180541992,0.5,0.1,128,128,229376,3930028908,4.750451683998108,1024,1024,1,1.0
2022-09-23T23:02:42,dense.4.tanh,2308,60,4.026537895202637,0.5,0.1,128,256,1966080,3930028908,3.908758580684662,1024,1024,1,1.0
2022-09-23T23:02:52,attention.2-dense.2.tanh,1282,123,8.047582864761353,0.5,0.1,128,256,4030464,3930028908,4.186312675476074,1024,1024,1,1.0
2022-09-23T23:02:56,dense.1.tanh-suffix.2,1025,48,2.002984046936035,0.5,0.1,128,128,786432,3930028908,4.311325430870056,1024,1024,1,1.0
2022-09-23T23:02:58,dense.1.tanh-dense.1.relu,771,16,1.0096640586853027,0.5,0.1,128,128,262144,3930028908,4.862660765647888,1024,1024,1,1.0
2022-09-23T23:11:31,dense.1.tanh,769,8507,512.0089783668518,0.5,0.1,128,256,278757376,3930028908,4.395415902137756,1024,1024,1,1.0
2022-09-23T23:13:40,dense.1.relu,769,2128,128.05536198616028,0.5,0.1,128,256,69730304,3930028908,4.346959352493286,1024,1024,1,1.0
2022-09-23T23:13:43,dense.1.tanh,769,39,1.0121750831604004,0.5,0.1,128,64,319488,3930028908,4.463356971740723,1024,1024,1,1.0
2022-09-23T23:13:46,dense.1.tanh,769,111,2.0028390884399414,0.5,0.1,128,64,909312,3930028908,4.423837780952454,1024,1024,1,1.0
2022-09-23T23:13:52,dense.1.tanh-suffix.2,1025,115,4.008069038391113,0.5,0.1,128,128,1884160,3930028908,4.306463003158569,1024,1024,1,1.0
2022-09-23T23:14:09,suffix.2-dense.1.relu,1025,172,16.046310901641846,0.5,0.1,128,256,5636096,3930028908,4.271108627319336,1024,1024,1,1.0
2022-09-23T23:14:18,dense.2.tanh-suffix.2,1794,156,8.03549313545227,0.5,0.1,128,256,5111808,3930028908,3.9735031723976135,1024,1024,1,1.0
2022-09-23T23:14:20,dense.1.relu,769,40,1.0106830596923828,0.5,0.1,128,64,327680,3930028908,4.3841999769210815,1024,1024,1,1.0
2022-09-23T23:14:24,dense.1.tanh-dense.1.relu,771,53,2.026784896850586,0.5,0.1,128,128,868352,3930028908,4.546313643455505,1024,1024,1,1.0
2022-09-23T23:31:29,dense.1.relu,769,17149,1024.0095019340515,0.5,0.1,128,256,561938432,3930028908,4.365420937538147,1024,1024,1,1.0
2022-09-23T23:32:02,rec.1.relu,770,525,32.047171115875244,0.5,0.1,128,256,17203200,3930028908,4.306467533111572,1024,1024,1,1.0
2022-09-23T23:32:04,dense.1.relu,769,40,1.0014081001281738,0.5,0.1,128,64,327680,3930028908,4.404453873634338,1024,1024,1,1.0
2022-09-23T23:32:09,dense.4.relu,2308,63,4.001190900802612,0.5,0.1,128,256,2064384,3930028908,3.9153794646263123,1024,1024,1,1.0
2022-09-23T23:33:14,dense.2.relu,1282,1201,64.03619408607483,0.5,0.1,128,256,39354368,3930028908,4.122243881225586,1024,1024,1,1.0
2022-09-23T23:33:17,dense.2.tanh,1282,13,2.0523247718811035,0.5,0.1,128,512,851968,3930028908,4.570382714271545,1024,1024,1,1.0
2022-09-23T23:33:20,suffix.2-dense.1.relu,1025,22,1.0208959579467773,0.5,0.1,128,64,180224,3930028908,4.579532742500305,1024,1024,1,1.0
2022-09-23T23:33:29,dense.2.relu-suffix.2,1794,156,8.004347324371338,0.5,0.1,128,256,5111808,3930028908,3.9810763597488403,1024,1024,1,1.0
2022-09-23T23:33:47,suffix.2-dense.1.relu-suffix.2,1281,165,16.01702904701233,0.5,0.1,128,256,5406720,3930028908,4.286367058753967,1024,1024,1,1.0
2022-09-23T23:33:52,rec.2.relu,1286,69,4.040484666824341,0.5,0.1,128,256,2260992,3930028908,4.325291633605957,1024,1024,1,1.0
2022-09-23T23:33:54,dense.1.relu-suffix.2,1025,29,1.0011367797851562,0.5,0.1,128,64,237568,3930028908,4.782934904098511,1024,1024,1,1.0
2022-09-23T23:33:58,suffix.2-dense.1.relu,1025,67,2.0004220008850098,0.5,0.1,128,64,548864,3930028908,4.41438889503479,1024,1024,1,1.0
2022-09-23T23:51:04,dense.1.tanh,769,16993,1024.0496821403503,0.5,0.1,128,256,556826624,3930028908,4.37112820148468,1024,1024,1,1.0
2022-09-23T23:51:06,dense.2.relu,1282,16,1.0095188617706299,0.5,0.1,128,64,131072,3930028908,4.714990139007568,1024,1024,1,1.0
2022-09-23T23:55:23,rec.1.relu,770,4184,256.0418541431427,0.5,0.1,128,256,137101312,3930028908,4.302212834358215,1024,1024,1,1.0
2022-09-23T23:55:26,dense.2.relu,1282,59,2.0132319927215576,0.5,0.1,128,64,483328,3930028908,4.709071755409241,1024,1024,1,1.0
2022-09-23T23:55:32,mgru.2,1804,57,4.049330949783325,0.5,0.1,128,256,1867776,3930028908,4.0522531270980835,1024,1024,1,1.0
2022-09-23T23:55:41,suffix.2-dense.2.tanh-suffix.2,2306,90,8.007814884185791,0.5,0.1,128,256,2949120,3930028908,3.9222734570503235,1024,1024,1,1.0
2022-09-23T23:55:43,dense.1.relu-dense.1.relu,771,34,1.0002777576446533,0.5,0.1,128,64,278528,3930028908,4.811338663101196,1024,1024,1,1.0
2022-09-23T23:56:17,dense.2.relu,1282,564,32.006325006484985,0.5,0.1,128,256,18481152,3930028908,4.04536771774292,1024,1024,1,1.0
2022-09-23T23:56:36,suffix.4-dense.1.relu,1537,105,16.017623901367188,0.5,0.1,128,256,3440640,3930028908,4.533016920089722,1024,1024,1,1.0
2022-09-23T23:56:39,dense.1.relu-suffix.2,1025,94,2.0053799152374268,0.5,0.1,128,64,770048,3930028908,4.293140530586243,1024,1024,1,1.0
2022-09-23T23:56:41,dense.1.relu,769,75,1.0031840801239014,0.5,0.1,128,32,307200,3930028908,4.666049838066101,1024,1024,1,1.0
2022-09-24T00:30:50,dense.1.relu,769,33462,2048.038057088852,0.5,0.1,128,256,1096482816,3930028908,4.309966564178467,1024,1024,1,1.0
2022-09-24T00:30:55,dense.1.relu-suffix.2,1025,134,4.024819374084473,0.5,0.1,128,64,1097728,3930028908,4.29030179977417,1024,1024,1,1.0
2022-09-24T00:32:01,dense.2.relu,1282,1119,64.02468204498291,0.5,0.1,128,256,36667392,3930028908,4.079143285751343,1024,1024,1,1.0
2022-09-24T00:32:02,dense.1.relu,769,39,1.000525712966919,0.2,0.1,128,64,319488,3930028908,5.43921685218811,1024,1024,1,1.0
2022-09-24T00:32:05,dense.1.relu,769,218,2.001101016998291,0.5,0.1,128,32,892928,3930028908,4.647402405738831,1024,1024,1,1.0
2022-09-24T00:32:15,suffix.2-dense.2.relu-suffix.2,2306,91,8.062982082366943,0.5,0.1,128,256,2981888,3930028908,4.03057587146759,1024,1024,1,1.0
2022-09-24T00:34:25,suffix.2-dense.1.relu,1025,1383,128.0063350200653,0.5,0.1,128,256,45318144,3930028908,4.400717377662659,1024,1024,1,1.0
2022-09-24T00:34:27,dense.1.relu,769,37,1.007997751235962,1.0,0.1,128,64,303104,3930028908,4.817138671875,1024,1024,1,1.0
2022-09-24T00:34:32,dense.4.tanh,2308,65,4.035024881362915,0.5,0.1,128,256,2129920,3930028908,3.9169052839279175,1024,1024,1,1.0
2022-09-24T00:34:35,dense.1.relu-dense.1.relu,771,103,2.0021419525146484,0.5,0.1,128,64,843776,3930028908,4.816798090934753,1024,1024,1,1.0
2022-09-24T00:34:52,suffix.2-dense.1.relu-dense.1.relu,1027,170,16.08213782310486,0.5,0.1,128,256,5570560,3930028908,4.78614354133606,1024,1024,1,1.0
2022-09-24T00:34:54,rec.1.relu,770,36,1.004209041595459,0.5,0.1,128,64,294912,3930028908,4.635858178138733,1024,1024,1,1.0
2022-09-24T00:35:28,suffix.2-dense.1.relu-suffix.2,1281,336,32.07953476905823,0.5,0.1,128,256,11010048,3930028908,4.295906662940979,1024,1024,1,1.0
2022-09-24T00:35:39,suffix.2-dense.1.tanh-suffix.2,1281,78,8.05673599243164,0.5,0.1,128,256,2555904,3930028908,4.258379101753235,1024,1024,1,1.0
2022-09-24T00:35:42,dense.2.tanh,1282,53,2.01959490776062,0.5,0.1,128,128,868352,3930028908,4.206966996192932,1024,1024,1,1.0
2022-09-24T00:35:45,attention.2-dense.1.tanh,769,26,1.0062966346740723,0.5,0.1,128,64,212992,3930028908,4.6083996295928955,1024,1024,1,1.0
2022-09-24T00:35:50,suffix.2-dense.1.relu,1025,158,4.011590957641602,0.5,0.1,128,64,1294336,3930028908,4.416607856750488,1024,1024,1,1.0
2022-09-24T01:10:00,dense.2.relu,1282,35135,2048.026981830597,0.5,0.1,128,256,1151303680,3930028908,4.328158140182495,1024,1024,1,1.0
2022-09-24T01:10:02,dense.1.tanh-attention.2,769,12,1.0150489807128906,0.5,0.1,128,64,98304,3930028908,4.7583924531936646,1024,1024,1,1.0
2022-09-24T01:10:05,rec.1.tanh,770,43,2.009377956390381,0.5,0.1,128,128,704512,3930028908,4.392601132392883,1024,1024,1,1.0
2022-09-24T01:10:10,dense.4.tanh-attention.2,2308,58,4.0446600914001465,0.5,0.1,128,256,1900544,3930028908,3.887427270412445,1024,1024,1,1.0
2022-09-24T01:10:20,dense.1.relu-suffix.2,1025,310,8.021981239318848,0.5,0.1,128,64,2539520,3930028908,4.8066911697387695,1024,1024,1,1.0
2022-09-24T01:10:37,suffix.2-dense.1.relu,1025,85,16.144253969192505,0.5,0.1,128,512,5570560,3930028908,4.3120105266571045,1024,1024,1,1.0
2022-09-24T01:10:39,mgru.1,1028,19,1.0000040531158447,0.5,0.1,128,64,155648,3930028908,4.688070893287659,1024,1024,1,1.0
2022-09-24T01:10:43,dense.2.tanh,1282,32,2.0301949977874756,0.2,0.1,128,256,1048576,3930028908,4.748604655265808,1024,1024,1,1.0
2022-09-24T01:11:48,rec.1.relu,770,1093,64.01263213157654,0.5,0.1,128,256,35815424,3930028908,4.774686813354492,1024,1024,1,1.0
2022-09-24T01:20:21,dense.1.relu,769,8626,512.0118699073792,0.5,0.1,128,256,282656768,3930028908,4.335245132446289,1024,1024,1,1.0
2022-09-24T01:20:23,attention.2.pos-dense.1.relu,1281,7,1.0048859119415283,0.5,0.1,128,64,57344,3930028908,5.375717878341675,1024,1024,1,1.0
2022-09-24T01:20:56,dense.2.tanh,1282,549,32.010359048843384,0.5,0.1,128,256,17989632,3930028908,4.083619952201843,1024,1024,1,1.0
2022-09-24T01:21:01,rec.1.tanh,770,129,4.013917922973633,0.5,0.1,128,128,2113536,3930028908,4.364107012748718,1024,1024,1,1.0
2022-09-24T01:21:05,rec.1.relu-suffix.2,1026,87,2.0075020790100098,0.5,0.1,128,64,712704,3930028908,4.383364677429199,1024,1024,1,1.0
2022-09-24T01:21:08,suffix.2-dense.1.tanh,1025,21,1.0062031745910645,0.5,0.1,128,64,172032,3930028908,4.59970498085022,1024,1024,1,1.0
2022-09-24T02:29:25,dense.1.relu,769,66659,4096.0525279045105,0.5,0.1,128,256,2184282112,3930028908,4.2903831005096436,1024,1024,1,1.0
2022-09-24T02:29:34,rec.1.relu-suffix.2,1026,116,8.031431913375854,0.5,0.1,128,256,3801088,3930028908,4.266818165779114,1024,1024,1,1.0
2022-09-24T02:31:43,dense.2.relu,1282,2224,128.05461192131042,0.5,0.1,128,256,72876032,3930028908,4.052708029747009,1024,1024,1,1.0
2022-09-24T02:31:46,suffix.2-dense.1.relu-attention.2,1025,12,1.0075430870056152,0.5,0.1,128,64,98304,3930028908,4.9639281034469604,1024,1024,1,1.0
2022-09-24T02:31:49,dense.2.tanh,1282,31,2.0315918922424316,1.0,0.1,128,256,1015808,3930028908,4.328022599220276,1024,1024,1,1.0
2022-09-24T02:31:54,mgru.1,1028,50,4.001677989959717,0.5,0.1,128,256,1638400,3930028908,4.404613375663757,1024,1024,1,1.0
2022-09-24T02:32:12,suffix.2-dense.1.relu,1025,343,16.027673959732056,0.5,0.1,128,128,5619712,3930028908,4.34166944026947,1024,1024,1,1.0
2022-09-24T02:32:14,dense.1.relu-attention.2.pos,771,12,1.002851963043213,0.5,0.1,128,64,98304,3930028908,4.90135133266449,1024,1024,1,1.0
2022-09-24T02:36:32,dense.2.tanh,1282,4806,256.0234818458557,0.5,0.1,128,256,157483008,3930028908,4.113028287887573,1024,1024,1,1.0
2022-09-24T02:36:35,rec.2.relu,1286,37,2.0360267162323,0.5,0.1,128,128,606208,3930028908,4.263951539993286,1024,1024,1,1.0
2022-09-24T02:36:44,dense.4.tanh-attention.2,2308,119,8.0187828540802,0.5,0.1,128,256,3899392,3930028908,3.81811261177063,1024,1024,1,1.0
2022-09-24T02:36:47,suffix.2-rec.1.tanh,1026,19,1.0181670188903809,0.5,0.1,128,64,155648,3930028908,4.590572476387024,1024,1024,1,1.0
2022-09-24T02:36:52,dense.4.tanh-attention.2,2308,62,4.0524001121521,0.5,0.1,128,256,2031616,3930028908,3.904333174228668,1024,1024,1,1.0
2022-09-24T02:37:26,attention.2-dense.2.relu,1282,466,32.06437611579895,0.5,0.1,128,256,15269888,3930028908,4.128323316574097,1024,1024,1,1.0
2022-09-24T02:37:29,dense.2.tanh,1282,53,2.0213091373443604,0.5,0.1,128,128,868352,3930028908,4.217865347862244,1024,1024,1,1.0
2022-09-24T02:37:32,dense.1.tanh,769,38,1.0123651027679443,0.5,0.1,128,64,311296,3930028908,4.512520790100098,1024,1024,1,1.0
2022-09-24T02:38:37,suffix.2-dense.1.relu,1025,681,64.06269431114197,0.5,0.1,128,256,22315008,3930028908,4.3009679317474365,1024,1024,1,1.0
2022-09-24T02:38:55,attention.2-dense.2.tanh,1282,257,16.0471510887146,0.5,0.1,128,256,8421376,3930028908,4.167301177978516,1024,1024,1,1.0
2022-09-24T02:39:01,rec.2.tanh-attention.2,1286,65,4.019559144973755,0.5,0.1,128,256,2129920,3930028908,4.077212572097778,1024,1024,1,1.0
2022-09-24T02:39:03,suffix.2-rec.1.relu,1026,21,1.0066542625427246,0.5,0.1,128,64,172032,3930028908,4.81341552734375,1024,1024,1,1.0
2022-09-24T02:39:06,mgru.1,1028,37,2.0163440704345703,0.5,0.1,128,128,606208,3930028908,4.368986368179321,1024,1024,1,1.0
2022-09-24T02:39:16,rec.2.relu-attention.2,1286,144,8.024962902069092,0.5,0.1,128,256,4718592,3930028908,4.319873094558716,1024,1024,1,1.0
2022-09-24T02:39:18,suffix.2-rec.1.tanh-attention.2.pos,1028,11,1.0114378929138184,0.5,0.1,128,64,90112,3930028908,4.811239719390869,1024,1024,1,1.0
2022-09-24T03:47:36,dense.2.relu,1282,69801,4096.008349895477,0.5,0.1,128,256,2287239168,3930028908,4.04027247428894,1024,1024,1,1.0
2022-09-24T03:47:40,attention.2-dense.2.tanh,1282,34,2.017186164855957,0.5,0.1,128,128,557056,3930028908,4.303676962852478,1024,1024,1,1.0
2022-09-24T03:47:45,rec.4.relu-attention.2,2324,58,4.0334930419921875,0.5,0.1,128,256,1900544,3930028908,4.133289456367493,1024,1024,1,1.0
2022-09-24T03:47:48,suffix.2-rec.1.tanh-dense.1.relu,1028,14,1.0006482601165771,0.5,0.1,128,64,114688,3930028908,4.905050754547119,1024,1024,1,1.0
2022-09-24T03:47:57,dense.4.tanh-attention.2,2308,123,8.062053203582764,0.5,0.1,128,256,4030464,3930028908,3.885117530822754,1024,1024,1,1.0
2022-09-24T03:48:14,dense.2.tanh-suffix.2,1794,288,16.036631107330322,0.5,0.1,128,256,9437184,3930028908,3.964324474334717,1024,1024,1,1.0
2022-09-24T03:48:47,dense.2.relu-attention.2,1282,587,32.00795006752014,0.5,0.1,128,256,19234816,3930028908,4.054956078529358,1024,1024,1,1.0
2022-09-24T03:48:51,dense.2.tanh-attention.2.pos,1286,42,2.0158910751342773,0.5,0.1,128,128,688128,3930028908,4.231490969657898,1024,1024,1,1.0
2022-09-24T03:48:53,suffix.2-rec.1.tanh,1026,43,1.002985954284668,0.5,0.1,128,32,176128,3930028908,4.437203645706177,1024,1024,1,1.0
2022-09-24T03:48:59,dense.2.tanh-attention.2.pos,1286,110,4.005218029022217,0.5,0.1,128,128,1802240,3930028908,4.1146399974823,1024,1024,1,1.0
2022-09-24T03:51:08,dense.2.relu,1282,2319,128.0329430103302,0.5,0.1,128,256,75988992,3930028908,4.068161904811859,1024,1024,1,1.0
2022-09-24T04:08:13,dense.1.relu,769,17219,1024.0118680000305,0.5,0.1,128,256,564232192,3930028908,4.3690338134765625,1024,1024,1,1.0
2022-09-24T04:08:16,suffix.2-rec.1.tanh,1026,24,1.0204639434814453,0.5,0.1,128,32,98304,3930028908,4.503150105476379,1024,1024,1,1.0
2022-09-24T04:08:19,suffix.2-rec.1.tanh,1026,83,2.005305051803589,0.5,0.1,128,32,339968,3930028908,4.432901978492737,1024,1024,1,1.0
2022-09-24T04:09:25,rec.2.tanh,1286,1060,64.05303716659546,0.5,0.1,128,256,34734080,3930028908,4.0577614307403564,1024,1024,1,1.0
2022-09-24T04:09:34,dense.2.tanh-attention.2.pos,1286,245,8.004981756210327,0.5,0.1,128,128,4014080,3930028908,4.089869379997253,1024,1024,1,1.0
2022-09-24T04:09:37,suffix.2-rec.1.relu,1026,44,1.0089011192321777,0.5,0.1,128,32,180224,3930028908,4.680139780044556,1024,1024,1,1.0
2022-09-24T04:09:43,attention.2-dense.4.tanh-attention.2,2308,48,4.012149810791016,0.5,0.1,128,256,1572864,3930028908,4.198792934417725,1024,1024,1,1.0
2022-09-24T04:09:46,dense.4.tanh,2308,28,2.025301933288574,0.5,0.1,128,256,917504,3930028908,4.083616137504578,1024,1024,1,1.0
2022-09-24T06:26:19,dense.1.relu,769,133330,8192.023805379868,0.5,0.1,128,256,4368957440,3930028908,4.294995427131653,1024,1024,1,1.0
2022-09-24T06:26:21,attention.2-rec.1.tanh,770,22,1.0121159553527832,0.5,0.1,128,32,90112,3930028908,4.603037357330322,1024,1024,1,1.0
2022-09-24T06:26:39,dense.2.tanh-attention.2.pos,1286,390,16.014673233032227,0.5,0.1,128,128,6389760,3930028908,4.10968017578125,1024,1024,1,1.0
2022-09-24T06:30:56,mgru.1,1028,3508,256.04466581344604,0.5,0.1,128,256,114950144,3930028908,4.3043553829193115,1024,1024,1,1.0
2022-09-24T06:30:59,rec.2.tanh,1286,29,2.0200929641723633,0.5,0.1,128,256,950272,3930028908,4.3294490575790405,1024,1024,1,1.0
2022-09-24T06:31:02,suffix.2-rec.1.tanh-attention.2,1026,14,1.005446195602417,0.5,0.1,128,32,57344,3930028908,4.793800354003906,1024,1024,1,1.0
2022-09-24T06:31:07,dense.4.tanh-attention.4,2308,60,4.017473936080933,0.5,0.1,128,256,1966080,3930028908,4.055838227272034,1024,1024,1,1.0
2022-09-24T06:31:18,suffix.2-dense.2.tanh-attention.2.pos,1798,85,8.030483961105347,0.5,0.1,128,256,2785280,3930028908,4.0098981857299805,1024,1024,1,1.0
2022-09-24T06:31:51,dense.2.tanh-attention.2.pos,1286,1073,32.005125999450684,0.5,0.1,128,128,17580032,3930028908,4.0928635597229,1024,1024,1,1.0
2022-09-24T06:31:53,suffix.2-rec.1.tanh,1026,64,1.0039138793945312,0.5,0.1,128,16,131072,3930028908,4.454214692115784,1024,1024,1,1.0
2022-09-24T06:31:57,dense.2.tanh-attention.2.pos,1286,27,2.012967824935913,0.5,0.1,128,256,884736,3930028908,4.253432631492615,1024,1024,1,1.0
2022-09-24T06:40:30,dense.2.relu,1282,9390,512.0189278125763,0.5,0.1,128,256,307691520,3930028908,4.036730408668518,1024,1024,1,1.0
2022-09-24T06:40:36,dense.4.tanh-attention.2-dense.4.relu,2328,50,4.043319940567017,0.5,0.1,128,256,1638400,3930028908,3.973458468914032,1024,1024,1,1.0
2022-09-24T06:40:38,suffix.2-rec.1.tanh,1026,54,1.005235195159912,0.5,0.1,128,16,110592,3930028908,4.42496120929718,1024,1024,1,1.0
2022-09-24T06:40:56,dense.4.tanh-attention.2,2308,246,16.04047989845276,0.5,0.1,128,256,8060928,3930028908,3.8173888325691223,1024,1024,1,1.0
2022-09-24T06:40:59,rec.1.relu-attention.2.pos,772,47,2.004520893096924,0.5,0.1,128,128,770048,3930028908,4.817447304725647,1024,1024,1,1.0
2022-09-24T06:41:08,dense.4.relu-attention.2,2308,136,8.049893140792847,0.5,0.1,128,256,4456448,3930028908,3.870212435722351,1024,1024,1,1.0
2022-09-24T06:41:10,suffix.2-rec.1.relu,1026,65,1.0058867931365967,0.5,0.1,128,16,133120,3930028908,4.741947889328003,1024,1024,1,1.0
2022-09-24T06:42:16,rec.2.tanh,1286,1079,64.02401208877563,0.5,0.1,128,256,35356672,3930028908,4.0433337688446045,1024,1024,1,1.0
2022-09-24T06:42:22,dense.4.tanh-attention.2-dense.2.relu,1806,60,4.0413501262664795,0.5,0.1,128,256,1966080,3930028908,4.356435060501099,1024,1024,1,1.0
2022-09-24T06:42:25,suffix.2-rec.1.relu,1026,205,2.0065059661865234,0.5,0.1,128,16,419840,3930028908,4.50317120552063,1024,1024,1,1.0
2022-09-24T06:42:27,rec.1.tanh,770,103,1.000932216644287,0.5,0.1,128,16,210944,3930028908,4.417506575584412,1024,1024,1,1.0
2022-09-24T06:44:36,dense.2.tanh,1282,2391,128.04976320266724,0.5,0.1,128,256,78348288,3930028908,4.104119539260864,1024,1024,1,1.0
2022-09-24T06:45:10,dense.2.relu-attention.2,1282,653,32.02613806724548,0.5,0.1,128,256,21397504,3930028908,4.095022439956665,1024,1024,1,1.0
2022-09-24T06:45:20,attention.2-dense.4.tanh-attention.2,2308,108,8.02465009689331,0.5,0.1,128,256,3538944,3930028908,4.059936046600342,1024,1024,1,1.0
2022-09-24T06:45:21,rec.1.tanh,770,106,1.0049030780792236,0.5,0.1,128,16,217088,3930028908,4.416860342025757,1024,1024,1,1.0
2022-09-24T06:45:24,rec.1.tanh,770,300,2.0044610500335693,0.5,0.1,128,16,614400,3930028908,4.406494617462158,1024,1024,1,1.0
2022-09-24T06:45:30,dense.2.tanh-attention.4,1282,67,4.003158092498779,0.5,0.1,128,256,2195456,3930028908,4.202072858810425,1024,1024,1,1.0
2022-09-24T06:45:47,rec.1.relu-suffix.2,1026,286,16.052769899368286,0.5,0.1,128,256,9371648,3930028908,4.259807348251343,1024,1024,1,1.0
2022-09-24T06:45:49,rec.1.relu,770,99,1.0044989585876465,0.5,0.1,128,16,202752,3930028908,4.566418766975403,1024,1024,1,1.0
2022-09-24T06:45:52,dense.2.tanh-attention.2,1282,44,2.019944190979004,0.5,0.1,128,128,720896,3930028908,4.199657201766968,1024,1024,1,1.0
2022-09-24T07:32:01,rec.1.tanh-suffix.2,1026,1,1.0860390663146973,0.5,0.1,128,16,2048,3930028908,7.787542223930359,1024,1024,1,1.0
2022-09-24T07:32:04,rec.2.tanh,1286,12,1.0071120262145996,0.5,0.1,128,16,24576,3930028908,4.59793221950531,1024,1024,1,1.0
2022-09-24T07:32:06,rec.1.tanh-suffix.2,1026,41,1.0124468803405762,0.5,0.1,128,16,83968,3930028908,4.443987965583801,1024,1024,1,1.0
2022-09-24T07:32:08,rec.1.tanh-dense.1.relu,772,51,1.0022573471069336,0.5,0.1,128,16,104448,3930028908,4.887908577919006,1024,1024,1,1.0
2022-09-24T07:32:10,rec.1.tanh,770,75,1.0042870044708252,0.5,0.1,128,8,76800,3930028908,4.4705599546432495,1024,1024,1,1.0
2022-09-24T07:32:19,rec.1.tanh,770,3,1.0081672668457031,0.2,0.1,128,16,6144,3930028908,7.674059748649597,1024,1024,1,1.0
2022-09-24T07:32:21,rec.1.tanh,770,44,1.0064220428466797,0.2,0.1,128,16,90112,3930028908,4.847202658653259,1024,1024,1,1.0
2022-09-24T07:32:23,rec.1.tanh,770,66,1.0068309307098389,1.0,0.1,128,16,135168,3930028908,4.861021876335144,1024,1024,1,1.0
2022-09-24T07:32:25,rec.1.tanh-attention.2,770,71,1.0017316341400146,0.5,0.1,128,16,145408,3930028908,4.427678227424622,1024,1024,1,1.0
2022-09-24T07:32:27,dense.1.relu,769,41,1.0027530193328857,0.5,0.1,128,64,335872,3930028908,4.737275004386902,1024,1024,1,1.0
2022-09-24T07:32:29,rec.1.tanh-attention.2,770,74,1.0017449855804443,0.5,0.1,128,16,151552,3930028908,4.446106553077698,1024,1024,1,1.0
2022-09-24T07:32:31,attention.2.pos-rec.1.tanh,1282,20,1.0024969577789307,0.5,0.1,128,16,40960,3930028908,4.900554895401001,1024,1024,1,1.0
2022-09-24T07:32:34,rec.1.tanh-attention.2.pos,772,62,1.003600835800171,0.5,0.1,128,16,126976,3930028908,4.4635725021362305,1024,1024,1,1.0
2022-09-24T07:32:36,rec.1.relu-attention.2,770,68,1.0038282871246338,0.5,0.1,128,16,139264,3930028908,4.643067002296448,1024,1024,1,1.0
2022-09-24T07:32:38,attention.2-rec.1.tanh-attention.2,770,49,1.0030362606048584,0.5,0.1,128,16,100352,3930028908,4.509124040603638,1024,1024,1,1.0
2022-09-24T07:32:40,rec.1.tanh-attention.4,770,67,1.0021770000457764,0.5,0.1,128,16,137216,3930028908,4.44055700302124,1024,1024,1,1.0
2022-09-24T07:32:42,rec.1.relu-attention.4,770,68,1.0041449069976807,0.5,0.1,128,16,139264,3930028908,4.512938737869263,1024,1024,1,1.0
2022-09-24T07:32:45,suffix.2-rec.1.tanh-attention.4,1026,29,1.0029511451721191,0.5,0.1,128,16,59392,3930028908,4.6424771547317505,1024,1024,1,1.0
2022-09-24T07:32:48,rec.2.tanh-attention.4,1286,8,1.0018808841705322,0.5,0.1,128,16,16384,3930028908,4.843223929405212,1024,1024,1,1.0
2022-09-24T07:32:50,rec.1.tanh-attention.8,770,75,1.01009202003479,0.5,0.1,128,16,153600,3930028908,4.48174774646759,1024,1024,1,1.0
2022-09-24T07:32:52,rec.1.tanh-attention.4-dense.1.relu,772,50,1.0008010864257812,0.5,0.1,128,16,102400,3930028908,4.817994594573975,1024,1024,1,1.0
2022-09-24T07:32:54,rec.1.tanh-attention.4,770,49,1.0009417533874512,0.5,0.1,128,32,200704,3930028908,4.477453947067261,1024,1024,1,1.0
2022-09-24T07:32:56,rec.1.tanh-attention.4,770,79,1.0079233646392822,0.5,0.1,128,8,80896,3930028908,4.502767086029053,1024,1024,1,1.0
2022-09-24T07:32:58,rec.1.tanh-attention.4,770,66,1.0002551078796387,0.2,0.1,128,16,135168,3930028908,4.7467182874679565,1024,1024,1,1.0
2022-09-24T07:33:00,rec.1.tanh-attention.4,770,67,1.0020740032196045,1.0,0.1,128,16,137216,3930028908,4.605248928070068,1024,1024,1,1.0
2022-09-24T07:33:03,suffix.2-rec.1.tanh-suffix.2,1282,54,1.0022940635681152,0.5,0.1,128,16,110592,3930028908,4.334410190582275,1024,1024,1,1.0
2022-09-24T07:33:05,suffix.2-rec.1.tanh-suffix.2,1282,54,1.0032389163970947,0.5,0.1,128,16,110592,3930028908,4.403541326522827,1024,1024,1,1.0
2022-09-24T07:33:08,suffix.2-dense.1.relu-suffix.2,1281,60,1.002061128616333,0.5,0.1,128,16,122880,3930028908,4.3480870723724365,1024,1024,1,1.0
2022-09-24T07:33:11,suffix.2-dense.1.relu-suffix.2,1281,59,1.00443696975708,0.5,0.1,128,16,120832,3930028908,4.456148147583008,1024,1024,1,1.0
2022-09-24T07:33:14,suffix.2-rec.1.tanh-suffix.2-dense.2.relu,1288,43,1.0052769184112549,0.5,0.1,128,16,88064,3930028908,4.617167234420776,1024,1024,1,1.0
2022-09-24T07:33:17,suffix.2-rec.1.tanh-suffix.2,1282,64,1.0011048316955566,0.5,0.1,128,8,65536,3930028908,4.389554262161255,1024,1024,1,1.0
2022-09-24T07:33:20,suffix.2-rec.1.tanh-suffix.2,1282,54,1.0040059089660645,0.2,0.1,128,16,110592,3930028908,4.6473228931427,1024,1024,1,1.0
2022-09-24T07:33:23,suffix.2-rec.1.tanh-suffix.2,1282,52,1.0029747486114502,1.0,0.1,128,16,106496,3930028908,4.49197244644165,1024,1024,1,1.0
2022-09-24T07:33:48,suffix.2-rec.1.relu-suffix.2,1282,1,1.1422119140625,0.5,0.1,128,16,2048,3930028908,7.447210788726807,1024,1024,1,1.0
2022-09-24T07:33:59,attention.2-rec.1.tanh-suffix.2,1026,1,1.2357890605926514,0.5,0.1,128,8,1024,3930028908,7.066243529319763,1024,1024,1,1.0
2022-09-24T07:34:01,attention.2-rec.1.tanh-suffix.2,1026,27,1.009768009185791,0.5,0.1,128,8,27648,3930028908,4.563947796821594,1024,1024,1,1.0
2022-09-24T07:34:05,suffix.2-rec.1.relu-suffix.2,1282,32,1.00748610496521,0.5,0.1,128,16,65536,3930028908,4.432037830352783,1024,1024,1,1.0
2022-09-24T07:34:09,suffix.4-rec.1.tanh-suffix.2,1794,30,1.0033400058746338,0.5,0.1,128,16,61440,3930028908,4.4469826221466064,1024,1024,1,1.0
2022-09-24T07:34:11,suffix.2-rec.1.relu-suffix.2,1282,50,1.0134179592132568,0.5,0.1,128,8,51200,3930028908,4.8415207862854,1024,1024,1,1.0
2022-09-24T07:34:14,suffix.2-rec.1.tanh-suffix.4,1794,54,1.010193109512329,0.5,0.1,128,8,55296,3930028908,4.426269054412842,1024,1024,1,1.0
2022-09-24T07:34:17,suffix.2-rec.1.tanh-attention.2.pos,1028,27,1.0049798488616943,0.5,0.1,128,8,27648,3930028908,4.638432145118713,1024,1024,1,1.0
2022-09-24T07:34:20,attention.2-dense.1.relu-suffix.2,1025,56,1.0062682628631592,0.5,0.1,128,16,114688,3930028908,4.830224514007568,1024,1024,1,1.0
2022-09-24T07:34:23,suffix.2-rec.1.tanh-suffix.2,1282,76,1.0121989250183105,0.5,0.1,128,4,38912,3930028908,4.463173866271973,1024,1024,1,1.0
2022-09-24T07:34:26,suffix.2-rec.1.tanh-suffix.2,1282,51,1.0072088241577148,0.5,0.1,128,16,104448,3930028908,4.3645259141922,1024,1024,1,1.0
2022-09-24T07:34:29,suffix.2-dense.1.tanh-suffix.2,1281,56,1.0073208808898926,0.5,0.1,128,16,114688,3930028908,4.406824469566345,1024,1024,1,1.0
2022-09-24T07:34:31,suffix.2-dense.1.relu-attention.2.pos,1027,46,1.0020651817321777,0.5,0.1,128,16,94208,3930028908,4.558417439460754,1024,1024,1,1.0
2022-09-24T07:34:34,suffix.2-dense.1.relu-suffix.2,1281,37,1.0078799724578857,0.5,0.1,128,32,151552,3930028908,4.363493084907532,1024,1024,1,1.0
2022-09-24T07:34:37,suffix.2-dense.1.relu-suffix.2,1281,38,1.0032100677490234,0.5,0.1,128,32,155648,3930028908,4.411198854446411,1024,1024,1,1.0
2022-09-24T07:34:40,suffix.2-rec.2.tanh-suffix.2,2310,16,1.0013229846954346,0.5,0.1,128,16,32768,3930028908,4.541371583938599,1024,1024,1,1.0
2022-09-24T07:34:43,suffix.2-dense.1.tanh-suffix.2,1281,32,1.0000157356262207,0.5,0.1,128,32,131072,3930028908,4.43577778339386,1024,1024,1,1.0
2022-09-24T07:34:46,attention.2.pos-dense.1.relu-suffix.2,1537,7,1.0004420280456543,0.5,0.1,128,32,28672,3930028908,5.497890114784241,1024,1024,1,1.0
2022-09-24T07:34:49,suffix.2-dense.1.tanh-attention.2,1025,47,1.0002849102020264,0.5,0.1,128,16,96256,3930028908,4.47227680683136,1024,1024,1,1.0
2022-09-24T07:34:52,suffix.2-dense.1.relu-suffix.2-dense.2.relu,1287,32,1.0117111206054688,0.5,0.1,128,32,131072,3930028908,4.667855381965637,1024,1024,1,1.0
2022-09-24T07:34:57,suffix.4-dense.1.relu-suffix.2,1793,23,1.0004959106445312,0.5,0.1,128,32,94208,3930028908,4.485279560089111,1024,1024,1,1.0
2022-09-24T07:34:59,dense.1.tanh-suffix.2,1025,81,1.0120699405670166,0.5,0.1,128,16,165888,3930028908,4.424224376678467,1024,1024,1,1.0
2022-09-24T07:35:03,dense.1.tanh-suffix.2,1025,154,2.0044360160827637,0.5,0.1,128,16,315392,3930028908,4.3165881633758545,1024,1024,1,1.0
2022-09-24T07:35:05,dense.1.tanh,769,115,1.0003409385681152,0.5,0.1,128,16,235520,3930028908,4.466026782989502,1024,1024,1,1.0
2022-09-24T07:35:08,suffix.2-dense.1.relu-suffix.2,1281,39,1.009338140487671,0.2,0.1,128,32,159744,3930028908,4.74834144115448,1024,1024,1,1.0
2022-09-24T07:35:12,suffix.2-rec.1.tanh-suffix.2,1282,166,2.0083138942718506,0.5,0.1,128,16,339968,3930028908,4.335278153419495,1024,1024,1,1.0
2022-09-24T07:35:14,suffix.2-dense.2.relu-suffix.2,2306,43,1.0035500526428223,0.5,0.1,128,32,176128,3930028908,4.228134989738464,1024,1024,1,1.0
2022-09-24T07:35:17,dense.1.relu-suffix.2,1025,89,1.0048892498016357,0.5,0.1,128,16,182272,3930028908,4.7866212129592896,1024,1024,1,1.0
2022-09-24T07:35:21,suffix.2-dense.1.relu-suffix.2,1281,122,2.0006520748138428,0.5,0.1,128,32,499712,3930028908,4.323755741119385,1024,1024,1,1.0
2022-09-24T07:35:23,dense.2.relu-suffix.2,1794,66,1.0051839351654053,0.5,0.1,128,32,270336,3930028908,4.3050854206085205,1024,1024,1,1.0
2022-09-24T07:35:26,dense.2.relu-suffix.2,1794,181,2.010348081588745,0.5,0.1,128,32,741376,3930028908,4.058755993843079,1024,1024,1,1.0
2022-09-24T07:35:28,suffix.2-dense.2.tanh-suffix.2,2306,37,1.0081429481506348,0.5,0.1,128,32,151552,3930028908,4.107754707336426,1024,1024,1,1.0
2022-09-24T07:35:30,rec.1.relu-suffix.2,1026,54,1.001255989074707,0.5,0.1,128,32,221184,3930028908,4.756933689117432,1024,1024,1,1.0
2022-09-24T07:35:33,rec.1.tanh-suffix.2,1026,169,2.0000650882720947,0.5,0.1,128,32,692224,3930028908,4.333356261253357,1024,1024,1,1.0
2022-09-24T07:35:36,dense.2.relu-attention.2.pos,1286,37,1.0001330375671387,0.5,0.1,128,32,151552,3930028908,4.724521636962891,1024,1024,1,1.0
2022-09-24T07:35:39,suffix.4-dense.2.tanh-suffix.2,3330,21,1.0005788803100586,0.5,0.1,128,32,86016,3930028908,4.324198484420776,1024,1024,1,1.0
2022-09-24T07:35:43,suffix.2-dense.2.tanh-suffix.2,2306,133,2.003260850906372,0.5,0.1,128,32,544768,3930028908,3.9471349120140076,1024,1024,1,1.0
2022-09-24T07:35:45,attention.2-dense.2.tanh-suffix.2,1794,43,1.0036380290985107,0.5,0.1,128,32,176128,3930028908,4.2660839557647705,1024,1024,1,1.0
2022-09-24T07:35:48,rec.1.tanh-attention.4,770,206,2.0005722045898438,0.5,0.1,128,16,421888,3930028908,4.464115738868713,1024,1024,1,1.0
2022-09-24T07:35:51,attention.2-dense.1.tanh-suffix.2,1025,39,1.0018670558929443,0.5,0.1,128,32,159744,3930028908,4.449320435523987,1024,1024,1,1.0
2022-09-24T07:35:54,suffix.2-dense.2.tanh-attention.2.pos,1798,25,1.0045111179351807,0.5,0.1,128,32,102400,3930028908,4.429198503494263,1024,1024,1,1.0
2022-09-24T07:35:58,suffix.2-dense.2.tanh-suffix.2,2306,134,2.0092411041259766,0.5,0.1,128,32,548864,3930028908,3.9891056418418884,1024,1024,1,1.0
2022-09-24T07:36:01,attention.2-dense.2.tanh-attention.2,1282,21,1.0003199577331543,0.5,0.1,128,32,86016,3930028908,4.585038423538208,1024,1024,1,1.0
2022-09-24T07:36:03,suffix.2-dense.2.tanh-suffix.2,2306,43,1.000464916229248,0.5,0.1,128,32,176128,3930028908,4.212973713874817,1024,1024,1,1.0
2022-09-24T07:36:07,attention.2.pos-dense.2.tanh-suffix.2,2306,103,2.0030620098114014,0.5,0.1,128,32,421888,3930028908,4.8040266036987305,1024,1024,1,1.0
2022-09-24T07:36:10,suffix.2-dense.2.tanh-suffix.4,3330,33,1.008009910583496,0.5,0.1,128,32,135168,3930028908,4.079078912734985,1024,1024,1,1.0
2022-09-24T07:36:13,dense.2.relu-attention.2.pos,1286,151,2.0036160945892334,0.5,0.1,128,32,618496,3930028908,4.785033226013184,1024,1024,1,1.0
2022-09-24T07:36:16,suffix.2-dense.2.relu-suffix.4,3330,42,1.0045220851898193,0.5,0.1,128,32,172032,3930028908,4.1453880071640015,1024,1024,1,1.0
2022-09-24T07:36:19,attention.2-mgru.1-suffix.2,1284,16,1.007068157196045,0.5,0.1,128,32,65536,3930028908,4.866323113441467,1024,1024,1,1.0
2022-09-24T07:36:22,suffix.2-rec.2.relu-suffix.2,2310,121,2.012037992477417,0.5,0.1,128,32,495616,3930028908,4.28848934173584,1024,1024,1,1.0
2022-09-24T07:36:25,suffix.2-dense.2.tanh-attention.4,1794,22,1.000615119934082,0.5,0.1,128,32,90112,3930028908,4.618233680725098,1024,1024,1,1.0
2022-09-24T07:36:28,suffix.2-rec.1.relu-suffix.4,1794,39,1.009181022644043,0.5,0.1,128,32,159744,3930028908,4.359770178794861,1024,1024,1,1.0
2022-09-24T07:36:32,suffix.2-rec.1.relu-suffix.4,1794,127,2.010935068130493,0.5,0.1,128,32,520192,3930028908,4.32508385181427,1024,1024,1,1.0
2022-09-24T07:36:35,suffix.2-dense.2.relu-attention.4.pos,1802,18,1.0091969966888428,0.5,0.1,128,32,73728,3930028908,4.68397068977356,1024,1024,1,1.0
2022-09-24T07:36:39,gru.1.relu-suffix.2,1542,97,2.010532855987549,0.5,0.1,128,32,397312,3930028908,4.434418559074402,1024,1024,1,1.0
2022-09-24T07:36:41,suffix.2-rec.1.relu-suffix.4,1794,31,1.0032269954681396,0.5,0.1,128,32,126976,3930028908,4.374758243560791,1024,1024,1,1.0
2022-09-24T07:36:44,suffix.2-rec.1.tanh-suffix.2,1282,34,1.0005638599395752,0.5,0.1,128,32,139264,3930028908,4.423898696899414,1024,1024,1,1.0
2022-09-24T07:36:47,dense.2.tanh-attention.2,1282,43,2.0034749507904053,0.5,0.1,128,128,704512,3930028908,4.2410876750946045,1024,1024,1,1.0
2022-09-24T07:36:50,attention.2-rec.1.relu-suffix.4,1538,41,1.0061819553375244,0.5,0.1,128,32,167936,3930028908,4.811911344528198,1024,1024,1,1.0
2022-09-24T07:36:54,suffix.2-mgru.1-suffix.4,2308,20,1.0066092014312744,0.5,0.1,128,32,81920,3930028908,4.435144543647766,1024,1024,1,1.0
2022-09-24T07:36:58,suffix.2-dense.2.tanh-attention.2.pos,1798,104,2.0004169940948486,0.5,0.1,128,32,425984,3930028908,4.118077874183655,1024,1024,1,1.0
2022-09-24T07:37:00,dense.2.tanh-suffix.4,2818,60,1.0060510635375977,0.5,0.1,128,32,245760,3930028908,4.110615134239197,1024,1024,1,1.0
2022-09-24T07:37:04,attention.2-dense.1.tanh-suffix.2,1025,148,2.005373954772949,0.5,0.1,128,32,606208,3930028908,4.378986716270447,1024,1024,1,1.0
2022-09-24T07:37:06,dense.1.tanh-suffix.4,1537,67,1.001145839691162,0.5,0.1,128,32,274432,3930028908,4.3138580322265625,1024,1024,1,1.0
2022-09-24T07:37:09,suffix.2-dense.2.tanh-suffix.8,5378,29,1.008725881576538,0.5,0.1,128,32,118784,3930028908,4.109272837638855,1024,1024,1,1.0
2022-09-24T07:37:13,attention.2-dense.2.tanh-attention.2.pos,1286,121,2.0068631172180176,0.5,0.1,128,32,495616,3930028908,4.2541104555130005,1024,1024,1,1.0
2022-09-24T07:37:15,dense.1.tanh-attention.4.pos,773,38,1.0071191787719727,0.5,0.1,128,32,155648,3930028908,4.492005944252014,1024,1024,1,1.0
2022-09-24T07:37:18,dense.1.tanh-suffix.2-dense.2.relu,1031,70,1.0055620670318604,0.5,0.1,128,16,143360,3930028908,4.443162202835083,1024,1024,1,1.0
2022-09-24T07:37:22,suffix.2-dense.1.tanh-attention.2.pos,1027,119,2.0076611042022705,0.5,0.1,128,32,487424,3930028908,4.36737334728241,1024,1024,1,1.0
2022-09-24T07:37:25,suffix.2-dense.2.tanh-suffix.4,3330,41,1.001208782196045,0.5,0.1,128,32,167936,3930028908,4.202426552772522,1024,1024,1,1.0
2022-09-24T07:37:28,dense.2.tanh-suffix.4,2818,183,2.0028011798858643,0.5,0.1,128,32,749568,3930028908,3.9695656299591064,1024,1024,1,1.0
2022-09-24T07:37:31,suffix.2-dense.2.tanh-attention.8.pos,1810,18,1.0121958255767822,0.5,0.1,128,32,73728,3930028908,4.656890511512756,1024,1024,1,1.0
2022-09-24T07:37:34,suffix.2-dense.1.tanh-suffix.8,2817,39,1.006579875946045,0.5,0.1,128,32,159744,3930028908,4.285097599029541,1024,1024,1,1.0
2022-09-24T07:37:38,suffix.2-dense.2.tanh-suffix.2-dense.4.relu,2326,101,2.0051419734954834,0.5,0.1,128,32,413696,3930028908,3.9330376386642456,1024,1024,1,1.0
2022-09-24T07:37:41,suffix.2-dense.2.relu-suffix.8,5378,38,1.0031061172485352,0.5,0.1,128,32,155648,3930028908,4.343082547187805,1024,1024,1,1.0
2022-09-24T07:37:43,gru.1.relu-suffix.4,2054,20,1.0009689331054688,0.5,0.1,128,32,81920,3930028908,4.8889607191085815,1024,1024,1,1.0
2022-09-24T07:37:47,suffix.2-rec.1.relu-attention.2.pos,1028,113,2.0012311935424805,0.5,0.1,128,32,462848,3930028908,4.32926881313324,1024,1024,1,1.0
2022-09-24T07:37:50,suffix.2-dense.1.tanh-attention.8,1025,33,1.008453130722046,0.5,0.1,128,32,135168,3930028908,4.585664749145508,1024,1024,1,1.0
2022-09-24T07:37:54,dense.1.tanh-suffix.4,1537,202,2.0071768760681152,0.5,0.1,128,32,827392,3930028908,4.306654453277588,1024,1024,1,1.0
2022-09-24T07:37:56,dense.2.tanh-suffix.4,2818,59,1.0047459602355957,0.5,0.1,128,32,241664,3930028908,4.028935194015503,1024,1024,1,1.0
2022-09-24T07:37:58,dense.1.tanh-suffix.2,1025,121,1.0016992092132568,0.5,0.1,128,8,123904,3930028908,4.373422265052795,1024,1024,1,1.0
2022-09-24T07:38:01,rec.1.tanh-attention.2.pos,772,25,2.0069479942321777,0.5,0.1,128,256,819200,3930028908,4.488233804702759,1024,1024,1,1.0
2022-09-24T07:38:04,attention.2-dense.2.relu-suffix.2,1794,43,1.003093957901001,0.5,0.1,128,32,176128,3930028908,4.183079123497009,1024,1024,1,1.0
2022-09-24T07:38:06,dense.2.tanh-suffix.4-dense.8.relu,2890,25,1.0067172050476074,0.5,0.1,128,32,102400,3930028908,4.504917740821838,1024,1024,1,1.0
2022-09-24T07:38:09,dense.2.tanh-attention.4.pos,1290,133,2.0037996768951416,0.5,0.1,128,32,544768,3930028908,4.150039553642273,1024,1024,1,1.0
2022-09-24T07:38:12,gru.2.tanh-suffix.4,3858,18,1.0008838176727295,0.5,0.1,128,32,73728,3930028908,4.591018438339233,1024,1024,1,1.0
2022-09-24T07:38:15,dense.2.tanh-suffix.2-dense.4.relu,1814,168,2.001636028289795,0.5,0.1,128,32,688128,3930028908,3.9970807433128357,1024,1024,1,1.0
2022-09-24T07:38:17,dense.2.tanh-suffix.4,2818,30,1.0133938789367676,0.5,0.1,128,64,245760,3930028908,4.154666304588318,1024,1024,1,1.0
2022-09-24T07:38:19,rec.1.relu-suffix.4,1538,33,1.0004808902740479,0.5,0.1,128,64,270336,3930028908,4.6265822649002075,1024,1024,1,1.0
2022-09-24T07:38:22,rec.1.relu-attention.4.pos,774,170,2.001315116882324,0.5,0.1,128,32,696320,3930028908,4.7668726444244385,1024,1024,1,1.0
2022-09-24T07:38:24,dense.2.tanh-suffix.4,2818,83,1.0055439472198486,0.5,0.1,128,16,169984,3930028908,3.988405168056488,1024,1024,1,1.0
2022-09-24T07:38:26,dense.2.tanh-suffix.4,2818,82,1.0005559921264648,0.5,0.1,128,16,167936,3930028908,4.0604164600372314,1024,1024,1,1.0
2022-09-24T07:38:29,dense.2.tanh-suffix.2-dense.2.relu,1292,144,2.001235246658325,0.5,0.1,128,32,589824,3930028908,4.237852692604065,1024,1024,1,1.0
2022-09-24T07:38:32,dense.2.tanh-attention.4.pos,1290,46,1.0048997402191162,0.5,0.1,128,16,94208,3930028908,4.300129175186157,1024,1024,1,1.0
2022-09-24T07:38:35,dense.1.tanh-suffix.2-dense.4.relu,1549,172,2.0014588832855225,0.5,0.1,128,32,704512,3930028908,4.288572311401367,1024,1024,1,1.0
2022-09-24T07:38:37,dense.2.relu-suffix.4,2818,84,1.0035080909729004,0.5,0.1,128,16,172032,3930028908,4.718078970909119,1024,1024,1,1.0
2022-09-24T07:38:40,dense.4.tanh-suffix.4,5380,44,1.0038940906524658,0.5,0.1,128,16,90112,3930028908,3.89073246717453,1024,1024,1,1.0
2022-09-24T07:38:43,rec.1.relu-suffix.2-dense.2.relu,1032,151,2.0023767948150635,0.5,0.1,128,32,618496,3930028908,4.319600701332092,1024,1024,1,1.0
2022-09-24T07:38:45,dense.2.tanh-suffix.2,1794,35,1.0091657638549805,0.5,0.1,128,64,286720,3930028908,4.231087565422058,1024,1024,1,1.0
2022-09-24T07:38:47,dense.2.tanh-attention.4.pos,1290,18,1.0010230541229248,0.5,0.1,128,64,147456,3930028908,4.622141242027283,1024,1024,1,1.0
2022-09-24T07:38:51,suffix.2-dense.2.tanh-suffix.2-dense.4.relu,2326,116,2.0075788497924805,0.5,0.1,128,32,475136,3930028908,4.031782925128937,1024,1024,1,1.0
2022-09-24T07:38:53,dense.4.tanh-attention.4.pos,2324,47,1.004729986190796,0.5,0.1,128,16,96256,3930028908,4.040618479251862,1024,1024,1,1.0
2022-09-24T07:38:56,dense.2.tanh-suffix.2-dense.1.relu,1031,174,2.0054898262023926,0.5,0.1,128,32,712704,3930028908,4.357746362686157,1024,1024,1,1.0
2022-09-24T07:38:59,dense.4.tanh-attention.4,2308,47,1.0014829635620117,0.5,0.1,128,16,96256,3930028908,4.243600964546204,1024,1024,1,1.0
2022-09-24T07:39:01,dense.2.tanh-attention.4.pos,1290,41,1.0040841102600098,0.5,0.1,128,16,83968,3930028908,4.269586086273193,1024,1024,1,1.0
2022-09-24T07:39:04,dense.4.tanh-attention.4.pos,2324,211,2.0082168579101562,0.5,0.1,128,16,432128,3930028908,3.918713629245758,1024,1024,1,1.0
2022-09-24T07:39:07,dense.4.tanh-suffix.2,3332,80,1.0039701461791992,0.5,0.1,128,16,163840,3930028908,3.8375587463378906,1024,1024,1,1.0
2022-09-24T07:39:09,dense.4.tanh-suffix.2,3332,78,1.00301194190979,0.5,0.1,128,16,159744,3930028908,3.852139711380005,1024,1024,1,1.0
2022-09-24T07:39:12,dense.4.relu-attention.4.pos,2324,217,2.003415822982788,0.5,0.1,128,16,444416,3930028908,4.030538082122803,1024,1024,1,1.0
2022-09-24T07:39:14,dense.4.relu-suffix.2,3332,82,1.0038788318634033,0.5,0.1,128,16,167936,3930028908,3.993833899497986,1024,1024,1,1.0
2022-09-24T07:39:20,dense.2.tanh-attention.4.pos,1290,288,4.0143280029296875,0.5,0.1,128,32,1179648,3930028908,4.159932732582092,1024,1024,1,1.0
2022-09-24T07:39:22,attention.2-dense.4.tanh-suffix.2,3332,53,1.0048940181732178,0.5,0.1,128,16,108544,3930028908,3.9541321396827698,1024,1024,1,1.0
2022-09-24T07:39:26,dense.2.tanh-suffix.4-dense.1.relu,1035,175,2.0033907890319824,0.5,0.1,128,32,716800,3930028908,4.774023652076721,1024,1024,1,1.0
2022-09-24T07:39:28,rec.2.relu-attention.4.pos,1294,36,1.0005450248718262,0.5,0.1,128,16,73728,3930028908,4.8154137134552,1024,1024,1,1.0
2022-09-24T07:39:32,rec.2.relu-attention.4.pos,1294,187,2.0058751106262207,0.5,0.1,128,16,382976,3930028908,4.483067870140076,1024,1024,1,1.0
2022-09-24T07:39:34,rec.2.relu-suffix.2,1798,67,1.0013799667358398,0.5,0.1,128,16,137216,3930028908,4.096123814582825,1024,1024,1,1.0
2022-09-24T07:39:39,dense.4.tanh-attention.4.pos,2324,386,4.004238128662109,0.5,0.1,128,16,790528,3930028908,3.9440905451774597,1024,1024,1,1.0
2022-09-24T07:39:41,dense.4.tanh-suffix.2-dense.8.relu,3404,31,1.0039761066436768,0.5,0.1,128,16,63488,3930028908,4.146003603935242,1024,1024,1,1.0
2022-09-24T07:39:44,dense.4.tanh-suffix.2,3332,252,2.001297950744629,0.5,0.1,128,16,516096,3930028908,3.8772104382514954,1024,1024,1,1.0
2022-09-24T07:39:47,dense.4.tanh-suffix.2,3332,52,1.0068082809448242,0.5,0.1,128,32,212992,3930028908,3.848826766014099,1024,1024,1,1.0
2022-09-24T07:39:49,dense.1.tanh-suffix.2,1025,120,1.0014240741729736,0.5,0.1,128,8,122880,3930028908,4.437383413314819,1024,1024,1,1.0
2022-09-24T07:39:52,rec.2.relu-suffix.2,1798,246,2.0049219131469727,0.5,0.1,128,16,503808,3930028908,4.355996012687683,1024,1024,1,1.0
2022-09-24T07:39:55,attention.2-dense.2.tanh-attention.4.pos,1290,23,1.0044128894805908,0.5,0.1,128,16,47104,3930028908,4.5425074100494385,1024,1024,1,1.0
2022-09-24T07:40:01,dense.2.tanh-suffix.2-dense.2.relu,1292,372,4.002551078796387,0.5,0.1,128,32,1523712,3930028908,4.058289408683777,1024,1024,1,1.0
2022-09-24T07:40:03,dense.4.tanh-suffix.2,3332,94,1.002892017364502,0.5,0.1,128,8,96256,3930028908,3.9299926161766052,1024,1024,1,1.0
2022-09-24T07:40:06,dense.2.tanh-attention.4,1282,148,2.0055649280548096,0.5,0.1,128,32,606208,3930028908,4.273828506469727,1024,1024,1,1.0
2022-09-24T07:40:09,dense.2.tanh-attention.8.pos,1298,41,1.003197193145752,0.5,0.1,128,16,83968,3930028908,4.332752227783203,1024,1024,1,1.0
2022-09-24T07:40:11,dense.4.tanh,2308,62,1.0052711963653564,0.5,0.1,128,32,253952,3930028908,4.007362484931946,1024,1024,1,1.0
2022-09-24T07:40:14,dense.4.tanh,2308,196,2.0068752765655518,0.5,0.1,128,32,802816,3930028908,3.9550188779830933,1024,1024,1,1.0
2022-09-24T07:40:20,dense.1.tanh-suffix.2,1025,482,4.011882781982422,0.5,0.1,128,16,987136,3930028908,4.352673530578613,1024,1024,1,1.0
2022-09-24T07:40:22,dense.4.tanh-attention.2.pos,2316,32,1.0076351165771484,0.5,0.1,128,32,131072,3930028908,4.004219889640808,1024,1024,1,1.0
2022-09-24T07:40:24,dense.4.tanh-suffix.2,3332,80,1.0043330192565918,0.2,0.1,128,16,163840,3930028908,4.06868052482605,1024,1024,1,1.0
2022-09-24T07:40:27,dense.4.relu-suffix.2,3332,263,2.0048141479492188,0.5,0.1,128,16,538624,3930028908,3.9064451456069946,1024,1024,1,1.0
2022-09-24T07:40:29,dense.2.tanh,1282,61,1.0081279277801514,0.5,0.1,128,32,249856,3930028908,4.179462909698486,1024,1024,1,1.0
2022-09-24T07:40:35,suffix.2-rec.1.relu-attention.2.pos,1028,290,4.002121925354004,0.5,0.1,128,32,1187840,3930028908,4.324567198753357,1024,1024,1,1.0
2022-09-24T07:40:37,rec.2.tanh-suffix.2,1798,86,1.001587152481079,0.5,0.1,128,8,88064,3930028908,4.163905739784241,1024,1024,1,1.0
2022-09-24T07:40:40,dense.4.tanh-suffix.2,3332,261,2.0004141330718994,0.5,0.1,128,16,534528,3930028908,3.8395155668258667,1024,1024,1,1.0
2022-09-24T07:40:43,dense.4.tanh,2308,112,1.0042378902435303,0.5,0.1,128,8,114688,3930028908,4.015139937400818,1024,1024,1,1.0
2022-09-24T07:40:46,dense.4.tanh,2308,350,2.004132032394409,0.5,0.1,128,8,358400,3930028908,4.044607400894165,1024,1024,1,1.0
2022-09-24T07:40:48,rec.2.relu,1286,93,1.003990888595581,0.5,0.1,128,8,95232,3930028908,4.488589644432068,1024,1024,1,1.0
2022-09-24T07:40:53,dense.4.tanh,2308,466,4.000477075576782,0.5,0.1,128,32,1908736,3930028908,3.938876688480377,1024,1024,1,1.0
2022-09-24T07:40:55,dense.4.tanh-suffix.2,3332,70,1.000993013381958,1.0,0.1,128,16,143360,3930028908,4.186842918395996,1024,1024,1,1.0
2022-09-24T07:40:59,suffix.2-dense.4.tanh-suffix.2,4356,170,2.002542018890381,0.5,0.1,128,16,348160,3930028908,3.7834036350250244,1024,1024,1,1.0
2022-09-24T07:41:01,dense.1.tanh-attention.8.pos,777,29,1.0041909217834473,0.5,0.1,128,16,59392,3930028908,4.578179955482483,1024,1024,1,1.0
2022-09-24T07:41:04,rec.4.relu-suffix.2,3348,50,1.008178949356079,0.5,0.1,128,32,204800,3930028908,4.1296796798706055,1024,1024,1,1.0
2022-09-24T07:41:07,suffix.2-dense.4.tanh-suffix.2,4356,182,2.007280111312866,0.5,0.1,128,16,372736,3930028908,3.8098621368408203,1024,1024,1,1.0
2022-09-24T07:41:09,rec.4.tanh-suffix.2,3348,65,1.0048089027404785,0.5,0.1,128,16,133120,3930028908,3.8681451082229614,1024,1024,1,1.0
2022-09-24T07:41:14,dense.2.relu-suffix.2,1794,471,4.006623983383179,0.5,0.1,128,32,1929216,3930028908,4.080117702484131,1024,1024,1,1.0
2022-09-24T07:41:17,rec.2.relu,1286,51,1.0003328323364258,0.5,0.1,128,32,208896,3930028908,4.250722885131836,1024,1024,1,1.0
2022-09-24T07:41:20,dense.2.tanh-attention.8.pos,1298,205,2.005497694015503,0.5,0.1,128,16,419840,3930028908,4.167366862297058,1024,1024,1,1.0
2022-09-24T07:41:23,rec.2.tanh-attention.2.pos,1290,50,1.0036001205444336,0.5,0.1,128,8,51200,3930028908,4.314486026763916,1024,1024,1,1.0
2022-09-24T07:41:25,mgru.1-attention.2.pos,1030,46,1.0014028549194336,0.5,0.1,128,8,47104,3930028908,4.545153498649597,1024,1024,1,1.0
2022-09-24T07:41:28,suffix.2-dense.4.relu-suffix.2,4356,187,2.007627010345459,0.5,0.1,128,16,382976,3930028908,3.8087087869644165,1024,1024,1,1.0
2022-09-24T07:41:34,dense.2.tanh-attention.8.pos,1298,501,4.006157159805298,0.5,0.1,128,16,1026048,3930028908,4.11796510219574,1024,1024,1,1.0
2022-09-24T07:41:36,rec.4.tanh-attention.2.pos,2332,35,1.0018870830535889,0.5,0.1,128,16,71680,3930028908,4.0874024629592896,1024,1024,1,1.0
2022-09-24T07:41:39,attention.2-rec.2.relu-suffix.2,1798,49,1.0048937797546387,0.5,0.1,128,16,100352,3930028908,4.212161540985107,1024,1024,1,1.0
2022-09-24T07:41:42,rec.4.tanh-attention.2.pos,2332,190,2.0031650066375732,0.5,0.1,128,16,389120,3930028908,3.821752965450287,1024,1024,1,1.0
2022-09-24T07:41:44,dense.2.tanh-suffix.2,1794,83,1.0021119117736816,0.2,0.1,128,16,169984,3930028908,4.451755046844482,1024,1024,1,1.0
2022-09-24T07:41:49,rec.4.tanh-attention.2.pos,2332,507,4.007375955581665,0.5,0.1,128,16,1038336,3930028908,3.826145350933075,1024,1024,1,1.0
2022-09-24T07:41:52,attention.2.pos-dense.4.tanh-suffix.2,3844,17,1.005147933959961,0.5,0.1,128,32,69632,3930028908,4.9326547384262085,1024,1024,1,1.0
2022-09-24T07:41:55,suffix.2-dense.4.tanh,3332,195,2.005370855331421,0.5,0.1,128,16,399360,3930028908,3.800974488258362,1024,1024,1,1.0
2022-09-24T07:41:58,attention.2.pos-rec.4.tanh-suffix.2,3860,15,1.0073390007019043,0.5,0.1,128,16,30720,3930028908,5.459113001823425,1024,1024,1,1.0
2022-09-24T07:42:02,suffix.2-dense.1.tanh-attention.2,1025,194,2.0031299591064453,0.5,0.1,128,16,397312,3930028908,4.428124666213989,1024,1024,1,1.0
2022-09-24T07:42:04,dense.4.tanh-suffix.2,3332,80,1.0037791728973389,0.5,0.1,128,16,163840,3930028908,3.8331838250160217,1024,1024,1,1.0
2022-09-24T07:42:10,rec.2.tanh-attention.2.pos,1290,483,4.000618934631348,0.5,0.1,128,16,989184,3930028908,4.175221681594849,1024,1024,1,1.0
2022-09-24T07:42:12,dense.2.tanh,1282,61,1.0037260055541992,0.5,0.1,128,32,249856,3930028908,4.235669732093811,1024,1024,1,1.0
2022-09-24T07:42:15,rec.2.tanh-suffix.2,1798,314,2.0037920475006104,0.5,0.1,128,8,321536,3930028908,4.232012987136841,1024,1024,1,1.0
2022-09-24T07:42:17,mgru.2-suffix.2,2316,39,1.0038177967071533,0.5,0.1,128,16,79872,3930028908,4.2845447063446045,1024,1024,1,1.0
2022-09-24T07:42:20,rec.2.tanh-suffix.2,1798,52,1.0057637691497803,0.5,0.1,128,32,212992,3930028908,4.227129578590393,1024,1024,1,1.0
2022-09-24T07:42:23,rec.2.tanh-attention.2.pos,1290,195,2.000645160675049,0.5,0.1,128,16,399360,3930028908,4.252708077430725,1024,1024,1,1.0
2022-09-24T07:42:25,dense.4.tanh-suffix.2,3332,53,1.0021569728851318,0.5,0.1,128,32,217088,3930028908,3.8261837363243103,1024,1024,1,1.0
2022-09-24T07:42:31,suffix.2-dense.4.tanh-suffix.2,4356,439,4.005544185638428,0.5,0.1,128,16,899072,3930028908,3.708051919937134,1024,1024,1,1.0
2022-09-24T07:42:33,dense.2.tanh-dense.2.relu,1288,50,1.0085511207580566,0.5,0.1,128,32,204800,3930028908,4.538040280342102,1024,1024,1,1.0
2022-09-24T07:42:37,suffix.2-dense.4.tanh-suffix.2-dense.8.relu,4428,156,2.0062367916107178,0.5,0.1,128,16,319488,3930028908,3.807965397834778,1024,1024,1,1.0
2022-09-24T07:42:39,rec.2.relu-suffix.2,1798,72,1.0053491592407227,0.5,0.1,128,16,147456,3930028908,4.215675592422485,1024,1024,1,1.0
2022-09-24T07:42:41,dense.4.tanh-suffix.2,3332,49,1.001682996749878,0.5,0.1,128,32,200704,3930028908,3.878868281841278,1024,1024,1,1.0
2022-09-24T07:42:44,rec.4.relu-suffix.2,3348,160,2.005965232849121,0.5,0.1,128,32,655360,3930028908,3.9717386960983276,1024,1024,1,1.0
2022-09-24T07:42:49,dense.2.tanh,1282,420,4.004199743270874,0.5,0.1,128,32,1720320,3930028908,4.178449034690857,1024,1024,1,1.0
2022-09-24T07:42:51,rec.2.relu-suffix.2-dense.4.relu,1818,54,1.0022399425506592,0.5,0.1,128,16,110592,3930028908,4.732308864593506,1024,1024,1,1.0
2022-09-24T07:42:54,rec.2.relu-suffix.2,1798,73,1.001492977142334,0.2,0.1,128,16,149504,3930028908,4.220711827278137,1024,1024,1,1.0
2022-09-24T07:42:57,suffix.2-dense.4.tanh-suffix.2,4356,254,2.003708839416504,0.5,0.1,128,8,260096,3930028908,3.8249446749687195,1024,1024,1,1.0
2022-09-24T07:42:59,rec.2.tanh-suffix.2,1798,72,1.0052711963653564,0.5,0.1,128,16,147456,3930028908,4.11826753616333,1024,1024,1,1.0
2022-09-24T07:43:04,dense.4.tanh-suffix.2,3332,548,4.003092050552368,0.5,0.1,128,16,1122304,3930028908,3.8849087953567505,1024,1024,1,1.0
2022-09-24T07:43:07,rec.4.tanh-suffix.2,3348,65,1.0012779235839844,0.5,0.1,128,16,133120,3930028908,3.8463883996009827,1024,1024,1,1.0
2022-09-24T07:43:10,suffix.2-dense.4.tanh-suffix.2,4356,182,2.0037901401519775,0.2,0.1,128,16,372736,3930028908,3.75625079870224,1024,1024,1,1.0
2022-09-24T07:43:12,rec.2.tanh-suffix.2,1798,71,1.0032219886779785,0.5,0.1,128,16,145408,3930028908,4.070857644081116,1024,1024,1,1.0
2022-09-24T07:43:16,suffix.2-dense.2.tanh-suffix.2,2306,198,2.004404067993164,0.2,0.1,128,16,405504,3930028908,4.159996867179871,1024,1024,1,1.0
2022-09-24T07:43:18,rec.2.tanh-suffix.2,1798,65,1.0016210079193115,1.0,0.1,128,16,133120,3930028908,4.515913486480713,1024,1024,1,1.0
2022-09-24T07:43:23,rec.2.relu-suffix.2,1798,567,4.001827001571655,0.5,0.1,128,16,1161216,3930028908,4.167269349098206,1024,1024,1,1.0
2022-09-24T07:43:25,dense.2.tanh-suffix.2,1794,115,1.002458095550537,0.5,0.1,128,8,117760,3930028908,4.114231586456299,1024,1024,1,1.0
2022-09-24T07:43:29,attention.2-dense.4.tanh-suffix.2,3332,213,2.000066041946411,0.2,0.1,128,16,436224,3930028908,3.9423952102661133,1024,1024,1,1.0
2022-09-24T07:43:31,dense.2.tanh-attention.2,1282,82,1.0033819675445557,0.5,0.1,128,8,83968,3930028908,4.2923173904418945,1024,1024,1,1.0
2022-09-24T07:43:34,attention.2-dense.4.tanh,2308,63,1.0034410953521729,0.5,0.1,128,16,129024,3930028908,4.125707387924194,1024,1024,1,1.0
2022-09-24T07:43:38,suffix.2-dense.4.tanh-suffix.2,4356,183,2.0004029273986816,0.2,0.1,128,16,374784,3930028908,3.743852734565735,1024,1024,1,1.0
2022-09-24T07:43:40,mgru.4-suffix.2,4392,30,1.0066099166870117,0.5,0.1,128,16,61440,3930028908,4.008356988430023,1024,1024,1,1.0
2022-09-24T07:43:46,rec.2.relu-attention.4.pos,1294,491,4.006184101104736,0.5,0.1,128,16,1005568,3930028908,4.407696723937988,1024,1024,1,1.0
2022-09-24T07:43:48,attention.2-dense.2.tanh,1282,60,1.004256010055542,0.5,0.1,128,16,122880,3930028908,4.2936110496521,1024,1024,1,1.0
2022-09-24T07:43:52,suffix.2-dense.4.tanh-attention.2.pos,3340,160,2.007716178894043,0.2,0.1,128,16,327680,3930028908,3.8534207940101624,1024,1024,1,1.0
2022-09-24T07:43:54,dense.4.tanh-suffix.2,3332,65,1.0026750564575195,0.5,0.1,128,8,66560,3930028908,3.9079354405403137,1024,1024,1,1.0
2022-09-24T07:43:56,rec.4.tanh-attention.2,2324,39,1.002384901046753,0.5,0.1,128,16,79872,3930028908,4.0009390115737915,1024,1024,1,1.0
2022-09-24T07:44:00,dense.1.tanh-attention.8.pos,777,249,2.003957986831665,0.5,0.1,128,16,509952,3930028908,4.3870731592178345,1024,1024,1,1.0
2022-09-24T07:44:06,dense.1.tanh-suffix.2-dense.2.relu,1031,381,4.00416374206543,0.5,0.1,128,32,1560576,3930028908,4.823251247406006,1024,1024,1,1.0
2022-09-24T07:44:08,dense.2.tanh,1282,59,1.0006022453308105,0.2,0.1,128,32,241664,3930028908,4.534362554550171,1024,1024,1,1.0
2022-09-24T07:44:10,dense.2.relu-suffix.2,1794,109,1.0011610984802246,0.5,0.1,128,8,111616,3930028908,4.192839860916138,1024,1024,1,1.0
2022-09-24T07:44:13,dense.2.tanh-attention.2,1282,313,2.0017452239990234,0.5,0.1,128,8,320512,3930028908,4.248013138771057,1024,1024,1,1.0
2022-09-24T07:44:15,dense.4.tanh-suffix.2-rec.4.relu,2360,33,1.003817081451416,0.5,0.1,128,16,67584,3930028908,4.654185652732849,1024,1024,1,1.0
2022-09-24T07:44:21,suffix.2-dense.2.tanh-suffix.2,2306,314,4.001194000244141,0.5,0.1,128,32,1286144,3930028908,3.9964271783828735,1024,1024,1,1.0
2022-09-24T07:44:23,dense.2.tanh-suffix.2,1794,111,1.0027978420257568,0.5,0.1,128,8,113664,3930028908,4.168465852737427,1024,1024,1,1.0
2022-09-24T07:44:27,attention.2-dense.4.tanh,2308,233,2.000088930130005,0.5,0.1,128,16,477184,3930028908,3.993587911128998,1024,1024,1,1.0
2022-09-24T07:44:29,attention.2-mgru.1,1028,41,1.003911018371582,0.5,0.1,128,16,83968,3930028908,4.4772104024887085,1024,1024,1,1.0
2022-09-24T07:44:33,suffix.2-dense.4.relu-suffix.2,4356,187,2.005845069885254,0.2,0.1,128,16,382976,3930028908,3.6978357434272766,1024,1024,1,1.0
2022-09-24T07:44:35,rec.1.relu-suffix.2,1026,106,1.0041489601135254,0.5,0.1,128,8,108544,3930028908,4.53112530708313,1024,1024,1,1.0
2022-09-24T07:44:41,dense.2.tanh-attention.2,1282,636,4.012419939041138,0.5,0.1,128,8,651264,3930028908,4.200250625610352,1024,1024,1,1.0
2022-09-24T07:44:43,rec.4.tanh-suffix.4,5396,54,1.0015969276428223,0.5,0.1,128,16,110592,3930028908,3.8592817187309265,1024,1024,1,1.0
2022-09-24T07:44:47,suffix.2-rec.2.relu-suffix.2,2310,178,2.0072669982910156,0.2,0.1,128,16,364544,3930028908,4.011344075202942,1024,1024,1,1.0
2022-09-24T07:44:49,rec.1.relu-suffix.2,1026,78,1.0058610439300537,0.2,0.1,128,16,159744,3930028908,4.625297546386719,1024,1024,1,1.0
2022-09-24T07:44:51,dense.4.relu-attention.2,2308,57,1.0026769638061523,0.5,0.1,128,16,116736,3930028908,4.327961206436157,1024,1024,1,1.0
2022-09-24T07:44:55,suffix.2-rec.2.tanh,1798,174,2.005669116973877,0.5,0.1,128,16,356352,3930028908,4.125726938247681,1024,1024,1,1.0
2022-09-24T07:44:58,rec.4.relu-suffix.4,5396,59,1.001129150390625,0.5,0.1,128,16,120832,3930028908,4.272446990013123,1024,1024,1,1.0
2022-09-24T07:45:03,dense.2.tanh-suffix.2-dense.1.relu,1031,445,4.00370192527771,0.5,0.1,128,32,1822720,3930028908,4.804222464561462,1024,1024,1,1.0
2022-09-24T07:45:05,rec.4.relu-suffix.2,3348,74,1.0015928745269775,0.5,0.1,128,8,75776,3930028908,4.2470782995224,1024,1024,1,1.0
2022-09-24T07:45:08,dense.2.tanh,1282,179,2.0020530223846436,0.5,0.1,128,32,733184,3930028908,4.16231894493103,1024,1024,1,1.0
2022-09-24T07:45:11,gru.1.relu-suffix.2,1542,40,1.0036568641662598,0.5,0.1,128,8,40960,3930028908,4.535291314125061,1024,1024,1,1.0
2022-09-24T07:45:13,dense.1.tanh-attention.2,769,107,1.0008339881896973,0.5,0.1,128,8,109568,3930028908,4.4553152322769165,1024,1024,1,1.0
2022-09-24T07:45:17,attention.2-dense.2.tanh,1282,224,2.000185012817383,0.5,0.1,128,16,458752,3930028908,4.224049091339111,1024,1024,1,1.0
2022-09-24T07:45:22,suffix.2-dense.4.relu-suffix.2,4356,451,4.001447916030884,0.2,0.1,128,16,923648,3930028908,3.621130347251892,1024,1024,1,1.0
2022-09-24T07:45:25,dense.4.tanh-suffix.2,3332,151,1.0010919570922852,0.5,0.1,128,4,77312,3930028908,4.053137540817261,1024,1024,1,1.0
2022-09-24T07:45:27,rec.4.tanh-suffix.4,5396,58,1.0002522468566895,0.5,0.1,128,16,118784,3930028908,3.9362180829048157,1024,1024,1,1.0
2022-09-24T07:45:30,rec.2.relu,1286,308,2.003741979598999,0.5,0.1,128,8,315392,3930028908,4.2449504137039185,1024,1024,1,1.0
2022-09-24T07:45:33,attention.2-dense.4.tanh-suffix.2,3332,69,1.0035078525543213,0.5,0.1,128,8,70656,3930028908,4.068976819515228,1024,1024,1,1.0
2022-09-24T07:45:39,attention.2-dense.2.tanh,1282,555,4.005220890045166,0.5,0.1,128,16,1136640,3930028908,4.227780342102051,1024,1024,1,1.0
2022-09-24T07:45:42,suffix.2-dense.4.tanh-suffix.2,4356,51,1.002202033996582,0.5,0.1,128,16,104448,3930028908,3.931360363960266,1024,1024,1,1.0
2022-09-24T07:45:45,attention.2-dense.1.tanh,769,270,2.0048179626464844,0.5,0.1,128,16,552960,3930028908,4.432996034622192,1024,1024,1,1.0
2022-09-24T07:45:47,dense.2.tanh-dense.1.relu,1029,51,1.0043158531188965,0.5,0.1,128,32,208896,3930028908,4.80332612991333,1024,1024,1,1.0
2022-09-24T07:45:50,rec.4.tanh,2324,248,2.0039079189300537,0.5,0.1,128,16,507904,3930028908,3.7776549458503723,1024,1024,1,1.0
2022-09-24T07:45:53,rec.2.relu-suffix.2,1798,133,1.0016281604766846,0.5,0.1,128,4,68096,3930028908,4.447946071624756,1024,1024,1,1.0
2022-09-24T07:45:58,suffix.2-dense.4.tanh-suffix.2,4356,440,4.002694845199585,0.2,0.1,128,16,901120,3930028908,3.666593849658966,1024,1024,1,1.0
2022-09-24T07:46:01,suffix.2-dense.4.tanh-attention.2.pos,3340,31,1.005336046218872,0.5,0.1,128,16,63488,3930028908,4.048611521720886,1024,1024,1,1.0
2022-09-24T07:46:05,rec.4.tanh-suffix.4,5396,206,2.000255823135376,0.5,0.1,128,16,421888,3930028908,3.912230610847473,1024,1024,1,1.0
2022-09-24T07:46:07,dense.4.tanh-suffix.4,5380,69,1.0031020641326904,0.5,0.1,128,16,141312,3930028908,3.8389551043510437,1024,1024,1,1.0
2022-09-24T07:46:09,rec.4.tanh-attention.2,2324,43,1.0012290477752686,0.5,0.1,128,16,88064,3930028908,3.913019359111786,1024,1024,1,1.0
2022-09-24T07:46:12,rec.2.relu,1286,162,2.0051450729370117,0.5,0.1,128,32,663552,3930028908,4.1361130475997925,1024,1024,1,1.0
2022-09-24T07:46:15,attention.2-dense.4.tanh-suffix.2,3332,52,1.0016200542449951,0.5,0.1,128,16,106496,3930028908,4.03321373462677,1024,1024,1,1.0
2022-09-24T07:46:20,dense.4.relu-suffix.2,3332,622,4.001287937164307,0.2,0.1,128,16,1273856,3930028908,3.841598153114319,1024,1024,1,1.0
2022-09-24T07:46:22,dense.2.tanh,1282,60,1.0051908493041992,1.0,0.1,128,32,245760,3930028908,4.244296908378601,1024,1024,1,1.0
2022-09-24T07:46:26,dense.4.tanh-suffix.2,3332,463,2.0008280277252197,0.5,0.1,128,4,237056,3930028908,4.168268084526062,1024,1024,1,1.0
2022-09-24T07:46:28,dense.1.tanh,769,74,1.0000388622283936,1.0,0.1,128,32,303104,3930028908,4.484529137611389,1024,1024,1,1.0
2022-09-24T07:46:30,rec.4.relu-attention.2,2324,49,1.000128984451294,0.5,0.1,128,16,100352,3930028908,4.168879866600037,1024,1024,1,1.0
2022-09-24T07:46:34,suffix.4-dense.4.relu-suffix.2,6404,125,2.0095012187957764,0.2,0.1,128,16,256000,3930028908,3.779015362262726,1024,1024,1,1.0
2022-09-24T07:46:40,suffix.2-dense.4.relu-suffix.2,4356,427,4.003056049346924,0.2,0.1,128,16,874496,3930028908,3.7037639021873474,1024,1024,1,1.0
2022-09-24T07:46:42,rec.1.relu,770,65,1.0003352165222168,1.0,0.1,128,32,266240,3930028908,4.793673396110535,1024,1024,1,1.0
2022-09-24T07:46:51,dense.1.tanh-suffix.2,1025,251,8.008636236190796,0.5,0.1,128,128,4112384,3930028908,4.259358644485474,1024,1024,1,1.0
2022-09-24T07:46:54,dense.8.tanh-suffix.2,6408,32,1.0015170574188232,0.5,0.1,128,16,65536,3930028908,3.8719135522842407,1024,1024,1,1.0
2022-09-24T07:46:58,suffix.2-rec.1.relu-suffix.2,1282,178,2.001605987548828,0.2,0.1,128,16,364544,3930028908,4.296830058097839,1024,1024,1,1.0
2022-09-24T07:47:00,attention.2-rec.4.tanh-attention.2,2324,23,1.0048768520355225,0.5,0.1,128,16,47104,3930028908,4.705874681472778,1024,1024,1,1.0
2022-09-24T07:47:03,suffix.2-rec.2.relu-attention.2.pos,1802,26,1.0005860328674316,0.5,0.1,128,16,53248,3930028908,4.8332765102386475,1024,1024,1,1.0
2022-09-24T07:47:07,suffix.2-dense.4.relu,3332,199,2.005824089050293,0.2,0.1,128,16,407552,3930028908,3.7343191504478455,1024,1024,1,1.0
2022-09-24T07:47:13,suffix.2-dense.2.relu-suffix.2,2306,480,4.000974178314209,0.2,0.1,128,16,983040,3930028908,3.9862058758735657,1024,1024,1,1.0
2022-09-24T07:47:15,attention.2-rec.2.relu-suffix.2,1798,55,1.0046029090881348,0.5,0.1,128,8,56320,3930028908,4.549524545669556,1024,1024,1,1.0
2022-09-24T07:47:17,rec.4.tanh-attention.2-dense.4.relu,2344,25,1.00217604637146,0.5,0.1,128,16,51200,3930028908,4.4126152992248535,1024,1024,1,1.0
2022-09-24T07:47:21,rec.4.relu-attention.2,2324,217,2.003908157348633,0.5,0.1,128,16,444416,3930028908,4.087108373641968,1024,1024,1,1.0
2022-09-24T07:47:24,attention.2-rec.2.relu-attention.2,1286,25,1.0010020732879639,0.5,0.1,128,16,51200,3930028908,4.460529088973999,1024,1024,1,1.0
2022-09-24T07:47:33,dense.2.tanh-suffix.2-dense.2.relu,1292,717,8.00123906135559,0.5,0.1,128,32,2936832,3930028908,4.079121112823486,1024,1024,1,1.0
2022-09-24T07:47:35,rec.4.tanh-attention.2,2324,27,1.0015113353729248,0.5,0.1,128,32,110592,3930028908,4.112035870552063,1024,1024,1,1.0
2022-09-24T07:47:39,suffix.2-dense.2.relu,1794,194,2.0007150173187256,0.2,0.1,128,16,397312,3930028908,4.096237063407898,1024,1024,1,1.0
2022-09-24T07:47:45,suffix.4-dense.4.relu-suffix.2,6404,319,4.000468015670776,0.2,0.1,128,16,653312,3930028908,3.6080066561698914,1024,1024,1,1.0
2022-09-24T07:47:47,dense.8.tanh,4360,74,1.0058400630950928,0.5,0.1,128,16,151552,3930028908,3.8767473101615906,1024,1024,1,1.0
2022-09-24T07:47:49,rec.4.tanh,2324,76,1.0041189193725586,0.5,0.1,128,16,155648,3930028908,4.019837141036987,1024,1024,1,1.0
2022-09-24T07:47:52,rec.4.tanh-attention.2,2324,147,2.0009427070617676,0.5,0.1,128,32,602112,3930028908,3.8309958577156067,1024,1024,1,1.0
2022-09-24T07:47:54,rec.4.tanh-attention.2,2324,58,1.0049941539764404,0.5,0.1,128,8,59392,3930028908,4.031970977783203,1024,1024,1,1.0
2022-09-24T07:48:00,suffix.4-dense.4.relu-suffix.2,6404,327,4.0083229541778564,0.2,0.1,128,16,669696,3930028908,3.5887522101402283,1024,1024,1,1.0
2022-09-24T07:48:03,mgru.2-attention.2,1804,12,1.008476972579956,0.5,0.1,128,32,49152,3930028908,4.77062451839447,1024,1024,1,1.0
2022-09-24T07:48:06,rec.4.tanh-attention.2,2324,275,2.000818967819214,0.5,0.1,128,8,281600,3930028908,3.969642460346222,1024,1024,1,1.0
2022-09-24T07:48:08,dense.2.tanh-suffix.2-dense.4.relu,1814,83,1.0033988952636719,0.5,0.1,128,8,84992,3930028908,4.4959025382995605,1024,1024,1,1.0
2022-09-24T07:48:11,dense.4.relu,2308,282,2.002856969833374,0.2,0.1,128,16,577536,3930028908,3.9077720642089844,1024,1024,1,1.0
2022-09-24T07:48:14,dense.8.tanh-attention.2.pos,4376,23,1.0013267993927002,0.5,0.1,128,16,47104,3930028908,3.9397419691085815,1024,1024,1,1.0
2022-09-24T07:48:23,suffix.2-dense.4.relu-suffix.2,4356,821,8.012265920639038,0.2,0.1,128,16,1681408,3930028908,3.622287094593048,1024,1024,1,1.0
2022-09-24T07:48:26,attention.2.pos-dense.4.tanh-suffix.4,5892,19,1.005235195159912,0.5,0.1,128,16,38912,3930028908,5.101107716560364,1024,1024,1,1.0
2022-09-24T07:48:32,suffix.2-dense.1.relu-suffix.2,1281,462,4.003727197647095,0.2,0.1,128,16,946176,3930028908,4.248738169670105,1024,1024,1,1.0
2022-09-24T07:48:34,rec.4.tanh-attention.2,2324,43,1.0028810501098633,0.2,0.1,128,16,88064,3930028908,4.533022880554199,1024,1024,1,1.0
2022-09-24T07:48:38,rec.2.tanh-attention.2,1286,137,2.003678798675537,0.5,0.1,128,32,561152,3930028908,4.16053318977356,1024,1024,1,1.0
2022-09-24T07:48:40,rec.2.relu,1286,69,1.006042718887329,0.2,0.1,128,16,141312,3930028908,4.430172920227051,1024,1024,1,1.0
2022-09-24T07:48:43,dense.1.tanh,769,211,2.001882791519165,1.0,0.1,128,32,864256,3930028908,4.4840638637542725,1024,1024,1,1.0
2022-09-24T07:48:45,rec.4.tanh-attention.2,2324,41,1.001969814300537,1.0,0.1,128,16,83968,3930028908,4.588782548904419,1024,1024,1,1.0
2022-09-24T07:48:51,suffix.4-dense.4.tanh-suffix.2,6404,320,4.0052831172943115,0.2,0.1,128,16,655360,3930028908,3.6213016510009766,1024,1024,1,1.0
2022-09-24T07:48:53,dense.2.tanh-suffix.2,1794,168,1.001737356185913,0.5,0.1,128,4,86016,3930028908,4.2429773807525635,1024,1024,1,1.0
2022-09-24T07:48:57,suffix.2-dense.1.relu,1025,221,2.0022120475769043,0.2,0.1,128,16,452608,3930028908,4.394619941711426,1024,1024,1,1.0
2022-09-24T07:49:00,dense.4.tanh-suffix.4-dense.16.relu,5652,23,1.0030808448791504,0.5,0.1,128,16,47104,3930028908,4.319314002990723,1024,1024,1,1.0
2022-09-24T07:49:09,mgru.2-attention.2,1804,121,8.007796049118042,0.5,0.1,128,256,3964928,3930028908,4.078485727310181,1024,1024,1,1.0
2022-09-24T07:49:12,gru.4.relu-suffix.2,5436,20,1.0046870708465576,0.5,0.1,128,16,40960,3930028908,4.476741671562195,1024,1024,1,1.0
2022-09-24T07:49:16,attention.2.pos-dense.4.relu-suffix.2,3844,152,2.0074291229248047,0.2,0.1,128,16,311296,3930028908,4.853934407234192,1024,1024,1,1.0
2022-09-24T07:49:18,dense.4.tanh-suffix.2,3332,53,1.0043067932128906,0.2,0.1,128,32,217088,3930028908,4.243274688720703,1024,1024,1,1.0
2022-09-24T07:49:23,rec.4.tanh-attention.2,2324,387,4.00499701499939,0.5,0.1,128,32,1585152,3930028908,3.7901968359947205,1024,1024,1,1.0
2022-09-24T07:49:25,dense.4.relu-attention.2.pos,2316,36,1.0050468444824219,0.5,0.1,128,32,147456,3930028908,4.374391317367554,1024,1024,1,1.0
2022-09-24T07:49:28,mgru.1-attention.2,1028,126,2.0001537799835205,0.5,0.1,128,32,516096,3930028908,4.426204681396484,1024,1024,1,1.0
2022-09-24T07:49:31,rec.4.tanh-attention.2.pos,2332,34,1.0041160583496094,0.5,0.1,128,16,69632,3930028908,4.0576289892196655,1024,1024,1,1.0
2022-09-24T07:49:33,dense.1.tanh-suffix.2,1025,180,1.000932216644287,0.5,0.1,128,4,92160,3930028908,4.427474498748779,1024,1024,1,1.0
2022-09-24T07:49:37,dense.1.tanh-suffix.2,1025,519,2.0004959106445312,0.5,0.1,128,4,265728,3930028908,4.397507667541504,1024,1024,1,1.0
2022-09-24T07:49:39,dense.4.tanh-attention.2.pos,2316,27,1.004014015197754,0.5,0.1,128,32,110592,3930028908,4.065606236457825,1024,1024,1,1.0
2022-09-24T07:49:46,attention.4-dense.4.relu-suffix.2,3332,504,4.001044034957886,0.2,0.1,128,16,1032192,3930028908,4.022557556629181,1024,1024,1,1.0
2022-09-24T07:49:48,dense.4.tanh-dense.4.relu,2328,46,1.0062837600708008,0.5,0.1,128,32,188416,3930028908,4.232600927352905,1024,1024,1,1.0
2022-09-24T07:49:51,rec.2.relu,1286,238,2.0045580863952637,0.2,0.1,128,16,487424,3930028908,4.198454737663269,1024,1024,1,1.0
2022-09-24T07:49:53,dense.4.tanh,2308,61,1.00095796585083,0.5,0.1,128,32,249856,3930028908,3.990190625190735,1024,1024,1,1.0
2022-09-24T07:50:02,rec.4.tanh-attention.2,2324,843,8.005703926086426,0.5,0.1,128,32,3452928,3930028908,3.803688645362854,1024,1024,1,1.0
2022-09-24T07:50:05,suffix.2-dense.4.tanh-attention.2,3332,37,1.0027797222137451,0.5,0.1,128,16,75776,3930028908,4.017681300640106,1024,1024,1,1.0
2022-09-24T07:50:08,dense.2.relu,1282,233,2.004467010498047,0.2,0.1,128,16,477184,3930028908,4.1821547746658325,1024,1024,1,1.0
2022-09-24T07:50:11,dense.1.tanh-suffix.2,1025,118,1.0025830268859863,0.2,0.1,128,8,120832,3930028908,4.584594964981079,1024,1024,1,1.0
2022-09-24T07:50:16,dense.2.relu,1282,631,4.00161600112915,0.2,0.1,128,16,1292288,3930028908,4.162238359451294,1024,1024,1,1.0
2022-09-24T07:50:19,dense.1.tanh-suffix.2,1025,118,1.0032382011413574,1.0,0.1,128,8,120832,3930028908,4.605673313140869,1024,1024,1,1.0
2022-09-24T07:50:22,suffix.2-dense.4.relu-suffix.2-dense.8.relu,4428,159,2.006842851638794,0.2,0.1,128,16,325632,3930028908,3.834129214286804,1024,1024,1,1.0
2022-09-24T07:50:25,dense.4.tanh-rec.2.relu,1810,37,1.0092642307281494,0.5,0.1,128,32,151552,3930028908,4.492084383964539,1024,1024,1,1.0
2022-09-24T07:50:27,dense.4.tanh,2308,38,1.006866216659546,0.5,0.1,128,64,311296,3930028908,4.02066433429718,1024,1024,1,1.0
2022-09-24T07:50:31,suffix.2-dense.4.relu-suffix.2,4356,125,2.00632905960083,0.2,0.1,128,32,512000,3930028908,3.878796875476837,1024,1024,1,1.0
2022-09-24T07:50:36,rec.4.tanh-attention.2,2324,684,4.000868797302246,0.5,0.1,128,8,700416,3930028908,3.9929527044296265,1024,1024,1,1.0
2022-09-24T07:50:38,rec.2.tanh-attention.2,1286,28,1.0012810230255127,0.5,0.1,128,32,114688,3930028908,4.3244733810424805,1024,1024,1,1.0
2022-09-24T07:50:47,dense.2.relu-suffix.2,1794,908,8.009643077850342,0.5,0.1,128,32,3719168,3930028908,4.041190505027771,1024,1024,1,1.0
2022-09-24T07:50:50,dense.1.tanh-suffix.2,1025,176,1.0029051303863525,0.5,0.1,128,4,90112,3930028908,4.565125107765198,1024,1024,1,1.0
2022-09-24T07:50:54,suffix.2-dense.4.relu-attention.2,3332,172,2.0004920959472656,0.2,0.1,128,16,352256,3930028908,3.8003064393997192,1024,1024,1,1.0
2022-09-24T07:50:57,attention.4-dense.4.tanh-suffix.2,3332,46,1.000607967376709,0.5,0.1,128,16,94208,3930028908,4.282641172409058,1024,1024,1,1.0
2022-09-24T07:51:00,gru.2.tanh-suffix.2,2834,23,1.003584861755371,0.5,0.1,128,16,47104,3930028908,4.3321192264556885,1024,1024,1,1.0
2022-09-24T07:51:03,suffix.2-dense.4.relu-suffix.4,6404,171,2.0019710063934326,0.2,0.1,128,16,350208,3930028908,3.6970435976982117,1024,1024,1,1.0
2022-09-24T07:51:10,suffix.8-dense.4.relu-suffix.2,10500,208,4.013141870498657,0.2,0.1,128,16,425984,3930028908,3.7349594831466675,1024,1024,1,1.0
2022-09-24T07:51:12,dense.8.relu,4360,79,1.0030450820922852,0.5,0.1,128,16,161792,3930028908,4.007967293262482,1024,1024,1,1.0
2022-09-24T07:51:14,dense.4.tanh,2308,90,1.001004934310913,0.5,0.1,128,16,184320,3930028908,4.014164447784424,1024,1024,1,1.0
2022-09-24T07:51:18,attention.2-rec.2.relu,1286,200,2.000231981277466,0.5,0.1,128,16,409600,3930028908,4.497937083244324,1024,1024,1,1.0
2022-09-24T07:51:21,attention.2-dense.4.relu-suffix.2,3332,55,1.0053598880767822,0.5,0.1,128,16,112640,3930028908,4.164861440658569,1024,1024,1,1.0
2022-09-24T07:51:30,rec.4.tanh-attention.2.pos,2332,999,8.000914812088013,0.5,0.1,128,16,2045952,3930028908,3.837568521499634,1024,1024,1,1.0
2022-09-24T07:51:32,dense.8.tanh,4360,73,1.0048260688781738,0.5,0.1,128,16,149504,3930028908,3.8971241116523743,1024,1024,1,1.0
2022-09-24T07:51:36,mgru.2,1804,175,2.002929925918579,0.5,0.1,128,16,358400,3930028908,4.094515085220337,1024,1024,1,1.0
2022-09-24T07:51:41,suffix.2-rec.2.relu-suffix.2,2310,433,4.000061273574829,0.2,0.1,128,16,886784,3930028908,3.992406904697418,1024,1024,1,1.0
2022-09-24T07:51:44,rec.2.tanh-attention.2,1286,49,1.0007259845733643,0.5,0.1,128,8,50176,3930028908,4.282120704650879,1024,1024,1,1.0
2022-09-24T07:51:46,dense.4.tanh-suffix.2,3332,91,1.0024092197418213,0.2,0.1,128,8,93184,3930028908,4.03877592086792,1024,1024,1,1.0
2022-09-24T07:51:49,dense.2.tanh-suffix.2-rec.2.relu,1296,143,2.005192279815674,0.5,0.1,128,32,585728,3930028908,4.160167336463928,1024,1024,1,1.0
2022-09-24T07:51:51,rec.2.relu,1286,52,1.0082387924194336,0.5,0.1,128,32,212992,3930028908,4.236208200454712,1024,1024,1,1.0
2022-09-24T07:51:58,suffix.4-rec.2.tanh-suffix.2,3334,306,4.000520944595337,0.2,0.1,128,16,626688,3930028908,3.9837679266929626,1024,1024,1,1.0
2022-09-24T07:52:00,dense.2.tanh,1282,172,1.0018370151519775,0.5,0.1,128,4,88064,3930028908,4.370251417160034,1024,1024,1,1.0
2022-09-24T07:52:03,dense.4.tanh-suffix.2,3332,328,2.0003321170806885,0.2,0.1,128,8,335872,3930028908,3.8105245232582092,1024,1024,1,1.0
2022-09-24T07:52:05,dense.4.relu-suffix.2,3332,81,1.0020778179168701,0.5,0.1,128,16,165888,3930028908,3.946490705013275,1024,1024,1,1.0
2022-09-24T07:52:09,suffix.2-dense.4.tanh-suffix.4,6404,170,2.0047450065612793,0.2,0.1,128,16,348160,3930028908,3.700804114341736,1024,1024,1,1.0
2022-09-24T07:52:11,rec.2.tanh-suffix.2,1798,86,1.0004940032958984,0.2,0.1,128,8,88064,3930028908,4.46641993522644,1024,1024,1,1.0
2022-09-24T07:52:20,dense.4.tanh-suffix.2,3332,1120,8.00441288948059,0.5,0.1,128,16,2293760,3930028908,3.8721975684165955,1024,1024,1,1.0
2022-09-24T07:52:23,mgru.2,1804,40,1.001357078552246,0.5,0.1,128,16,81920,3930028908,4.380802750587463,1024,1024,1,1.0
2022-09-24T07:52:29,suffix.4-dense.4.relu,5380,333,4.010009050369263,0.2,0.1,128,16,681984,3930028908,3.6876633167266846,1024,1024,1,1.0
2022-09-24T07:52:31,dense.4.tanh-attention.2.pos,2316,62,1.0042729377746582,0.5,0.1,128,8,63488,3930028908,4.038343071937561,1024,1024,1,1.0
2022-09-24T07:52:35,suffix.2-rec.2.tanh-attention.2,1798,150,2.002823829650879,0.2,0.1,128,16,307200,3930028908,4.3852455615997314,1024,1024,1,1.0
2022-09-24T07:52:37,rec.1.relu,770,184,1.0024561882019043,0.5,0.1,128,4,94208,3930028908,4.8628997802734375,1024,1024,1,1.0
2022-09-24T07:52:40,dense.4.relu-suffix.4,5380,235,2.005216121673584,0.2,0.1,128,16,481280,3930028908,3.7514041662216187,1024,1024,1,1.0
2022-09-24T07:52:42,dense.4.relu,2308,109,1.0007431507110596,0.5,0.1,128,8,111616,3930028908,4.159888505935669,1024,1024,1,1.0
2022-09-24T07:52:47,rec.1.tanh-attention.2,770,65,4.046635866165161,0.5,0.1,128,256,2129920,3930028908,4.4141526222229,1024,1024,1,1.0
2022-09-24T07:52:50,attention.2.pos-dense.4.tanh,2820,40,1.0005769729614258,0.5,0.1,128,8,40960,3930028908,4.917636513710022,1024,1024,1,1.0
2022-09-24T07:52:54,suffix.2-dense.2.relu-suffix.4,3330,189,2.0028269290924072,0.2,0.1,128,16,387072,3930028908,4.03403115272522,1024,1024,1,1.0
2022-09-24T07:52:56,mgru.1-attention.2,1028,51,1.0030720233917236,0.5,0.1,128,8,52224,3930028908,4.450071096420288,1024,1024,1,1.0
2022-09-24T07:53:06,suffix.2-dense.4.relu-suffix.2,4356,975,8.00093412399292,0.2,0.1,128,16,1996800,3930028908,3.6579312682151794,1024,1024,1,1.0
2022-09-24T07:53:08,dense.4.tanh-dense.4.relu,2328,85,1.0024640560150146,0.5,0.1,128,8,87040,3930028908,4.270137548446655,1024,1024,1,1.0
2022-09-24T07:53:12,suffix.2-dense.4.relu-attention.4.pos,3348,160,2.002798080444336,0.2,0.1,128,16,327680,3930028908,3.949533700942993,1024,1024,1,1.0
2022-09-24T07:53:14,gru.1.relu,1286,23,1.0012249946594238,0.5,0.1,128,32,94208,3930028908,4.651754021644592,1024,1024,1,1.0
2022-09-24T07:53:20,suffix.4-dense.4.relu-suffix.4,8452,303,4.010406970977783,0.2,0.1,128,16,620544,3930028908,3.6166250705718994,1024,1024,1,1.0
2022-09-24T07:53:22,dense.4.tanh,2308,112,1.0019569396972656,1.0,0.1,128,8,114688,3930028908,4.511357545852661,1024,1024,1,1.0
2022-09-24T07:53:26,dense.4.relu-attention.4,2308,239,2.005034923553467,0.2,0.1,128,16,489472,3930028908,4.1248557567596436,1024,1024,1,1.0
2022-09-24T07:53:28,dense.4.tanh-suffix.2-dense.8.relu,3404,41,1.0058958530426025,0.5,0.1,128,32,167936,3930028908,3.9431846737861633,1024,1024,1,1.0
2022-09-24T07:53:30,rec.2.tanh,1286,51,1.0024499893188477,0.5,0.1,128,32,208896,3930028908,4.173755168914795,1024,1024,1,1.0
2022-09-24T07:53:33,dense.4.tanh-suffix.2-dense.8.relu,3404,152,2.0059168338775635,0.5,0.1,128,32,622592,3930028908,3.7327232360839844,1024,1024,1,1.0
2022-09-24T07:53:36,rec.2.tanh,1286,52,1.003138780593872,0.5,0.1,128,32,212992,3930028908,4.243451952934265,1024,1024,1,1.0
2022-09-24T07:53:41,dense.4.tanh-suffix.2-dense.8.relu,3404,372,4.001288890838623,0.5,0.1,128,32,1523712,3930028908,3.703862190246582,1024,1024,1,1.0
2022-09-24T07:53:43,dense.4.tanh-suffix.2-rec.4.tanh,2360,33,1.0065410137176514,0.5,0.1,128,32,135168,3930028908,4.159111142158508,1024,1024,1,1.0
2022-09-24T07:53:46,dense.2.tanh,1282,510,2.0022337436676025,0.5,0.1,128,4,261120,3930028908,4.291847109794617,1024,1024,1,1.0
2022-09-24T07:53:49,dense.4.tanh-suffix.2-rec.8.relu,3468,35,1.0038130283355713,0.5,0.1,128,32,143360,3930028908,nan,1024,1024,1,1.0
2022-09-24T07:53:59,suffix.4-dense.4.tanh-suffix.2,6404,700,8.003408908843994,0.2,0.1,128,16,1433600,3930028908,3.5778403878211975,1024,1024,1,1.0
2022-09-24T07:54:01,dense.4.tanh-suffix.2-rec.2.tanh,1818,34,1.0141918659210205,0.5,0.1,128,32,139264,3930028908,4.342279314994812,1024,1024,1,1.0
2022-09-24T07:54:05,suffix.2-dense.4.relu-suffix.2,4356,248,2.0033118724823,0.2,0.1,128,8,253952,3930028908,3.7712607979774475,1024,1024,1,1.0
2022-09-24T07:54:07,dense.4.relu,2308,87,1.0047438144683838,0.5,0.1,128,16,178176,3930028908,4.053871035575867,1024,1024,1,1.0
2022-09-24T07:54:13,suffix.4-dense.2.relu-suffix.4,4354,331,4.008695125579834,0.2,0.1,128,16,677888,3930028908,3.929384410381317,1024,1024,1,1.0
2022-09-24T07:54:16,dense.4.tanh-suffix.2-rec.2.tanh,1818,48,1.0007858276367188,0.5,0.1,128,16,98304,3930028908,4.346353530883789,1024,1024,1,1.0
2022-09-24T07:54:18,rec.1.relu,770,206,2.0005249977111816,0.5,0.1,128,32,843776,3930028908,4.39080274105072,1024,1024,1,1.0
2022-09-24T07:54:21,dense.4.tanh-suffix.2-rec.1.tanh,1550,67,1.0031590461730957,0.5,0.1,128,16,137216,3930028908,4.511565804481506,1024,1024,1,1.0
2022-09-24T07:54:23,attention.2.pos-dense.8.tanh,4872,24,1.007293939590454,0.5,0.1,128,16,49152,3930028908,5.009934782981873,1024,1024,1,1.0
2022-09-24T07:54:27,dense.2.tanh-suffix.4-rec.2.relu,1304,145,2.0030736923217773,0.5,0.1,128,32,593920,3930028908,4.1235880851745605,1024,1024,1,1.0
2022-09-24T07:54:33,suffix.4-dense.4.relu-suffix.2-dense.8.relu,6476,274,4.005560874938965,0.2,0.1,128,16,561152,3930028908,3.6902266144752502,1024,1024,1,1.0
2022-09-24T07:54:35,rec.2.tanh,1286,73,1.0026769638061523,0.5,0.1,128,16,149504,3930028908,4.175759196281433,1024,1024,1,1.0
2022-09-24T07:54:45,suffix.2-dense.2.relu-suffix.2,2306,1045,8.00057315826416,0.2,0.1,128,16,2140160,3930028908,3.9362146258354187,1024,1024,1,1.0
2022-09-24T07:54:47,rec.2.tanh-suffix.2-rec.2.tanh,1300,43,1.0022132396697998,0.5,0.1,128,16,88064,3930028908,4.3554991483688354,1024,1024,1,1.0
2022-09-24T07:54:50,rec.2.tanh-suffix.2-rec.2.tanh,1300,184,2.0020360946655273,0.5,0.1,128,16,376832,3930028908,4.1928160190582275,1024,1024,1,1.0
2022-09-24T07:54:53,rec.2.tanh-suffix.2-mgru.1,1042,34,1.0047228336334229,0.5,0.1,128,16,69632,3930028908,4.559875965118408,1024,1024,1,1.0
2022-09-24T07:54:55,dense.4.relu-suffix.2-dense.8.relu,3404,45,1.0071930885314941,0.5,0.1,128,32,184320,3930028908,4.533593058586121,1024,1024,1,1.0
2022-09-24T07:54:59,suffix.2-dense.4.relu-suffix.8,10500,140,2.000203847885132,0.2,0.1,128,16,286720,3930028908,3.7232946157455444,1024,1024,1,1.0
2022-09-24T07:55:04,dense.4.tanh-suffix.2,3332,780,4.001276254653931,0.2,0.1,128,8,798720,3930028908,3.7642833590507507,1024,1024,1,1.0
2022-09-24T07:55:06,dense.8.tanh-suffix.2,6408,50,1.000655174255371,0.5,0.1,128,32,204800,3930028908,3.690900206565857,1024,1024,1,1.0
2022-09-24T07:55:08,dense.8.tanh,4360,59,1.005408763885498,0.5,0.1,128,32,241664,3930028908,3.8428637981414795,1024,1024,1,1.0
2022-09-24T07:55:12,suffix.2-rec.2.tanh-suffix.4,3334,166,2.004462957382202,0.2,0.1,128,16,339968,3930028908,4.046054720878601,1024,1024,1,1.0
2022-09-24T07:55:14,rec.2.tanh-suffix.2-dense.1.relu,1035,64,1.0007998943328857,0.5,0.1,128,16,131072,3930028908,4.4953553676605225,1024,1024,1,1.0
2022-09-24T07:55:24,suffix.2-rec.2.relu-suffix.2,2310,947,8.004760980606079,0.2,0.1,128,16,1939456,3930028908,3.950924277305603,1024,1024,1,1.0
2022-09-24T07:55:26,attention.2.pos-dense.4.tanh-attention.2,2820,1,1.0008680820465088,0.5,0.1,128,16,2048,3930028908,8.28249454498291,1024,1024,1,1.0
2022-09-24T07:55:30,dense.2.tanh-suffix.4-dense.2.tanh,1300,153,2.000715970993042,0.5,0.1,128,32,626688,3930028908,4.206500172615051,1024,1024,1,1.0
2022-09-24T07:55:36,attention.4.pos-dense.4.tanh-suffix.2,4356,338,4.008968830108643,0.2,0.1,128,16,692224,3930028908,4.1766520738601685,1024,1024,1,1.0
2022-09-24T07:55:38,dense.8.tanh-suffix.2,6408,50,1.0023589134216309,0.5,0.1,128,32,204800,3930028908,3.709103584289551,1024,1024,1,1.0
2022-09-24T07:55:41,dense.4.tanh-suffix.2-gru.1.relu,1570,16,1.0083200931549072,0.5,0.1,128,32,65536,3930028908,4.893480896949768,1024,1024,1,1.0
2022-09-24T07:55:44,suffix.2-dense.4.relu-suffix.2,4356,181,2.0066051483154297,0.2,0.1,128,16,370688,3930028908,3.864749252796173,1024,1024,1,1.0
2022-09-24T07:55:47,dense.8.relu-suffix.2,6408,47,1.0000519752502441,0.5,0.1,128,32,192512,3930028908,3.9191991090774536,1024,1024,1,1.0
2022-09-24T07:55:52,mgru.2,1804,441,4.0069849491119385,0.5,0.1,128,16,903168,3930028908,4.057456195354462,1024,1024,1,1.0
2022-09-24T07:55:55,suffix.2-mgru.2-attention.2,2828,10,1.0034399032592773,0.5,0.1,128,16,20480,3930028908,4.7753822803497314,1024,1024,1,1.0
2022-09-24T07:55:59,suffix.2-dense.4.relu-suffix.4-dense.16.relu,6676,146,2.00358510017395,0.2,0.1,128,16,299008,3930028908,3.6800665259361267,1024,1024,1,1.0
2022-09-24T07:56:01,rec.4.tanh,2324,56,1.0055418014526367,0.5,0.1,128,32,229376,3930028908,3.8937663435935974,1024,1024,1,1.0
2022-09-24T07:56:04,dense.2.tanh-suffix.4-rec.1.relu,1036,176,2.006848096847534,0.5,0.1,128,32,720896,3930028908,4.356236577033997,1024,1024,1,1.0
2022-09-24T07:56:07,attention.2-rec.4.tanh,2324,36,1.0005419254302979,0.5,0.1,128,32,147456,3930028908,4.1342246532440186,1024,1024,1,1.0
2022-09-24T07:56:17,suffix.4-dense.4.relu,5380,717,8.000773191452026,0.2,0.1,128,16,1468416,3930028908,3.6587120294570923,1024,1024,1,1.0
2022-09-24T07:56:20,attention.2-rec.2.tanh,1286,34,1.0025629997253418,0.5,0.1,128,32,139264,3930028908,4.2830727100372314,1024,1024,1,1.0
2022-09-24T07:56:25,dense.2.tanh-suffix.4-rec.2.relu,1304,354,4.000590801239014,0.5,0.1,128,32,1449984,3930028908,4.35025691986084,1024,1024,1,1.0
2022-09-24T07:56:28,suffix.2-dense.8.tanh-suffix.2,8456,26,1.0106329917907715,0.5,0.1,128,32,106496,3930028908,3.773488402366638,1024,1024,1,1.0
2022-09-24T07:56:32,attention.2-rec.2.tanh,1286,133,2.0064404010772705,0.5,0.1,128,32,544768,3930028908,4.159442901611328,1024,1024,1,1.0
2022-09-24T07:56:34,dense.8.tanh-suffix.2-dense.16.relu,6680,40,1.0057051181793213,0.5,0.1,128,32,163840,3930028908,3.7652079463005066,1024,1024,1,1.0
2022-09-24T07:56:37,dense.8.tanh-suffix.2-dense.16.relu,6680,112,2.006232738494873,0.5,0.1,128,32,458752,3930028908,3.773983597755432,1024,1024,1,1.0
2022-09-24T07:56:40,rec.4.tanh,2324,53,1.006281852722168,0.2,0.1,128,32,217088,3930028908,4.331286191940308,1024,1024,1,1.0
2022-09-24T07:56:45,suffix.2-dense.4.relu-suffix.4-dense.16.relu,6676,359,4.002787113189697,0.2,0.1,128,16,735232,3930028908,3.5758533477783203,1024,1024,1,1.0
2022-09-24T07:56:48,dense.4.tanh-suffix.4-rec.2.tanh,1834,32,1.0058701038360596,0.5,0.1,128,16,65536,3930028908,4.786211967468262,1024,1024,1,1.0
2022-09-24T07:56:52,suffix.2-dense.4.relu-suffix.4-rec.8.relu,4556,133,2.0087552070617676,0.2,0.1,128,16,272384,3930028908,3.814278244972229,1024,1024,1,1.0
2022-09-24T07:56:54,dense.8.tanh-suffix.2-rec.8.tanh,4560,38,1.003532886505127,0.5,0.1,128,32,155648,3930028908,4.199386119842529,1024,1024,1,1.0
2022-09-24T07:57:04,suffix.2-dense.4.relu-suffix.4-dense.16.relu,6676,800,8.000792026519775,0.2,0.1,128,16,1638400,3930028908,3.5730948448181152,1024,1024,1,1.0
2022-09-24T07:57:06,rec.2.tanh-suffix.2-gru.2.relu,1328,10,1.0065410137176514,0.5,0.1,128,16,20480,3930028908,4.8312718868255615,1024,1024,1,1.0
2022-09-24T07:57:10,suffix.2-dense.4.tanh-attention.4,3332,163,2.0064260959625244,0.2,0.1,128,16,333824,3930028908,4.025622487068176,1024,1024,1,1.0
2022-09-24T07:57:12,rec.4.tanh,2324,55,1.001013994216919,1.0,0.1,128,32,225280,3930028908,4.4626665115356445,1024,1024,1,1.0
2022-09-24T07:57:17,dense.8.tanh-suffix.2-dense.16.relu,6680,329,4.005666017532349,0.5,0.1,128,32,1347584,3930028908,3.6198288202285767,1024,1024,1,1.0
2022-09-24T07:57:19,rec.4.relu,2324,57,1.0076899528503418,0.5,0.1,128,32,233472,3930028908,4.178378105163574,1024,1024,1,1.0
2022-09-24T07:57:23,rec.2.relu-suffix.2-dense.8.relu,2862,135,2.0054399967193604,0.5,0.1,128,32,552960,3930028908,4.779831409454346,1024,1024,1,1.0
2022-09-24T07:57:25,rec.4.tanh-suffix.2,3348,48,1.0054171085357666,0.5,0.1,128,32,196608,3930028908,3.8677679896354675,1024,1024,1,1.0
2022-09-24T07:57:27,dense.8.tanh-suffix.2,6408,28,1.0142710208892822,0.5,0.1,128,64,229376,3930028908,3.730689287185669,1024,1024,1,1.0
2022-09-24T07:57:30,dense.8.tanh-suffix.2,6408,88,2.016602039337158,0.5,0.1,128,64,720896,3930028908,3.6250715851783752,1024,1024,1,1.0
2022-09-24T07:57:33,dense.4.tanh-suffix.2-rec.2.tanh,1818,50,1.0035600662231445,0.5,0.1,128,8,51200,3930028908,4.2903441190719604,1024,1024,1,1.0
2022-09-24T07:57:38,dense.4.relu-suffix.4-dense.16.relu,5652,481,4.006444692611694,0.2,0.1,128,16,985088,3930028908,3.6612460613250732,1024,1024,1,1.0
2022-09-24T07:57:40,rec.4.tanh-suffix.2,3348,27,1.0052781105041504,0.5,0.1,128,64,221184,3930028908,3.8487653732299805,1024,1024,1,1.0
2022-09-24T07:57:44,dense.8.tanh-suffix.2,6408,85,2.0156331062316895,0.5,0.1,128,64,696320,3930028908,3.659956634044647,1024,1024,1,1.0
2022-09-24T07:57:46,rec.2.relu,1286,51,1.0007131099700928,1.0,0.1,128,32,208896,3930028908,4.766504764556885,1024,1024,1,1.0
2022-09-24T07:57:55,dense.2.tanh-attention.8.pos,1298,1146,8.000127077102661,0.5,0.1,128,16,2347008,3930028908,4.149629473686218,1024,1024,1,1.0
2022-09-24T07:57:57,rec.4.relu-suffix.2,3348,29,1.01304030418396,0.5,0.1,128,64,237568,3930028908,4.019583761692047,1024,1024,1,1.0
2022-09-24T07:58:01,dense.4.tanh-suffix.2,3332,104,2.004243850708008,0.5,0.1,128,64,851968,3930028908,3.790188431739807,1024,1024,1,1.0
2022-09-24T07:58:03,dense.4.tanh-suffix.2-dense.2.relu,1814,65,1.0047249794006348,0.5,0.1,128,8,66560,3930028908,4.346606731414795,1024,1024,1,1.0
2022-09-24T07:58:08,dense.8.tanh-suffix.2,6408,209,4.015522003173828,0.5,0.1,128,64,1712128,3930028908,3.624590516090393,1024,1024,1,1.0
2022-09-24T07:58:10,dense.4.tanh-suffix.2-dense.1.relu,1549,85,1.0004029273986816,0.5,0.1,128,8,87040,3930028908,4.472442030906677,1024,1024,1,1.0
2022-09-24T07:58:14,dense.8.relu-suffix.2,6408,88,2.011549949645996,0.5,0.1,128,64,720896,3930028908,3.7477970123291016,1024,1024,1,1.0
2022-09-24T07:58:16,dense.8.tanh-attention.2.pos,4376,19,1.0141289234161377,0.5,0.1,128,64,155648,3930028908,3.951158821582794,1024,1024,1,1.0
2022-09-24T07:58:18,dense.2.tanh-suffix.2-dense.1.relu,1031,93,1.0017468929290771,0.5,0.1,128,8,95232,3930028908,4.565932273864746,1024,1024,1,1.0
2022-09-24T07:58:21,dense.4.tanh-suffix.2-rec.4.relu,2360,151,2.0012500286102295,0.5,0.1,128,32,618496,3930028908,3.8552176356315613,1024,1024,1,1.0
2022-09-24T07:58:27,suffix.2-rec.2.tanh,1798,414,4.000203847885132,0.5,0.1,128,16,847872,3930028908,4.165831565856934,1024,1024,1,1.0
2022-09-24T07:58:29,dense.8.tanh-suffix.4,10504,39,1.0111727714538574,0.5,0.1,128,32,159744,3930028908,3.7110565304756165,1024,1024,1,1.0
2022-09-24T07:58:39,dense.4.tanh-suffix.2-dense.8.relu,3404,822,8.006330013275146,0.5,0.1,128,32,3366912,3930028908,3.740105450153351,1024,1024,1,1.0
2022-09-24T07:58:41,dense.8.tanh-attention.4.pos,4392,33,1.0007708072662354,0.5,0.1,128,32,135168,3930028908,3.8741962909698486,1024,1024,1,1.0
2022-09-24T07:58:44,dense.4.tanh-suffix.2-rec.2.tanh,1818,233,2.0002479553222656,0.5,0.1,128,8,238592,3930028908,4.199909925460815,1024,1024,1,1.0
2022-09-24T07:58:46,rec.4.tanh-suffix.2,3348,27,1.0128991603851318,0.5,0.1,128,64,221184,3930028908,3.926678955554962,1024,1024,1,1.0
2022-09-24T07:58:49,rec.2.relu-suffix.2,1798,28,1.0069057941436768,0.5,0.1,128,64,229376,3930028908,4.307857871055603,1024,1024,1,1.0
2022-09-24T07:58:53,suffix.2-dense.4.relu-attention.8,3332,164,2.0046489238739014,0.2,0.1,128,16,335872,3930028908,3.953726887702942,1024,1024,1,1.0
2022-09-24T07:58:58,suffix.2-dense.4.relu-suffix.4-dense.8.relu,4492,390,4.000766038894653,0.2,0.1,128,16,798720,3930028908,3.67496919631958,1024,1024,1,1.0
2022-09-24T07:59:00,dense.8.tanh-attention.4,4360,38,1.0068359375,0.5,0.1,128,32,155648,3930028908,4.079746127128601,1024,1024,1,1.0
2022-09-24T07:59:03,dense.4.tanh-rec.2.relu,1810,66,1.0049891471862793,0.5,0.1,128,8,67584,3930028908,4.7927857637405396,1024,1024,1,1.0
2022-09-24T07:59:06,rec.2.tanh-suffix.2,1798,97,2.015197992324829,0.5,0.1,128,64,794624,3930028908,4.0092663168907166,1024,1024,1,1.0
2022-09-24T07:59:09,attention.2-dense.2.tanh,1282,42,1.0066800117492676,1.0,0.1,128,32,172032,3930028908,4.454768538475037,1024,1024,1,1.0
2022-09-24T07:59:19,suffix.4-dense.4.relu-suffix.4,8452,659,8.00264310836792,0.2,0.1,128,16,1349632,3930028908,3.542079269886017,1024,1024,1,1.0
2022-09-24T07:59:21,dense.2.tanh-attention.2,1282,37,1.001504898071289,1.0,0.1,128,32,151552,3930028908,4.375054955482483,1024,1024,1,1.0
2022-09-24T07:59:25,suffix.2-dense.2.relu-suffix.2,2306,274,2.000440835952759,0.2,0.1,128,8,280576,3930028908,4.057950854301453,1024,1024,1,1.0
2022-09-24T07:59:31,attention.2-dense.1.tanh-suffix.2,1025,364,4.004927158355713,0.5,0.1,128,32,1490944,3930028908,4.357890248298645,1024,1024,1,1.0
2022-09-24T07:59:33,dense.2.tanh-suffix.2-rec.4.tanh,1830,40,1.0003650188446045,0.5,0.1,128,32,163840,3930028908,4.401534914970398,1024,1024,1,1.0
2022-09-24T07:59:35,rec.4.relu-attention.4.pos,2340,30,1.0004377365112305,0.5,0.1,128,32,122880,3930028908,4.353153347969055,1024,1024,1,1.0
2022-09-24T07:59:39,rec.2.relu-suffix.4,2822,235,2.0009570121765137,0.2,0.1,128,16,481280,3930028908,4.009234011173248,1024,1024,1,1.0
2022-09-24T07:59:41,dense.4.tanh-suffix.2-dense.1.tanh,1549,67,1.0052268505096436,0.5,0.1,128,16,137216,3930028908,4.4322487115859985,1024,1024,1,1.0
2022-09-24T07:59:46,rec.2.tanh-suffix.2,1798,231,4.010711669921875,0.5,0.1,128,64,1892352,3930028908,3.965607225894928,1024,1024,1,1.0
2022-09-24T07:59:49,rec.2.relu-suffix.2-dense.1.tanh,1035,66,1.0037639141082764,0.5,0.1,128,16,135168,3930028908,4.487910866737366,1024,1024,1,1.0
2022-09-24T07:59:53,suffix.2-dense.8.tanh-suffix.2,8456,109,2.0024240016937256,0.5,0.1,128,32,446464,3930028908,3.5563382506370544,1024,1024,1,1.0
2022-09-24T07:59:55,rec.4.tanh,2324,33,1.0059351921081543,0.5,0.1,128,64,270336,3930028908,4.001464903354645,1024,1024,1,1.0
2022-09-24T08:00:12,dense.4.tanh-suffix.2-dense.8.relu,3404,1408,16.003044843673706,0.5,0.1,128,32,5767168,3930028908,3.7204689979553223,1024,1024,1,1.0
2022-09-24T08:00:14,rec.4.tanh-suffix.2-dense.1.tanh,1565,61,1.0012071132659912,0.5,0.1,128,16,124928,3930028908,4.471339106559753,1024,1024,1,1.0
2022-09-24T08:00:17,rec.4.tanh,2324,101,2.000239133834839,0.5,0.1,128,64,827392,3930028908,3.842732548713684,1024,1024,1,1.0
2022-09-24T08:00:19,rec.4.tanh-attention.2.pos,2332,20,1.0143611431121826,0.5,0.1,128,64,163840,3930028908,4.215246796607971,1024,1024,1,1.0
2022-09-24T08:00:29,suffix.4-dense.2.relu-suffix.4,4354,719,8.007407188415527,0.2,0.1,128,16,1472512,3930028908,3.866109788417816,1024,1024,1,1.0
2022-09-24T08:00:32,rec.2.relu-suffix.2-rec.1.relu,1036,58,1.001255750656128,0.5,0.1,128,16,118784,3930028908,4.560670614242554,1024,1024,1,1.0
2022-09-24T08:00:35,dense.2.tanh-suffix.2,1794,347,2.0012311935424805,0.2,0.1,128,8,355328,3930028908,4.082289814949036,1024,1024,1,1.0
2022-09-24T08:00:41,attention.2-rec.2.tanh,1286,329,4.007242202758789,0.5,0.1,128,32,1347584,3930028908,4.101159572601318,1024,1024,1,1.0
2022-09-24T08:00:43,dense.8.tanh-suffix.2,6408,43,1.0060348510742188,1.0,0.1,128,32,176128,3930028908,4.505222678184509,1024,1024,1,1.0
2022-09-24T08:00:45,gru.4.relu-suffix.4,7484,4,1.0010290145874023,0.5,0.1,128,32,16384,3930028908,5.167562365531921,1024,1024,1,1.0
2022-09-24T08:00:49,dense.8.tanh-suffix.4,10504,125,2.0009689331054688,0.5,0.1,128,32,512000,3930028908,3.665526330471039,1024,1024,1,1.0
2022-09-24T08:00:51,dense.8.tanh-suffix.2,6408,28,1.0142858028411865,0.5,0.1,128,64,229376,3930028908,3.700680673122406,1024,1024,1,1.0
2022-09-24T08:00:56,dense.2.tanh-suffix.2,1794,828,4.00229811668396,0.2,0.1,128,8,847872,3930028908,4.023884057998657,1024,1024,1,1.0
2022-09-24T08:00:59,suffix.2-rec.4.tanh-suffix.2,4372,34,1.0089690685272217,0.5,0.1,128,32,139264,3930028908,3.8711869716644287,1024,1024,1,1.0
2022-09-24T08:01:02,dense.4.tanh-attention.2.pos-dense.8.relu,3380,127,2.0064189434051514,0.5,0.1,128,32,520192,3930028908,3.817547023296356,1024,1024,1,1.0
2022-09-24T08:01:04,rec.4.tanh,2324,56,1.0073390007019043,0.5,0.1,128,32,229376,3930028908,3.9216524362564087,1024,1024,1,1.0
2022-09-24T08:01:08,attention.2.pos-dense.8.tanh-suffix.2,6920,90,2.011686325073242,0.5,0.1,128,32,368640,3930028908,4.815008759498596,1024,1024,1,1.0
2022-09-24T08:01:10,dense.8.tanh-suffix.2-mgru.8,4760,22,1.0000183582305908,0.5,0.1,128,32,90112,3930028908,4.513003587722778,1024,1024,1,1.0
2022-09-24T08:01:19,dense.8.tanh-suffix.2-dense.16.relu,6680,720,8.003185272216797,0.5,0.1,128,32,2949120,3930028908,3.56413072347641,1024,1024,1,1.0
2022-09-24T08:01:22,attention.2-rec.2.relu-suffix.2-dense.1.tanh,1035,42,1.0001039505004883,0.5,0.1,128,16,86016,3930028908,4.529422879219055,1024,1024,1,1.0
2022-09-24T08:01:27,rec.4.tanh,2324,239,4.001400947570801,0.5,0.1,128,64,1957888,3930028908,3.7868194580078125,1024,1024,1,1.0
2022-09-24T08:01:30,attention.2-rec.4.tanh-suffix.2,3348,31,1.0015149116516113,0.5,0.1,128,32,126976,3930028908,4.004354119300842,1024,1024,1,1.0
2022-09-24T08:01:34,suffix.2-rec.4.tanh-suffix.2,4372,114,2.011064052581787,0.5,0.1,128,32,466944,3930028908,3.7786628007888794,1024,1024,1,1.0
2022-09-24T08:01:37,attention.2-dense.8.tanh-suffix.2,6408,18,1.0052061080932617,0.5,0.1,128,64,147456,3930028908,4.0763856172561646,1024,1024,1,1.0
2022-09-24T08:01:40,dense.8.tanh-attention.2.pos,4376,81,2.0057811737060547,0.5,0.1,128,64,663552,3930028908,3.676424264907837,1024,1024,1,1.0
2022-09-24T08:01:42,dense.8.tanh-suffix.2,6408,12,1.02618408203125,0.5,0.1,128,128,196608,3930028908,3.917447566986084,1024,1024,1,1.0
2022-09-24T08:01:59,rec.2.relu-attention.2,1286,301,16.034907341003418,0.5,0.1,128,256,9863168,3930028908,4.07672393321991,1024,1024,1,1.0
2022-09-24T08:02:02,suffix.2-rec.4.tanh-attention.2.pos,3356,1,1.08371901512146,0.5,0.1,128,32,4096,3930028908,7.299958229064941,1024,1024,1,1.0
2022-09-24T08:02:04,dense.2.tanh-suffix.2-rec.1.relu,1032,78,1.0009841918945312,0.5,0.1,128,8,79872,3930028908,4.800259590148926,1024,1024,1,1.0
2022-09-24T08:02:07,rec.2.relu-suffix.2-dense.1.tanh,1035,65,1.0015501976013184,0.2,0.1,128,16,133120,3930028908,4.770671248435974,1024,1024,1,1.0
2022-09-24T08:02:10,suffix.2-dense.8.tanh-suffix.2,8456,108,2.008244037628174,0.5,0.1,128,32,442368,3930028908,3.5259004831314087,1024,1024,1,1.0
2022-09-24T08:02:16,rec.2.tanh-attention.2,1286,348,4.001335144042969,0.5,0.1,128,32,1425408,3930028908,4.108010411262512,1024,1024,1,1.0
2022-09-24T08:02:18,dense.8.tanh-suffix.2,6408,27,1.0154597759246826,0.2,0.1,128,64,221184,3930028908,4.1282126903533936,1024,1024,1,1.0
2022-09-24T08:02:20,dense.8.tanh-suffix.2-dense.16.relu,6680,22,1.0100350379943848,0.5,0.1,128,64,180224,3930028908,4.211085796356201,1024,1024,1,1.0
2022-09-24T08:02:24,rec.2.tanh-suffix.2-rec.4.relu,1834,143,2.005732774734497,0.5,0.1,128,32,585728,3930028908,4.046029984951019,1024,1024,1,1.0
2022-09-24T08:02:26,rec.2.tanh-suffix.2-dense.1.relu,1035,46,1.0072498321533203,0.5,0.1,128,32,188416,3930028908,4.781735897064209,1024,1024,1,1.0
2022-09-24T08:02:35,rec.4.tanh,2324,513,8.003695011138916,0.5,0.1,128,64,4202496,3930028908,3.7361287474632263,1024,1024,1,1.0
2022-09-24T08:02:38,mgru.8-suffix.2,8592,14,1.0140380859375,0.5,0.1,128,64,114688,3930028908,7.836355090141296,1024,1024,1,1.0
2022-09-24T08:02:41,dense.4.tanh-suffix.2-gru.2.relu,1862,93,2.0009007453918457,0.5,0.1,128,32,380928,3930028908,4.491957306861877,1024,1024,1,1.0
2022-09-24T08:02:47,suffix.2-rec.4.tanh-suffix.2,4372,266,4.00857400894165,0.5,0.1,128,32,1089536,3930028908,3.649056077003479,1024,1024,1,1.0
2022-09-24T08:02:50,attention.2-dense.8.tanh-suffix.4,10504,26,1.0018200874328613,0.5,0.1,128,32,106496,3930028908,3.94619882106781,1024,1024,1,1.0
2022-09-24T08:02:53,dense.4.tanh-suffix.4-dense.1.tanh,1557,57,1.0057411193847656,0.5,0.1,128,16,116736,3930028908,4.88040554523468,1024,1024,1,1.0
2022-09-24T08:02:57,suffix.2-rec.2.relu-attention.2.pos,1802,143,2.005345106124878,0.2,0.1,128,16,292864,3930028908,4.16348397731781,1024,1024,1,1.0
2022-09-24T08:02:59,dense.4.tanh-suffix.2-gru.2.tanh,1862,9,1.0023348331451416,0.5,0.1,128,32,36864,3930028908,4.942857027053833,1024,1024,1,1.0
2022-09-24T08:03:04,dense.8.tanh-suffix.2-rec.8.relu,4560,339,4.005771160125732,0.5,0.1,128,32,1388544,3930028908,4.161881327629089,1024,1024,1,1.0
2022-09-24T08:03:07,dense.8.tanh-attention.2,4360,21,1.0160441398620605,0.5,0.1,128,64,172032,3930028908,3.9078912138938904,1024,1024,1,1.0
2022-09-24T08:03:10,rec.2.relu-suffix.2-dense.1.tanh,1035,229,2.0003879070281982,0.5,0.1,128,16,468992,3930028908,4.422356486320496,1024,1024,1,1.0
2022-09-24T08:03:13,dense.8.tanh-suffix.2-gru.16.relu,7992,9,1.012692928314209,0.5,0.1,128,32,36864,3930028908,4.742080330848694,1024,1024,1,1.0
2022-09-24T08:03:16,dense.8.tanh-attention.2,4360,84,2.003865957260132,0.5,0.1,128,64,688128,3930028908,3.770461678504944,1024,1024,1,1.0
2022-09-24T08:03:18,dense.8.tanh-suffix.4,10504,39,1.0031018257141113,0.5,0.1,128,32,159744,3930028908,3.691537916660309,1024,1024,1,1.0
2022-09-24T08:03:27,dense.8.tanh-suffix.2,6408,450,8.012121200561523,0.5,0.1,128,64,3686400,3930028908,3.632304310798645,1024,1024,1,1.0
2022-09-24T08:03:30,rec.4.relu-attention.2,2324,21,1.004861831665039,0.5,0.1,128,64,172032,3930028908,4.500465035438538,1024,1024,1,1.0
2022-09-24T08:03:35,rec.2.tanh-suffix.2-rec.2.tanh,1300,464,4.0022547245025635,0.5,0.1,128,16,950272,3930028908,4.189300775527954,1024,1024,1,1.0
2022-09-24T08:03:38,dense.8.tanh-suffix.4-dense.32.relu,11560,16,1.0111701488494873,0.5,0.1,128,32,65536,3930028908,4.729486465454102,1024,1024,1,1.0
2022-09-24T08:03:41,rec.4.relu-attention.2.pos,2332,84,2.005450963973999,0.5,0.1,128,64,688128,3930028908,4.039778113365173,1024,1024,1,1.0
2022-09-24T08:03:43,dense.8.tanh,4360,57,1.0069231986999512,0.5,0.1,128,32,233472,3930028908,3.8601567149162292,1024,1024,1,1.0
2022-09-24T08:03:46,dense.8.tanh-attention.4.pos,4392,138,2.0086867809295654,0.5,0.1,128,32,565248,3930028908,3.7114078998565674,1024,1024,1,1.0
2022-09-24T08:03:48,dense.8.relu-suffix.2-dense.16.relu,6680,41,1.009260892868042,0.5,0.1,128,32,167936,3930028908,4.103336334228516,1024,1024,1,1.0
2022-09-24T08:04:06,rec.4.tanh,2324,1060,16.011386156082153,0.5,0.1,128,64,8683520,3930028908,3.7481722235679626,1024,1024,1,1.0
2022-09-24T08:04:08,rec.4.tanh-suffix.2-dense.2.tanh,1830,47,1.004418134689331,0.5,0.1,128,16,96256,3930028908,4.410197138786316,1024,1024,1,1.0
2022-09-24T08:04:14,suffix.4-dense.2.relu,2818,336,4.009037017822266,0.2,0.1,128,16,688128,3930028908,3.9794920682907104,1024,1024,1,1.0
2022-09-24T08:04:17,suffix.2-rec.4.tanh-attention.2.pos,3356,20,1.0104708671569824,0.5,0.1,128,32,81920,3930028908,4.286213278770447,1024,1024,1,1.0
2022-09-24T08:04:20,rec.4.relu-attention.4.pos,2340,148,2.0029749870300293,0.5,0.1,128,32,606208,3930028908,4.0667314529418945,1024,1024,1,1.0
2022-09-24T08:04:22,rec.4.tanh-suffix.2-dense.1.tanh,1565,46,1.0057957172393799,0.5,0.1,128,32,188416,3930028908,4.507992506027222,1024,1024,1,1.0
2022-09-24T08:04:27,suffix.4-dense.8.tanh-suffix.2,12552,55,2.011561870574951,0.5,0.1,128,32,225280,3930028908,3.6361345052719116,1024,1024,1,1.0
2022-09-24T08:04:29,rec.4.tanh-suffix.2-rec.2.relu,1834,39,1.004276990890503,0.5,0.1,128,16,79872,3930028908,4.369737029075623,1024,1024,1,1.0
2022-09-24T08:04:39,suffix.2-rec.4.tanh-suffix.2,4372,565,8.010161876678467,0.5,0.1,128,32,2314240,3930028908,3.686742663383484,1024,1024,1,1.0
2022-09-24T08:04:42,dense.16.tanh-suffix.2-dense.16.relu,8992,13,1.003809928894043,0.5,0.1,128,32,53248,3930028908,4.575704574584961,1024,1024,1,1.0
2022-09-24T08:04:47,rec.4.relu-suffix.2,3348,218,4.0102410316467285,0.5,0.1,128,64,1785856,3930028908,3.6974260807037354,1024,1024,1,1.0
2022-09-24T08:04:50,attention.2.pos-rec.4.tanh-suffix.2,3860,6,1.0080950260162354,0.5,0.1,128,64,49152,3930028908,5.14443826675415,1024,1024,1,1.0
2022-09-24T08:04:53,dense.8.tanh-attention.2.pos,4376,81,2.0073931217193604,0.5,0.1,128,64,663552,3930028908,3.6912500262260437,1024,1024,1,1.0
2022-09-24T08:04:55,dense.8.tanh-suffix.4,10504,40,1.0099902153015137,0.2,0.1,128,32,163840,3930028908,3.9133212566375732,1024,1024,1,1.0
2022-09-24T08:04:59,suffix.2-dense.8.relu-suffix.2,8456,110,2.00757098197937,0.5,0.1,128,32,450560,3930028908,3.5727540254592896,1024,1024,1,1.0
2022-09-24T08:05:01,rec.4.tanh-dense.4.relu,2344,27,1.0007879734039307,0.5,0.1,128,64,221184,3930028908,4.155384540557861,1024,1024,1,1.0
2022-09-24T08:05:06,dense.8.tanh-attention.4.pos,4392,357,4.00602388381958,0.5,0.1,128,32,1462272,3930028908,3.6975101828575134,1024,1024,1,1.0
2022-09-24T08:05:09,dense.8.tanh-dense.8.relu,4432,48,1.0080571174621582,0.5,0.1,128,32,196608,3930028908,4.0663734674453735,1024,1024,1,1.0
2022-09-24T08:05:12,dense.1.tanh-suffix.2,1025,339,2.003654956817627,0.2,0.1,128,8,347136,3930028908,4.3495543003082275,1024,1024,1,1.0
2022-09-24T08:05:14,rec.4.tanh,2324,19,1.0007717609405518,0.5,0.1,128,128,311296,3930028908,4.124972939491272,1024,1024,1,1.0
2022-09-24T08:05:24,attention.2-rec.2.tanh,1286,720,8.004036903381348,0.5,0.1,128,32,2949120,3930028908,4.187957406044006,1024,1024,1,1.0
2022-09-24T08:05:27,attention.2-dense.8.tanh-suffix.2-dense.16.relu,6680,26,1.002897024154663,0.5,0.1,128,32,106496,3930028908,4.535148739814758,1024,1024,1,1.0
2022-09-24T08:05:31,suffix.2-dense.8.tanh,6408,121,2.0105583667755127,0.5,0.1,128,32,495616,3930028908,3.5885705947875977,1024,1024,1,1.0
2022-09-24T08:05:33,rec.4.tanh-suffix.2-dense.8.relu,3420,23,1.0072309970855713,0.5,0.1,128,64,188416,3930028908,4.1772236824035645,1024,1024,1,1.0
2022-09-24T08:05:38,rec.4.relu-attention.2.pos,2332,217,4.012884140014648,0.5,0.1,128,64,1777664,3930028908,3.9339893460273743,1024,1024,1,1.0
2022-09-24T08:05:40,rec.2.tanh-suffix.2-mgru.1,1042,26,1.0061450004577637,0.5,0.1,128,8,26624,3930028908,4.6877535581588745,1024,1024,1,1.0
2022-09-24T08:05:44,dense.2.tanh-attention.2,1282,137,2.0041427612304688,1.0,0.1,128,32,561152,3930028908,4.470926642417908,1024,1024,1,1.0
2022-09-24T08:05:46,dense.8.tanh-suffix.4,10504,21,1.0120949745178223,0.5,0.1,128,64,172032,3930028908,3.8566357493400574,1024,1024,1,1.0
2022-09-24T08:06:04,suffix.4-dense.4.tanh-suffix.2,6404,1428,16.011307954788208,0.2,0.1,128,16,2924544,3930028908,3.5679492950439453,1024,1024,1,1.0
2022-09-24T08:06:07,attention.2-rec.2.relu-suffix.2-rec.1.tanh,1036,37,1.0027258396148682,0.5,0.1,128,16,75776,3930028908,4.8202455043792725,1024,1024,1,1.0
2022-09-24T08:06:10,attention.2-dense.8.tanh,4360,144,2.009423017501831,0.5,0.1,128,32,589824,3930028908,3.806004285812378,1024,1024,1,1.0
2022-09-24T08:06:13,dense.8.tanh-suffix.4-dense.16.relu,6936,36,1.0005760192871094,0.5,0.1,128,32,147456,3930028908,4.6431639194488525,1024,1024,1,1.0
2022-09-24T08:06:19,dense.1.tanh-suffix.2,1025,834,4.002813816070557,0.2,0.1,128,8,854016,3930028908,4.29935348033905,1024,1024,1,1.0
2022-09-24T08:06:21,dense.8.tanh-attention.2.pos-dense.16.relu,6568,15,1.002885103225708,0.5,0.1,128,32,61440,3930028908,4.56803560256958,1024,1024,1,1.0
2022-09-24T08:06:24,rec.2.tanh,1286,89,2.010354995727539,0.5,0.1,128,64,729088,3930028908,4.094988703727722,1024,1024,1,1.0
2022-09-24T08:06:26,rec.1.tanh-attention.2,770,45,1.0007820129394531,1.0,0.1,128,32,184320,3930028908,4.540721416473389,1024,1024,1,1.0
2022-09-24T08:06:37,suffix.4-dense.4.tanh-suffix.4,8452,654,8.002495050430298,0.2,0.1,128,16,1339392,3930028908,3.5634263157844543,1024,1024,1,1.0
2022-09-24T08:06:39,dense.8.tanh-suffix.2-lstm.16,8520,2,1.0112388134002686,0.5,0.1,128,32,8192,3930028908,41.58047819137573,1024,1024,1,1.0
2022-09-24T08:06:43,suffix.2-rec.4.relu,3348,121,2.003333806991577,0.5,0.1,128,32,495616,3930028908,3.9435227513313293,1024,1024,1,1.0
2022-09-24T08:06:45,rec.2.tanh,1286,14,1.0110459327697754,0.5,0.1,128,128,229376,3930028908,4.5790228843688965,1024,1024,1,1.0
2022-09-24T08:06:50,mgru.1,1028,528,4.003518342971802,0.5,0.1,128,16,1081344,3930028908,4.35678505897522,1024,1024,1,1.0
2022-09-24T08:06:53,suffix.2-dense.8.tanh-attention.2,6408,26,1.0007150173187256,0.5,0.1,128,32,106496,3930028908,3.7799240946769714,1024,1024,1,1.0
2022-09-24T08:06:57,attention.2-rec.2.tanh-suffix.2,1798,205,2.0011420249938965,0.2,0.1,128,16,419840,3930028908,4.264322519302368,1024,1024,1,1.0
2022-09-24T08:06:59,rec.2.tanh-attention.2.pos,1290,15,1.0154008865356445,0.5,0.1,128,64,122880,3930028908,4.683281183242798,1024,1024,1,1.0
2022-09-24T08:07:02,suffix.2-rec.4.relu-attention.2,3348,21,1.0036239624023438,0.5,0.1,128,32,86016,3930028908,4.353739619255066,1024,1024,1,1.0
2022-09-24T08:07:05,dense.4.tanh-suffix.2-dense.8.relu,3404,152,2.001315116882324,0.5,0.1,128,32,622592,3930028908,3.9285325407981873,1024,1024,1,1.0
2022-09-24T08:07:08,dense.8.tanh-suffix.2-dense.16.relu-attention.2,6680,23,1.006195068359375,0.5,0.1,128,32,94208,3930028908,4.142567873001099,1024,1024,1,1.0
2022-09-24T08:07:13,suffix.2-dense.8.tanh,6408,282,4.002386808395386,0.5,0.1,128,32,1155072,3930028908,3.5359426140785217,1024,1024,1,1.0
2022-09-24T08:07:16,attention.2.pos-dense.8.tanh-attention.2,4872,8,1.009450912475586,0.5,0.1,128,32,32768,3930028908,6.297890543937683,1024,1024,1,1.0
2022-09-24T08:07:19,rec.4.tanh,2324,249,2.000770092010498,0.5,0.1,128,16,509952,3930028908,3.863319993019104,1024,1024,1,1.0
2022-09-24T08:07:21,dense.8.tanh-suffix.2-dense.16.relu-dense.16.relu,6952,32,1.0045361518859863,0.5,0.1,128,32,131072,3930028908,4.5355730056762695,1024,1024,1,1.0
2022-09-24T08:07:32,attention.4-dense.4.relu-suffix.4,5380,1009,8.001745223999023,0.2,0.1,128,16,2066432,3930028908,3.9723994731903076,1024,1024,1,1.0
2022-09-24T08:07:34,rec.1.tanh-suffix.2-rec.2.tanh,1036,54,1.0040369033813477,0.5,0.1,128,16,110592,3930028908,4.4369096755981445,1024,1024,1,1.0
2022-09-24T08:07:38,suffix.2-rec.4.tanh-suffix.2,4372,114,2.0074689388275146,0.5,0.1,128,32,466944,3930028908,3.6796730756759644,1024,1024,1,1.0
2022-09-24T08:07:40,rec.4.tanh-dense.2.relu,1822,22,1.0159668922424316,0.5,0.1,128,64,180224,3930028908,4.5451319217681885,1024,1024,1,1.0
2022-09-24T08:07:46,suffix.2-dense.8.tanh,6408,277,4.003103971481323,0.5,0.1,128,32,1134592,3930028908,3.5846118927001953,1024,1024,1,1.0
2022-09-24T08:07:48,dense.8.tanh-suffix.2-dense.16.relu,6680,40,1.0092589855194092,0.2,0.1,128,32,163840,3930028908,3.773423969745636,1024,1024,1,1.0
2022-09-24T08:07:52,suffix.2-dense.8.tanh-suffix.2,8456,109,2.000499963760376,0.2,0.1,128,32,446464,3930028908,3.548961818218231,1024,1024,1,1.0
2022-09-24T08:07:54,dense.2.tanh-suffix.2-dense.1.relu,1031,133,1.0019748210906982,0.5,0.1,128,4,68096,3930028908,4.785393238067627,1024,1024,1,1.0
2022-09-24T08:08:12,dense.1.tanh-suffix.2,1025,525,16.006935834884644,0.5,0.1,128,128,8601600,3930028908,4.341559529304504,1024,1024,1,1.0
2022-09-24T08:08:14,rec.4.tanh-suffix.2,3348,28,1.0040256977081299,1.0,0.1,128,64,229376,3930028908,4.655922889709473,1024,1024,1,1.0
2022-09-24T08:08:17,rec.2.relu-suffix.2,1798,299,2.002851963043213,0.2,0.1,128,8,306176,3930028908,4.098719596862793,1024,1024,1,1.0
2022-09-24T08:08:20,dense.1.tanh-suffix.2-dense.2.relu,1031,85,1.0005340576171875,0.5,0.1,128,8,87040,3930028908,4.484808444976807,1024,1024,1,1.0
2022-09-24T08:08:25,rec.1.relu-suffix.2,1026,401,4.005382061004639,0.5,0.1,128,32,1642496,3930028908,4.330329060554504,1024,1024,1,1.0
2022-09-24T08:08:27,rec.4.tanh-dense.1.tanh,1561,50,1.005467176437378,0.5,0.1,128,32,204800,3930028908,4.428890228271484,1024,1024,1,1.0
2022-09-24T08:08:31,dense.4.tanh-attention.2,2308,98,2.004744052886963,0.5,0.1,128,64,802816,3930028908,3.8699787259101868,1024,1024,1,1.0
2022-09-24T08:08:33,dense.8.relu-suffix.2-dense.16.relu,6680,40,1.0008728504180908,0.2,0.1,128,32,163840,3930028908,4.054313659667969,1024,1024,1,1.0
2022-09-24T08:08:42,rec.2.tanh,1286,451,8.005402088165283,0.5,0.1,128,64,3694592,3930028908,4.12423050403595,1024,1024,1,1.0
2022-09-24T08:08:44,rec.4.tanh-suffix.2,3348,14,1.0027201175689697,0.5,0.1,128,128,229376,3930028908,4.479699373245239,1024,1024,1,1.0
2022-09-24T08:08:48,dense.8.tanh-suffix.2,6408,157,2.005324125289917,0.2,0.1,128,32,643072,3930028908,3.6322356462478638,1024,1024,1,1.0
2022-09-24T08:08:50,rec.4.tanh,2324,56,1.008030891418457,0.5,0.1,128,32,229376,3930028908,3.9049450159072876,1024,1024,1,1.0
2022-09-24T08:08:55,attention.2-dense.8.tanh,4360,350,4.007807016372681,0.5,0.1,128,32,1433600,3930028908,3.7937763333320618,1024,1024,1,1.0
2022-09-24T08:08:58,dense.8.tanh-suffix.2-dense.8.relu,4496,44,1.006037950515747,0.2,0.1,128,32,180224,3930028908,4.10571014881134,1024,1024,1,1.0
2022-09-24T08:09:01,suffix.2-dense.8.tanh-suffix.2,8456,109,2.0067179203033447,1.0,0.1,128,32,446464,3930028908,4.55498468875885,1024,1024,1,1.0
2022-09-24T08:09:03,rec.4.tanh-suffix.2,3348,49,1.0059130191802979,0.5,0.1,128,32,200704,3930028908,3.915096163749695,1024,1024,1,1.0
2022-09-24T08:09:06,suffix.2-dense.8.tanh-suffix.2-dense.16.relu,8728,29,1.0123231410980225,0.2,0.1,128,32,118784,3930028908,4.051006555557251,1024,1024,1,1.0
2022-09-24T08:09:10,suffix.2-rec.8.relu-suffix.2,8520,101,2.0045340061187744,0.2,0.1,128,32,413696,3930028908,3.5245032906532288,1024,1024,1,1.0
2022-09-24T08:09:15,rec.2.tanh,1286,210,4.002748966217041,0.5,0.1,128,64,1720320,3930028908,4.091217637062073,1024,1024,1,1.0
2022-09-24T08:09:18,rec.4.tanh-suffix.2-dense.16.relu,5540,35,1.0086228847503662,0.5,0.1,128,32,143360,3930028908,3.851252496242523,1024,1024,1,1.0
2022-09-24T08:09:27,suffix.2-dense.8.tanh,6408,603,8.000952005386353,0.5,0.1,128,32,2469888,3930028908,3.534007489681244,1024,1024,1,1.0
2022-09-24T08:09:30,dense.8.tanh-dense.16.relu,6552,44,1.0052909851074219,0.2,0.1,128,32,180224,3930028908,3.931670129299164,1024,1024,1,1.0
2022-09-24T08:09:33,dense.8.tanh-dense.16.relu,6552,143,2.0099141597747803,0.2,0.1,128,32,585728,3930028908,3.773120164871216,1024,1024,1,1.0
2022-09-24T08:09:35,dense.2.tanh,1282,30,1.0017459392547607,1.0,0.1,128,64,245760,3930028908,4.641497850418091,1024,1024,1,1.0
2022-09-24T08:09:53,suffix.2-dense.8.tanh,6408,1238,16.010606050491333,0.5,0.1,128,32,5070848,3930028908,3.5050315260887146,1024,1024,1,1.0
2022-09-24T08:09:55,rec.2.tanh-dense.1.tanh,1033,52,1.005073070526123,0.5,0.1,128,32,212992,3930028908,4.497546553611755,1024,1024,1,1.0
2022-09-24T08:09:59,attention.2-dense.4.relu-attention.2,2308,199,2.001431941986084,0.2,0.1,128,16,407552,3930028908,4.139081358909607,1024,1024,1,1.0
2022-09-24T08:10:01,rec.2.tanh-rec.1.relu,1034,46,1.0022761821746826,0.5,0.1,128,32,188416,3930028908,4.794574856758118,1024,1024,1,1.0
2022-09-24T08:10:06,suffix.2-rec.4.relu,3348,287,4.007140159606934,0.5,0.1,128,32,1175552,3930028908,3.7402181029319763,1024,1024,1,1.0
2022-09-24T08:10:09,rec.4.tanh-attention.2,2324,44,1.0058748722076416,0.5,0.1,128,16,90112,3930028908,4.173365831375122,1024,1024,1,1.0
2022-09-24T08:10:12,suffix.2-rec.8.relu-suffix.2,8520,102,2.0027589797973633,0.2,0.1,128,32,417792,3930028908,3.5368810892105103,1024,1024,1,1.0
2022-09-24T08:10:15,dense.8.tanh-suffix.2-dense.16.tanh,6680,40,1.0018770694732666,0.2,0.1,128,32,163840,3930028908,3.93781977891922,1024,1024,1,1.0
2022-09-24T08:10:17,dense.8.tanh-suffix.2-dense.16.relu-attention.2.pos,6712,21,1.0071961879730225,0.2,0.1,128,32,86016,3930028908,4.598824620246887,1024,1024,1,1.0
2022-09-24T08:10:21,suffix.2-rec.8.tanh-suffix.2,8520,101,2.0077853202819824,0.2,0.1,128,32,413696,3930028908,3.5832048058509827,1024,1024,1,1.0
2022-09-24T08:10:26,dense.8.tanh-suffix.2,6408,370,4.006664037704468,0.2,0.1,128,32,1515520,3930028908,3.5794084072113037,1024,1024,1,1.0
2022-09-24T08:10:28,dense.4.tanh,2308,62,1.0032620429992676,0.5,0.1,128,32,253952,3930028908,3.9444046020507812,1024,1024,1,1.0
2022-09-24T08:10:38,rec.2.tanh-attention.2,1286,790,8.006092071533203,0.5,0.1,128,32,3235840,3930028908,4.0640809535980225,1024,1024,1,1.0
2022-09-24T08:10:40,rec.4.tanh-suffix.2-rec.8.relu,3484,34,1.0082387924194336,0.5,0.1,128,32,139264,3930028908,nan,1024,1024,1,1.0
2022-09-24T08:10:44,suffix.2-rec.4.relu-suffix.2,4372,116,2.0086669921875,0.2,0.1,128,32,475136,3930028908,3.857015073299408,1024,1024,1,1.0
2022-09-24T08:10:46,rec.4.tanh,2324,32,1.0104539394378662,0.5,0.1,128,64,262144,3930028908,4.01411771774292,1024,1024,1,1.0
2022-09-24T08:10:49,attention.2-rec.2.tanh-dense.1.tanh,1033,30,1.009248971939087,0.5,0.1,128,32,122880,3930028908,4.64020574092865,1024,1024,1,1.0
2022-09-24T08:10:52,dense.4.tanh-suffix.2,3332,175,2.0037848949432373,0.2,0.1,128,32,716800,3930028908,3.822835385799408,1024,1024,1,1.0
2022-09-24T08:10:57,dense.4.tanh-attention.2,2308,246,4.002377986907959,0.5,0.1,128,64,2015232,3930028908,3.834433376789093,1024,1024,1,1.0
2022-09-24T08:11:00,dense.16.tanh-suffix.2,12560,38,1.0053157806396484,0.5,0.1,128,32,155648,3930028908,3.6299614906311035,1024,1024,1,1.0
2022-09-24T08:11:02,rec.2.tanh-attention.2-dense.1.tanh,1033,26,1.0074841976165771,0.5,0.1,128,32,106496,3930028908,4.62539541721344,1024,1024,1,1.0
2022-09-24T08:11:05,dense.8.tanh,4360,177,2.0032360553741455,0.2,0.1,128,32,724992,3930028908,3.8328441381454468,1024,1024,1,1.0
2022-09-24T08:11:08,rec.4.tanh-suffix.2-rec.2.relu,1834,31,1.0001459121704102,0.5,0.1,128,32,126976,3930028908,4.502538681030273,1024,1024,1,1.0
2022-09-24T08:11:25,rec.2.tanh-attention.2,1286,1538,16.012859344482422,0.5,0.1,128,32,6299648,3930028908,4.112063765525818,1024,1024,1,1.0
2022-09-24T08:11:27,rec.4.tanh,2324,56,1.0038981437683105,0.5,0.1,128,32,229376,3930028908,3.9077739119529724,1024,1024,1,1.0
2022-09-24T08:11:30,dense.4.tanh-attention.2.pos,2316,273,2.002453088760376,0.2,0.1,128,8,279552,3930028908,3.9307225346565247,1024,1024,1,1.0
2022-09-24T08:11:36,rec.2.tanh-suffix.2-rec.4.relu,1834,361,4.002269983291626,0.5,0.1,128,32,1478656,3930028908,4.025859773159027,1024,1024,1,1.0
2022-09-24T08:11:38,dense.16.relu-suffix.2,12560,40,1.010807991027832,0.5,0.1,128,32,163840,3930028908,3.714430570602417,1024,1024,1,1.0
2022-09-24T08:11:47,dense.8.tanh-suffix.2,6408,789,8.00041389465332,0.2,0.1,128,32,3231744,3930028908,3.5868163108825684,1024,1024,1,1.0
2022-09-24T08:11:50,attention.2-dense.16.tanh-suffix.2,12560,26,1.010465145111084,0.5,0.1,128,32,106496,3930028908,3.828862488269806,1024,1024,1,1.0
2022-09-24T08:11:53,dense.2.tanh-suffix.2,1794,198,2.0070950984954834,0.2,0.1,128,32,811008,3930028908,4.1463950872421265,1024,1024,1,1.0
2022-09-24T08:11:56,rec.4.tanh-suffix.2-gru.8.relu,3756,7,1.0038373470306396,0.5,0.1,128,32,28672,3930028908,4.89271342754364,1024,1024,1,1.0
2022-09-24T08:11:58,suffix.2-rec.4.relu-suffix.2,4372,34,1.00653076171875,0.5,0.1,128,32,139264,3930028908,4.246798515319824,1024,1024,1,1.0
2022-09-24T08:12:02,rec.2.relu-attention.2,1286,75,2.01334810256958,0.5,0.1,128,64,614400,3930028908,4.1657960414886475,1024,1024,1,1.0
2022-09-24T08:12:07,suffix.2-dense.8.relu,6408,249,4.003287076950073,0.5,0.1,128,32,1019904,3930028908,3.5206888914108276,1024,1024,1,1.0
2022-09-24T08:12:10,attention.2-dense.4.tanh-suffix.2-dense.8.relu,3404,27,1.0091238021850586,0.5,0.1,128,32,110592,3930028908,4.510714292526245,1024,1024,1,1.0
2022-09-24T08:12:13,dense.16.tanh-attention.2.pos,8496,29,1.001126766204834,0.5,0.1,128,32,118784,3930028908,3.822405159473419,1024,1024,1,1.0
2022-09-24T08:12:16,rec.2.tanh-attention.2.pos,1290,245,2.0039727687835693,0.2,0.1,128,8,250880,3930028908,4.2292704582214355,1024,1024,1,1.0
2022-09-24T08:12:19,rec.4.tanh-suffix.4-rec.2.relu,1850,38,1.0061078071594238,0.5,0.1,128,16,77824,3930028908,4.5180922746658325,1024,1024,1,1.0
2022-09-24T08:12:28,dense.4.tanh-suffix.2,3332,1581,8.012809753417969,0.2,0.1,128,8,1618944,3930028908,3.7460368871688843,1024,1024,1,1.0
2022-09-24T08:12:30,rec.8.relu-suffix.2,6472,42,1.000509262084961,0.5,0.1,128,32,172032,3930028908,3.9657196402549744,1024,1024,1,1.0
2022-09-24T08:12:34,dense.4.tanh-attention.2.pos-dense.4.relu,2336,131,2.0070090293884277,0.5,0.1,128,32,536576,3930028908,4.229232311248779,1024,1024,1,1.0
2022-09-24T08:12:39,dense.2.tanh-attention.2,1282,208,4.0016539096832275,0.5,0.1,128,64,1703936,3930028908,4.071117162704468,1024,1024,1,1.0
2022-09-24T08:12:42,suffix.2-dense.8.tanh,6408,39,1.0031499862670898,0.5,0.1,128,32,159744,3930028908,3.6861220002174377,1024,1024,1,1.0
2022-09-24T08:12:44,dense.16.tanh-suffix.2,12560,36,1.0052440166473389,0.5,0.1,128,32,147456,3930028908,3.6568447947502136,1024,1024,1,1.0
2022-09-24T08:12:48,dense.16.tanh-attention.2.pos,8496,124,2.0064470767974854,0.5,0.1,128,32,507904,3930028908,3.6105108857154846,1024,1024,1,1.0
2022-09-24T08:12:50,suffix.2-dense.4.tanh,3332,42,1.008253812789917,0.5,0.1,128,32,172032,3930028908,3.8909798860549927,1024,1024,1,1.0
2022-09-24T08:12:55,rec.4.relu-attention.4.pos,2340,378,4.003492116928101,0.5,0.1,128,32,1548288,3930028908,3.8469865322113037,1024,1024,1,1.0
2022-09-24T08:12:58,rec.2.tanh-dense.4.relu,1810,25,1.0053210258483887,0.5,0.1,128,64,204800,3930028908,4.74236273765564,1024,1024,1,1.0
2022-09-24T08:13:01,rec.4.tanh-suffix.2,3348,161,2.0078978538513184,0.2,0.1,128,32,659456,3930028908,3.833904206752777,1024,1024,1,1.0
2022-09-24T08:13:03,suffix.2-dense.4.relu,3332,43,1.0070598125457764,0.5,0.1,128,32,176128,3930028908,3.9368907809257507,1024,1024,1,1.0
2022-09-24T08:13:21,dense.2.tanh-suffix.2-dense.2.relu,1292,1631,16.01095199584961,0.5,0.1,128,32,6680576,3930028908,4.125832557678223,1024,1024,1,1.0
2022-09-24T08:13:23,rec.8.tanh-attention.2.pos,4440,30,1.0086967945098877,0.5,0.1,128,32,122880,3930028908,3.756161391735077,1024,1024,1,1.0
2022-09-24T08:13:26,rec.4.tanh,2324,248,2.004718065261841,1.0,0.1,128,16,507904,3930028908,4.286091923713684,1024,1024,1,1.0
2022-09-24T08:13:29,dense.16.tanh-suffix.2,12560,38,1.003204107284546,0.2,0.1,128,32,155648,3930028908,3.7523712515830994,1024,1024,1,1.0
2022-09-24T08:13:38,dense.8.tanh-attention.4.pos,4392,798,8.008779048919678,0.5,0.1,128,32,3268608,3930028908,3.7159752249717712,1024,1024,1,1.0
2022-09-24T08:13:41,suffix.2-rec.2.relu,1798,37,1.0071907043457031,0.5,0.1,128,32,151552,3930028908,4.359806180000305,1024,1024,1,1.0
2022-09-24T08:13:45,attention.2.pos-rec.8.relu-suffix.2,6984,81,2.004319906234741,0.2,0.1,128,32,331776,3930028908,4.091517925262451,1024,1024,1,1.0
2022-09-24T08:13:51,suffix.2-rec.8.relu-suffix.2,8520,241,4.009769916534424,0.2,0.1,128,32,987136,3930028908,3.417266070842743,1024,1024,1,1.0
2022-09-24T08:13:53,rec.16.tanh-suffix.2,12816,32,1.0020899772644043,0.5,0.1,128,32,131072,3930028908,5.805845260620117,1024,1024,1,1.0
2022-09-24T08:13:56,suffix.2-dense.8.tanh,6408,41,1.0093209743499756,0.5,0.1,128,32,167936,3930028908,3.6404422521591187,1024,1024,1,1.0
2022-09-24T08:13:59,dense.16.relu-suffix.2,12560,122,2.0075807571411133,0.5,0.1,128,32,499712,3930028908,3.7470443844795227,1024,1024,1,1.0
2022-09-24T08:14:02,rec.2.tanh,1286,73,1.0027740001678467,0.5,0.1,128,16,149504,3930028908,4.219154953956604,1024,1024,1,1.0
2022-09-24T08:14:07,rec.2.relu-attention.2.pos,1290,192,4.009891986846924,0.5,0.1,128,64,1572864,3930028908,4.149575591087341,1024,1024,1,1.0
2022-09-24T08:14:10,suffix.4-dense.8.tanh,10504,22,1.006354808807373,0.5,0.1,128,32,90112,3930028908,3.81112140417099,1024,1024,1,1.0
2022-09-24T08:14:13,dense.2.tanh-attention.2.pos-dense.8.relu,2846,135,2.0041961669921875,0.5,0.1,128,32,552960,3930028908,4.038171887397766,1024,1024,1,1.0
2022-09-24T08:14:16,suffix.2-dense.16.tanh,12560,26,1.0107800960540771,0.5,0.1,128,32,106496,3930028908,3.7123894095420837,1024,1024,1,1.0
2022-09-24T08:14:20,attention.2-dense.16.tanh-suffix.2,12560,102,2.0001440048217773,0.5,0.1,128,32,417792,3930028908,3.64096462726593,1024,1024,1,1.0
2022-09-24T08:14:23,attention.2-rec.8.tanh-attention.2.pos,4440,16,1.010761022567749,0.5,0.1,128,32,65536,3930028908,4.506727457046509,1024,1024,1,1.0
2022-09-24T08:14:33,dense.4.tanh-attention.2,2308,541,8.012950897216797,0.5,0.1,128,64,4431872,3930028908,3.836561441421509,1024,1024,1,1.0
2022-09-24T08:14:35,dense.4.tanh,2308,90,1.003925085067749,0.5,0.1,128,16,184320,3930028908,4.033782482147217,1024,1024,1,1.0
2022-09-24T08:14:40,dense.16.tanh-attention.2.pos,8496,312,4.002013206481934,0.5,0.1,128,32,1277952,3930028908,3.5983123779296875,1024,1024,1,1.0
2022-09-24T08:14:43,rec.4.tanh-rec.1.tanh,1562,40,1.0017309188842773,0.5,0.1,128,32,163840,3930028908,4.531285285949707,1024,1024,1,1.0
2022-09-24T08:14:46,rec.1.relu-suffix.2,1026,318,2.0030219554901123,0.2,0.1,128,8,325632,3930028908,4.297021269798279,1024,1024,1,1.0
2022-09-24T08:14:48,rec.2.tanh-suffix.2,1798,71,1.0017468929290771,0.5,0.1,128,16,145408,3930028908,4.145087838172913,1024,1024,1,1.0
2022-09-24T08:14:53,suffix.4-rec.8.relu-suffix.2,12616,68,2.0186879634857178,0.2,0.1,128,32,278528,3930028908,3.7541909217834473,1024,1024,1,1.0
2022-09-24T08:14:55,suffix.2-dense.8.relu,6408,41,1.0078010559082031,0.5,0.1,128,32,167936,3930028908,3.768415093421936,1024,1024,1,1.0
2022-09-24T08:15:12,dense.4.tanh-suffix.2,3332,2205,16.004101753234863,0.2,0.1,128,8,2257920,3930028908,3.7673816084861755,1024,1024,1,1.0
2022-09-24T08:15:15,suffix.2-dense.8.tanh,6408,18,1.0025629997253418,0.5,0.1,128,64,147456,3930028908,3.8230255246162415,1024,1024,1,1.0
2022-09-24T08:15:21,attention.4-dense.2.relu,1282,502,4.002630949020386,0.2,0.1,128,16,1028096,3930028908,4.2955368757247925,1024,1024,1,1.0
2022-09-24T08:15:24,suffix.2-dense.8.tanh,6408,40,1.008758783340454,0.2,0.1,128,32,163840,3930028908,3.984681248664856,1024,1024,1,1.0
2022-09-24T08:15:28,rec.8.relu-attention.2.pos,4440,131,2.0028529167175293,0.5,0.1,128,32,536576,3930028908,3.832569897174835,1024,1024,1,1.0
2022-09-24T08:15:30,suffix.2-dense.8.tanh,6408,41,1.008579969406128,1.0,0.1,128,32,167936,3930028908,4.1818156242370605,1024,1024,1,1.0
2022-09-24T08:15:34,suffix.2-rec.8.relu,6472,109,2.0069761276245117,0.2,0.1,128,32,446464,3930028908,3.6055009961128235,1024,1024,1,1.0
2022-09-24T08:15:36,suffix.2-rec.8.relu,6472,35,1.0115368366241455,0.5,0.1,128,32,143360,3930028908,3.838980257511139,1024,1024,1,1.0
2022-09-24T08:15:45,dense.8.tanh,4360,868,8.002383947372437,0.5,0.1,128,32,3555328,3930028908,3.832084059715271,1024,1024,1,1.0
2022-09-24T08:15:48,rec.2.tanh-suffix.2-gru.1.tanh,1048,21,1.0019102096557617,0.5,0.1,128,16,43008,3930028908,4.7404865026474,1024,1024,1,1.0
2022-09-24T08:15:54,suffix.4-dense.8.tanh-suffix.2,12552,142,4.007986068725586,0.5,0.1,128,32,581632,3930028908,3.574971556663513,1024,1024,1,1.0
2022-09-24T08:15:56,rec.2.tanh-suffix.2-dense.1.tanh,1035,72,1.0045158863067627,0.5,0.1,128,8,73728,3930028908,4.488508224487305,1024,1024,1,1.0
2022-09-24T08:15:59,rec.2.tanh-suffix.2,1798,175,2.005194902420044,0.2,0.1,128,32,716800,3930028908,4.1876609325408936,1024,1024,1,1.0
2022-09-24T08:16:03,gru.8.tanh-suffix.4,14808,11,1.0150337219238281,0.5,0.1,128,32,45056,3930028908,4.289930701255798,1024,1024,1,1.0
2022-09-24T08:16:07,rec.2.tanh-suffix.2-gru.2.tanh,1328,89,2.0038530826568604,0.5,0.1,128,32,364544,3930028908,4.5916889905929565,1024,1024,1,1.0
2022-09-24T08:16:09,dense.2.relu-suffix.2-dense.1.tanh,1031,93,1.002694845199585,0.5,0.1,128,8,95232,3930028908,4.7727543115615845,1024,1024,1,1.0
2022-09-24T08:16:15,suffix.2-rec.2.relu,1798,269,4.000172138214111,0.5,0.1,128,32,1101824,3930028908,4.0780017375946045,1024,1024,1,1.0
2022-09-24T08:16:17,rec.4.tanh-rec.2.relu,1826,21,1.0119280815124512,0.5,0.1,128,64,172032,3930028908,4.54395318031311,1024,1024,1,1.0
2022-09-24T08:16:21,suffix.2-dense.8.tanh-attention.2.pos,6424,101,2.0020508766174316,0.2,0.1,128,32,413696,3930028908,3.6541038155555725,1024,1024,1,1.0
2022-09-24T08:16:24,rec.8.tanh-attention.2.pos,4440,1,1.1674089431762695,0.5,0.1,128,32,4096,3930028908,5.617378234863281,1024,1024,1,1.0
2022-09-24T08:16:26,rec.2.tanh-attention.2-dense.1.tanh,1033,48,1.0046069622039795,0.5,0.1,128,8,49152,3930028908,4.536934852600098,1024,1024,1,1.0
2022-09-24T08:16:29,dense.16.tanh-suffix.4,20752,21,1.010995864868164,0.5,0.1,128,32,86016,3930028908,3.908649504184723,1024,1024,1,1.0
2022-09-24T08:16:33,attention.2-rec.8.relu,4424,131,2.0095319747924805,0.2,0.1,128,32,536576,3930028908,3.6866302490234375,1024,1024,1,1.0
2022-09-24T08:16:36,dense.4.tanh-attention.2.pos-rec.2.tanh,1818,24,1.0057399272918701,0.5,0.1,128,8,24576,3930028908,4.800698280334473,1024,1024,1,1.0
2022-09-24T08:16:45,rec.2.tanh-suffix.2-rec.4.relu,1834,782,8.004983901977539,0.5,0.1,128,32,3203072,3930028908,4.326794743537903,1024,1024,1,1.0
2022-09-24T08:16:47,dense.4.tanh-suffix.2-rec.2.tanh,1818,50,1.0025098323822021,0.2,0.1,128,8,51200,3930028908,4.509158134460449,1024,1024,1,1.0
2022-09-24T08:16:53,dense.4.tanh-suffix.2,3332,419,4.000434875488281,0.2,0.1,128,32,1716224,3930028908,3.7672828435897827,1024,1024,1,1.0
2022-09-24T08:16:55,rec.8.tanh-attention.2.pos-dense.8.relu,4512,22,1.0061111450195312,0.5,0.1,128,32,90112,3930028908,4.732341647148132,1024,1024,1,1.0
2022-09-24T08:16:59,suffix.2-rec.4.tanh-attention.2.pos,3356,99,2.0065982341766357,0.2,0.1,128,32,405504,3930028908,3.898729622364044,1024,1024,1,1.0
2022-09-24T08:17:01,suffix.2-rec.4.relu,3348,21,1.0116562843322754,0.5,0.1,128,64,172032,3930028908,4.277708530426025,1024,1024,1,1.0
2022-09-24T08:17:05,suffix.2-rec.8.relu-suffix.2-dense.16.relu,8792,91,2.007363796234131,0.2,0.1,128,32,372736,3930028908,3.5592252016067505,1024,1024,1,1.0
2022-09-24T08:17:08,dense.4.relu-suffix.2-rec.2.relu,1818,51,1.0049850940704346,0.5,0.1,128,16,104448,3930028908,4.426671385765076,1024,1024,1,1.0
2022-09-24T08:17:25,rec.2.tanh,1286,938,16.009222745895386,0.5,0.1,128,64,7684096,3930028908,4.145633220672607,1024,1024,1,1.0
2022-09-24T08:17:28,rec.8.tanh-attention.2.pos,4440,30,1.0060338973999023,0.2,0.1,128,32,122880,3930028908,4.28489625453949,1024,1024,1,1.0
2022-09-24T08:17:33,suffix.2-dense.8.tanh-attention.2.pos,6424,255,4.012506723403931,0.2,0.1,128,32,1044480,3930028908,3.5439114570617676,1024,1024,1,1.0
2022-09-24T08:17:36,attention.2.pos-dense.16.tanh,8976,18,1.0009610652923584,0.5,0.1,128,32,73728,3930028908,5.306675910949707,1024,1024,1,1.0
2022-09-24T08:17:40,suffix.2-rec.8.relu-suffix.2,8520,53,2.0033321380615234,0.2,0.1,128,64,434176,3930028908,3.733184039592743,1024,1024,1,1.0
2022-09-24T08:17:43,rec.2.tanh-attention.2.pos,1290,36,1.0058708190917969,0.5,0.1,128,16,73728,3930028908,4.385043621063232,1024,1024,1,1.0
2022-09-24T08:17:47,suffix.2-rec.16.relu-suffix.2,16912,80,2.004581928253174,0.2,0.1,128,32,327680,3930028908,3.405460476875305,1024,1024,1,1.0
2022-09-24T08:17:49,rec.8.tanh-attention.2.pos,4440,28,1.0039188861846924,1.0,0.1,128,32,114688,3930028908,5.237176775932312,1024,1024,1,1.0
2022-09-24T08:17:59,suffix.2-dense.8.tanh-attention.2.pos,6424,559,8.001621007919312,0.2,0.1,128,32,2289664,3930028908,3.421592652797699,1024,1024,1,1.0
2022-09-24T08:18:01,rec.2.tanh-attention.2-rec.1.relu,1034,39,1.0054919719696045,0.5,0.1,128,8,39936,3930028908,4.8651368618011475,1024,1024,1,1.0
2022-09-24T08:18:07,suffix.2-rec.8.relu-suffix.2,8520,245,4.001147985458374,0.2,0.1,128,32,1003520,3930028908,3.425113558769226,1024,1024,1,1.0
2022-09-24T08:18:09,rec.2.tanh-dense.2.relu,1292,56,1.0015919208526611,0.5,0.1,128,16,114688,3930028908,4.421638488769531,1024,1024,1,1.0
2022-09-24T08:18:14,suffix.2-rec.16.relu-suffix.2,16912,81,2.013500928878784,0.2,0.1,128,32,331776,3930028908,3.4069104194641113,1024,1024,1,1.0
2022-09-24T08:18:16,attention.2.pos-dense.8.relu,4872,21,1.0125439167022705,0.5,0.1,128,32,86016,3930028908,4.901724100112915,1024,1024,1,1.0
2022-09-24T08:18:20,suffix.2-rec.16.tanh-suffix.2,16912,80,2.014862060546875,0.2,0.1,128,32,327680,3930028908,3.457044839859009,1024,1024,1,1.0
2022-09-24T08:18:23,attention.2-dense.4.tanh-suffix.2-rec.2.tanh,1818,30,1.0074808597564697,0.5,0.1,128,16,61440,3930028908,4.581382751464844,1024,1024,1,1.0
2022-09-24T08:18:29,dense.2.tanh-suffix.2,1794,467,4.005252838134766,0.2,0.1,128,32,1912832,3930028908,4.0246259570121765,1024,1024,1,1.0
2022-09-24T08:18:31,dense.2.tanh-attention.2-dense.1.tanh,1029,68,1.001866340637207,0.5,0.1,128,8,69632,3930028908,4.456517815589905,1024,1024,1,1.0
2022-09-24T08:18:35,rec.16.relu-suffix.2,12816,109,2.00032901763916,0.2,0.1,128,32,446464,3930028908,3.3572365045547485,1024,1024,1,1.0
2022-09-24T08:18:37,dense.4.relu,2308,38,1.0034551620483398,0.5,0.1,128,64,311296,3930028908,4.2390865087509155,1024,1024,1,1.0
2022-09-24T08:18:47,suffix.2-dense.8.tanh-attention.2.pos,6424,553,8.011039972305298,0.2,0.1,128,32,2265088,3930028908,3.4515899419784546,1024,1024,1,1.0
2022-09-24T08:18:49,dense.4.tanh-suffix.2-rec.2.tanh,1818,93,1.00388503074646,0.5,0.1,128,4,47616,3930028908,4.305127382278442,1024,1024,1,1.0
2022-09-24T08:18:53,suffix.2-rec.8.relu-suffix.2-dense.8.relu,6608,97,2.000499963760376,0.2,0.1,128,32,397312,3930028908,3.7335307598114014,1024,1024,1,1.0
2022-09-24T08:18:55,dense.8.tanh-suffix.8,18696,28,1.0060012340545654,0.5,0.1,128,32,114688,3930028908,4.196551442146301,1024,1024,1,1.0
2022-09-24T08:19:01,suffix.2-dense.4.tanh-attention.2.pos,3340,276,4.0050249099731445,0.2,0.1,128,32,1130496,3930028908,3.7633610367774963,1024,1024,1,1.0
2022-09-24T08:19:04,suffix.2-rec.16.tanh,12816,30,1.0105388164520264,0.5,0.1,128,32,122880,3930028908,4.257197380065918,1024,1024,1,1.0
2022-09-24T08:19:07,dense.8.tanh-attention.2.pos,4376,147,2.006455183029175,0.2,0.1,128,32,602112,3930028908,3.773540496826172,1024,1024,1,1.0
2022-09-24T08:19:10,rec.8.tanh-attention.2.pos,4440,30,1.0077447891235352,0.5,0.1,128,32,122880,3930028908,3.813760995864868,1024,1024,1,1.0
2022-09-24T08:19:28,suffix.2-dense.8.tanh-attention.2.pos,6424,1176,16.00803017616272,0.2,0.1,128,32,4816896,3930028908,3.4174776673316956,1024,1024,1,1.0
2022-09-24T08:19:30,suffix.2-dense.8.tanh-attention.2.pos,6424,25,1.0092999935150146,0.5,0.1,128,32,102400,3930028908,3.752202570438385,1024,1024,1,1.0
2022-09-24T08:19:34,rec.8.relu-suffix.2-dense.16.relu,6744,124,2.008894920349121,0.2,0.1,128,32,507904,3930028908,3.535058617591858,1024,1024,1,1.0
2022-09-24T08:19:37,suffix.2-mgru.2,2828,22,1.0089969635009766,0.5,0.1,128,32,90112,3930028908,4.3123778104782104,1024,1024,1,1.0
2022-09-24T08:19:43,suffix.2-rec.1.relu-suffix.2,1282,430,4.005785226821899,0.2,0.1,128,16,880640,3930028908,4.24651038646698,1024,1024,1,1.0
2022-09-24T08:19:46,rec.8.relu-attention.2.pos,4440,28,1.0046253204345703,0.5,0.1,128,32,114688,3930028908,4.242143154144287,1024,1024,1,1.0
2022-09-24T08:19:49,attention.2-rec.4.relu,2324,143,2.0063650608062744,0.2,0.1,128,32,585728,3930028908,4.104320764541626,1024,1024,1,1.0
2022-09-24T08:19:52,dense.4.tanh-suffix.2-rec.1.tanh,1550,116,1.0017600059509277,0.5,0.1,128,4,59392,3930028908,4.628106594085693,1024,1024,1,1.0
2022-09-24T08:20:01,suffix.2-rec.8.relu-suffix.2,8520,534,8.004711866378784,0.2,0.1,128,32,2187264,3930028908,3.41080778837204,1024,1024,1,1.0
2022-09-24T08:20:04,suffix.2-dense.16.tanh-dense.16.relu,12832,30,1.0059261322021484,0.5,0.1,128,32,122880,3930028908,3.881548285484314,1024,1024,1,1.0
