2022-09-24T10:02:19,dense.1.relu,769,1,1.6110649108886719,0.5,0.1,128,256,32768,3930028908,7.405809760093689,1024,1024,1,1.0
2022-09-24T10:02:20,dense.1.relu,769,18,1.0087859630584717,0.5,0.1,128,256,589824,3930028908,4.620868682861328,1024,1024,1,1.0
2022-09-24T10:02:21,dense.1.tanh,769,30,1.0201919078826904,0.5,0.1,128,256,983040,3930028908,4.441811800003052,1024,1024,1,1.0
2022-09-24T10:03:31,dense.1.tanh,769,1,1.612156867980957,0.5,0.1,128,256,32768,3930028908,7.403086066246033,1024,1024,1,1.0
2022-09-24T10:03:36,dense.2.tanh,1282,1,4.519179582595825,0.5,0.1,128,256,32768,3930028908,7.735772371292114,1024,1024,1,1.0
2022-09-24T10:03:38,dense.1.tanh,769,40,2.0314698219299316,0.5,0.1,128,256,1310720,3930028908,4.382843375205994,1024,1024,1,1.0
2022-09-24T10:03:40,dense.1.tanh,769,49,1.025317907333374,0.5,0.1,128,256,1605632,3930028908,4.4424967765808105,1024,1024,1,1.0
2022-09-24T10:03:42,dense.2.tanh,1282,72,2.0481226444244385,0.5,0.1,128,256,2359296,3930028908,4.15543794631958,1024,1024,1,1.0
2022-09-24T10:03:43,dense.2.tanh,1282,55,1.0005743503570557,0.5,0.1,128,256,1802240,3930028908,4.10599410533905,1024,1024,1,1.0
2022-09-24T10:03:48,dense.1.relu,769,133,4.018946886062622,0.5,0.1,128,256,4358144,3930028908,4.355664253234863,1024,1024,1,1.0
2022-09-24T10:03:49,dense.2.relu,1282,53,1.008925199508667,0.5,0.1,128,256,1736704,3930028908,4.4756492376327515,1024,1024,1,1.0
2022-09-24T10:03:51,dense.2.relu,1282,130,2.003605365753174,0.5,0.1,128,256,4259840,3930028908,4.0764758586883545,1024,1024,1,1.0
2022-09-24T10:03:53,attention.2-dense.2.tanh,1282,50,1.0011341571807861,0.5,0.1,128,256,1638400,3930028908,4.2921730279922485,1024,1024,1,1.0
2022-09-24T10:03:57,dense.1.tanh,769,181,4.032334804534912,0.5,0.1,128,256,5931008,3930028908,4.414368033409119,1024,1024,1,1.0
2022-09-24T10:03:59,dense.2.tanh-attention.2,1282,35,1.0037469863891602,0.5,0.1,128,256,1146880,3930028908,4.222639203071594,1024,1024,1,1.0
2022-09-24T10:04:01,dense.2.relu,1282,128,2.0137765407562256,0.5,0.1,128,256,4194304,3930028908,4.11898136138916,1024,1024,1,1.0
2022-09-24T10:04:03,dense.2.tanh-dense.2.relu,1288,15,1.0035479068756104,0.5,0.1,128,256,491520,3930028908,4.496268630027771,1024,1024,1,1.0
2022-09-24T10:04:11,dense.1.relu,769,302,8.004896879196167,0.5,0.1,128,256,9895936,3930028908,4.4216731786727905,1024,1024,1,1.0
2022-09-24T10:04:12,dense.2.tanh,1282,56,1.0047011375427246,0.5,0.1,128,256,1835008,3930028908,4.131834864616394,1024,1024,1,1.0
2022-09-24T10:04:55,attention.2-dense.2.relu,1282,1,2.541001558303833,0.5,0.1,128,256,32768,3930028908,7.218469142913818,1024,1024,1,1.0
2022-09-24T10:12:49,rec.1.relu,770,8,2.034820318222046,0.5,0.1,128,256,262144,3930028908,5.200656771659851,1024,1024,1,1.0
2022-09-24T10:12:57,attention.2-dense.2.relu,1282,1,6.977146625518799,0.5,0.1,128,256,32768,3930028908,7.272066593170166,1024,1024,1,1.0
2022-09-24T10:13:00,suffix.2-dense.2.relu,1794,29,2.018754482269287,0.5,0.1,128,256,950272,3930028908,4.248270869255066,1024,1024,1,1.0
2022-09-24T10:13:04,dense.1.relu,769,102,4.036544322967529,0.5,0.1,128,256,3342336,3930028908,4.349868655204773,1024,1024,1,1.0
2022-09-24T10:13:06,rec.1.relu-attention.2,770,41,1.0039634704589844,0.5,0.1,128,256,1343488,3930028908,4.562640309333801,1024,1024,1,1.0
2022-09-24T10:13:09,dense.2.relu-attention.2,1282,98,2.0101122856140137,0.5,0.1,128,256,3211264,3930028908,4.163591623306274,1024,1024,1,1.0
2022-09-24T10:13:10,dense.2.tanh,1282,46,1.0147340297698975,0.5,0.1,128,512,3014656,3930028908,4.138128757476807,1024,1024,1,1.0
2022-09-24T10:13:37,rec.1.relu,770,1,1.7173435688018799,0.5,0.1,128,512,65536,3930028908,7.441234111785889,1024,1024,1,1.0
2022-09-24T10:13:39,rec.1.relu,770,17,1.0208046436309814,0.5,0.1,128,512,1114112,3930028908,4.676254391670227,1024,1024,1,1.0
2022-09-24T10:13:55,dense.1.relu,769,335,16.027715921401978,0.5,0.1,128,256,10977280,3930028908,4.334525465965271,1024,1024,1,1.0
2022-09-24T10:14:04,dense.2.relu,1282,355,8.008650302886963,0.5,0.1,128,256,11632640,3930028908,4.081858277320862,1024,1024,1,1.0
2022-09-24T10:14:05,dense.2.tanh,1282,49,1.0019927024841309,0.5,0.1,128,128,802816,3930028908,4.179467797279358,1024,1024,1,1.0
2022-09-24T10:14:09,dense.2.relu,1282,250,4.011137008666992,0.5,0.1,128,256,8192000,3930028908,4.098160743713379,1024,1024,1,1.0
2022-09-24T10:14:11,dense.2.tanh,1282,49,1.0045924186706543,0.2,0.1,128,256,1605632,3930028908,4.574439167976379,1024,1024,1,1.0
2022-09-24T10:14:13,dense.2.relu-dense.2.relu,1288,66,2.0101561546325684,0.5,0.1,128,256,2162688,3930028908,4.362773895263672,1024,1024,1,1.0
2022-09-24T10:14:15,dense.2.tanh,1282,54,1.0027565956115723,1.0,0.1,128,256,1769472,3930028908,4.236397862434387,1024,1024,1,1.0
2022-09-24T10:14:19,rec.1.relu,770,302,4.000618934631348,0.5,0.1,128,256,9895936,3930028908,4.327656149864197,1024,1024,1,1.0
2022-09-24T10:14:20,rec.2.tanh,1286,37,1.009824514389038,0.5,0.1,128,512,2424832,3930028908,4.154266953468323,1024,1024,1,1.0
2022-09-24T10:14:23,rec.2.tanh,1286,87,2.0183141231536865,0.5,0.1,128,512,5701632,3930028908,4.060529172420502,1024,1024,1,1.0
2022-09-24T10:14:24,suffix.2-dense.2.tanh,1794,17,1.0048153400421143,0.5,0.1,128,512,1114112,3930028908,4.301387190818787,1024,1024,1,1.0
2022-09-24T10:14:33,dense.2.tanh,1282,399,8.052371978759766,0.5,0.1,128,256,13074432,3930028908,4.102570056915283,1024,1024,1,1.0
2022-09-24T10:14:34,dense.4.tanh,2308,19,1.0126512050628662,0.5,0.1,128,256,622592,3930028908,4.175359129905701,1024,1024,1,1.0
2022-09-24T10:14:37,rec.1.tanh,770,131,2.0100128650665283,0.5,0.1,128,512,8585216,3930028908,4.33337128162384,1024,1024,1,1.0
2022-09-24T10:14:38,mgru.1,1028,31,1.0068631172180176,0.5,0.1,128,512,2031616,3930028908,4.375747799873352,1024,1024,1,1.0
2022-09-24T10:14:42,rec.2.tanh,1286,189,4.019007921218872,0.5,0.1,128,512,12386304,3930028908,4.037748634815216,1024,1024,1,1.0
2022-09-24T10:14:45,rec.2.tanh,1286,89,2.0050129890441895,0.5,0.1,128,512,5832704,3930028908,4.076164245605469,1024,1024,1,1.0
2022-09-24T10:14:46,rec.1.relu,770,61,1.0091159343719482,0.5,0.1,128,128,999424,3930028908,4.670586705207825,1024,1024,1,1.0
2022-09-24T10:15:18,dense.1.relu,769,944,32.050763845443726,0.5,0.1,128,256,30932992,3930028908,4.331533670425415,1024,1024,1,1.0
2022-09-24T10:15:20,dense.2.tanh-suffix.2,1794,34,1.0006120204925537,0.5,0.1,128,512,2228224,3930028908,4.196688294410706,1024,1024,1,1.0
2022-09-24T10:15:36,dense.2.relu,1282,977,16.038025617599487,0.5,0.1,128,256,32014336,3930028908,4.074733257293701,1024,1024,1,1.0
2022-09-24T10:15:38,rec.2.relu,1286,87,2.018446683883667,0.5,0.1,128,512,5701632,3930028908,4.20669949054718,1024,1024,1,1.0
2022-09-24T10:15:40,dense.1.tanh-suffix.2,1025,45,1.0030848979949951,0.5,0.1,128,512,2949120,3930028908,4.357377886772156,1024,1024,1,1.0
2022-09-24T10:15:41,rec.1.relu,770,63,1.00807785987854,1.0,0.1,128,256,2064384,3930028908,4.583577275276184,1024,1024,1,1.0
2022-09-24T10:15:45,rec.2.tanh,1286,191,4.005919694900513,0.5,0.1,128,512,12517376,3930028908,4.091962099075317,1024,1024,1,1.0
2022-09-24T10:15:48,rec.4.tanh,2324,68,2.0153801441192627,0.5,0.1,128,512,4456448,3930028908,3.8072943687438965,1024,1024,1,1.0
2022-09-24T10:15:49,dense.2.tanh,1282,37,1.0025181770324707,0.5,0.1,128,512,2424832,3930028908,4.2673280239105225,1024,1024,1,1.0
2022-09-24T10:15:57,rec.2.tanh,1286,379,8.004019021987915,0.5,0.1,128,512,24838144,3930028908,4.060216546058655,1024,1024,1,1.0
2022-09-24T10:15:59,rec.2.tanh,1286,38,1.0158109664916992,0.5,0.1,128,512,2490368,3930028908,4.171083450317383,1024,1024,1,1.0
2022-09-24T10:16:01,dense.2.tanh-suffix.2,1794,94,2.0086913108825684,0.5,0.1,128,512,6160384,3930028908,3.9902248978614807,1024,1024,1,1.0
2022-09-24T10:16:03,attention.2-rec.2.tanh,1286,32,1.005826711654663,0.5,0.1,128,512,2097152,3930028908,4.1660157442092896,1024,1024,1,1.0
2022-09-24T10:16:07,rec.1.tanh,770,278,4.003519296646118,0.5,0.1,128,512,18219008,3930028908,4.331832647323608,1024,1024,1,1.0
2022-09-24T10:16:09,rec.2.tanh-attention.2,1286,20,1.006443977355957,0.5,0.1,128,512,1310720,3930028908,4.603273510932922,1024,1024,1,1.0
2022-09-24T10:16:11,rec.4.tanh,2324,95,2.015744686126709,0.5,0.1,128,512,6225920,3930028908,3.783562183380127,1024,1024,1,1.0
2022-09-24T10:16:12,rec.4.tanh,2324,43,1.0111980438232422,0.5,0.1,128,512,2818048,3930028908,3.905695676803589,1024,1024,1,1.0
2022-09-24T10:16:21,rec.2.tanh,1286,374,8.016620874404907,0.5,0.1,128,512,24510464,3930028908,4.0467329025268555,1024,1024,1,1.0
2022-09-24T10:16:23,rec.4.relu,2324,89,2.0113799571990967,0.5,0.1,128,512,5832704,3930028908,3.838218629360199,1024,1024,1,1.0
2022-09-24T10:16:24,rec.4.relu,2324,39,1.0007624626159668,0.5,0.1,128,512,2555904,3930028908,4.095780372619629,1024,1024,1,1.0
2022-09-24T10:16:29,dense.2.tanh-suffix.2,1794,184,4.000976085662842,0.5,0.1,128,512,12058624,3930028908,3.9550892114639282,1024,1024,1,1.0
2022-09-24T10:16:30,rec.2.tanh-dense.2.relu,1292,26,1.004446029663086,0.5,0.1,128,512,1703936,3930028908,4.461094379425049,1024,1024,1,1.0
2022-09-24T10:16:33,rec.8.tanh,4424,9,2.011821985244751,0.5,0.1,128,512,589824,3930028908,4.43439257144928,1024,1024,1,1.0
2022-09-24T10:16:35,attention.2.pos-rec.4.tanh,2836,23,1.000863790512085,0.5,0.1,128,512,1507328,3930028908,4.905329465866089,1024,1024,1,1.0
2022-09-24T10:16:51,rec.2.tanh,1286,782,16.017327785491943,0.5,0.1,128,512,51249152,3930028908,4.086545825004578,1024,1024,1,1.0
2022-09-24T10:16:53,rec.2.tanh,1286,26,1.0022211074829102,0.5,0.1,128,1024,3407872,3930028908,4.282514810562134,1024,1024,1,1.0
2022-09-24T10:16:55,mgru.2,1804,55,2.027860403060913,0.5,0.1,128,512,3604480,3930028908,4.129916191101074,1024,1024,1,1.0
2022-09-24T10:17:00,dense.1.tanh-suffix.2,1025,238,4.012659788131714,0.5,0.1,128,512,15597568,3930028908,4.302969217300415,1024,1024,1,1.0
2022-09-24T10:17:01,rec.2.tanh,1286,41,1.0150494575500488,0.2,0.1,128,512,2686976,3930028908,4.723141193389893,1024,1024,1,1.0
2022-09-24T10:17:02,rec.2.tanh,1286,39,1.0152838230133057,1.0,0.1,128,512,2555904,3930028908,4.559484601020813,1024,1024,1,1.0
2022-09-24T10:17:05,dense.1.tanh-suffix.2,1025,109,2.0039174556732178,0.5,0.1,128,512,7143424,3930028908,4.3002495765686035,1024,1024,1,1.0
2022-09-24T10:17:13,rec.1.tanh,770,587,8.007240772247314,0.5,0.1,128,512,38469632,3930028908,4.347206473350525,1024,1024,1,1.0
2022-09-24T10:17:14,rec.4.tanh-suffix.2,3348,27,1.0172100067138672,0.5,0.1,128,512,1769472,3930028908,4.000631093978882,1024,1024,1,1.0
2022-09-24T10:17:47,dense.1.tanh,769,1405,32.00006031990051,0.5,0.1,128,256,46039040,3930028908,4.35935652256012,1024,1024,1,1.0
2022-09-24T10:17:48,rec.8.tanh,4424,40,1.0004160404205322,0.5,0.1,128,512,2621440,3930028908,3.6854684948921204,1024,1024,1,1.0
2022-09-24T10:17:51,attention.2-rec.4.tanh,2324,87,2.015807628631592,0.5,0.1,128,512,5701632,3930028908,3.856368601322174,1024,1024,1,1.0
2022-09-24T10:17:55,rec.4.relu,2324,201,4.001772165298462,0.5,0.1,128,512,13172736,3930028908,3.8851284980773926,1024,1024,1,1.0
2022-09-24T10:17:56,mgru.2,1804,23,1.0194191932678223,0.5,0.1,128,512,1507328,3930028908,4.300729870796204,1024,1024,1,1.0
2022-09-24T10:19:01,dense.1.relu,769,2357,64.03223061561584,0.5,0.1,128,256,77234176,3930028908,4.348289489746094,1024,1024,1,1.0
2022-09-24T10:19:02,dense.2.tanh,1282,57,1.0077617168426514,0.5,0.1,128,256,1867776,3930028908,4.134181976318359,1024,1024,1,1.0
2022-09-24T10:19:05,attention.2-rec.2.tanh,1286,78,2.0027618408203125,0.5,0.1,128,512,5111808,3930028908,4.126317501068115,1024,1024,1,1.0
2022-09-24T10:19:06,attention.2-rec.1.tanh,770,26,1.0134844779968262,0.5,0.1,128,512,1703936,3930028908,4.515445709228516,1024,1024,1,1.0
2022-09-24T10:19:11,rec.4.tanh,2324,193,4.011608839035034,0.5,0.1,128,512,12648448,3930028908,3.720672130584717,1024,1024,1,1.0
2022-09-24T10:19:12,rec.4.tanh-dense.4.relu,2344,26,1.013023853302002,0.5,0.1,128,512,1703936,3930028908,4.075214862823486,1024,1024,1,1.0
2022-09-24T10:19:15,rec.4.tanh-attention.2,2324,66,2.010549306869507,0.5,0.1,128,512,4325376,3930028908,3.7839711904525757,1024,1024,1,1.0
2022-09-24T10:19:16,rec.8.relu,4424,38,1.005296230316162,0.5,0.1,128,512,2490368,3930028908,3.9639710783958435,1024,1024,1,1.0
2022-09-24T10:19:24,rec.1.relu,770,604,8.005844831466675,0.5,0.1,128,256,19791872,3930028908,4.326179385185242,1024,1024,1,1.0
2022-09-24T10:19:27,attention.2-mgru.1,1028,79,2.0147316455841064,0.5,0.1,128,512,5177344,3930028908,4.344729423522949,1024,1024,1,1.0
2022-09-24T10:19:29,rec.1.tanh-suffix.2,1026,37,1.0001847743988037,0.5,0.1,128,512,2424832,3930028908,4.397008657455444,1024,1024,1,1.0
2022-09-24T10:19:33,dense.2.tanh-attention.2.pos,1286,135,4.005982160568237,0.5,0.1,128,512,8847360,3930028908,4.094919681549072,1024,1024,1,1.0
2022-09-24T10:19:35,suffix.2-rec.8.tanh,6472,25,1.017035722732544,0.5,0.1,128,512,1638400,3930028908,3.960446774959564,1024,1024,1,1.0
2022-09-24T10:19:37,rec.4.tanh-attention.2,2324,57,2.011207103729248,0.5,0.1,128,512,3735552,3930028908,3.783495247364044,1024,1024,1,1.0
2022-09-24T10:19:39,attention.4-rec.2.tanh,1286,31,1.0245399475097656,0.5,0.1,128,512,2031616,3930028908,4.465328216552734,1024,1024,1,1.0
2022-09-24T10:19:56,dense.4.relu,2308,1042,16.0008065700531,0.5,0.1,128,256,34144256,3930028908,3.8500059247016907,1024,1024,1,1.0
2022-09-24T10:19:57,attention.2-rec.2.relu,1286,34,1.0082006454467773,0.5,0.1,128,512,2228224,3930028908,4.538348197937012,1024,1024,1,1.0
2022-09-24T10:20:00,rec.4.relu-attention.2,2324,74,2.0141286849975586,0.5,0.1,128,512,4849664,3930028908,3.963750720024109,1024,1024,1,1.0
2022-09-24T10:20:01,rec.8.tanh,4424,44,1.0127472877502441,0.5,0.1,128,512,2883584,3930028908,3.709591269493103,1024,1024,1,1.0
2022-09-24T10:20:06,rec.4.tanh,2324,201,4.00439453125,0.5,0.1,128,512,13172736,3930028908,3.7384397983551025,1024,1024,1,1.0
2022-09-24T10:20:07,rec.8.tanh-dense.4.relu,3436,10,1.006737470626831,0.5,0.1,128,512,655360,3930028908,4.773161292076111,1024,1024,1,1.0
2022-09-24T10:20:10,rec.4.tanh-attention.4,2324,70,2.0009889602661133,0.5,0.1,128,512,4587520,3930028908,3.9422648549079895,1024,1024,1,1.0
2022-09-24T10:20:18,dense.1.tanh-suffix.2,1025,484,8.01119613647461,0.5,0.1,128,512,31719424,3930028908,4.30888307094574,1024,1024,1,1.0
2022-09-24T10:20:20,rec.4.tanh,2324,26,1.0085697174072266,0.5,0.1,128,512,1703936,3930028908,4.120277166366577,1024,1024,1,1.0
2022-09-24T10:20:22,rec.1.relu-suffix.2,1026,98,2.0130279064178467,0.5,0.1,128,512,6422528,3930028908,4.292401671409607,1024,1024,1,1.0
2022-09-24T10:20:24,rec.4.tanh-rec.2.relu,1826,18,1.002350091934204,0.5,0.1,128,512,1179648,3930028908,4.741432428359985,1024,1024,1,1.0
2022-09-24T10:20:28,dense.2.tanh-attention.2,1282,168,4.003977537155151,0.5,0.1,128,512,11010048,3930028908,4.103066563606262,1024,1024,1,1.0
2022-09-24T10:20:30,rec.4.tanh-rec.4.tanh,2360,26,1.0015389919281006,0.5,0.1,128,512,1703936,3930028908,4.563714265823364,1024,1024,1,1.0
2022-09-24T10:20:32,rec.2.tanh-attention.2,1286,65,2.0106260776519775,0.5,0.1,128,512,4259840,3930028908,4.071955323219299,1024,1024,1,1.0
2022-09-24T10:20:34,rec.4.tanh-suffix.2,3348,35,1.0102431774139404,0.5,0.1,128,512,2293760,3930028908,3.7980934381484985,1024,1024,1,1.0
2022-09-24T10:20:50,dense.1.tanh-suffix.2,1025,960,16.00285291671753,0.5,0.1,128,512,62914560,3930028908,4.254717469215393,1024,1024,1,1.0
2022-09-24T10:20:52,rec.2.tanh-dense.4.relu,1810,22,1.0074167251586914,0.5,0.1,128,512,1441792,3930028908,4.446439504623413,1024,1024,1,1.0
2022-09-24T10:20:56,mgru.2,1804,114,4.029585599899292,0.5,0.1,128,512,7471104,3930028908,4.070191502571106,1024,1024,1,1.0
2022-09-24T10:20:59,mgru.2-attention.4,1804,29,2.0292351245880127,0.5,0.1,128,512,1900544,3930028908,4.312815427780151,1024,1024,1,1.0
2022-09-24T10:21:01,rec.4.relu-suffix.2,3348,37,1.010894775390625,0.5,0.1,128,512,2424832,3930028908,4.083027005195618,1024,1024,1,1.0
2022-09-24T10:21:09,mgru.1,1028,413,8.016214609146118,0.5,0.1,128,512,27066368,3930028908,4.303197264671326,1024,1024,1,1.0
2022-09-24T10:21:11,rec.8.tanh-attention.2,4424,26,1.0058016777038574,0.5,0.1,128,512,1703936,3930028908,3.8584049940109253,1024,1024,1,1.0
2022-09-24T10:21:13,dense.2.relu-suffix.2,1794,92,2.00174617767334,0.5,0.1,128,512,6029312,3930028908,4.045878171920776,1024,1024,1,1.0
2022-09-24T10:21:15,mgru.4-attention.2,3368,16,1.0324795246124268,0.5,0.1,128,512,1048576,3930028908,4.2332680225372314,1024,1024,1,1.0
2022-09-24T10:21:47,dense.2.relu,1282,2149,32.001439332962036,0.5,0.1,128,256,70418432,3930028908,4.045595407485962,1024,1024,1,1.0
2022-09-24T10:21:52,mgru.1,1028,199,4.014284133911133,0.5,0.1,128,512,13041664,3930028908,4.327720403671265,1024,1024,1,1.0
2022-09-24T10:21:53,rec.2.relu-suffix.2,1798,34,1.0027034282684326,0.5,0.1,128,512,2228224,3930028908,4.20810067653656,1024,1024,1,1.0
2022-09-24T10:21:56,suffix.2-rec.4.tanh-attention.2,3348,57,2.011984348297119,0.5,0.1,128,512,3735552,3930028908,3.8410802483558655,1024,1024,1,1.0
2022-09-24T10:21:57,suffix.2-rec.2.tanh,1798,32,1.000091791152954,0.5,0.1,128,512,2097152,3930028908,4.281068801879883,1024,1024,1,1.0
2022-09-24T10:22:00,rec.4.tanh-attention.2-dense.4.relu,2344,54,2.0265135765075684,0.5,0.1,128,512,3538944,3930028908,4.09219229221344,1024,1024,1,1.0
2022-09-24T10:22:02,attention.2-rec.4.tanh-suffix.2,3348,32,1.017242193222046,0.5,0.1,128,512,2097152,3930028908,3.9202698469161987,1024,1024,1,1.0
2022-09-24T10:22:47,rec.8.tanh,4424,1,3.02327561378479,0.5,0.1,128,1024,131072,3930028908,8.25804090499878,1024,1024,1,1.0
2022-09-24T10:22:50,rec.4.tanh-suffix.2-dense.8.relu,3420,1,1.6312568187713623,0.5,0.1,128,512,65536,3930028908,6.896527647972107,1024,1024,1,1.0
2022-09-24T10:22:53,attention.2-rec.2.tanh-suffix.2,1798,1,1.4407448768615723,0.5,0.1,128,512,65536,3930028908,7.25349760055542,1024,1024,1,1.0
2022-09-24T10:22:55,attention.2-rec.2.tanh-attention.2.pos,1290,7,1.0426888465881348,0.5,0.1,128,512,458752,3930028908,4.995259881019592,1024,1024,1,1.0
2022-09-24T10:22:56,rec.8.tanh,4424,17,1.0446856021881104,0.5,0.1,128,1024,2228224,3930028908,3.9945526719093323,1024,1024,1,1.0
2022-09-24T10:22:59,rec.4.tanh-attention.2,2324,35,2.0405423641204834,0.5,0.1,128,1024,4587520,3930028908,3.9363463521003723,1024,1024,1,1.0
2022-09-24T10:23:04,rec.1.relu-attention.2.pos,772,71,4.008180856704712,0.5,0.1,128,512,4653056,3930028908,4.437291264533997,1024,1024,1,1.0
2022-09-24T10:23:06,rec.1.tanh,770,46,1.0156030654907227,0.5,0.1,128,1024,6029312,3930028908,4.400065898895264,1024,1024,1,1.0
2022-09-24T10:23:14,rec.2.relu,1286,175,8.039982318878174,0.5,0.1,128,512,11468800,3930028908,3.972055733203888,1024,1024,1,1.0
2022-09-24T10:23:16,attention.2-rec.2.tanh-suffix.2,1798,33,1.007509708404541,0.5,0.1,128,512,2162688,3930028908,4.083150386810303,1024,1024,1,1.0
2022-09-24T10:23:18,rec.4.tanh-attention.2,2324,78,2.003000020980835,0.5,0.1,128,256,2555904,3930028908,3.8310537338256836,1024,1024,1,1.0
2022-09-24T10:23:20,attention.2-rec.1.relu,770,51,1.0033400058746338,0.5,0.1,128,256,1671168,3930028908,4.359625339508057,1024,1024,1,1.0
2022-09-24T10:23:24,dense.1.tanh-attention.2,769,197,4.008389472961426,0.5,0.1,128,512,12910592,3930028908,4.341627717018127,1024,1024,1,1.0
2022-09-24T10:23:27,rec.4.tanh-attention.2,2324,71,2.0115275382995605,0.2,0.1,128,512,4653056,3930028908,4.270557165145874,1024,1024,1,1.0
2022-09-24T10:23:29,rec.4.tanh-suffix.2-dense.8.relu,3420,30,1.02524995803833,0.5,0.1,128,512,1966080,3930028908,4.062176823616028,1024,1024,1,1.0
2022-09-24T10:23:30,rec.4.tanh-suffix.2,3348,29,1.0007691383361816,0.5,0.1,128,1024,3801088,3930028908,3.7778501510620117,1024,1024,1,1.0
2022-09-24T10:23:32,rec.4.tanh-suffix.2-dense.8.relu,3420,68,2.0014712810516357,0.5,0.1,128,512,4456448,3930028908,3.637779116630554,1024,1024,1,1.0
2022-09-24T10:23:34,rec.8.tanh,4424,46,1.0054247379302979,0.5,0.1,128,256,1507328,3930028908,3.7299258708953857,1024,1024,1,1.0
2022-09-24T10:23:38,rec.1.tanh-suffix.2,1026,201,4.044243812561035,0.5,0.1,128,512,13172736,3930028908,4.27118444442749,1024,1024,1,1.0
2022-09-24T10:23:47,dense.2.tanh-attention.2.pos,1286,241,8.012614488601685,0.5,0.1,128,512,15794176,3930028908,4.055291175842285,1024,1024,1,1.0
2022-09-24T10:23:49,gru.2.relu-suffix.2,2834,11,1.0034093856811523,0.5,0.1,128,1024,1441792,3930028908,4.618051290512085,1024,1024,1,1.0
2022-09-24T10:23:51,rec.2.tanh-suffix.2-dense.8.relu,2862,44,2.0007572174072266,0.5,0.1,128,512,2883584,3930028908,3.8784454464912415,1024,1024,1,1.0
2022-09-24T10:23:53,rec.8.tanh,4424,41,1.0002789497375488,0.2,0.1,128,512,2686976,3930028908,3.9034573435783386,1024,1024,1,1.0
2022-09-24T10:24:09,dense.4.relu,2308,464,16.008901834487915,0.5,0.1,128,256,15204352,3930028908,3.9068665504455566,1024,1024,1,1.0
2022-09-24T10:24:10,rec.4.tanh-suffix.2,3348,31,1.023855447769165,0.5,0.1,128,1024,4063232,3930028908,3.850994348526001,1024,1024,1,1.0
2022-09-24T10:24:13,rec.4.tanh-suffix.2-rec.4.relu,2376,56,2.015923023223877,0.5,0.1,128,512,3670016,3930028908,3.883015215396881,1024,1024,1,1.0
2022-09-24T10:24:17,dense.2.tanh-suffix.2,1794,207,4.015222549438477,0.5,0.1,128,512,13565952,3930028908,3.958201587200165,1024,1024,1,1.0
2022-09-24T10:24:19,rec.8.tanh,4424,43,1.0114269256591797,1.0,0.1,128,512,2818048,3930028908,4.68237030506134,1024,1024,1,1.0
2022-09-24T10:24:21,rec.4.tanh-suffix.2-gru.4.relu,2480,31,2.010193347930908,0.5,0.1,128,512,2031616,3930028908,4.221401929855347,1024,1024,1,1.0
2022-09-24T10:24:23,rec.8.relu,4424,46,1.009873628616333,0.5,0.1,128,256,1507328,3930028908,3.796761393547058,1024,1024,1,1.0
2022-09-24T10:26:31,dense.1.relu,769,2900,128.02410769462585,0.5,0.1,128,256,95027200,3930028908,4.341691374778748,1024,1024,1,1.0
2022-09-24T10:26:33,attention.2-rec.8.tanh,4424,39,1.0156018733978271,0.5,0.1,128,256,1277952,3930028908,3.8589948415756226,1024,1024,1,1.0
2022-09-24T10:26:41,rec.2.relu,1286,376,8.013721466064453,0.5,0.1,128,512,24641536,3930028908,4.032184720039368,1024,1024,1,1.0
2022-09-24T10:26:43,suffix.2-dense.1.tanh,1025,43,1.0021533966064453,0.5,0.1,128,512,2818048,3930028908,4.3484625816345215,1024,1024,1,1.0
2022-09-24T10:26:45,rec.2.tanh-suffix.2-dense.4.relu,1818,63,2.0002200603485107,0.5,0.1,128,512,4128768,3930028908,3.9418192505836487,1024,1024,1,1.0
2022-09-24T10:26:49,dense.2.relu-suffix.2,1794,204,4.007168769836426,0.5,0.1,128,512,13369344,3930028908,3.9929473400115967,1024,1024,1,1.0
2022-09-24T10:26:51,rec.8.tanh-attention.2.pos,4440,11,1.0195965766906738,0.5,0.1,128,256,360448,3930028908,4.5515443086624146,1024,1024,1,1.0
2022-09-24T10:26:54,rec.4.tanh-suffix.2-dense.8.relu,3420,68,2.0031468868255615,0.5,0.1,128,512,4456448,3930028908,3.801609516143799,1024,1024,1,1.0
2022-09-24T10:26:55,attention.2-mgru.1-suffix.2,1284,25,1.0009162425994873,0.5,0.1,128,512,1638400,3930028908,4.44978654384613,1024,1024,1,1.0
2022-09-24T10:28:00,dense.2.relu,1282,3288,64.0274248123169,0.5,0.1,128,256,107741184,3930028908,4.062632918357849,1024,1024,1,1.0
2022-09-24T10:28:01,rec.2.tanh-dense.1.relu,1033,27,1.0073840618133545,0.5,0.1,128,512,1769472,3930028908,4.476599097251892,1024,1024,1,1.0
2022-09-24T10:28:04,rec.8.relu,4424,104,2.0006723403930664,0.5,0.1,128,256,3407872,3930028908,3.7852680683135986,1024,1024,1,1.0
2022-09-24T10:28:08,rec.2.relu,1286,184,4.016108751296997,0.5,0.1,128,512,12058624,3930028908,4.055018901824951,1024,1024,1,1.0
2022-09-24T10:28:09,rec.8.tanh-dense.8.relu,4496,32,1.0054230690002441,0.5,0.1,128,256,1048576,3930028908,4.024684309959412,1024,1024,1,1.0
2022-09-24T10:28:11,rec.2.tanh,1286,45,1.0117652416229248,0.5,0.1,128,256,1474560,3930028908,4.156870484352112,1024,1024,1,1.0
2022-09-24T10:28:13,rec.8.tanh-suffix.2-dense.8.relu,4560,48,2.002138137817383,0.5,0.1,128,512,3145728,3930028908,4.087089419364929,1024,1024,1,1.0
2022-09-24T10:28:30,rec.2.relu,1286,916,16.015678644180298,0.5,0.1,128,256,30015488,3930028908,4.130422353744507,1024,1024,1,1.0
2022-09-24T10:28:31,rec.2.relu,1286,47,1.0055150985717773,0.5,0.1,128,256,1540096,3930028908,4.109969258308411,1024,1024,1,1.0
2022-09-24T10:28:40,rec.1.relu-attention.2.pos,772,408,8.005349397659302,0.5,0.1,128,512,26738688,3930028908,4.31855309009552,1024,1024,1,1.0
2022-09-24T10:28:41,rec.8.tanh,4424,47,1.0027906894683838,0.5,0.1,128,128,770048,3930028908,3.7112926840782166,1024,1024,1,1.0
2022-09-24T10:28:43,suffix.2-dense.1.tanh,1025,132,2.003458023071289,0.5,0.1,128,512,8650752,3930028908,4.329695343971252,1024,1024,1,1.0
2022-09-24T10:28:48,rec.2.tanh-suffix.2-dense.4.relu,1818,140,4.0022172927856445,0.5,0.1,128,512,9175040,3930028908,3.9133415818214417,1024,1024,1,1.0
2022-09-24T10:28:49,rec.8.relu,4424,48,1.0019307136535645,0.5,0.1,128,128,786432,3930028908,3.911811888217926,1024,1024,1,1.0
2022-09-24T10:28:50,rec.4.tanh,2324,47,1.0012555122375488,0.5,0.1,128,128,770048,3930028908,3.882125735282898,1024,1024,1,1.0
2022-09-24T10:28:53,rec.4.tanh,2324,113,2.009610176086426,0.5,0.1,128,128,1851392,3930028908,3.7489659190177917,1024,1024,1,1.0
2022-09-24T10:28:54,attention.2.pos-rec.8.tanh,4936,28,1.0030696392059326,0.5,0.1,128,128,458752,3930028908,4.880950927734375,1024,1024,1,1.0
2022-09-24T10:28:59,rec.4.tanh-suffix.2-dense.8.relu,3420,146,4.002344846725464,0.5,0.1,128,512,9568256,3930028908,3.579891324043274,1024,1024,1,1.0
2022-09-24T10:29:01,rec.2.tanh,1286,108,2.014190673828125,0.5,0.1,128,128,1769472,3930028908,4.087968826293945,1024,1024,1,1.0
2022-09-24T10:29:02,rec.2.relu,1286,47,1.007258653640747,0.5,0.1,128,256,1540096,3930028908,4.211375951766968,1024,1024,1,1.0
2022-09-24T10:29:35,dense.2.relu,1282,2196,32.00253772735596,0.5,0.1,128,256,71958528,3930028908,4.091231107711792,1024,1024,1,1.0
2022-09-24T10:29:36,dense.2.tanh-dense.1.relu,1029,48,1.0181901454925537,0.5,0.1,128,256,1572864,3930028908,4.76418149471283,1024,1024,1,1.0
2022-09-24T10:29:44,mgru.1,1028,435,8.013022422790527,0.5,0.1,128,256,14254080,3930028908,4.323139905929565,1024,1024,1,1.0
2022-09-24T10:29:47,rec.4.relu-suffix.2-dense.8.relu,3420,69,2.0088376998901367,0.5,0.1,128,512,4521984,3930028908,4.105346083641052,1024,1024,1,1.0
2022-09-24T10:29:48,rec.4.tanh-attention.2,2324,11,1.0195560455322266,0.5,0.1,128,1024,1441792,3930028908,4.405264496803284,1024,1024,1,1.0
2022-09-24T10:29:53,rec.2.tanh,1286,225,4.0101916790008545,0.5,0.1,128,128,3686400,3930028908,4.089808464050293,1024,1024,1,1.0
2022-09-24T10:29:54,rec.2.tanh,1286,46,1.0055620670318604,0.5,0.1,128,128,753664,3930028908,4.151011109352112,1024,1024,1,1.0
2022-09-24T10:29:57,rec.2.tanh-suffix.2-rec.4.relu,1834,58,2.02036714553833,0.5,0.1,128,512,3801088,3930028908,4.131039500236511,1024,1024,1,1.0
2022-09-24T10:29:58,rec.2.tanh,1286,49,1.008345603942871,0.5,0.1,128,128,802816,3930028908,4.122595906257629,1024,1024,1,1.0
2022-09-24T10:30:14,dense.2.relu,1282,1068,16.0103919506073,0.5,0.1,128,256,34996224,3930028908,4.315253257751465,1024,1024,1,1.0
2022-09-24T10:30:16,mgru.4,3368,26,1.0161194801330566,0.5,0.1,128,256,851968,3930028908,3.89328670501709,1024,1024,1,1.0
2022-09-24T10:30:19,attention.2-rec.4.tanh-suffix.2-dense.8.relu,3420,63,2.0031328201293945,0.5,0.1,128,512,4128768,3930028908,3.9469255805015564,1024,1024,1,1.0
2022-09-24T10:30:20,rec.4.tanh-suffix.2,3348,22,1.00303316116333,0.5,0.1,128,2048,5767168,3930028908,3.931964933872223,1024,1024,1,1.0
2022-09-24T10:30:24,rec.2.relu-suffix.2-dense.4.relu,1818,145,4.004464626312256,0.5,0.1,128,512,9502720,3930028908,4.2005650997161865,1024,1024,1,1.0
2022-09-24T10:30:26,attention.2-rec.4.tanh,2324,40,1.0050358772277832,0.5,0.1,128,256,1310720,3930028908,3.990180015563965,1024,1024,1,1.0
2022-09-24T10:30:28,rec.4.tanh,2324,113,2.0113677978515625,0.5,0.1,128,128,1851392,3930028908,3.7417694330215454,1024,1024,1,1.0
2022-09-24T10:30:37,rec.2.tanh-suffix.2-dense.4.relu,1818,297,8.01250410079956,0.5,0.1,128,512,19464192,3930028908,3.831044912338257,1024,1024,1,1.0
2022-09-24T10:30:44,rec.8.tanh-attention.2,4424,32,1.011549949645996,0.5,0.1,128,128,524288,3930028908,3.783017873764038,1024,1024,1,1.0
2022-09-24T10:30:47,rec.4.tanh-suffix.2,3348,38,2.0111277103424072,0.5,0.1,128,2048,9961472,3930028908,3.857805550098419,1024,1024,1,1.0
2022-09-24T10:30:48,attention.2-rec.2.tanh,1286,42,1.0166325569152832,0.5,0.1,128,128,688128,3930028908,4.210064172744751,1024,1024,1,1.0
2022-09-24T10:30:53,rec.4.tanh-suffix.2-dense.8.relu,3420,148,4.009230136871338,0.5,0.1,128,512,9699328,3930028908,3.6041380167007446,1024,1024,1,1.0
2022-09-24T10:30:54,rec.2.tanh-suffix.2,1798,23,1.0092239379882812,0.5,0.1,128,2048,6029312,3930028908,4.329939007759094,1024,1024,1,1.0
2022-09-24T10:30:57,rec.2.tanh-suffix.2,1798,57,2.0076539516448975,0.5,0.1,128,2048,14942208,3930028908,4.072552919387817,1024,1024,1,1.0
2022-09-24T10:30:58,mgru.1,1028,38,1.0038542747497559,0.5,0.1,128,128,622592,3930028908,4.42972993850708,1024,1024,1,1.0
2022-09-24T10:31:02,rec.2.tanh-suffix.2,1798,115,4.025579214096069,0.5,0.1,128,2048,30146560,3930028908,3.975681781768799,1024,1024,1,1.0
2022-09-24T10:31:04,rec.4.tanh-attention.2,2324,32,1.0115633010864258,0.5,0.1,128,128,524288,3930028908,3.9675092101097107,1024,1024,1,1.0
2022-09-24T10:31:07,rec.8.tanh-attention.2,4424,84,2.0152411460876465,0.5,0.1,128,128,1376256,3930028908,3.6816561222076416,1024,1024,1,1.0
2022-09-24T10:31:08,attention.2-rec.1.tanh,770,52,1.0105786323547363,0.5,0.1,128,128,851968,3930028908,4.4216378927230835,1024,1024,1,1.0
2022-09-24T10:31:17,rec.2.tanh,1286,475,8.016018867492676,0.5,0.1,128,128,7782400,3930028908,4.071004390716553,1024,1024,1,1.0
2022-09-24T10:31:18,attention.2.pos-rec.4.tanh-suffix.2,3860,4,1.0179758071899414,0.5,0.1,128,1024,524288,3930028908,5.96067202091217,1024,1024,1,1.0
2022-09-24T10:31:21,rec.4.tanh-attention.2,2324,83,2.001096487045288,0.5,0.1,128,128,1359872,3930028908,3.8481580018997192,1024,1024,1,1.0
2022-09-24T10:31:37,rec.2.tanh-suffix.2-dense.4.relu,1818,599,16.00455617904663,0.5,0.1,128,512,39256064,3930028908,3.8836575746536255,1024,1024,1,1.0
2022-09-24T10:31:39,rec.8.tanh,4424,48,1.002422571182251,0.5,0.1,128,64,393216,3930028908,3.670655906200409,1024,1024,1,1.0
2022-09-24T10:31:43,rec.2.tanh-suffix.2-dense.2.relu,1296,124,4.01497745513916,0.5,0.1,128,512,8126464,3930028908,4.159546852111816,1024,1024,1,1.0
2022-09-24T10:31:45,rec.8.relu,4424,49,1.0038032531738281,0.5,0.1,128,64,401408,3930028908,3.8640817999839783,1024,1024,1,1.0
2022-09-24T10:31:47,attention.2-rec.1.tanh,770,122,2.001063585281372,0.5,0.1,128,128,1998848,3930028908,4.407079339027405,1024,1024,1,1.0
2022-09-24T10:31:49,rec.2.tanh-attention.2,1286,29,1.0035381317138672,0.5,0.1,128,128,475136,3930028908,4.268630027770996,1024,1024,1,1.0
2022-09-24T10:32:21,dense.1.tanh-suffix.2,1025,2013,32.00750160217285,0.5,0.1,128,512,131923968,3930028908,4.282944440841675,1024,1024,1,1.0
2022-09-24T10:32:24,rec.4.relu,2324,110,2.0141043663024902,0.5,0.1,128,128,1802240,3930028908,3.7899507880210876,1024,1024,1,1.0
2022-09-24T10:32:25,rec.4.tanh,2324,51,1.005155324935913,0.5,0.1,128,64,417792,3930028908,3.8803999423980713,1024,1024,1,1.0
2022-09-24T10:32:29,rec.4.relu,2324,239,4.000675916671753,0.5,0.1,128,128,3915776,3930028908,3.8692400455474854,1024,1024,1,1.0
2022-09-24T10:32:30,rec.4.relu,2324,51,1.0142366886138916,0.5,0.1,128,64,417792,3930028908,4.184704422950745,1024,1024,1,1.0
2022-09-24T10:32:39,rec.1.tanh,770,631,8.009950876235962,0.5,0.1,128,128,10338304,3930028908,4.343531250953674,1024,1024,1,1.0
2022-09-24T10:32:41,rec.8.tanh,4424,118,2.001054525375366,0.5,0.1,128,64,966656,3930028908,3.595359146595001,1024,1024,1,1.0
2022-09-24T10:32:43,suffix.2-rec.8.tanh,6472,35,1.0013678073883057,0.5,0.1,128,64,286720,3930028908,3.6766146421432495,1024,1024,1,1.0
2022-09-24T10:32:44,rec.4.tanh,2324,18,1.0134170055389404,0.5,0.1,128,64,147456,3930028908,4.320425510406494,1024,1024,1,1.0
2022-09-24T10:32:46,rec.2.tanh-dense.1.relu,1033,84,2.0159528255462646,0.5,0.1,128,512,5505024,3930028908,4.361266136169434,1024,1024,1,1.0
2022-09-24T10:32:48,rec.4.tanh-suffix.2,3348,31,1.005248785018921,0.2,0.1,128,1024,4063232,3930028908,4.26702344417572,1024,1024,1,1.0
2022-09-24T10:32:52,rec.4.tanh-attention.2,2324,176,4.000220060348511,0.5,0.1,128,256,5767168,3930028908,3.7421032786369324,1024,1024,1,1.0
2022-09-24T10:32:54,attention.2-rec.2.tanh-suffix.2-dense.4.relu,1818,24,1.008979320526123,0.5,0.1,128,512,1572864,3930028908,4.399561643600464,1024,1024,1,1.0
2022-09-24T10:32:56,rec.4.tanh,2324,118,2.0021162033081055,0.5,0.1,128,64,966656,3930028908,3.7789489030838013,1024,1024,1,1.0
2022-09-24T10:32:58,rec.2.tanh,1286,53,1.0096986293792725,0.5,0.1,128,64,434176,3930028908,4.295402884483337,1024,1024,1,1.0
2022-09-24T10:33:06,rec.4.tanh-attention.2,2324,361,8.007072687149048,0.5,0.1,128,256,11829248,3930028908,3.779547333717346,1024,1024,1,1.0
2022-09-24T10:34:11,dense.2.tanh,1282,3595,64.03593230247498,0.5,0.1,128,256,117800960,3930028908,4.075264096260071,1024,1024,1,1.0
2022-09-24T10:34:12,rec.8.tanh-suffix.2,6472,35,1.008249044418335,0.5,0.1,128,64,286720,3930028908,3.726506531238556,1024,1024,1,1.0
2022-09-24T10:34:15,rec.8.tanh,4424,118,2.003753900527954,0.5,0.1,128,64,966656,3930028908,3.546938955783844,1024,1024,1,1.0
2022-09-24T10:34:19,rec.4.tanh,2324,249,4.0044896602630615,0.5,0.1,128,64,2039808,3930028908,3.7429714798927307,1024,1024,1,1.0
2022-09-24T10:34:20,rec.4.tanh-suffix.2,3348,31,1.0050485134124756,1.0,0.1,128,1024,4063232,3930028908,4.749485492706299,1024,1024,1,1.0
2022-09-24T10:34:37,rec.4.tanh-attention.2,2324,748,16.017067909240723,0.5,0.1,128,256,24510464,3930028908,3.7264384627342224,1024,1024,1,1.0
2022-09-24T10:34:38,rec.1.tanh-attention.2,770,42,1.0090737342834473,0.5,0.1,128,128,688128,3930028908,4.360384821891785,1024,1024,1,1.0
2022-09-24T10:34:41,rec.2.tanh,1286,122,2.002995252609253,0.5,0.1,128,64,999424,3930028908,4.149778366088867,1024,1024,1,1.0
2022-09-24T10:34:42,rec.1.tanh,770,64,1.0062541961669922,0.5,0.1,128,64,524288,3930028908,4.461305379867554,1024,1024,1,1.0
2022-09-24T10:34:47,rec.2.tanh-attention.2,1286,179,4.012498617172241,0.5,0.1,128,256,5865472,3930028908,4.04355263710022,1024,1024,1,1.0
2022-09-24T10:34:48,rec.8.tanh-dense.8.relu,4496,38,1.016892671585083,0.5,0.1,128,64,311296,3930028908,4.305439233779907,1024,1024,1,1.0
2022-09-24T10:34:50,rec.8.relu,4424,118,2.008072853088379,0.5,0.1,128,64,966656,3930028908,3.7703844904899597,1024,1024,1,1.0
2022-09-24T10:34:52,rec.8.tanh,4424,52,1.0114126205444336,0.5,0.1,128,32,212992,3930028908,3.6937511563301086,1024,1024,1,1.0
2022-09-24T10:34:54,mgru.2,1804,66,2.013843059539795,0.5,0.1,128,128,1081344,3930028908,3.9864149689674377,1024,1024,1,1.0
2022-09-24T10:34:56,attention.2-rec.2.tanh-dense.1.relu,1033,30,1.0193426609039307,0.5,0.1,128,512,1966080,3930028908,4.4770588874816895,1024,1024,1,1.0
2022-09-24T10:35:04,mgru.1,1028,416,8.000714778900146,0.5,0.1,128,512,27262976,3930028908,4.3097429275512695,1024,1024,1,1.0
2022-09-24T10:35:09,rec.2.tanh,1286,249,4.005944490432739,0.5,0.1,128,64,2039808,3930028908,4.14029335975647,1024,1024,1,1.0
2022-09-24T10:35:10,rec.4.tanh-dense.4.relu,2344,5,1.0140957832336426,0.5,0.1,128,128,81920,3930028908,4.942213773727417,1024,1024,1,1.0
2022-09-24T10:35:13,rec.2.tanh-suffix.2-dense.2.relu,1296,62,2.0100889205932617,0.5,0.1,128,512,4063232,3930028908,4.3587406873703,1024,1024,1,1.0
2022-09-24T10:35:14,attention.2-rec.2.tanh-suffix.2,1798,28,1.0184037685394287,0.5,0.1,128,1024,3670016,3930028908,4.32936418056488,1024,1024,1,1.0
2022-09-24T10:35:47,dense.1.tanh-suffix.2,1025,2036,32.00939393043518,0.5,0.1,128,512,133431296,3930028908,4.285470485687256,1024,1024,1,1.0
2022-09-24T10:35:48,rec.8.tanh,4424,55,1.0140314102172852,0.2,0.1,128,64,450560,3930028908,3.938324272632599,1024,1024,1,1.0
2022-09-24T10:35:50,suffix.2-rec.8.tanh,6472,110,2.008457899093628,0.5,0.1,128,64,901120,3930028908,3.489976942539215,1024,1024,1,1.0
2022-09-24T10:35:52,rec.2.tanh-dense.2.relu,1292,33,1.0019505023956299,0.5,0.1,128,128,540672,3930028908,4.366860270500183,1024,1024,1,1.0
2022-09-24T10:35:56,rec.4.tanh-suffix.2-rec.4.relu,2376,131,4.008509397506714,0.5,0.1,128,512,8585216,3930028908,3.913225293159485,1024,1024,1,1.0
2022-09-24T10:35:58,rec.8.tanh,4424,53,1.0006132125854492,1.0,0.1,128,64,434176,3930028908,4.311620712280273,1024,1024,1,1.0
2022-09-24T10:36:00,attention.2-rec.8.tanh,4424,104,2.010655164718628,0.5,0.1,128,64,851968,3930028908,3.68060839176178,1024,1024,1,1.0
2022-09-24T10:36:09,rec.2.tanh-attention.2,1286,374,8.00612473487854,0.5,0.1,128,256,12255232,3930028908,4.09523344039917,1024,1024,1,1.0
2022-09-24T10:36:10,rec.4.tanh,2324,52,1.011007308959961,0.2,0.1,128,128,851968,3930028908,4.2942434549331665,1024,1024,1,1.0
2022-09-24T10:36:27,rec.2.tanh-attention.2,1286,762,16.01684069633484,0.5,0.1,128,256,24969216,3930028908,4.037499189376831,1024,1024,1,1.0
2022-09-24T10:36:29,attention.2-rec.8.tanh,4424,47,1.0105926990509033,0.5,0.1,128,64,385024,3930028908,4.042173087596893,1024,1024,1,1.0
2022-09-24T10:36:31,suffix.2-rec.8.tanh,6472,109,2.0074594020843506,0.5,0.1,128,64,892928,3930028908,3.461011588573456,1024,1024,1,1.0
2022-09-24T10:36:32,mgru.4,3368,29,1.0077202320098877,0.5,0.1,128,32,118784,3930028908,3.844838798046112,1024,1024,1,1.0
2022-09-24T10:36:37,attention.2-rec.8.tanh,4424,230,4.01297926902771,0.5,0.1,128,64,1884160,3930028908,3.5616498589515686,1024,1024,1,1.0
2022-09-24T10:36:40,mgru.2-attention.2,1804,52,2.0228278636932373,0.5,0.1,128,128,851968,3930028908,4.029460310935974,1024,1024,1,1.0
2022-09-24T10:36:42,suffix.2-mgru.4,5416,21,1.0187513828277588,0.5,0.1,128,64,172032,3930028908,4.1375521421432495,1024,1024,1,1.0
2022-09-24T10:36:43,rec.4.tanh,2324,50,1.0057315826416016,0.5,0.1,128,32,204800,3930028908,3.887124240398407,1024,1024,1,1.0
2022-09-24T10:36:46,rec.1.tanh-suffix.2-dense.4.relu,1550,66,2.0185635089874268,0.5,0.1,128,512,4325376,3930028908,4.492801189422607,1024,1024,1,1.0
2022-09-24T10:36:50,attention.2-rec.4.tanh,2324,176,4.012553691864014,0.5,0.1,128,64,1441792,3930028908,3.8328274488449097,1024,1024,1,1.0
2022-09-24T10:36:52,rec.8.tanh,4424,52,1.0035936832427979,0.5,0.1,128,64,425984,3930028908,3.6310904026031494,1024,1024,1,1.0
2022-09-24T10:37:00,rec.2.tanh-suffix.2,1798,246,8.027245044708252,0.5,0.1,128,2048,64487424,3930028908,3.9555622339248657,1024,1024,1,1.0
2022-09-24T10:37:02,rec.8.tanh-attention.2.pos,4440,29,1.0120046138763428,0.5,0.1,128,64,237568,3930028908,3.9228366017341614,1024,1024,1,1.0
2022-09-24T10:37:04,mgru.4,3368,71,2.0199344158172607,0.5,0.1,128,32,290816,3930028908,3.84836608171463,1024,1024,1,1.0
2022-09-24T10:37:06,rec.2.tanh,1286,54,1.0125453472137451,0.5,0.1,128,32,221184,3930028908,4.260545015335083,1024,1024,1,1.0
2022-09-24T10:41:22,dense.1.relu,769,7784,256.01613426208496,0.5,0.1,128,256,255066112,3930028908,4.356119632720947,1024,1024,1,1.0
2022-09-24T10:41:24,suffix.2-rec.8.tanh,6472,28,1.0204854011535645,0.5,0.1,128,64,229376,3930028908,3.6858930587768555,1024,1024,1,1.0
2022-09-24T10:41:26,suffix.2-mgru.4,5416,53,2.022632360458374,0.5,0.1,128,64,434176,3930028908,3.9925515055656433,1024,1024,1,1.0
2022-09-24T10:41:31,attention.2-rec.4.tanh,2324,129,4.011355400085449,0.5,0.1,128,512,8454144,3930028908,3.756261885166168,1024,1024,1,1.0
2022-09-24T10:41:32,rec.8.tanh,4424,50,1.0109591484069824,0.5,0.1,128,32,204800,3930028908,3.746297299861908,1024,1024,1,1.0
2022-09-24T10:41:35,rec.1.tanh-attention.2,770,106,2.0032601356506348,0.5,0.1,128,128,1736704,3930028908,4.335182189941406,1024,1024,1,1.0
2022-09-24T10:41:36,rec.4.tanh,2324,49,1.0111219882965088,1.0,0.1,128,128,802816,3930028908,4.215933799743652,1024,1024,1,1.0
2022-09-24T10:41:53,rec.4.relu-attention.2,2324,525,16.00603151321411,0.5,0.1,128,256,17203200,3930028908,3.875265598297119,1024,1024,1,1.0
2022-09-24T10:41:55,rec.8.tanh-attention.2,4424,33,1.0029945373535156,0.5,0.1,128,32,135168,3930028908,3.9710657596588135,1024,1024,1,1.0
2022-09-24T10:42:00,mgru.2-attention.2,1804,118,4.005270481109619,0.5,0.1,128,128,1933312,3930028908,4.021547555923462,1024,1024,1,1.0
2022-09-24T10:42:02,attention.2-rec.4.tanh,2324,110,2.016007661819458,0.5,0.1,128,64,901120,3930028908,3.8367826342582703,1024,1024,1,1.0
2022-09-24T10:42:04,rec.2.tanh-dense.1.relu,1033,1,1.194007396697998,0.5,0.1,128,128,16384,3930028908,7.487962245941162,1024,1024,1,1.0
2022-09-24T10:42:06,attention.2.pos-rec.8.tanh,4936,29,1.0215375423431396,0.5,0.1,128,32,118784,3930028908,4.878801107406616,1024,1024,1,1.0
2022-09-24T10:42:07,rec.4.tanh,2324,49,1.0050396919250488,0.5,0.1,128,128,802816,3930028908,3.8243496417999268,1024,1024,1,1.0
2022-09-24T10:42:15,rec.4.tanh,2324,514,8.010666370391846,0.5,0.1,128,64,4210688,3930028908,3.750655949115753,1024,1024,1,1.0
2022-09-24T10:42:18,suffix.2-rec.8.tanh-attention.2,6472,75,2.0204572677612305,0.5,0.1,128,64,614400,3930028908,3.572835862636566,1024,1024,1,1.0
2022-09-24T10:42:19,rec.8.tanh,4424,49,1.0051891803741455,0.5,0.1,128,16,100352,3930028908,3.9983696341514587,1024,1024,1,1.0
2022-09-24T10:42:21,mgru.4-suffix.2,4392,25,1.0317094326019287,0.5,0.1,128,64,204800,3930028908,3.9456902146339417,1024,1024,1,1.0
2022-09-24T10:42:25,suffix.2-dense.1.tanh,1025,255,4.005950689315796,0.5,0.1,128,512,16711680,3930028908,4.337557315826416,1024,1024,1,1.0
2022-09-24T10:42:28,attention.2-mgru.2,1804,65,2.023477077484131,0.5,0.1,128,64,532480,3930028908,4.090203523635864,1024,1024,1,1.0
2022-09-24T10:42:30,mgru.2,1804,29,1.0127108097076416,0.5,0.1,128,32,118784,3930028908,4.2136887311935425,1024,1024,1,1.0
2022-09-24T10:42:31,rec.4.relu,2324,49,1.0082249641418457,0.5,0.1,128,128,802816,3930028908,3.980497717857361,1024,1024,1,1.0
2022-09-24T10:42:34,rec.4.tanh-dense.4.relu,2344,83,2.012237787246704,0.5,0.1,128,128,1359872,3930028908,3.9764108061790466,1024,1024,1,1.0
2022-09-24T10:42:42,rec.4.tanh,2324,510,8.002173900604248,0.5,0.1,128,64,4177920,3930028908,3.7695420384407043,1024,1024,1,1.0
2022-09-24T10:42:43,mgru.1,1028,39,1.023026704788208,0.5,0.1,128,32,159744,3930028908,4.425387024879456,1024,1024,1,1.0
2022-09-24T10:42:48,attention.2-mgru.2,1804,149,4.001071453094482,0.5,0.1,128,64,1220608,3930028908,4.081022262573242,1024,1024,1,1.0
2022-09-24T10:42:50,suffix.2-rec.8.tanh-attention.2,6472,32,1.013885736465454,0.5,0.1,128,64,262144,3930028908,3.7424975633621216,1024,1024,1,1.0
2022-09-24T10:42:52,rec.4.tanh,2324,115,2.006086826324463,0.2,0.1,128,128,1884160,3930028908,3.971739172935486,1024,1024,1,1.0
2022-09-24T10:42:54,rec.2.tanh-attention.2.pos,1290,28,1.0177035331726074,0.5,0.1,128,256,917504,3930028908,4.219382047653198,1024,1024,1,1.0
2022-09-24T10:45:02,dense.1.tanh,769,6014,128.01609230041504,0.5,0.1,128,256,197066752,3930028908,4.337851285934448,1024,1024,1,1.0
2022-09-24T10:45:05,attention.2.pos-rec.8.tanh,4936,49,2.0065698623657227,0.5,0.1,128,64,401408,3930028908,4.812570810317993,1024,1024,1,1.0
2022-09-24T10:45:06,rec.2.tanh,1286,43,1.0075745582580566,0.5,0.1,128,256,1409024,3930028908,4.151003003120422,1024,1024,1,1.0
2022-09-24T10:45:11,attention.2-rec.2.tanh,1286,127,4.0256667137146,0.5,0.1,128,512,8323072,3930028908,4.0954800844192505,1024,1024,1,1.0
2022-09-24T10:45:12,rec.8.tanh,4424,54,1.0143611431121826,0.5,0.1,128,64,442368,3930028908,3.6867613792419434,1024,1024,1,1.0
2022-09-24T10:45:45,rec.2.tanh-attention.2,1286,1011,32.03015971183777,0.5,0.1,128,256,33128448,3930028908,4.030584454536438,1024,1024,1,1.0
2022-09-24T10:45:47,rec.1.tanh-attention.2.pos,772,34,1.006580114364624,0.5,0.1,128,256,1114112,3930028908,4.454378366470337,1024,1024,1,1.0
2022-09-24T10:45:50,rec.2.tanh-attention.2.pos,1290,70,2.0158212184906006,0.5,0.1,128,256,2293760,3930028908,4.0842812061309814,1024,1024,1,1.0
2022-09-24T10:45:51,attention.2-rec.2.tanh-suffix.2,1798,35,1.0172357559204102,0.5,0.1,128,256,1146880,3930028908,4.107067942619324,1024,1024,1,1.0
2022-09-24T10:46:08,rec.4.tanh,2324,1023,16.011231660842896,0.5,0.1,128,64,8380416,3930028908,3.759785532951355,1024,1024,1,1.0
2022-09-24T10:46:10,attention.2-rec.2.tanh-suffix.2,1798,90,2.0050573348999023,0.5,0.1,128,256,2949120,3930028908,3.9861313700675964,1024,1024,1,1.0
2022-09-24T10:46:12,suffix.2-rec.8.tanh,6472,44,1.013960361480713,0.5,0.1,128,128,720896,3930028908,3.6140379905700684,1024,1024,1,1.0
2022-09-24T10:46:18,mgru.2-suffix.2-dense.8.relu,3380,96,4.02526593208313,0.5,0.1,128,512,6291456,3930028908,3.7223870158195496,1024,1024,1,1.0
2022-09-24T10:46:19,attention.2-rec.1.tanh-suffix.2,1026,40,1.0013504028320312,0.5,0.1,128,256,1310720,3930028908,4.325075626373291,1024,1024,1,1.0
2022-09-24T10:46:28,attention.2-rec.4.tanh,2324,386,8.010303974151611,0.5,0.1,128,512,25296896,3930028908,3.7437592148780823,1024,1024,1,1.0
2022-09-24T10:46:31,mgru.2,1804,76,2.0089032649993896,0.5,0.1,128,32,311296,3930028908,4.195359110832214,1024,1024,1,1.0
2022-09-24T10:46:32,rec.4.relu,2324,50,1.0025153160095215,0.5,0.1,128,32,204800,3930028908,4.1559165716171265,1024,1024,1,1.0
2022-09-24T10:46:33,suffix.2-dense.8.relu,6408,53,1.0120820999145508,0.5,0.1,128,128,868352,3930028908,3.635528087615967,1024,1024,1,1.0
2022-09-24T10:46:36,suffix.2-dense.8.relu,6408,126,2.0102593898773193,0.5,0.1,128,128,2064384,3930028908,3.5106624960899353,1024,1024,1,1.0
2022-09-24T10:46:40,attention.2-rec.2.tanh-suffix.2,1798,190,4.018569707870483,0.5,0.1,128,256,6225920,3930028908,3.9951469898223877,1024,1024,1,1.0
2022-09-24T10:46:42,suffix.2-rec.8.tanh-suffix.2,8520,39,1.0172061920166016,0.5,0.1,128,128,638976,3930028908,3.57343727350235,1024,1024,1,1.0
2022-09-24T10:46:44,attention.2-rec.2.tanh-attention.2,1286,29,1.016484022140503,0.5,0.1,128,256,950272,3930028908,4.361153244972229,1024,1024,1,1.0
2022-09-24T10:46:46,attention.2.pos-dense.8.relu,4872,83,2.0121726989746094,0.5,0.1,128,128,1359872,3930028908,4.843341827392578,1024,1024,1,1.0
2022-09-24T10:46:55,attention.4-rec.4.tanh,2324,368,8.01144003868103,0.5,0.1,128,512,24117248,3930028908,3.9273701310157776,1024,1024,1,1.0
2022-09-24T10:46:57,rec.2.relu,1286,47,1.0008361339569092,0.5,0.1,128,128,770048,3930028908,4.340993046760559,1024,1024,1,1.0
2022-09-24T10:47:01,rec.4.tanh-suffix.2-rec.2.relu,1834,123,4.0072922706604,0.5,0.1,128,512,8060928,3930028908,4.061950325965881,1024,1024,1,1.0
2022-09-24T10:47:02,rec.2.tanh-dense.1.relu,1033,39,1.0069379806518555,0.5,0.1,128,128,638976,3930028908,4.822963118553162,1024,1024,1,1.0
2022-09-24T10:47:05,rec.4.tanh,2324,115,2.006918430328369,1.0,0.1,128,128,1884160,3930028908,4.200196266174316,1024,1024,1,1.0
2022-09-24T10:47:07,attention.2-rec.8.tanh-suffix.2,6472,39,1.0141849517822266,0.5,0.1,128,128,638976,3930028908,3.860253095626831,1024,1024,1,1.0
2022-09-24T10:48:11,dense.1.tanh-suffix.2,1025,2768,64.01794171333313,0.5,0.1,128,512,181403648,3930028908,4.244089365005493,1024,1024,1,1.0
2022-09-24T10:48:13,suffix.2-dense.4.relu,3332,119,2.001871109008789,0.5,0.1,128,128,1949696,3930028908,3.989959716796875,1024,1024,1,1.0
2022-09-24T10:48:15,attention.2-rec.2.tanh-suffix.2-dense.1.relu,1035,22,1.017982006072998,0.5,0.1,128,512,1441792,3930028908,4.630011439323425,1024,1024,1,1.0
2022-09-24T10:48:32,attention.2-rec.4.tanh,2324,791,16.012121438980103,0.5,0.1,128,512,51838976,3930028908,3.713440716266632,1024,1024,1,1.0
2022-09-24T10:48:33,suffix.2-rec.4.tanh-suffix.2,4372,39,1.013077735900879,0.5,0.1,128,128,638976,3930028908,3.725872814655304,1024,1024,1,1.0
2022-09-24T10:48:38,rec.1.tanh-suffix.2,1026,95,4.017587661743164,0.5,0.1,128,2048,24903680,3930028908,4.265489339828491,1024,1024,1,1.0
2022-09-24T10:48:40,suffix.2-rec.4.tanh-suffix.2,4372,95,2.0167481899261475,0.5,0.1,128,128,1556480,3930028908,3.654315173625946,1024,1024,1,1.0
2022-09-24T10:48:42,suffix.2-mgru.4,5416,25,1.0023374557495117,0.5,0.1,128,128,409600,3930028908,4.033094167709351,1024,1024,1,1.0
2022-09-24T10:48:43,attention.2-dense.8.relu,4360,52,1.0132219791412354,0.5,0.1,128,128,851968,3930028908,3.9656020402908325,1024,1024,1,1.0
2022-09-24T10:48:52,rec.4.tanh-suffix.2-dense.8.relu,3420,304,8.015938758850098,0.5,0.1,128,512,19922944,3930028908,3.5392056703567505,1024,1024,1,1.0
2022-09-24T10:48:54,rec.4.tanh-dense.2.relu,1822,76,2.013688802719116,0.5,0.1,128,128,1245184,3930028908,4.149169683456421,1024,1024,1,1.0
2022-09-24T10:48:56,rec.8.tanh,4424,52,1.012634038925171,0.5,0.1,128,128,851968,3930028908,3.6471521854400635,1024,1024,1,1.0
2022-09-24T10:49:00,rec.4.tanh-rec.2.relu,1826,132,4.025926828384399,0.5,0.1,128,512,8650752,3930028908,4.7564791440963745,1024,1024,1,1.0
2022-09-24T10:49:02,suffix.2-rec.4.tanh,3348,45,1.014195442199707,0.5,0.1,128,128,737280,3930028908,3.826744556427002,1024,1024,1,1.0
2022-09-24T10:49:04,suffix.2-rec.4.tanh-attention.2,3348,77,2.006734609603882,0.5,0.1,128,64,630784,3930028908,3.7763699889183044,1024,1024,1,1.0
2022-09-24T10:49:06,suffix.2-rec.2.tanh-suffix.2,2310,31,1.0081679821014404,0.5,0.1,128,128,507904,3930028908,4.220139741897583,1024,1024,1,1.0
2022-09-24T10:49:38,rec.2.tanh-suffix.2-dense.4.relu,1818,1215,32.00552463531494,0.5,0.1,128,512,79626240,3930028908,3.7926368713378906,1024,1024,1,1.0
2022-09-24T10:49:40,attention.2-rec.2.tanh,1286,40,1.0009098052978516,0.5,0.1,128,256,1310720,3930028908,4.226842045783997,1024,1024,1,1.0
2022-09-24T10:49:42,suffix.2-rec.8.tanh-dense.8.relu,6544,78,2.020793914794922,0.5,0.1,128,64,638976,3930028908,3.612867057323456,1024,1024,1,1.0
2022-09-24T10:49:47,rec.2.tanh,1286,121,4.002304315567017,0.5,0.1,128,2048,31719424,3930028908,4.05522620677948,1024,1024,1,1.0
2022-09-24T10:49:48,rec.2.tanh,1286,48,1.002528429031372,1.0,0.1,128,128,786432,3930028908,4.430315613746643,1024,1024,1,1.0
2022-09-24T10:49:51,suffix.2-rec.2.tanh-attention.2,1798,81,2.0118956565856934,0.5,0.1,128,64,663552,3930028908,4.074946045875549,1024,1024,1,1.0
2022-09-24T10:49:52,rec.2.tanh,1286,50,1.015535831451416,0.5,0.1,128,128,819200,3930028908,4.150855660438538,1024,1024,1,1.0
2022-09-24T10:50:01,rec.4.tanh-suffix.2-rec.4.relu,2376,260,8.02653956413269,0.5,0.1,128,512,17039360,3930028908,3.952506721019745,1024,1024,1,1.0
2022-09-24T10:50:03,suffix.2-rec.8.tanh-attention.2.pos,6488,24,1.0202977657318115,0.5,0.1,128,128,393216,3930028908,3.7250524163246155,1024,1024,1,1.0
2022-09-24T10:50:05,suffix.2-rec.8.tanh-dense.4.relu,5484,78,2.0144577026367188,0.5,0.1,128,64,638976,3930028908,3.840738892555237,1024,1024,1,1.0
2022-09-24T10:50:07,suffix.4-rec.8.tanh-suffix.2,12616,29,1.0086841583251953,0.5,0.1,128,128,475136,3930028908,3.831281840801239,1024,1024,1,1.0
2022-09-24T10:50:11,rec.1.tanh-attention.2,770,232,4.007850408554077,0.5,0.1,128,128,3801088,3930028908,4.346577286720276,1024,1024,1,1.0
2022-09-24T10:50:13,dense.2.tanh-attention.2.pos,1286,34,1.0183207988739014,0.5,0.1,128,128,557056,3930028908,4.185397505760193,1024,1024,1,1.0
2022-09-24T10:50:29,rec.4.tanh-suffix.2-dense.8.relu,3420,617,16.013365983963013,0.5,0.1,128,512,40435712,3930028908,3.542452037334442,1024,1024,1,1.0
2022-09-24T10:50:32,dense.2.tanh-attention.2.pos,1286,22,2.002030372619629,0.5,0.1,128,128,360448,3930028908,4.276260495185852,1024,1024,1,1.0
2022-09-24T10:50:33,suffix.2-rec.8.relu-suffix.2,8520,41,1.0158538818359375,0.5,0.1,128,128,671744,3930028908,3.7263145446777344,1024,1024,1,1.0
2022-09-24T10:50:35,attention.2.pos-rec.4.tanh,2836,29,1.0033328533172607,0.5,0.1,128,128,475136,3930028908,4.7864978313446045,1024,1024,1,1.0
2022-09-24T10:50:40,suffix.2-rec.4.tanh-suffix.2,4372,202,4.009992599487305,0.5,0.1,128,128,3309568,3930028908,3.6092846393585205,1024,1024,1,1.0
2022-09-24T10:50:42,suffix.2-rec.8.tanh-attention.2.pos,6488,68,2.0007801055908203,0.5,0.1,128,128,1114112,3930028908,3.493415355682373,1024,1024,1,1.0
2022-09-24T10:50:44,suffix.2-rec.8.tanh,6472,48,1.009932041168213,0.5,0.1,128,128,786432,3930028908,3.624878942966461,1024,1024,1,1.0
2022-09-24T10:50:52,dense.2.relu-suffix.2,1794,428,8.002932071685791,0.5,0.1,128,512,28049408,3930028908,3.9485007524490356,1024,1024,1,1.0
2022-09-24T10:50:54,suffix.2-rec.4.relu-suffix.2,4372,40,1.0017828941345215,0.5,0.1,128,128,655360,3930028908,3.99216365814209,1024,1024,1,1.0
2022-09-24T10:50:56,suffix.2-rec.4.tanh-attention.2.pos,3356,68,2.0094940662384033,0.5,0.1,128,128,1114112,3930028908,3.7203219532966614,1024,1024,1,1.0
2022-09-24T10:50:58,dense.1.tanh-attention.2.pos,771,41,1.0084383487701416,0.5,0.1,128,128,671744,3930028908,4.340070009231567,1024,1024,1,1.0
2022-09-24T10:51:02,suffix.2-rec.2.tanh-suffix.2,2310,201,4.002925872802734,0.5,0.1,128,128,3293184,3930028908,3.871925711631775,1024,1024,1,1.0
2022-09-24T10:51:05,attention.2.pos-rec.8.tanh-attention.2.pos,4952,53,2.0269298553466797,0.5,0.1,128,128,868352,3930028908,4.7775431871414185,1024,1024,1,1.0
2022-09-24T10:51:07,suffix.2-rec.8.tanh-dense.8.relu,6544,31,1.0205762386322021,0.5,0.1,128,128,507904,3930028908,3.9979830980300903,1024,1024,1,1.0
2022-09-24T10:51:08,attention.2-rec.4.tanh,2324,43,1.0056755542755127,0.5,0.1,128,32,176128,3930028908,3.9383581280708313,1024,1024,1,1.0
2022-09-24T10:51:17,rec.4.relu-suffix.2-dense.8.relu,3420,312,8.005557537078857,0.5,0.1,128,512,20447232,3930028908,3.933517575263977,1024,1024,1,1.0
2022-09-24T10:51:19,suffix.2-rec.8.tanh,6472,105,2.014542579650879,0.5,0.1,128,32,430080,3930028908,3.6395304203033447,1024,1024,1,1.0
2022-09-24T10:51:21,rec.4.tanh-attention.2.pos,2332,30,1.0168423652648926,0.5,0.1,128,32,122880,3930028908,4.018119156360626,1024,1024,1,1.0
2022-09-24T10:51:25,rec.2.tanh-dense.1.relu,1033,177,4.0127854347229,0.5,0.1,128,512,11599872,3930028908,4.360495328903198,1024,1024,1,1.0
2022-09-24T10:51:27,rec.4.tanh,2324,52,1.0152924060821533,0.5,0.1,128,32,212992,3930028908,4.058786153793335,1024,1024,1,1.0
2022-09-24T10:51:29,suffix.4-rec.8.tanh,10568,108,2.0069758892059326,0.5,0.1,128,64,884736,3930028908,3.5070828795433044,1024,1024,1,1.0
2022-09-24T10:51:31,attention.2-mgru.1,1028,34,1.0033550262451172,0.5,0.1,128,256,1114112,3930028908,4.507797956466675,1024,1024,1,1.0
2022-09-24T10:51:47,rec.1.relu-attention.2.pos,772,862,16.005800485610962,0.5,0.1,128,512,56492032,3930028908,4.341679096221924,1024,1024,1,1.0
2022-09-24T10:51:49,rec.4.tanh-attention.2.pos,2332,29,1.0062363147735596,0.5,0.1,128,128,475136,3930028908,4.003535807132721,1024,1024,1,1.0
2022-09-24T10:51:52,rec.8.tanh-attention.2.pos,4440,79,2.0143582820892334,0.5,0.1,128,64,647168,3930028908,3.575686454772949,1024,1024,1,1.0
2022-09-24T10:51:56,rec.8.tanh-attention.2.pos,4440,174,4.007704973220825,0.5,0.1,128,64,1425408,3930028908,3.5364763736724854,1024,1024,1,1.0
2022-09-24T10:51:58,suffix.2-rec.8.tanh-suffix.2,8520,42,1.0098419189453125,0.5,0.1,128,128,688128,3930028908,3.62134051322937,1024,1024,1,1.0
2022-09-24T10:52:30,rec.2.tanh,1286,1609,32.01770520210266,0.5,0.1,128,512,105447424,3930028908,4.01469874382019,1024,1024,1,1.0
2022-09-24T10:52:32,suffix.2-rec.4.tanh-suffix.2-dense.8.relu,4444,29,1.0060667991638184,0.5,0.1,128,128,475136,3930028908,4.170664072036743,1024,1024,1,1.0
2022-09-24T10:52:34,rec.4.tanh-attention.2.pos,2332,80,2.0107665061950684,0.5,0.1,128,32,327680,3930028908,3.914911687374115,1024,1024,1,1.0
2022-09-24T10:52:36,suffix.2-rec.8.tanh-suffix.2-dense.16.relu,8792,16,1.0073378086090088,0.5,0.1,128,128,262144,3930028908,4.3617424964904785,1024,1024,1,1.0
2022-09-24T10:52:45,suffix.2-dense.1.tanh,1025,583,8.002978801727295,0.5,0.1,128,512,38207488,3930028908,4.323987603187561,1024,1024,1,1.0
2022-09-24T10:52:47,suffix.2-rec.8.tanh-suffix.4,12616,1,1.8741133213043213,0.5,0.1,128,128,16384,3930028908,9.928956985473633,1024,1024,1,1.0
2022-09-24T10:52:49,attention.2-rec.2.tanh-rec.1.relu,1034,27,1.0236961841583252,0.5,0.1,128,512,1769472,3930028908,4.77151894569397,1024,1024,1,1.0
2022-09-24T10:52:54,suffix.2-rec.8.tanh-attention.2.pos,6488,145,4.00360107421875,0.5,0.1,128,128,2375680,3930028908,3.465548574924469,1024,1024,1,1.0
2022-09-24T10:52:55,suffix.2-rec.4.tanh-suffix.2,4372,34,1.0195629596710205,0.5,0.1,128,256,1114112,3930028908,3.8696011304855347,1024,1024,1,1.0
2022-09-24T10:52:58,rec.8.tanh,4424,114,2.0118653774261475,0.2,0.1,128,64,933888,3930028908,3.6954442262649536,1024,1024,1,1.0
2022-09-24T10:52:59,attention.2-rec.4.tanh-attention.2,2324,25,1.011617660522461,0.5,0.1,128,512,1638400,3930028908,4.23925518989563,1024,1024,1,1.0
2022-09-24T10:54:04,rec.2.tanh-suffix.2-dense.4.relu,1818,2391,64.01979565620422,0.5,0.1,128,512,156696576,3930028908,3.9350134134292603,1024,1024,1,1.0
2022-09-24T10:54:05,suffix.2-rec.8.tanh-suffix.4,12616,43,1.0179951190948486,0.5,0.1,128,128,704512,3930028908,3.666251003742218,1024,1024,1,1.0
2022-09-24T10:54:10,suffix.4-rec.8.tanh,10568,234,4.011943101882935,0.5,0.1,128,64,1916928,3930028908,3.435372829437256,1024,1024,1,1.0
2022-09-24T10:54:13,mgru.4-attention.2.pos,3376,52,2.0282468795776367,0.5,0.1,128,64,425984,3930028908,3.7684993147850037,1024,1024,1,1.0
2022-09-24T10:54:14,attention.2-rec.2.tanh,1286,45,1.0050795078277588,0.5,0.1,128,32,184320,3930028908,4.290596842765808,1024,1024,1,1.0
2022-09-24T10:54:16,suffix.2-rec.4.tanh-attention.2,3348,32,1.0006039142608643,0.5,0.1,128,64,262144,3930028908,3.811692178249359,1024,1024,1,1.0
2022-09-24T10:54:24,rec.1.tanh-suffix.2,1026,285,8.026268005371094,0.5,0.1,128,2048,74711040,3930028908,4.24602997303009,1024,1024,1,1.0
2022-09-24T10:54:27,suffix.2-rec.8.tanh,6472,104,2.007326602935791,1.0,0.1,128,64,851968,3930028908,4.056350350379944,1024,1024,1,1.0
2022-09-24T10:54:28,suffix.2-rec.4.tanh-suffix.2,4372,42,1.0182247161865234,0.2,0.1,128,128,688128,3930028908,4.223079562187195,1024,1024,1,1.0
2022-09-24T10:54:45,rec.4.tanh-suffix.2-dense.8.relu,3420,619,16.02265763282776,0.5,0.1,128,512,40566784,3930028908,3.5622445940971375,1024,1024,1,1.0
2022-09-24T10:54:46,suffix.2-rec.4.tanh-suffix.2,4372,41,1.0038409233093262,1.0,0.1,128,128,671744,3930028908,3.9497724175453186,1024,1024,1,1.0
2022-09-24T10:54:49,suffix.2-rec.2.tanh-attention.2.pos,1802,67,2.004995346069336,0.5,0.1,128,128,1097728,3930028908,4.040464282035828,1024,1024,1,1.0
2022-09-24T10:54:53,suffix.2-dense.8.relu,6408,266,4.007067918777466,0.5,0.1,128,128,4358144,3930028908,3.498746395111084,1024,1024,1,1.0
2022-09-24T10:54:55,suffix.2-rec.8.tanh,6472,45,1.0164613723754883,0.2,0.1,128,128,737280,3930028908,3.7971699833869934,1024,1024,1,1.0
2022-09-24T10:54:57,attention.2.pos-rec.8.tanh-attention.2,4936,20,1.0053770542144775,0.5,0.1,128,64,163840,3930028908,4.93835186958313,1024,1024,1,1.0
2022-09-24T10:54:59,suffix.2-rec.4.tanh,3348,105,2.0081684589385986,0.5,0.1,128,32,430080,3930028908,3.7494075298309326,1024,1024,1,1.0
2022-09-24T10:55:00,suffix.2-rec.8.tanh,6472,46,1.0075397491455078,1.0,0.1,128,128,753664,3930028908,4.9347416162490845,1024,1024,1,1.0
2022-09-24T10:55:06,rec.4.tanh-attention.2.pos,2332,173,4.005155324935913,0.5,0.1,128,64,1417216,3930028908,3.766208827495575,1024,1024,1,1.0
2022-09-24T10:55:09,attention.2.pos-rec.4.tanh-suffix.2,3860,65,2.001455068588257,0.5,0.1,128,128,1064960,3930028908,4.798874020576477,1024,1024,1,1.0
2022-09-24T10:55:11,rec.2.tanh-attention.2.pos,1290,31,1.0170018672943115,0.5,0.1,128,32,126976,3930028908,4.188507676124573,1024,1024,1,1.0
2022-09-24T10:55:20,attention.2-rec.2.tanh-suffix.2,1798,393,8.01460599899292,0.5,0.1,128,256,12877824,3930028908,3.9736462235450745,1024,1024,1,1.0
2022-09-24T10:55:21,suffix.2-rec.2.tanh-attention.2,1798,33,1.0069584846496582,0.5,0.1,128,64,270336,3930028908,4.225256085395813,1024,1024,1,1.0
2022-09-24T10:55:24,suffix.2-rec.8.tanh,6472,105,2.008984327316284,0.5,0.1,128,128,1720320,3930028908,3.4737979769706726,1024,1024,1,1.0
2022-09-24T10:55:25,suffix.2-dense.16.tanh,12560,45,1.0127456188201904,0.5,0.1,128,128,737280,3930028908,3.46094411611557,1024,1024,1,1.0
2022-09-24T10:55:30,rec.8.tanh-attention.2,4424,183,4.010682582855225,0.5,0.1,128,128,2998272,3930028908,3.5284829139709473,1024,1024,1,1.0
2022-09-24T10:55:32,attention.2-dense.16.tanh,8464,43,1.0127232074737549,0.5,0.1,128,128,704512,3930028908,3.751339912414551,1024,1024,1,1.0
2022-09-24T10:55:34,rec.8.tanh-attention.2,4424,84,2.0071816444396973,0.5,0.1,128,64,688128,3930028908,3.584980547428131,1024,1024,1,1.0
2022-09-24T10:55:36,suffix.2-dense.16.tanh,12560,53,1.0104916095733643,0.5,0.1,128,128,868352,3930028908,3.4177491068840027,1024,1024,1,1.0
2022-09-24T10:55:52,rec.8.tanh-suffix.2-dense.8.relu,4560,586,16.00576114654541,0.5,0.1,128,512,38404096,3930028908,3.549076497554779,1024,1024,1,1.0
2022-09-24T10:58:01,dense.1.tanh-suffix.2,1025,5567,128.00708079338074,0.5,0.1,128,512,364838912,3930028908,4.3004913330078125,1024,1024,1,1.0
2022-09-24T10:58:03,suffix.2-mgru.8,10640,17,1.022857666015625,0.5,0.1,128,128,278528,3930028908,3.791522264480591,1024,1024,1,1.0
2022-09-24T10:58:05,attention.2-rec.4.tanh-attention.2.pos,2332,50,2.018903970718384,0.5,0.1,128,128,819200,3930028908,3.951957046985626,1024,1024,1,1.0
2022-09-24T10:58:07,attention.2-rec.4.tanh-attention.2,2324,29,1.0139617919921875,0.5,0.1,128,64,237568,3930028908,4.208195328712463,1024,1024,1,1.0
2022-09-24T10:58:12,suffix.2-rec.8.tanh-attention.2,6472,130,4.030142068862915,0.5,0.1,128,64,1064960,3930028908,3.5362355709075928,1024,1024,1,1.0
2022-09-24T10:58:21,rec.8.tanh-attention.2,4424,286,8.015215396881104,0.5,0.1,128,128,4685824,3930028908,3.48460191488266,1024,1024,1,1.0
2022-09-24T10:58:22,suffix.2-rec.4.tanh-attention.2.pos,3356,27,1.0055437088012695,0.5,0.1,128,128,442368,3930028908,3.8473088145256042,1024,1024,1,1.0
2022-09-24T10:58:25,rec.8.tanh-attention.2.pos,4440,74,2.0083580017089844,0.5,0.1,128,64,606208,3930028908,3.628944158554077,1024,1024,1,1.0
2022-09-24T10:58:27,suffix.2-rec.8.tanh-suffix.2,8520,39,1.0129356384277344,0.5,0.1,128,128,638976,3930028908,3.7678911685943604,1024,1024,1,1.0
2022-09-24T10:58:59,rec.1.tanh-suffix.2-dense.4.relu,1550,974,32.02414894104004,0.5,0.1,128,512,63832064,3930028908,4.2947105169296265,1024,1024,1,1.0
2022-09-24T10:59:02,dense.2.tanh,1282,57,1.0034763813018799,0.5,0.1,128,256,1867776,3930028908,4.177509903907776,1024,1024,1,1.0
2022-09-24T10:59:05,attention.2-rec.2.tanh,1286,108,2.0129005908966064,0.5,0.1,128,32,442368,3930028908,4.225888967514038,1024,1024,1,1.0
2022-09-24T10:59:09,suffix.2-rec.4.tanh,3348,229,4.001234531402588,0.5,0.1,128,32,937984,3930028908,3.731290817260742,1024,1024,1,1.0
2022-09-24T10:59:11,suffix.2-dense.16.tanh-attention.2,12560,28,1.0050525665283203,0.5,0.1,128,128,458752,3930028908,3.579506576061249,1024,1024,1,1.0
2022-09-24T10:59:13,suffix.2-rec.8.relu,6472,101,2.00406813621521,0.5,0.1,128,128,1654784,3930028908,3.64968079328537,1024,1024,1,1.0
2022-09-24T10:59:15,suffix.4-dense.16.tanh,20752,42,1.002502679824829,0.5,0.1,128,128,688128,3930028908,3.374676823616028,1024,1024,1,1.0
2022-09-24T10:59:17,attention.4.pos-dense.16.tanh,9488,32,1.018017053604126,0.5,0.1,128,128,524288,3930028908,4.9085787534713745,1024,1024,1,1.0
2022-09-24T10:59:26,rec.8.tanh-attention.2.pos,4440,359,8.010597705841064,0.5,0.1,128,64,2940928,3930028908,3.511229395866394,1024,1024,1,1.0
2022-09-24T10:59:28,mgru.2-attention.2.pos,1808,49,2.0021183490753174,0.5,0.1,128,64,401408,3930028908,4.2867491245269775,1024,1024,1,1.0
2022-09-24T10:59:30,suffix.2-dense.8.tanh-attention.2,6408,33,1.0118696689605713,0.5,0.1,128,128,540672,3930028908,3.696673035621643,1024,1024,1,1.0
2022-09-24T10:59:35,suffix.8-rec.8.tanh,18760,224,4.001694679260254,0.5,0.1,128,64,1835008,3930028908,3.4324989914894104,1024,1024,1,1.0
2022-09-24T10:59:36,suffix.4-dense.8.tanh,10504,56,1.0022130012512207,0.5,0.1,128,128,917504,3930028908,3.518649995326996,1024,1024,1,1.0
2022-09-24T10:59:39,attention.2.pos-rec.4.tanh,2836,75,2.013385772705078,0.5,0.1,128,32,307200,3930028908,4.859581708908081,1024,1024,1,1.0
2022-09-24T10:59:40,suffix.2-dense.16.tanh-dense.16.relu,12832,36,1.0067179203033447,0.5,0.1,128,128,589824,3930028908,3.5598320364952087,1024,1024,1,1.0
2022-09-24T10:59:45,attention.8.pos-rec.8.tanh,6472,171,4.019189834594727,0.5,0.1,128,64,1400832,3930028908,4.816130995750427,1024,1024,1,1.0
2022-09-24T10:59:47,suffix.2-dense.16.tanh,12560,48,1.0056097507476807,0.5,0.1,128,256,1572864,3930028908,3.3850943446159363,1024,1024,1,1.0
2022-09-24T10:59:50,attention.2.pos-rec.4.tanh-attention.2,2836,58,2.009460926055908,0.5,0.1,128,64,475136,3930028908,4.812187075614929,1024,1024,1,1.0
2022-09-24T11:00:06,rec.8.tanh-attention.2,4424,789,16.012390613555908,0.5,0.1,128,128,12926976,3930028908,3.463050961494446,1024,1024,1,1.0
2022-09-24T11:00:08,suffix.2-dense.16.tanh,12560,49,1.008131742477417,0.5,0.1,128,256,1605632,3930028908,3.4398152232170105,1024,1024,1,1.0
2022-09-24T11:00:17,suffix.2-rec.8.tanh-attention.2.pos,6488,323,8.013483762741089,0.5,0.1,128,128,5292032,3930028908,3.3979325890541077,1024,1024,1,1.0
2022-09-24T11:00:18,suffix.4-dense.16.relu,20752,53,1.0011992454528809,0.5,0.1,128,128,868352,3930028908,3.3716659545898438,1024,1024,1,1.0
2022-09-24T11:00:21,suffix.2-dense.8.tanh-attention.2,6408,91,2.0078158378601074,0.5,0.1,128,128,1490944,3930028908,3.5238190293312073,1024,1024,1,1.0
2022-09-24T11:00:22,suffix.2-dense.4.tanh-attention.2,3332,34,1.0108323097229004,0.5,0.1,128,128,557056,3930028908,3.9805527329444885,1024,1024,1,1.0
2022-09-24T11:00:27,attention.2-rec.2.tanh,1286,237,4.007337808609009,0.5,0.1,128,32,970752,3930028908,4.095965147018433,1024,1024,1,1.0
2022-09-24T11:00:30,rec.2.tanh-attention.2.pos,1290,81,2.0046122074127197,0.5,0.1,128,32,331776,3930028908,4.14788031578064,1024,1024,1,1.0
2022-09-24T11:00:31,rec.2.tanh-attention.2.pos,1290,29,1.016390323638916,0.5,0.1,128,128,475136,3930028908,4.496890664100647,1024,1024,1,1.0
2022-09-24T11:00:33,dense.2.relu,1282,57,1.0014936923980713,0.5,0.1,128,256,1867776,3930028908,4.186717867851257,1024,1024,1,1.0
2022-09-24T11:00:36,attention.2-rec.2.tanh-suffix.2-dense.1.relu,1035,70,2.01059627532959,0.5,0.1,128,512,4587520,3930028908,4.7899781465530396,1024,1024,1,1.0
2022-09-24T11:00:37,suffix.2-dense.2.tanh-attention.2,1794,34,1.0180368423461914,0.5,0.1,128,128,557056,3930028908,4.188717603683472,1024,1024,1,1.0
2022-09-24T11:00:42,attention.2-rec.1.tanh,770,277,4.0097901821136475,0.5,0.1,128,128,4538368,3930028908,4.370300769805908,1024,1024,1,1.0
2022-09-24T11:00:44,attention.4-dense.8.tanh,4360,51,1.010267972946167,0.5,0.1,128,128,835584,3930028908,4.102427959442139,1024,1024,1,1.0
2022-09-24T11:00:46,attention.2-rec.1.tanh-suffix.2,1026,101,2.0032505989074707,0.5,0.1,128,256,3309568,3930028908,4.315923810005188,1024,1024,1,1.0
2022-09-24T11:00:55,mgru.2-attention.2,1804,254,8.002697706222534,0.5,0.1,128,128,4161536,3930028908,4.031969487667084,1024,1024,1,1.0
2022-09-24T11:00:57,attention.4-dense.16.relu,8464,49,1.0105841159820557,0.5,0.1,128,128,802816,3930028908,4.077618360519409,1024,1024,1,1.0
2022-09-24T11:02:01,rec.2.tanh,1286,2371,64.03537774085999,0.5,0.1,128,512,155385856,3930028908,4.078348994255066,1024,1024,1,1.0
2022-09-24T11:02:03,rec.2.tanh,1286,46,1.0169641971588135,0.5,0.1,128,256,1507328,3930028908,4.298423409461975,1024,1024,1,1.0
2022-09-24T11:02:05,suffix.2-rec.8.tanh,6472,95,2.0133512020111084,0.5,0.1,128,256,3112960,3930028908,3.6135204434394836,1024,1024,1,1.0
2022-09-24T11:02:10,attention.2-rec.2.tanh-suffix.2-dense.1.relu,1035,152,4.004702806472778,0.5,0.1,128,512,9961472,3930028908,4.78190004825592,1024,1024,1,1.0
2022-09-24T11:02:12,suffix.4-dense.16.relu-attention.2,20752,34,1.0015850067138672,0.5,0.1,128,128,557056,3930028908,3.6696094274520874,1024,1024,1,1.0
2022-09-24T11:02:28,rec.4.tanh-suffix.2-rec.4.relu,2376,468,16.005868196487427,0.5,0.1,128,512,30670848,3930028908,4.227744460105896,1024,1024,1,1.0
2022-09-24T11:02:30,suffix.2-dense.8.tanh,6408,47,1.0152559280395508,0.5,0.1,128,256,1540096,3930028908,3.576640486717224,1024,1024,1,1.0
2022-09-24T11:02:32,suffix.2-dense.2.tanh-attention.2,1794,83,2.007587194442749,0.5,0.1,128,128,1359872,3930028908,4.096319198608398,1024,1024,1,1.0
2022-09-24T11:02:34,suffix.2-rec.4.relu,3348,39,1.0108492374420166,0.5,0.1,128,256,1277952,3930028908,3.9121557474136353,1024,1024,1,1.0
2022-09-24T11:03:06,rec.1.relu-attention.2.pos,772,1704,32.00746417045593,0.5,0.1,128,512,111673344,3930028908,4.268615961074829,1024,1024,1,1.0
2022-09-24T11:03:08,attention.2-rec.4.tanh-suffix.2,3348,38,1.0105946063995361,0.5,0.1,128,128,622592,3930028908,3.9472973346710205,1024,1024,1,1.0
2022-09-24T11:03:11,attention.2-rec.2.tanh-attention.2,1286,74,2.0121474266052246,0.5,0.1,128,256,2424832,3930028908,4.174526929855347,1024,1024,1,1.0
2022-09-24T11:03:18,suffix.2-dense.8.tanh-attention.2,6408,195,4.012268543243408,0.5,0.1,128,128,3194880,3930028908,3.454170882701874,1024,1024,1,1.0
2022-09-24T11:03:20,suffix.4-dense.4.tanh,5380,48,1.012336015701294,0.5,0.1,128,128,786432,3930028908,3.919793128967285,1024,1024,1,1.0
2022-09-24T11:03:28,suffix.4-rec.8.tanh,10568,473,8.002002954483032,0.5,0.1,128,64,3874816,3930028908,3.426315665245056,1024,1024,1,1.0
2022-09-24T11:03:29,suffix.4-dense.16.relu-dense.16.relu,21024,36,1.0036077499389648,0.5,0.1,128,128,589824,3930028908,3.833160102367401,1024,1024,1,1.0
2022-09-24T11:03:32,suffix.4-rec.4.tanh,5396,104,2.0036914348602295,0.5,0.1,128,64,851968,3930028908,3.6986724138259888,1024,1024,1,1.0
2022-09-24T11:03:34,suffix.2-rec.4.tanh-attention.2,3348,29,1.016329050064087,0.5,0.1,128,64,237568,3930028908,4.137827634811401,1024,1024,1,1.0
2022-09-24T11:03:38,rec.2.tanh-attention.2.pos,1290,175,4.00028657913208,0.5,0.1,128,32,716800,3930028908,4.11918580532074,1024,1024,1,1.0
2022-09-24T11:03:41,attention.2.pos-dense.8.tanh-attention.2,4872,63,2.018669605255127,0.5,0.1,128,128,1032192,3930028908,4.815765619277954,1024,1024,1,1.0
2022-09-24T11:03:43,suffix.4-dense.16.relu,20752,49,1.0088391304016113,0.5,0.1,128,256,1605632,3930028908,3.3430001735687256,1024,1024,1,1.0
2022-09-24T11:03:44,attention.4.pos-dense.16.relu,9488,29,1.0008049011230469,0.5,0.1,128,256,950272,3930028908,4.891028046607971,1024,1024,1,1.0
2022-09-24T11:03:47,suffix.2-rec.8.tanh,6472,106,2.0004680156707764,0.2,0.1,128,128,1736704,3930028908,3.5869487524032593,1024,1024,1,1.0
2022-09-24T11:03:48,rec.1.tanh-attention.2.pos,772,37,1.0036804676055908,0.5,0.1,128,32,151552,3930028908,4.47929322719574,1024,1024,1,1.0
2022-09-24T11:03:53,rec.2.tanh-suffix.2-dense.8.relu,2862,141,4.001413583755493,0.5,0.1,128,512,9240576,3930028908,3.7627108097076416,1024,1024,1,1.0
2022-09-24T11:04:02,rec.4.tanh-attention.2.pos,2332,363,8.010075330734253,0.5,0.1,128,64,2973696,3930028908,3.731005609035492,1024,1024,1,1.0
2022-09-24T11:04:03,suffix.4-dense.16.relu,20752,52,1.0030550956726074,0.5,0.1,128,256,1703936,3930028908,3.3417664766311646,1024,1024,1,1.0
2022-09-24T11:04:05,suffix.2-rec.8.tanh,6472,104,2.0020031929016113,0.5,0.1,128,128,1703936,3930028908,3.530240774154663,1024,1024,1,1.0
2022-09-24T11:04:07,suffix.4-dense.8.relu,10504,46,1.0103020668029785,0.5,0.1,128,256,1507328,3930028908,3.6195045113563538,1024,1024,1,1.0
2022-09-24T11:04:23,rec.2.tanh,1286,929,16.008028745651245,0.5,0.1,128,128,15220736,3930028908,4.079802393913269,1024,1024,1,1.0
2022-09-24T11:04:25,suffix.4-rec.16.relu,21008,41,1.0026648044586182,0.5,0.1,128,256,1343488,3930028908,nan,1024,1024,1,1.0
2022-09-24T11:04:27,suffix.2-rec.4.relu-attention.2,3348,79,2.013583183288574,0.5,0.1,128,128,1294336,3930028908,3.9129568934440613,1024,1024,1,1.0
2022-09-24T11:04:32,suffix.8-rec.4.tanh,9492,226,4.009865999221802,0.5,0.1,128,64,1851392,3930028908,3.7118906378746033,1024,1024,1,1.0
2022-09-24T11:04:34,suffix.4-rec.8.relu,10568,45,1.0022485256195068,0.5,0.1,128,128,737280,3930028908,3.6410802006721497,1024,1024,1,1.0
2022-09-24T11:04:36,rec.4.tanh-suffix.2-rec.2.relu,1834,56,2.017587661743164,0.5,0.1,128,512,3670016,3930028908,4.280442118644714,1024,1024,1,1.0
2022-09-24T11:04:38,attention.2.pos-dense.8.tanh,4872,30,1.0195531845092773,0.5,0.1,128,256,983040,3930028908,4.8001792430877686,1024,1024,1,1.0
2022-09-24T11:13:10,dense.1.relu,769,14500,512.0125126838684,0.5,0.1,128,256,475136000,3930028908,4.350796937942505,1024,1024,1,1.0
2022-09-24T11:13:12,suffix.4-dense.16.relu-suffix.2,24848,24,1.011383056640625,0.5,0.1,128,256,786432,3930028908,3.7280014753341675,1024,1024,1,1.0
2022-09-24T11:13:14,dense.2.tanh-attention.2.pos,1286,51,2.036007881164551,0.5,0.1,128,512,3342336,3930028908,4.17250919342041,1024,1024,1,1.0
2022-09-24T11:13:16,suffix.4-dense.16.relu,20752,39,1.0137598514556885,0.5,0.1,128,512,2555904,3930028908,3.29912930727005,1024,1024,1,1.0
2022-09-24T11:13:21,dense.2.tanh-attention.2.pos,1286,133,4.016492605209351,0.5,0.1,128,128,2179072,3930028908,4.073766589164734,1024,1024,1,1.0
2022-09-24T11:13:29,suffix.2-dense.8.tanh-attention.2,6408,300,8.026204824447632,0.5,0.1,128,128,4915200,3930028908,3.433317482471466,1024,1024,1,1.0
2022-09-24T11:13:31,attention.4-dense.16.relu,8464,40,1.0128347873687744,0.5,0.1,128,512,2621440,3930028908,4.059373736381531,1024,1024,1,1.0
2022-09-24T11:13:33,dense.2.tanh-dense.1.relu,1029,108,2.0067832469940186,0.5,0.1,128,256,3538944,3930028908,4.785776734352112,1024,1024,1,1.0
2022-09-24T11:13:35,suffix.2-dense.8.tanh,6408,50,1.011955976486206,0.5,0.1,128,256,1638400,3930028908,3.568889081478119,1024,1024,1,1.0
2022-09-24T11:13:36,suffix.4-dense.16.tanh,20752,41,1.0044984817504883,0.5,0.1,128,512,2686976,3930028908,3.3946481943130493,1024,1024,1,1.0
2022-09-24T11:13:39,suffix.2-rec.8.tanh-attention.2.pos,6488,1,2.2217748165130615,0.5,0.1,128,128,16384,3930028908,6.561861872673035,1024,1024,1,1.0
2022-09-24T11:13:42,suffix.2-rec.8.tanh-attention.2.pos,6488,68,2.020153284072876,0.5,0.1,128,128,1114112,3930028908,3.4471983313560486,1024,1024,1,1.0
2022-09-24T11:13:47,attention.8-rec.4.tanh,2324,219,4.0087549686431885,0.5,0.1,128,64,1794048,3930028908,4.156926989555359,1024,1024,1,1.0
2022-09-24T11:13:48,suffix.4-rec.8.relu,10568,35,1.021458625793457,0.5,0.1,128,512,2293760,3930028908,3.6360710859298706,1024,1024,1,1.0
2022-09-24T11:13:50,attention.4.pos-dense.16.tanh,9488,24,1.0229129791259766,0.5,0.1,128,512,1572864,3930028908,4.933916926383972,1024,1024,1,1.0
2022-09-24T11:13:53,rec.8.tanh-attention.2,4424,83,2.0186686515808105,0.5,0.1,128,64,679936,3930028908,3.6117520928382874,1024,1024,1,1.0
2022-09-24T11:13:54,suffix.2-dense.16.tanh,12560,43,1.0052943229675293,0.5,0.1,128,512,2818048,3930028908,3.4092698097229004,1024,1024,1,1.0
2022-09-24T11:14:03,suffix.2-dense.8.relu,6408,432,8.004470348358154,0.5,0.1,128,128,7077888,3930028908,3.4875800609588623,1024,1024,1,1.0
2022-09-24T11:14:07,rec.8.tanh,4424,252,4.012125015258789,0.2,0.1,128,64,2064384,3930028908,3.562801778316498,1024,1024,1,1.0
2022-09-24T11:14:09,suffix.2-dense.16.relu,12560,45,1.0055744647979736,0.5,0.1,128,512,2949120,3930028908,3.4845240712165833,1024,1024,1,1.0
2022-09-24T11:14:11,attention.2.pos-rec.8.tanh,4936,75,2.0195043087005615,0.2,0.1,128,128,1228800,3930028908,4.220230937004089,1024,1024,1,1.0
2022-09-24T11:14:13,suffix.8-dense.16.relu,37136,25,1.0086915493011475,0.5,0.1,128,512,1638400,3930028908,3.665977120399475,1024,1024,1,1.0
2022-09-24T11:14:30,rec.8.tanh-attention.2.pos,4440,624,16.015392780303955,0.5,0.1,128,64,5111808,3930028908,3.483790159225464,1024,1024,1,1.0
2022-09-24T11:14:32,suffix.2-rec.4.relu,3348,97,2.012270450592041,0.5,0.1,128,256,3178496,3930028908,3.7372549772262573,1024,1024,1,1.0
2022-09-24T11:14:33,suffix.4-dense.16.relu,20752,46,1.0036559104919434,0.5,0.1,128,512,3014656,3930028908,3.3366072177886963,1024,1024,1,1.0
2022-09-24T11:15:06,rec.1.tanh,770,1542,32.0126736164093,0.5,0.1,128,512,101056512,3930028908,4.344176292419434,1024,1024,1,1.0
2022-09-24T11:15:07,attention.2-dense.16.tanh,8464,42,1.0055012702941895,0.5,0.1,128,512,2752512,3930028908,3.7466781735420227,1024,1024,1,1.0
2022-09-24T11:15:12,suffix.2-rec.1.tanh-suffix.2,1282,215,4.008427858352661,0.5,0.1,128,128,3522560,3930028908,4.260654091835022,1024,1024,1,1.0
2022-09-24T11:15:15,mgru.2-attention.2,1804,42,2.021165132522583,0.5,0.1,128,1024,5505024,3930028908,4.075722336769104,1024,1024,1,1.0
2022-09-24T11:15:16,dense.2.relu-attention.2.pos,1286,32,1.0034773349761963,0.5,0.1,128,128,524288,3930028908,4.777682423591614,1024,1024,1,1.0
2022-09-24T11:15:18,suffix.4-dense.16.relu-attention.2,20752,27,1.0159063339233398,0.5,0.1,128,512,1769472,3930028908,3.6774415373802185,1024,1024,1,1.0
2022-09-24T11:15:21,suffix.2-mgru.2-suffix.2,3340,56,2.018484354019165,0.5,0.1,128,128,917504,3930028908,3.8868314623832703,1024,1024,1,1.0
2022-09-24T11:15:23,attention.4-dense.8.relu,4360,46,1.0161340236663818,0.5,0.1,128,256,1507328,3930028908,4.129765152931213,1024,1024,1,1.0
2022-09-24T11:15:31,rec.2.tanh-suffix.2-dense.8.relu,2862,285,8.008105039596558,0.5,0.1,128,512,18677760,3930028908,3.7006044387817383,1024,1024,1,1.0
2022-09-24T11:15:36,suffix.8-rec.8.relu,18760,221,4.014330863952637,0.5,0.1,128,64,1810432,3930028908,3.5384820699691772,1024,1024,1,1.0
2022-09-24T11:15:37,attention.2-dense.8.tanh-attention.2,4360,31,1.0102641582489014,0.5,0.1,128,128,507904,3930028908,4.087964296340942,1024,1024,1,1.0
2022-09-24T11:15:40,attention.2-rec.8.tanh,4424,103,2.0161640644073486,0.5,0.1,128,128,1687552,3930028908,3.5903626680374146,1024,1024,1,1.0
2022-09-24T11:15:42,suffix.2-mgru.2-attention.2.pos,2832,15,1.006281852722168,0.5,0.1,128,128,245760,3930028908,4.666092038154602,1024,1024,1,1.0
2022-09-24T11:15:45,suffix.2-rec.8.relu-attention.2.pos,6488,66,2.0173745155334473,0.5,0.1,128,128,1081344,3930028908,3.7473896145820618,1024,1024,1,1.0
2022-09-24T11:15:46,suffix.4-dense.4.relu,5380,48,1.000783920288086,0.5,0.1,128,256,1572864,3930028908,3.9822540283203125,1024,1024,1,1.0
2022-09-24T11:15:51,suffix.8-rec.8.tanh-suffix.2,20808,210,4.012061357498169,0.5,0.1,128,64,1720320,3930028908,3.4943472743034363,1024,1024,1,1.0
2022-09-24T11:15:52,suffix.2-dense.8.tanh,6408,46,1.0025746822357178,0.5,0.1,128,512,3014656,3930028908,3.5438859462738037,1024,1024,1,1.0
2022-09-24T11:16:09,suffix.2-rec.8.tanh-attention.2.pos,6488,654,16.00460195541382,0.5,0.1,128,128,10715136,3930028908,3.3623324632644653,1024,1024,1,1.0
2022-09-24T11:16:10,suffix.2-dense.16.tanh,12560,46,1.0115187168121338,0.5,0.1,128,512,3014656,3930028908,3.376899540424347,1024,1024,1,1.0
2022-09-24T11:16:13,suffix.2-dense.8.tanh,6408,106,2.015692949295044,0.5,0.1,128,512,6946816,3930028908,3.469871938228607,1024,1024,1,1.0
2022-09-24T11:16:22,attention.2.pos-rec.8.tanh-attention.2.pos,4952,246,8.008095979690552,0.5,0.1,128,128,4030464,3930028908,4.847509860992432,1024,1024,1,1.0
2022-09-24T11:16:23,suffix.2-dense.4.relu,3332,48,1.0059196949005127,0.5,0.1,128,128,786432,3930028908,3.764325261116028,1024,1024,1,1.0
2022-09-24T11:16:26,rec.4.tanh-dense.1.relu,1561,86,2.0121967792510986,0.5,0.1,128,128,1409024,3930028908,4.7821232080459595,1024,1024,1,1.0
2022-09-24T11:16:27,suffix.2-dense.4.relu,3332,50,1.0035207271575928,0.5,0.1,128,128,819200,3930028908,3.9146968722343445,1024,1024,1,1.0
2022-09-24T11:16:31,suffix.2-dense.8.tanh,6408,221,4.016354560852051,0.5,0.1,128,512,14483456,3930028908,3.4295806288719177,1024,1024,1,1.0
2022-09-24T11:16:33,rec.4.tanh-suffix.2,3348,31,1.0077507495880127,0.5,0.1,128,1024,4063232,3930028908,3.811311185359955,1024,1024,1,1.0
2022-09-24T11:16:36,attention.2.pos-dense.8.tanh,4872,68,2.0043702125549316,0.5,0.1,128,512,4456448,3930028908,4.82156503200531,1024,1024,1,1.0
2022-09-24T11:16:37,attention.2-dense.2.tanh-attention.2.pos,1286,29,1.0184965133666992,0.5,0.1,128,128,475136,3930028908,4.3696534633636475,1024,1024,1,1.0
2022-09-24T11:20:54,dense.1.tanh-suffix.2,1025,9443,256.00616359710693,0.5,0.1,128,512,618856448,3930028908,4.295448660850525,1024,1024,1,1.0
2022-09-24T11:20:55,suffix.2-dense.16.tanh-suffix.2,16656,23,1.0136809349060059,0.5,0.1,128,512,1507328,3930028908,3.623789668083191,1024,1024,1,1.0
2022-09-24T11:20:58,suffix.4-rec.2.tanh,2822,68,2.0091795921325684,0.5,0.1,128,64,557056,3930028908,4.1276856660842896,1024,1024,1,1.0
2022-09-24T11:21:03,suffix.2-rec.2.tanh-attention.2,1798,137,4.002934694290161,0.5,0.1,128,64,1122304,3930028908,4.053726673126221,1024,1024,1,1.0
2022-09-24T11:21:04,suffix.2-dense.16.tanh-dense.16.relu,12832,31,1.0186433792114258,0.5,0.1,128,512,2031616,3930028908,3.846394121646881,1024,1024,1,1.0
2022-09-24T11:21:13,suffix.2-dense.8.tanh,6408,325,8.019593715667725,0.5,0.1,128,512,21299200,3930028908,3.4073487520217896,1024,1024,1,1.0
2022-09-24T11:21:14,suffix.4-dense.16.relu-dense.16.relu,21024,29,1.0014522075653076,0.5,0.1,128,512,1900544,3930028908,4.022517740726471,1024,1024,1,1.0
2022-09-24T11:21:17,suffix.2-dense.4.tanh,3332,98,2.0066885948181152,0.5,0.1,128,512,6422528,3930028908,3.67292720079422,1024,1024,1,1.0
2022-09-24T11:21:18,suffix.2-rec.4.tanh,3348,47,1.003899097442627,0.5,0.1,128,128,770048,3930028908,3.91391259431839,1024,1024,1,1.0
2022-09-24T11:22:23,rec.2.tanh-attention.2,1286,2073,64.00937604904175,0.5,0.1,128,256,67928064,3930028908,4.1148505210876465,1024,1024,1,1.0
2022-09-24T11:22:27,rec.4.tanh,2324,243,4.012877941131592,0.2,0.1,128,64,1990656,3930028908,3.800731599330902,1024,1024,1,1.0
2022-09-24T11:22:29,dense.2.tanh-attention.4.pos,1290,31,1.0147030353546143,0.5,0.1,128,128,507904,3930028908,4.285807847976685,1024,1024,1,1.0
2022-09-24T11:22:32,attention.2-mgru.4,3368,62,2.003843069076538,0.5,0.1,128,128,1015808,3930028908,3.8254734873771667,1024,1024,1,1.0
2022-09-24T11:22:33,suffix.2-dense.2.relu,1794,52,1.004347562789917,0.5,0.1,128,128,851968,3930028908,4.293122291564941,1024,1024,1,1.0
2022-09-24T11:23:06,rec.2.tanh,1286,1930,32.007301807403564,0.5,0.1,128,128,31621120,3930028908,4.096199870109558,1024,1024,1,1.0
2022-09-24T11:23:07,attention.2-dense.8.tanh,4360,42,1.0067946910858154,0.5,0.1,128,512,2752512,3930028908,3.8408698439598083,1024,1024,1,1.0
2022-09-24T11:23:10,suffix.4-dense.8.tanh,10504,131,2.000545024871826,0.5,0.1,128,128,2146304,3930028908,3.3832525610923767,1024,1024,1,1.0
2022-09-24T11:23:11,suffix.4-rec.8.tanh,10568,40,1.001232624053955,0.5,0.1,128,256,1310720,3930028908,3.630922317504883,1024,1024,1,1.0
2022-09-24T11:23:15,suffix.2-rec.4.relu,3348,207,4.012328624725342,0.5,0.1,128,256,6782976,3930028908,3.6835665702819824,1024,1024,1,1.0
2022-09-24T11:23:18,suffix.2-dense.16.relu,12560,108,2.012608051300049,0.5,0.1,128,512,7077888,3930028908,3.3112136125564575,1024,1024,1,1.0
2022-09-24T11:23:20,suffix.2-mgru.2,2828,23,1.0131099224090576,0.5,0.1,128,256,753664,3930028908,4.263752579689026,1024,1024,1,1.0
2022-09-24T11:23:28,rec.2.tanh-dense.1.relu,1033,365,8.008949995040894,0.5,0.1,128,512,23920640,3930028908,4.322158455848694,1024,1024,1,1.0
2022-09-24T11:23:31,suffix.2-dense.8.relu,6408,45,1.004213809967041,0.5,0.1,128,512,2949120,3930028908,3.6190261244773865,1024,1024,1,1.0
2022-09-24T11:23:48,attention.2-rec.8.tanh-attention.2.pos,4440,658,16.01026177406311,0.5,0.1,128,128,10780672,3930028908,3.525943875312805,1024,1024,1,1.0
2022-09-24T11:23:51,attention.2-rec.2.tanh-attention.2.pos,1290,67,2.0228536128997803,0.5,0.1,128,128,1097728,3930028908,4.1015249490737915,1024,1024,1,1.0
2022-09-24T11:23:53,suffix.2-dense.1.tanh-attention.2,1025,40,1.0025274753570557,0.5,0.1,128,128,655360,3930028908,4.45085871219635,1024,1024,1,1.0
2022-09-24T11:23:54,suffix.2-dense.16.tanh,12560,35,1.009751796722412,0.5,0.1,128,1024,4587520,3930028908,3.4614864587783813,1024,1024,1,1.0
2022-09-24T11:23:58,dense.2.tanh-dense.1.relu,1029,233,4.010154962539673,0.5,0.1,128,256,7634944,3930028908,4.75301992893219,1024,1024,1,1.0
2022-09-24T11:24:01,attention.4-dense.8.tanh,4360,122,2.0074992179870605,0.5,0.1,128,128,1998848,3930028908,4.0376089215278625,1024,1024,1,1.0
2022-09-24T11:24:03,suffix.4-dense.2.tanh,2818,52,1.0027995109558105,0.5,0.1,128,128,851968,3930028908,4.069981694221497,1024,1024,1,1.0
2022-09-24T11:24:04,attention.4-dense.2.tanh,1282,49,1.0102670192718506,0.5,0.1,128,128,802816,3930028908,4.3852715492248535,1024,1024,1,1.0
2022-09-24T11:24:07,attention.2.pos-dense.16.relu,8976,66,2.0013253688812256,0.5,0.1,128,512,4325376,3930028908,4.763382196426392,1024,1024,1,1.0
2022-09-24T11:24:12,attention.2.pos-rec.4.relu,2836,149,4.019855976104736,0.5,0.1,128,256,4882432,3930028908,4.780957341194153,1024,1024,1,1.0
2022-09-24T11:24:13,suffix.2-dense.16.tanh,12560,49,1.0154163837432861,0.2,0.1,128,512,3211264,3930028908,3.5648082494735718,1024,1024,1,1.0
2022-09-24T11:24:21,dense.2.tanh-dense.1.relu,1029,480,8.015283823013306,0.5,0.1,128,256,15728640,3930028908,4.809134244918823,1024,1024,1,1.0
2022-09-24T11:24:23,dense.2.tanh-attention.2.pos-dense.2.relu,1292,23,1.0100212097167969,0.5,0.1,128,128,376832,3930028908,4.582317233085632,1024,1024,1,1.0
2022-09-24T11:24:26,suffix.4-dense.4.tanh,5380,131,2.0038082599639893,0.5,0.1,128,128,2146304,3930028908,3.694855570793152,1024,1024,1,1.0
2022-09-24T11:24:27,suffix.4-dense.16.relu,20752,30,1.008957862854004,0.5,0.1,128,1024,3932160,3930028908,3.476531744003296,1024,1024,1,1.0
2022-09-24T11:24:30,rec.2.relu-attention.2,1286,85,2.0089190006256104,0.5,0.1,128,128,1392640,3930028908,4.353781700134277,1024,1024,1,1.0
2022-09-24T11:24:31,suffix.4-dense.16.relu,20752,44,1.0054068565368652,0.2,0.1,128,512,2883584,3930028908,3.4226470589637756,1024,1024,1,1.0
2022-09-24T11:24:36,rec.4.tanh-attention.2,2324,131,4.020359992980957,0.5,0.1,128,1024,17170432,3930028908,3.7193061113357544,1024,1024,1,1.0
2022-09-24T11:24:37,suffix.4-dense.16.relu,20752,45,1.0016000270843506,1.0,0.1,128,512,2949120,3930028908,4.168488025665283,1024,1024,1,1.0
2022-09-24T11:24:54,suffix.2-dense.8.tanh,6408,934,16.004114866256714,0.5,0.1,128,512,61210624,3930028908,3.369987368583679,1024,1024,1,1.0
2022-09-24T11:24:56,suffix.2-dense.16.tanh,12560,81,2.007490396499634,0.5,0.1,128,1024,10616832,3930028908,3.332784950733185,1024,1024,1,1.0
2022-09-24T11:24:58,dense.2.tanh-attention.2.pos,1286,35,1.0065054893493652,0.5,0.1,128,64,286720,3930028908,4.350947737693787,1024,1024,1,1.0
2022-09-24T11:25:06,attention.2-rec.8.tanh,4424,468,8.006463289260864,0.5,0.1,128,64,3833856,3930028908,3.556574761867523,1024,1024,1,1.0
2022-09-24T11:25:08,rec.4.tanh,2324,25,1.0132246017456055,0.5,0.1,128,2048,6553600,3930028908,4.02457982301712,1024,1024,1,1.0
2022-09-24T11:25:10,suffix.2-dense.16.tanh-dense.16.relu,12832,87,2.0073554515838623,0.5,0.1,128,128,1425408,3930028908,3.428265929222107,1024,1024,1,1.0
2022-09-24T11:25:15,rec.4.tanh-attention.4,2324,160,4.021823167800903,0.5,0.1,128,512,10485760,3930028908,3.8294021487236023,1024,1024,1,1.0
2022-09-24T11:25:16,suffix.2-dense.16.tanh,12560,48,1.0096776485443115,1.0,0.1,128,512,3145728,3930028908,3.8585556149482727,1024,1024,1,1.0
2022-09-24T11:25:18,attention.4.pos-dense.16.relu,9488,26,1.0263316631317139,0.2,0.1,128,512,1703936,3930028908,4.674288034439087,1024,1024,1,1.0
2022-09-24T11:25:21,suffix.2-dense.4.relu,3332,101,2.011340379714966,0.5,0.1,128,512,6619136,3930028908,3.6518755555152893,1024,1024,1,1.0
2022-09-24T11:27:29,dense.1.tanh-suffix.2,1025,5317,128.01587986946106,0.5,0.1,128,512,348454912,3930028908,4.256875991821289,1024,1024,1,1.0
2022-09-24T11:27:33,suffix.2-mgru.4,5416,15,1.0221402645111084,0.5,0.1,128,512,983040,3930028908,4.261297821998596,1024,1024,1,1.0
2022-09-24T11:27:38,attention.2-rec.1.tanh-suffix.2,1026,129,4.016128301620483,0.5,0.1,128,256,4227072,3930028908,4.279903411865234,1024,1024,1,1.0
2022-09-24T11:27:39,suffix.4-rec.16.tanh,21008,31,1.0011000633239746,0.5,0.1,128,512,2031616,3930028908,3.8718015551567078,1024,1024,1,1.0
2022-09-24T11:27:41,rec.8.tanh,4424,108,2.0108346939086914,0.5,0.1,128,128,1769472,3930028908,3.5468544960021973,1024,1024,1,1.0
2022-09-24T11:27:43,attention.2-rec.4.relu,2324,43,1.0101847648620605,0.5,0.1,128,32,176128,3930028908,4.059181094169617,1024,1024,1,1.0
2022-09-24T11:28:16,rec.2.tanh-suffix.2-dense.2.relu,1296,837,32.00172400474548,0.5,0.1,128,512,54853632,3930028908,4.079861521720886,1024,1024,1,1.0
2022-09-24T11:28:18,suffix.4-rec.4.relu,5396,105,2.0054409503936768,0.5,0.1,128,128,1720320,3930028908,3.737794518470764,1024,1024,1,1.0
2022-09-24T11:28:20,attention.4-rec.4.tanh,2324,43,1.005537986755371,0.5,0.1,128,32,176128,3930028908,4.21098268032074,1024,1024,1,1.0
2022-09-24T11:28:29,suffix.2-rec.4.tanh-attention.2.pos,3356,321,8.01526927947998,0.5,0.1,128,128,5259264,3930028908,3.6699999570846558,1024,1024,1,1.0
2022-09-24T11:28:30,suffix.4-dense.1.tanh,1537,48,1.0046615600585938,0.5,0.1,128,128,786432,3930028908,4.398154973983765,1024,1024,1,1.0
2022-09-24T11:28:35,suffix.2-dense.4.relu,3332,218,4.000033378601074,0.5,0.1,128,512,14286848,3930028908,3.6863892674446106,1024,1024,1,1.0
2022-09-24T11:28:37,suffix.2-rec.8.relu,6472,70,2.0236685276031494,0.5,0.1,128,1024,9175040,3930028908,3.6157553791999817,1024,1024,1,1.0
2022-09-24T11:28:38,suffix.4-dense.16.relu,20752,45,1.0133390426635742,0.5,0.1,128,512,2949120,3930028908,3.3024813532829285,1024,1024,1,1.0
2022-09-24T11:28:40,attention.2-rec.4.tanh-dense.4.relu,2344,31,1.0087285041809082,0.5,0.1,128,32,126976,3930028908,4.240157127380371,1024,1024,1,1.0
2022-09-24T11:28:43,suffix.2-rec.2.relu,1798,78,2.010291576385498,0.5,0.1,128,512,5111808,3930028908,3.9893147349357605,1024,1024,1,1.0
2022-09-24T11:28:44,dense.2.tanh-attention.2.pos,1286,34,1.0030732154846191,0.2,0.1,128,128,557056,3930028908,4.8403191566467285,1024,1024,1,1.0
2022-09-24T11:29:01,suffix.2-dense.8.tanh-attention.2,6408,832,16.01349139213562,0.5,0.1,128,128,13631488,3930028908,3.4145275354385376,1024,1024,1,1.0
2022-09-24T11:29:06,suffix.4-dense.4.tanh,5380,279,4.002032518386841,0.5,0.1,128,128,4571136,3930028908,3.6604663133621216,1024,1024,1,1.0
2022-09-24T11:29:07,suffix.4-dense.16.relu,20752,55,1.000277042388916,0.5,0.1,128,128,901120,3930028908,3.343931496143341,1024,1024,1,1.0
2022-09-24T11:29:09,dense.16.tanh,8464,94,2.016606092453003,0.5,0.1,128,1024,12320768,3930028908,3.6911224722862244,1024,1024,1,1.0
2022-09-24T11:29:11,rec.8.relu-attention.2,4424,32,1.0018439292907715,0.5,0.1,128,128,524288,3930028908,4.091048836708069,1024,1024,1,1.0
2022-09-24T11:29:20,dense.2.tanh-attention.2.pos,1286,382,8.006008863449097,0.5,0.1,128,128,6258688,3930028908,4.143652439117432,1024,1024,1,1.0
2022-09-24T11:29:21,suffix.2-dense.16.relu,12560,47,1.01566481590271,0.5,0.1,128,256,1540096,3930028908,3.5033438205718994,1024,1024,1,1.0
2022-09-24T11:29:24,attention.2-rec.4.relu,2324,107,2.0045316219329834,0.5,0.1,128,32,438272,3930028908,3.9145674109458923,1024,1024,1,1.0
2022-09-24T11:29:26,attention.2.pos-dense.16.tanh,8976,20,1.0157649517059326,0.5,0.1,128,1024,2621440,3930028908,5.463387966156006,1024,1024,1,1.0
2022-09-24T11:29:30,mgru.1-attention.2,1028,166,4.009455919265747,0.5,0.1,128,256,5439488,3930028908,4.359480857849121,1024,1024,1,1.0
2022-09-24T11:29:32,dense.2.tanh-attention.2.pos,1286,34,1.0034031867980957,1.0,0.1,128,128,557056,3930028908,4.667955040931702,1024,1024,1,1.0
2022-09-24T11:29:34,rec.8.tanh-dense.8.relu,4496,82,2.008500337600708,0.5,0.1,128,128,1343488,3930028908,4.000431656837463,1024,1024,1,1.0
2022-09-24T11:29:36,suffix.2-dense.16.tanh-attention.2.pos,12592,18,1.01534104347229,0.5,0.1,128,256,589824,3930028908,3.6760613322257996,1024,1024,1,1.0
2022-09-24T11:29:41,attention.2-rec.2.tanh-attention.2.pos,1290,152,4.010103225708008,0.5,0.1,128,128,2490368,3930028908,4.0577003955841064,1024,1024,1,1.0
2022-09-24T11:29:44,attention.2-rec.2.tanh-suffix.2,1798,69,2.003798246383667,0.5,0.1,128,1024,9043968,3930028908,4.004026532173157,1024,1024,1,1.0
2022-09-24T11:29:45,suffix.2-dense.4.relu-dense.4.relu,3352,37,1.0145232677459717,0.5,0.1,128,128,606208,3930028908,4.148592710494995,1024,1024,1,1.0
2022-09-24T11:29:54,rec.4.tanh-attention.2,2324,276,8.022225379943848,0.5,0.1,128,1024,36175872,3930028908,3.689087927341461,1024,1024,1,1.0
2022-09-24T11:29:56,suffix.4-dense.16.relu,20752,59,1.0112621784210205,0.5,0.1,128,64,483328,3930028908,3.429052710533142,1024,1024,1,1.0
2022-09-24T11:29:58,suffix.4-dense.8.relu,10504,116,2.010852336883545,0.5,0.1,128,256,3801088,3930028908,3.3756104111671448,1024,1024,1,1.0
2022-09-24T11:29:59,suffix.4-dense.8.relu,10504,44,1.0035595893859863,0.2,0.1,128,512,2883584,3930028908,3.7181122303009033,1024,1024,1,1.0
2022-09-24T11:30:16,dense.2.relu-suffix.2,1794,876,16.005698680877686,0.5,0.1,128,512,57409536,3930028908,3.918537974357605,1024,1024,1,1.0
2022-09-24T11:30:17,suffix.2-rec.1.tanh-attention.2,1026,35,1.017387866973877,0.5,0.1,128,64,286720,3930028908,4.425556659698486,1024,1024,1,1.0
2022-09-24T11:30:22,attention.2-rec.2.tanh-suffix.2,1798,149,4.0081305503845215,0.5,0.1,128,1024,19529728,3930028908,3.9814873933792114,1024,1024,1,1.0
2022-09-24T11:30:25,attention.2-rec.2.tanh-rec.1.relu,1034,71,2.00570011138916,0.5,0.1,128,512,4653056,3930028908,4.821325421333313,1024,1024,1,1.0
2022-09-24T11:30:27,attention.4.pos-dense.16.relu,9488,36,1.0138978958129883,0.5,0.1,128,64,294912,3930028908,4.812975883483887,1024,1024,1,1.0
2022-09-24T11:31:31,rec.1.tanh-suffix.2-dense.4.relu,1550,1953,64.02582430839539,0.5,0.1,128,512,127991808,3930028908,4.254815459251404,1024,1024,1,1.0
2022-09-24T11:31:33,suffix.4-dense.8.relu,10504,58,1.0031046867370605,0.5,0.1,128,64,475136,3930028908,3.6887512803077698,1024,1024,1,1.0
2022-09-24T11:31:35,attention.4.pos-dense.8.relu,5384,74,2.013265609741211,0.5,0.1,128,256,2424832,3930028908,4.7522982358932495,1024,1024,1,1.0
2022-09-24T11:31:37,attention.2-rec.4.tanh,2324,45,1.0071215629577637,0.5,0.1,128,16,92160,3930028908,4.122412443161011,1024,1024,1,1.0
2022-09-24T11:31:42,attention.2-rec.4.relu,2324,231,4.001360893249512,0.5,0.1,128,32,946176,3930028908,3.954133152961731,1024,1024,1,1.0
2022-09-24T11:31:43,suffix.2-rec.16.relu,12816,38,1.0160548686981201,0.5,0.1,128,512,2490368,3930028908,3.59655898809433,1024,1024,1,1.0
2022-09-24T11:31:46,attention.4-dense.2.tanh,1282,119,2.011648416519165,0.5,0.1,128,128,1949696,3930028908,4.334382176399231,1024,1024,1,1.0
2022-09-24T11:31:55,rec.4.tanh-attention.4,2324,340,8.013376951217651,0.5,0.1,128,512,22282240,3930028908,3.7634021639823914,1024,1024,1,1.0
2022-09-24T11:31:56,suffix.2-dense.4.relu,3332,54,1.0012295246124268,0.2,0.1,128,128,884736,3930028908,4.035544514656067,1024,1024,1,1.0
2022-09-24T11:31:59,attention.2-rec.4.tanh,2324,110,2.0087218284606934,0.5,0.1,128,16,225280,3930028908,3.9396175146102905,1024,1024,1,1.0
2022-09-24T11:32:00,suffix.2-rec.8.relu,6472,32,1.0135540962219238,0.5,0.1,128,1024,4194304,3930028908,3.8091720938682556,1024,1024,1,1.0
2022-09-24T11:32:33,attention.2-rec.4.tanh,2324,1578,32.00915884971619,0.5,0.1,128,512,103415808,3930028908,3.706786274909973,1024,1024,1,1.0
2022-09-24T11:32:34,suffix.4-dense.16.relu,20752,56,1.000981330871582,0.2,0.1,128,128,917504,3930028908,3.451510965824127,1024,1024,1,1.0
2022-09-24T11:32:39,suffix.2-dense.2.tanh-attention.2,1794,195,4.018646001815796,0.5,0.1,128,128,3194880,3930028908,4.027214169502258,1024,1024,1,1.0
2022-09-24T11:32:42,suffix.2-mgru.1-suffix.2,1796,74,2.016655445098877,0.5,0.1,128,128,1212416,3930028908,4.269666910171509,1024,1024,1,1.0
2022-09-24T11:32:43,attention.2-rec.4.tanh,2324,46,1.0151660442352295,0.2,0.1,128,32,188416,3930028908,4.437048673629761,1024,1024,1,1.0
2022-09-24T11:32:45,suffix.4-dense.16.relu,20752,56,1.0021536350250244,1.0,0.1,128,128,917504,3930028908,4.584457516670227,1024,1024,1,1.0
2022-09-24T11:32:47,suffix.4-rec.8.relu,10568,86,2.005948543548584,0.5,0.1,128,512,5636096,3930028908,3.504088819026947,1024,1024,1,1.0
2022-09-24T11:32:56,attention.2-rec.2.tanh-suffix.2,1798,303,8.015969276428223,0.5,0.1,128,1024,39714816,3930028908,3.934323728084564,1024,1024,1,1.0
2022-09-24T11:32:57,suffix.4-rec.4.tanh,5396,41,1.0016071796417236,0.5,0.1,128,256,1343488,3930028908,3.8329392671585083,1024,1024,1,1.0
2022-09-24T11:33:02,suffix.2-rec.4.relu-attention.2,3348,177,4.012743711471558,0.5,0.1,128,128,2899968,3930028908,3.698104679584503,1024,1024,1,1.0
2022-09-24T11:33:04,attention.4-dense.8.relu,4360,51,1.0132341384887695,0.5,0.1,128,64,417792,3930028908,4.39487898349762,1024,1024,1,1.0
2022-09-24T11:33:06,suffix.4-dense.16.relu,20752,128,2.01222562789917,0.5,0.1,128,128,2097152,3930028908,3.294062077999115,1024,1024,1,1.0
2022-09-24T11:33:08,suffix.2-dense.16.tanh,12560,48,1.0005230903625488,0.5,0.1,128,512,3145728,3930028908,3.380469560623169,1024,1024,1,1.0
2022-09-24T11:33:24,attention.2-rec.2.tanh-suffix.2,1798,623,16.02395534515381,0.5,0.1,128,1024,81657856,3930028908,3.932211935520172,1024,1024,1,1.0
2022-09-24T11:33:26,suffix.2-dense.16.relu,12560,50,1.0096721649169922,0.5,0.1,128,256,1638400,3930028908,3.426973342895508,1024,1024,1,1.0
2022-09-24T11:33:29,attention.4.pos-dense.16.relu,9488,81,2.0011463165283203,0.5,0.1,128,128,1327104,3930028908,4.775965332984924,1024,1024,1,1.0
2022-09-24T11:33:33,suffix.2-rec.8.tanh,6472,224,4.005644798278809,0.2,0.1,128,128,3670016,3930028908,3.47309672832489,1024,1024,1,1.0
2022-09-24T11:33:34,suffix.4-rec.16.tanh,21008,45,1.0030922889709473,0.5,0.1,128,128,737280,3930028908,3.7190491557121277,1024,1024,1,1.0
2022-09-24T11:33:37,suffix.4-dense.4.relu,5380,116,2.0023069381713867,0.5,0.1,128,256,3801088,3930028908,3.65561980009079,1024,1024,1,1.0
2022-09-24T11:33:38,attention.2-rec.4.tanh,2324,47,1.011049747467041,1.0,0.1,128,32,192512,3930028908,4.300845146179199,1024,1024,1,1.0
2022-09-24T11:33:47,suffix.2-rec.8.tanh,6472,462,8.008281946182251,0.2,0.1,128,128,7569408,3930028908,3.389990270137787,1024,1024,1,1.0
2022-09-24T11:33:49,mgru.2-suffix.2,2316,26,1.0075230598449707,0.5,0.1,128,64,212992,3930028908,4.168793439865112,1024,1024,1,1.0
2022-09-24T11:33:53,suffix.2-dense.8.tanh,6408,222,4.001686096191406,0.5,0.1,128,512,14548992,3930028908,3.4156707525253296,1024,1024,1,1.0
2022-09-24T11:33:56,attention.4-rec.8.relu,4424,82,2.0069453716278076,0.5,0.1,128,512,5373952,3930028908,3.973727822303772,1024,1024,1,1.0
2022-09-24T11:33:57,mgru.2,1804,16,1.0252606868743896,0.5,0.1,128,2048,4194304,3930028908,4.379629015922546,1024,1024,1,1.0
2022-09-24T11:33:59,attention.4-dense.8.relu,4360,40,1.0064356327056885,0.2,0.1,128,512,2621440,3930028908,4.4622074365615845,1024,1024,1,1.0
2022-09-24T11:34:02,attention.2-rec.1.tanh-suffix.2,1026,76,2.010951519012451,0.5,0.1,128,1024,9961472,3930028908,4.319075345993042,1024,1024,1,1.0
2022-09-24T11:34:03,suffix.4-rec.2.tanh,2822,41,1.0124566555023193,0.5,0.1,128,256,1343488,3930028908,4.1202369928359985,1024,1024,1,1.0
2022-09-24T11:34:08,attention.2.pos-dense.8.tanh,4872,149,4.012118577957153,0.5,0.1,128,512,9764864,3930028908,4.845090866088867,1024,1024,1,1.0
2022-09-24T11:34:12,suffix.4-dense.16.tanh-attention.2.pos,20784,27,1.0047824382781982,0.5,0.1,128,128,442368,3930028908,3.6431422233581543,1024,1024,1,1.0
2022-09-24T11:34:14,suffix.2-dense.8.tanh,6408,104,2.0145814418792725,0.5,0.1,128,512,6815744,3930028908,3.4719859957695007,1024,1024,1,1.0
2022-09-24T11:34:31,rec.1.tanh-suffix.2-dense.4.relu,1550,647,16.00826382637024,0.5,0.1,128,512,42401792,3930028908,4.115148901939392,1024,1024,1,1.0
2022-09-24T11:34:32,suffix.4-dense.16.tanh,20752,55,1.0015456676483154,0.5,0.1,128,128,901120,3930028908,3.3040701150894165,1024,1024,1,1.0
2022-09-24T11:34:41,attention.2-rec.2.tanh-attention.2.pos,1290,315,8.023872375488281,0.5,0.1,128,128,5160960,3930028908,4.110533237457275,1024,1024,1,1.0
2022-09-24T11:34:43,suffix.2-rec.16.tanh,12816,39,1.0046932697296143,0.5,0.1,128,256,1277952,3930028908,3.7462010383605957,1024,1024,1,1.0
2022-09-24T11:34:45,suffix.2-rec.8.tanh-attention.2.pos-dense.8.relu,6560,52,2.02694034576416,0.5,0.1,128,128,851968,3930028908,4.512418150901794,1024,1024,1,1.0
2022-09-24T11:34:47,suffix.4-rec.4.relu,5396,35,1.0118873119354248,0.5,0.1,128,512,2293760,3930028908,3.848159074783325,1024,1024,1,1.0
2022-09-24T11:34:52,attention.2-rec.4.tanh,2324,227,4.012740135192871,0.5,0.1,128,16,464896,3930028908,3.982269585132599,1024,1024,1,1.0
2022-09-24T11:35:24,dense.2.relu-suffix.2,1794,1799,32.00152516365051,0.5,0.1,128,512,117899264,3930028908,3.9572038650512695,1024,1024,1,1.0
2022-09-24T11:35:26,attention.4.pos-dense.16.relu,9488,34,1.014458179473877,0.2,0.1,128,128,557056,3930028908,4.7433576583862305,1024,1024,1,1.0
2022-09-24T11:35:29,attention.2.pos-dense.4.relu,2820,68,2.0130584239959717,0.5,0.1,128,512,4456448,3930028908,4.773270010948181,1024,1024,1,1.0
2022-09-24T11:35:30,suffix.4-dense.8.relu,10504,54,1.0049047470092773,0.2,0.1,128,128,884736,3930028908,3.6376989483833313,1024,1024,1,1.0
2022-09-24T11:35:32,suffix.4-dense.16.relu,20752,101,2.0128984451293945,0.2,0.1,128,512,6619136,3930028908,3.2786320447921753,1024,1024,1,1.0
2022-09-24T11:35:34,mgru.1-suffix.2,1284,32,1.01572585105896,0.5,0.1,128,64,262144,3930028908,4.418700814247131,1024,1024,1,1.0
2022-09-24T11:35:38,suffix.4-dense.8.relu,10504,247,4.011013746261597,0.5,0.1,128,256,8093696,3930028908,3.3907582759857178,1024,1024,1,1.0
2022-09-24T11:35:40,suffix.2-dense.8.tanh,6408,48,1.0118129253387451,0.5,0.1,128,512,3145728,3930028908,3.5555437803268433,1024,1024,1,1.0
2022-09-24T11:35:48,attention.2-rec.2.tanh,1286,491,8.004040479660034,0.5,0.1,128,32,2011136,3930028908,4.128492593765259,1024,1024,1,1.0
2022-09-24T11:35:51,suffix.4-rec.4.relu,5396,85,2.0043039321899414,0.5,0.1,128,512,5570560,3930028908,3.6484187245368958,1024,1024,1,1.0
2022-09-24T11:35:52,suffix.4-dense.16.tanh,20752,51,1.0131001472473145,0.5,0.1,128,256,1671168,3930028908,3.369442939758301,1024,1024,1,1.0
2022-09-24T11:35:54,attention.4-dense.16.tanh,8464,48,1.0153203010559082,0.5,0.1,128,256,1572864,3930028908,4.029828071594238,1024,1024,1,1.0
2022-09-24T11:35:56,suffix.2-dense.16.tanh,12560,108,2.008876085281372,0.2,0.1,128,512,7077888,3930028908,3.381379008293152,1024,1024,1,1.0
2022-09-24T11:36:01,attention.4.pos-dense.8.relu,5384,167,4.022187948226929,0.5,0.1,128,256,5472256,3930028908,4.745997071266174,1024,1024,1,1.0
2022-09-24T11:36:03,rec.2.relu-attention.2.pos,1290,31,1.016054391860962,0.5,0.1,128,32,126976,3930028908,4.610605955123901,1024,1024,1,1.0
2022-09-24T11:37:07,dense.2.relu-suffix.2,1794,2939,64.00630068778992,0.5,0.1,128,512,192610304,3930028908,3.92705899477005,1024,1024,1,1.0
2022-09-24T11:37:09,rec.2.tanh-attention.4.pos,1294,29,1.0206077098846436,0.5,0.1,128,32,118784,3930028908,4.34297251701355,1024,1024,1,1.0
2022-09-24T11:37:11,suffix.2-rec.4.relu,3348,72,2.0147223472595215,0.5,0.1,128,1024,9437184,3930028908,3.71364825963974,1024,1024,1,1.0
2022-09-24T11:37:13,suffix.4-rec.1.tanh,1538,56,1.0029990673065186,0.5,0.1,128,256,1835008,3930028908,4.410266637802124,1024,1024,1,1.0
2022-09-24T11:37:29,rec.2.tanh-suffix.2,1798,438,16.02080488204956,0.5,0.1,128,2048,114819072,3930028908,3.923403263092041,1024,1024,1,1.0
2022-09-24T11:37:31,suffix.2-rec.2.relu,1798,41,1.00864577293396,0.2,0.1,128,128,671744,3930028908,4.515735745429993,1024,1024,1,1.0
2022-09-24T11:37:33,rec.8.tanh,4424,112,2.0085630416870117,0.5,0.1,128,128,1835008,3930028908,3.532650351524353,1024,1024,1,1.0
2022-09-24T11:37:38,attention.2-rec.2.tanh-rec.1.relu,1034,155,4.0069801807403564,0.5,0.1,128,512,10158080,3930028908,4.79418420791626,1024,1024,1,1.0
2022-09-24T11:37:40,rec.2.tanh-attention.2.pos-dense.2.relu,1296,23,1.0012421607971191,0.5,0.1,128,32,94208,3930028908,4.875864148139954,1024,1024,1,1.0
2022-09-24T11:37:48,suffix.2-dense.2.tanh-attention.2,1794,410,8.012325286865234,0.5,0.1,128,128,6717440,3930028908,3.994536817073822,1024,1024,1,1.0
2022-09-24T11:37:50,attention.4-dense.8.relu,4360,50,1.0012028217315674,0.2,0.1,128,128,819200,3930028908,4.399085283279419,1024,1024,1,1.0
2022-09-24T11:37:53,suffix.4-dense.16.tanh,20752,116,2.0034303665161133,0.5,0.1,128,256,3801088,3930028908,3.2260900139808655,1024,1024,1,1.0
2022-09-24T11:37:54,suffix.4-dense.16.tanh-attention.2,20752,29,1.005944013595581,0.5,0.1,128,256,950272,3930028908,3.584450125694275,1024,1024,1,1.0
2022-09-24T11:37:59,suffix.4-dense.4.relu,5380,247,4.004744529724121,0.5,0.1,128,256,8093696,3930028908,3.5958415269851685,1024,1024,1,1.0
2022-09-24T11:38:02,attention.4.pos-dense.16.tanh,9488,76,2.0041539669036865,0.5,0.1,128,256,2490368,3930028908,4.792920351028442,1024,1024,1,1.0
2022-09-24T11:38:03,suffix.2-rec.16.tanh,12816,29,1.002305269241333,0.5,0.1,128,1024,3801088,3930028908,3.6462674736976624,1024,1024,1,1.0
2022-09-24T11:38:05,attention.2-rec.2.tanh-suffix.2,1798,35,1.019038438796997,0.5,0.1,128,512,2293760,3930028908,4.250515937805176,1024,1024,1,1.0
2022-09-24T11:38:07,suffix.4-rec.16.relu,21008,100,2.0163843631744385,0.5,0.1,128,256,3276800,3930028908,nan,1024,1024,1,1.0
2022-09-24T11:40:16,dense.1.relu-suffix.2,1025,5772,128.02461981773376,0.5,0.1,128,512,378273792,3930028908,4.799913644790649,1024,1024,1,1.0
2022-09-24T11:40:17,rec.2.tanh-attention.2.pos,1290,19,1.0302085876464844,0.5,0.1,128,16,38912,3930028908,4.543082594871521,1024,1024,1,1.0
2022-09-24T11:40:22,attention.4-dense.4.relu,2308,143,4.012188673019409,0.5,0.1,128,256,4685824,3930028908,4.4318050146102905,1024,1024,1,1.0
2022-09-24T11:40:24,attention.2.pos-dense.16.relu,8976,27,1.0139856338500977,0.5,0.1,128,512,1769472,3930028908,4.839137434959412,1024,1024,1,1.0
2022-09-24T11:40:33,rec.8.tanh,4424,344,8.019362211227417,0.2,0.1,128,64,2818048,3930028908,3.5072235465049744,1024,1024,1,1.0
2022-09-24T11:40:35,mgru.1-suffix.2,1284,82,2.017420530319214,0.5,0.1,128,64,671744,3930028908,4.317282557487488,1024,1024,1,1.0
2022-09-24T11:40:37,attention.4-rec.4.relu,2324,33,1.0052106380462646,0.5,0.1,128,512,2162688,3930028908,4.644991874694824,1024,1024,1,1.0
2022-09-24T11:40:39,suffix.2-dense.16.tanh-attention.2,12560,21,1.026554822921753,0.5,0.1,128,1024,2752512,3930028908,3.6652244925498962,1024,1024,1,1.0
2022-09-24T11:40:41,suffix.2-rec.2.relu,1798,70,2.0101687908172607,0.5,0.1,128,1024,9175040,3930028908,4.1714653968811035,1024,1024,1,1.0
2022-09-24T11:40:58,suffix.2-rec.8.tanh,6472,681,16.001193284988403,0.2,0.1,128,128,11157504,3930028908,3.3309077620506287,1024,1024,1,1.0
2022-09-24T11:40:59,suffix.4-dense.16.tanh-dense.16.relu,21024,33,1.0146572589874268,0.5,0.1,128,256,1081344,3930028908,3.6705073714256287,1024,1024,1,1.0
2022-09-24T11:41:04,suffix.2-rec.1.tanh,1026,268,4.0059731006622314,0.5,0.1,128,256,8781824,3930028908,4.3132404088974,1024,1024,1,1.0
2022-09-24T11:41:05,suffix.4-rec.2.relu,2822,33,1.0094425678253174,0.5,0.1,128,512,2162688,3930028908,4.093000531196594,1024,1024,1,1.0
2022-09-24T11:41:08,attention.4.pos-dense.16.relu,9488,65,2.0087151527404785,0.2,0.1,128,512,4259840,3930028908,4.194170236587524,1024,1024,1,1.0
2022-09-24T11:41:09,suffix.2-dense.16.tanh,12560,22,1.034121036529541,0.5,0.1,128,2048,5767168,3930028908,3.564105272293091,1024,1024,1,1.0
2022-09-24T11:41:42,rec.4.tanh,2324,1447,32.000694036483765,0.5,0.1,128,64,11853824,3930028908,3.744293987751007,1024,1024,1,1.0
2022-09-24T11:41:44,attention.2-dense.1.relu,769,154,2.0011324882507324,0.5,0.1,128,256,5046272,3930028908,4.403879523277283,1024,1024,1,1.0
2022-09-24T11:41:46,suffix.4-dense.16.tanh,20752,53,1.0054354667663574,0.2,0.1,128,256,1736704,3930028908,3.4414302110671997,1024,1024,1,1.0
2022-09-24T11:41:54,suffix.2-rec.2.tanh-attention.2,1798,379,8.011035203933716,0.5,0.1,128,64,3104768,3930028908,4.042895555496216,1024,1024,1,1.0
2022-09-24T11:41:58,suffix.2-dense.8.tanh-attention.2,6408,1,2.5468130111694336,0.5,0.1,128,512,65536,3930028908,8.035869359970093,1024,1024,1,1.0
2022-09-24T11:42:00,rec.1.relu-attention.4.pos,774,26,1.0125844478607178,0.5,0.1,128,128,425984,3930028908,4.778496861457825,1024,1024,1,1.0
2022-09-24T11:42:04,suffix.4-rec.8.relu,10568,182,4.011164426803589,0.5,0.1,128,512,11927552,3930028908,nan,1024,1024,1,1.0
2022-09-24T11:42:06,suffix.4-dense.16.tanh,20752,53,1.0087289810180664,1.0,0.1,128,256,1736704,3930028908,3.8888652324676514,1024,1024,1,1.0
2022-09-24T11:42:08,suffix.4-dense.16.tanh-suffix.2,24848,99,2.01000714302063,0.5,0.1,128,256,3244032,3930028908,3.2629474997520447,1024,1024,1,1.0
2022-09-24T11:42:09,suffix.2-dense.16.tanh,12560,50,1.0030694007873535,0.2,0.1,128,256,1638400,3930028908,3.591883361339569,1024,1024,1,1.0
2022-09-24T11:42:12,suffix.2-rec.8.relu,6472,89,2.0067250728607178,0.2,0.1,128,512,5832704,3930028908,3.5440728664398193,1024,1024,1,1.0
2022-09-24T11:42:14,suffix.4-dense.16.tanh-attention.2.pos,20784,22,1.0235967636108398,0.5,0.1,128,512,1441792,3930028908,3.6410948038101196,1024,1024,1,1.0
2022-09-24T11:42:18,suffix.4-dense.8.relu,10504,250,4.010525703430176,0.5,0.1,128,256,8192000,3930028908,3.377294421195984,1024,1024,1,1.0
2022-09-24T11:42:20,attention.2-rec.4.tanh-attention.2.pos,2332,27,1.016160011291504,0.5,0.1,128,128,442368,3930028908,4.069792032241821,1024,1024,1,1.0
2022-09-24T11:42:23,suffix.2-dense.16.tanh-suffix.2,16656,100,2.0098559856414795,0.5,0.1,128,256,3276800,3930028908,3.2420844435691833,1024,1024,1,1.0
2022-09-24T11:42:24,attention.4.pos-dense.16.tanh,9488,31,1.009437084197998,0.2,0.1,128,256,1015808,3930028908,4.550203919410706,1024,1024,1,1.0
2022-09-24T11:42:33,rec.2.tanh-attention.2.pos,1290,374,8.0106782913208,0.5,0.1,128,32,1531904,3930028908,4.095816731452942,1024,1024,1,1.0
2022-09-24T11:42:34,suffix.4-dense.8.tanh,10504,51,1.0061430931091309,0.2,0.1,128,256,1671168,3930028908,3.771870732307434,1024,1024,1,1.0
2022-09-24T11:42:37,suffix.4-dense.16.tanh-dense.16.relu,21024,84,2.0037143230438232,0.5,0.1,128,256,2752512,3930028908,3.520098388195038,1024,1024,1,1.0
2022-09-24T11:42:41,suffix.4-dense.2.relu,2818,250,4.012962818145752,0.5,0.1,128,256,8192000,3930028908,3.988183915615082,1024,1024,1,1.0
2022-09-24T11:42:43,suffix.4-dense.16.tanh,20752,47,1.006763219833374,0.2,0.1,128,512,3080192,3930028908,3.483408749103546,1024,1024,1,1.0
2022-09-24T11:42:59,suffix.2-rec.8.tanh,6472,943,16.008933067321777,0.2,0.1,128,128,15450112,3930028908,3.351874351501465,1024,1024,1,1.0
2022-09-24T11:43:01,suffix.2-rec.2.relu-attention.2,1798,30,1.0187525749206543,0.5,0.1,128,128,491520,3930028908,4.533919453620911,1024,1024,1,1.0
2022-09-24T11:43:04,attention.4-dense.4.relu,2308,113,2.0002729892730713,0.5,0.1,128,256,3702784,3930028908,4.19744873046875,1024,1024,1,1.0
2022-09-24T11:43:05,suffix.4-rec.4.relu,5396,46,1.0027830600738525,0.2,0.1,128,128,753664,3930028908,4.125527381896973,1024,1024,1,1.0
2022-09-24T11:43:09,suffix.2-dense.16.relu,12560,228,4.007874965667725,0.5,0.1,128,512,14942208,3930028908,3.2542423009872437,1024,1024,1,1.0
2022-09-24T11:43:12,attention.2-rec.2.tanh-attention.2.pos,1290,49,2.004223585128784,0.5,0.1,128,1024,6422528,3930028908,4.209585905075073,1024,1024,1,1.0
2022-09-24T11:43:14,attention.4-dense.16.tanh,8464,43,1.000807285308838,0.2,0.1,128,512,2818048,3930028908,4.268187165260315,1024,1024,1,1.0
2022-09-24T11:43:15,suffix.2-rec.4.relu,3348,31,1.0145444869995117,0.5,0.1,128,1024,4063232,3930028908,3.9222522974014282,1024,1024,1,1.0
2022-09-24T11:43:24,rec.2.tanh-attention.2,1286,301,8.00033450126648,0.5,0.1,128,1024,39452672,3930028908,4.06067955493927,1024,1024,1,1.0
2022-09-24T11:43:26,rec.2.tanh,1286,113,2.0141966342926025,0.2,0.1,128,128,1851392,3930028908,4.322786808013916,1024,1024,1,1.0
2022-09-24T11:43:28,attention.2.pos-rec.4.relu,2836,18,1.0254673957824707,0.5,0.1,128,1024,2359296,3930028908,4.915623426437378,1024,1024,1,1.0
2022-09-24T11:43:33,attention.4-dense.4.tanh,2308,263,4.005863189697266,0.5,0.1,128,128,4308992,3930028908,4.105672836303711,1024,1024,1,1.0
2022-09-24T11:43:35,attention.4.pos-dense.16.relu,9488,17,1.027796745300293,0.5,0.1,128,1024,2228224,3930028908,4.969962954521179,1024,1024,1,1.0
2022-09-24T11:43:37,suffix.4-dense.1.tanh,1537,159,2.0043742656707764,0.5,0.1,128,128,2605056,3930028908,4.32921040058136,1024,1024,1,1.0
2022-09-24T11:43:39,suffix.4-dense.16.relu-suffix.2,24848,38,1.0021624565124512,0.2,0.1,128,512,2490368,3930028908,3.5366756916046143,1024,1024,1,1.0
2022-09-24T11:44:11,attention.2-rec.4.tanh,2324,1538,32.00055909156799,0.5,0.1,128,512,100794368,3930028908,3.721650719642639,1024,1024,1,1.0
2022-09-24T11:44:13,suffix.4-dense.16.relu,20752,44,1.0084128379821777,0.1,0.1,128,512,2883584,3930028908,4.060892999172211,1024,1024,1,1.0
2022-09-24T11:44:15,suffix.4-dense.16.tanh,20752,117,2.005789041519165,0.2,0.1,128,256,3833856,3930028908,3.2761268615722656,1024,1024,1,1.0
2022-09-24T11:44:16,suffix.4-dense.16.tanh,20752,60,1.0046937465667725,0.5,0.1,128,64,491520,3930028908,3.4056978821754456,1024,1024,1,1.0
2022-09-24T11:44:21,suffix.4-dense.16.tanh,20752,246,4.011106967926025,0.5,0.1,128,256,8060928,3930028908,3.1747809052467346,1024,1024,1,1.0
2022-09-24T11:44:29,suffix.4-dense.8.relu,10504,502,8.004721879959106,0.5,0.1,128,256,16449536,3930028908,3.320613384246826,1024,1024,1,1.0
2022-09-24T11:44:31,suffix.2-rec.4.tanh-suffix.2,4372,40,1.0021765232086182,0.5,0.1,128,128,655360,3930028908,3.7290651202201843,1024,1024,1,1.0
2022-09-24T11:44:34,suffix.2-rec.8.tanh-attention.2.pos,6488,68,2.0189578533172607,1.0,0.1,128,128,1114112,3930028908,4.856406092643738,1024,1024,1,1.0
2022-09-24T11:44:35,suffix.2-rec.2.relu,1798,32,1.0061323642730713,0.5,0.1,128,1024,4194304,3930028908,4.40027642250061,1024,1024,1,1.0
2022-09-24T11:44:51,rec.8.tanh,4424,972,16.003018856048584,0.2,0.1,128,128,15925248,3930028908,3.4547207355499268,1024,1024,1,1.0
2022-09-24T11:44:53,rec.2.tanh-attention.2.pos,1290,32,1.0155692100524902,0.2,0.1,128,32,131072,3930028908,4.773844003677368,1024,1024,1,1.0
2022-09-24T11:44:55,suffix.4-dense.16.tanh,20752,117,2.0018956661224365,1.0,0.1,128,256,3833856,3930028908,3.575971007347107,1024,1024,1,1.0
2022-09-24T11:45:00,suffix.2-rec.8.relu,6472,191,4.0146660804748535,0.2,0.1,128,512,12517376,3930028908,3.4235419631004333,1024,1024,1,1.0
2022-09-24T11:45:02,attention.4-dense.16.tanh,8464,54,1.0046753883361816,0.5,0.1,128,64,442368,3930028908,4.067261695861816,1024,1024,1,1.0
2022-09-24T11:45:04,suffix.2-dense.16.tanh,12560,115,2.0118331909179688,0.5,0.1,128,256,3768320,3930028908,3.3027632236480713,1024,1024,1,1.0
2022-09-24T11:45:05,suffix.4-rec.1.relu,1538,46,1.0131571292877197,0.5,0.1,128,512,3014656,3930028908,4.377813339233398,1024,1024,1,1.0
2022-09-24T11:45:07,attention.4.pos-rec.4.tanh,3348,26,1.0135753154754639,0.5,0.1,128,256,851968,3930028908,4.837243676185608,1024,1024,1,1.0
2022-09-24T11:45:12,suffix.2-rec.4.relu,3348,153,4.018216371536255,0.5,0.1,128,1024,20054016,3930028908,3.7417922019958496,1024,1024,1,1.0
2022-09-24T11:45:14,suffix.4-dense.16.tanh,20752,115,2.001833915710449,0.5,0.1,128,256,3768320,3930028908,3.2144429087638855,1024,1024,1,1.0
2022-09-24T11:45:15,suffix.2-dense.4.relu,3332,57,1.0056238174438477,1.0,0.1,128,128,933888,3930028908,4.445750832557678,1024,1024,1,1.0
2022-09-24T11:45:24,rec.4.tanh,2324,515,8.009331226348877,0.2,0.1,128,64,4218880,3930028908,3.753748059272766,1024,1024,1,1.0
2022-09-24T11:45:25,suffix.8-dense.16.tanh,37136,53,1.0026781558990479,0.5,0.1,128,128,868352,3930028908,3.56477952003479,1024,1024,1,1.0
2022-09-24T11:45:28,rec.8.relu,4424,94,2.0038909912109375,0.2,0.1,128,512,6160384,3930028908,3.6426347494125366,1024,1024,1,1.0
2022-09-24T11:45:32,suffix.2-dense.8.tanh-attention.2,6408,31,1.0113465785980225,0.5,0.1,128,512,2031616,3930028908,3.6445162892341614,1024,1024,1,1.0
2022-09-24T11:46:36,attention.2-rec.4.tanh,2324,2451,64.02371501922607,0.5,0.1,128,512,160628736,3930028908,3.6983178853988647,1024,1024,1,1.0
2022-09-24T11:46:41,suffix.2-rec.2.relu,1798,201,4.003333568572998,0.5,0.1,128,256,6586368,3930028908,4.109145402908325,1024,1024,1,1.0
2022-09-24T11:46:43,suffix.2-dense.4.tanh-attention.2,3332,27,1.01450514793396,0.5,0.1,128,512,1769472,3930028908,3.9737313389778137,1024,1024,1,1.0
2022-09-24T11:46:45,suffix.4-dense.16.tanh-attention.2,20752,80,2.0082719326019287,0.5,0.1,128,256,2621440,3930028908,3.295660138130188,1024,1024,1,1.0
2022-09-24T11:46:47,suffix.2-dense.16.tanh,12560,54,1.0106801986694336,0.5,0.1,128,64,442368,3930028908,3.426418364048004,1024,1024,1,1.0
2022-09-24T11:46:49,suffix.8-dense.16.tanh,37136,107,2.0150599479675293,0.5,0.1,128,256,3506176,3930028908,3.3127235770225525,1024,1024,1,1.0
2022-09-24T11:46:51,suffix.4-dense.16.tanh,20752,52,1.0050945281982422,0.5,0.1,128,256,1703936,3930028908,3.3479426503181458,1024,1024,1,1.0
2022-09-24T11:47:07,rec.4.tanh-attention.2,2324,558,16.01706624031067,0.5,0.1,128,1024,73138176,3930028908,3.7165135741233826,1024,1024,1,1.0
2022-09-24T11:47:09,attention.4-dense.8.tanh,4360,47,1.0108683109283447,0.2,0.1,128,256,1540096,3930028908,4.413559913635254,1024,1024,1,1.0
2022-09-24T11:47:14,suffix.2-dense.2.relu,1794,198,4.01666259765625,0.5,0.1,128,512,12976128,3930028908,3.9832539558410645,1024,1024,1,1.0
2022-09-24T11:47:22,suffix.2-dense.2.relu,1794,412,8.007652282714844,0.5,0.1,128,512,27000832,3930028908,3.929036855697632,1024,1024,1,1.0
2022-09-24T11:47:24,attention.2.pos-dense.16.tanh,8976,36,1.008399486541748,0.5,0.1,128,64,294912,3930028908,4.941492080688477,1024,1024,1,1.0
2022-09-24T11:47:26,rec.4.tanh-attention.2-dense.2.relu,1822,53,2.026923894882202,0.5,0.1,128,512,3473408,3930028908,4.863998651504517,1024,1024,1,1.0
2022-09-24T11:47:28,attention.2-mgru.2-suffix.2,2316,21,1.0074536800384521,0.5,0.1,128,128,344064,3930028908,4.413576722145081,1024,1024,1,1.0
2022-09-24T11:47:31,dense.16.tanh-suffix.2,12560,109,2.0093400478363037,0.5,0.1,128,256,3571712,3930028908,3.475152850151062,1024,1024,1,1.0
2022-09-24T11:47:32,suffix.4-dense.16.tanh-suffix.2,24848,49,1.0023434162139893,0.5,0.1,128,64,401408,3930028908,3.4584985971450806,1024,1024,1,1.0
2022-09-24T11:47:37,rec.8.relu,4424,205,4.017263889312744,0.2,0.1,128,512,13434880,3930028908,3.5109856724739075,1024,1024,1,1.0
2022-09-24T11:47:38,attention.2-rec.1.tanh,770,50,1.0018336772918701,0.5,0.1,128,32,204800,3930028908,4.487941741943359,1024,1024,1,1.0
2022-09-24T11:47:41,suffix.2-dense.16.tanh-suffix.2,16656,101,2.0109615325927734,0.5,0.1,128,256,3309568,3930028908,3.240732192993164,1024,1024,1,1.0
2022-09-24T11:47:42,suffix.4-dense.8.relu,10504,31,1.0216772556304932,0.5,0.1,128,1024,4063232,3930028908,3.712283134460449,1024,1024,1,1.0
2022-09-24T11:47:51,suffix.2-rec.8.relu,6472,392,8.015196323394775,0.2,0.1,128,512,25690112,3930028908,3.3787617087364197,1024,1024,1,1.0
2022-09-24T11:47:52,rec.4.tanh-attention.2.pos,2332,25,1.0244207382202148,0.5,0.1,128,512,1638400,3930028908,4.165506601333618,1024,1024,1,1.0
2022-09-24T11:47:55,suffix.2-dense.8.tanh-suffix.2,8456,102,2.013772487640381,0.5,0.1,128,256,3342336,3930028908,3.406820058822632,1024,1024,1,1.0
2022-09-24T11:48:00,attention.2-mgru.4,3368,138,4.025038480758667,0.5,0.1,128,128,2260992,3930028908,3.729062557220459,1024,1024,1,1.0
2022-09-24T11:48:01,suffix.2-rec.16.relu,12816,43,1.010772705078125,0.5,0.1,128,64,352256,3930028908,3.670944392681122,1024,1024,1,1.0
2022-09-24T11:48:34,rec.1.tanh-attention.2,770,2051,32.01218104362488,0.5,0.1,128,256,67207168,3930028908,4.353705048561096,1024,1024,1,1.0
2022-09-24T11:48:35,attention.2-dense.4.relu,2308,52,1.0131869316101074,0.5,0.1,128,128,851968,3930028908,4.208705544471741,1024,1024,1,1.0
2022-09-24T11:48:38,suffix.2-rec.4.relu,3348,86,2.0197744369506836,0.2,0.1,128,512,5636096,3930028908,3.778371751308441,1024,1024,1,1.0
2022-09-24T11:48:40,rec.4.tanh-attention.4,2324,32,1.0045173168182373,0.5,0.1,128,128,524288,3930028908,4.1787251234054565,1024,1024,1,1.0
2022-09-24T11:52:56,dense.1.relu-suffix.2,1025,9602,256.02264070510864,0.5,0.1,128,512,629276672,3930028908,4.241176724433899,1024,1024,1,1.0
2022-09-24T11:52:59,attention.2-rec.4.relu,2324,42,2.0177597999572754,0.5,0.1,128,1024,5505024,3930028908,4.027513027191162,1024,1024,1,1.0
2022-09-24T11:53:01,suffix.4-dense.16.tanh-dense.16.relu,21024,34,1.005035638809204,0.5,0.1,128,64,278528,3930028908,3.6510159969329834,1024,1024,1,1.0
2022-09-24T11:53:05,rec.4.relu,2324,135,4.011115312576294,0.2,0.1,128,512,8847360,3930028908,3.8380847573280334,1024,1024,1,1.0
2022-09-24T11:53:07,rec.2.tanh-attention.2.pos,1290,29,1.0133566856384277,1.0,0.1,128,32,118784,3930028908,4.56367301940918,1024,1024,1,1.0
2022-09-24T11:53:10,suffix.2-dense.32.tanh-suffix.2,33056,69,2.005385398864746,0.5,0.1,128,256,2260992,3930028908,3.218385100364685,1024,1024,1,1.0
2022-09-24T11:53:11,dense.2.tanh-attention.2.pos,1286,26,1.0016305446624756,0.5,0.1,128,512,1703936,3930028908,4.244868993759155,1024,1024,1,1.0
2022-09-24T11:53:28,suffix.2-rec.8.relu,6472,525,16.011623859405518,0.2,0.1,128,512,34406400,3930028908,3.3341484665870667,1024,1024,1,1.0
2022-09-24T11:53:36,suffix.2-rec.4.relu,3348,422,8.001364707946777,0.5,0.1,128,256,13828096,3930028908,3.6571197509765625,1024,1024,1,1.0
2022-09-24T11:53:38,suffix.2-dense.8.tanh-dense.8.relu,6480,32,1.006732702255249,0.5,0.1,128,512,2097152,3930028908,3.757544159889221,1024,1024,1,1.0
2022-09-24T11:53:40,suffix.2-rec.2.relu,1798,80,2.001802682876587,0.2,0.1,128,512,5242880,3930028908,4.162821292877197,1024,1024,1,1.0
2022-09-24T11:53:42,suffix.4-dense.16.tanh,20752,54,1.0024540424346924,0.5,0.1,128,32,221184,3930028908,3.443630874156952,1024,1024,1,1.0
2022-09-24T11:53:46,suffix.2-dense.8.tanh-suffix.2,8456,220,4.014248609542847,0.5,0.1,128,256,7208960,3930028908,3.3812819123268127,1024,1024,1,1.0
2022-09-24T11:53:48,suffix.4-dense.16.tanh,20752,61,1.0126583576202393,0.2,0.1,128,64,499712,3930028908,3.4906201362609863,1024,1024,1,1.0
2022-09-24T11:53:51,attention.2.pos-dense.32.tanh-suffix.2,25376,61,2.0052289962768555,0.5,0.1,128,256,1998848,3930028908,12.861333847045898,1024,1024,1,1.0
2022-09-24T11:53:52,rec.2.relu,1286,40,1.018359661102295,0.5,0.1,128,512,2621440,3930028908,4.53632116317749,1024,1024,1,1.0
2022-09-24T11:53:57,attention.4-dense.16.tanh,8464,230,4.0065977573394775,0.5,0.1,128,256,7536640,3930028908,3.8975658416748047,1024,1024,1,1.0
2022-09-24T11:53:59,rec.4.tanh-attention.2,2324,31,1.0011098384857178,0.5,0.1,128,256,1015808,3930028908,3.9418192505836487,1024,1024,1,1.0
2022-09-24T11:54:01,attention.4-dense.16.tanh-suffix.2,12560,95,2.0053420066833496,0.5,0.1,128,256,3112960,3930028908,3.7768644094467163,1024,1024,1,1.0
2022-09-24T11:54:03,suffix.2-dense.1.relu,1025,63,1.0100529193878174,0.5,0.1,128,128,1032192,3930028908,4.398116946220398,1024,1024,1,1.0
2022-09-24T11:54:11,rec.4.relu,2324,415,8.00029182434082,0.2,0.1,128,512,27197440,3930028908,3.719340741634369,1024,1024,1,1.0
2022-09-24T11:54:14,suffix.2-dense.4.tanh-suffix.2,4356,101,2.0067319869995117,0.5,0.1,128,256,3309568,3930028908,3.627808094024658,1024,1024,1,1.0
2022-09-24T11:54:15,dense.2.tanh-attention.2,1282,37,1.012312889099121,0.5,0.1,128,128,606208,3930028908,4.166960597038269,1024,1024,1,1.0
2022-09-24T11:54:20,suffix.4-dense.16.relu,20752,210,4.0006325244903564,0.2,0.1,128,512,13762560,3930028908,3.156830072402954,1024,1024,1,1.0
2022-09-24T11:54:21,rec.4.relu-attention.2,2324,32,1.0085394382476807,0.5,0.1,128,256,1048576,3930028908,4.128193259239197,1024,1024,1,1.0
2022-09-24T11:54:24,suffix.2-dense.2.tanh-suffix.2,2306,100,2.0104453563690186,0.5,0.1,128,256,3276800,3930028908,3.9279133677482605,1024,1024,1,1.0
2022-09-24T11:54:26,suffix.2-rec.2.relu-attention.2,1798,26,1.0165691375732422,0.5,0.1,128,512,1703936,3930028908,4.474088191986084,1024,1024,1,1.0
2022-09-24T11:54:42,rec.8.relu,4424,716,16.013274908065796,0.2,0.1,128,512,46923776,3930028908,3.496145188808441,1024,1024,1,1.0
2022-09-24T11:54:44,attention.2.pos-rec.4.tanh-attention.2,2836,18,1.0038228034973145,0.5,0.1,128,256,589824,3930028908,4.931524991989136,1024,1024,1,1.0
2022-09-24T11:54:47,attention.2-rec.4.relu,2324,92,2.008268117904663,0.5,0.1,128,256,3014656,3930028908,3.9659544229507446,1024,1024,1,1.0
2022-09-24T11:54:49,attention.2-dense.2.tanh-attention.2,1282,33,1.0050737857818604,0.5,0.1,128,128,540672,3930028908,4.387199640274048,1024,1024,1,1.0
2022-09-24T11:54:53,attention.4.pos-dense.16.relu,9488,138,4.011260509490967,0.2,0.1,128,512,9043968,3930028908,3.959447681903839,1024,1024,1,1.0
2022-09-24T11:55:02,suffix.2-rec.1.tanh,1026,560,8.007549524307251,0.5,0.1,128,256,18350080,3930028908,4.323172569274902,1024,1024,1,1.0
2022-09-24T11:55:04,rec.4.tanh-attention.2-dense.4.relu,2344,23,1.0181701183319092,0.5,0.1,128,256,753664,3930028908,4.2537535429000854,1024,1024,1,1.0
2022-09-24T11:55:06,suffix.4-rec.4.tanh,5396,95,2.006106376647949,0.5,0.1,128,256,3112960,3930028908,3.6617252826690674,1024,1024,1,1.0
2022-09-24T11:55:08,suffix.2-dense.16.tanh-attention.2.pos,12592,26,1.0069067478179932,0.5,0.1,128,64,212992,3930028908,3.551931142807007,1024,1024,1,1.0
2022-09-24T11:55:40,rec.2.tanh-suffix.2-dense.1.relu,1035,1081,32.00804924964905,0.5,0.1,128,512,70844416,3930028908,4.306180953979492,1024,1024,1,1.0
2022-09-24T11:55:42,suffix.2-dense.16.tanh,12560,54,1.014704942703247,1.0,0.1,128,64,442368,3930028908,3.7307520508766174,1024,1024,1,1.0
2022-09-24T11:55:44,suffix.2-dense.32.relu-suffix.2,33056,94,2.00907301902771,0.5,0.1,128,256,3080192,3930028908,3.2070048451423645,1024,1024,1,1.0
2022-09-24T11:55:49,suffix.2-rec.8.tanh,6472,185,4.012375116348267,0.5,0.1,128,512,12124160,3930028908,3.3894123435020447,1024,1024,1,1.0
2022-09-24T11:55:50,suffix.2-dense.16.relu,12560,52,1.0074992179870605,0.5,0.1,128,64,425984,3930028908,3.473898470401764,1024,1024,1,1.0
2022-09-24T11:55:52,suffix.2-dense.16.tanh,12560,53,1.0118741989135742,0.5,0.1,128,32,217088,3930028908,3.486316502094269,1024,1024,1,1.0
2022-09-24T11:55:54,suffix.2-dense.1.tanh-suffix.2,1281,113,2.008023977279663,0.5,0.1,128,256,3702784,3930028908,4.265787720680237,1024,1024,1,1.0
2022-09-24T11:55:56,suffix.4-mgru.8,18832,26,1.0161008834838867,0.5,0.1,128,64,212992,3930028908,3.8139928579330444,1024,1024,1,1.0
2022-09-24T11:57:01,attention.2-rec.2.tanh,1286,2266,64.0037009716034,0.5,0.1,128,512,148504576,3930028908,4.04716944694519,1024,1024,1,1.0
2022-09-24T11:57:03,dense.32.relu-suffix.2,24864,104,2.01132869720459,0.5,0.1,128,256,3407872,3930028908,3.497868299484253,1024,1024,1,1.0
2022-09-24T11:57:05,dense.1.tanh-attention.2.pos,771,35,1.0110647678375244,0.5,0.1,128,512,2293760,3930028908,4.48454213142395,1024,1024,1,1.0
2022-09-24T11:57:09,dense.16.relu,8464,242,4.015388488769531,0.5,0.1,128,512,15859712,3930028908,3.704070031642914,1024,1024,1,1.0
2022-09-24T11:57:18,attention.2-rec.2.tanh-suffix.2-dense.1.relu,1035,317,8.016341924667358,0.5,0.1,128,512,20774912,3930028908,4.763922452926636,1024,1024,1,1.0
2022-09-24T11:57:20,suffix.2-dense.8.tanh,6408,56,1.0109121799468994,0.5,0.1,128,32,229376,3930028908,3.647720158100128,1024,1024,1,1.0
2022-09-24T11:57:22,suffix.4-dense.16.tanh,20752,134,2.00335431098938,0.5,0.1,128,32,548864,3930028908,3.35150682926178,1024,1024,1,1.0
2022-09-24T11:57:24,attention.2-rec.4.tanh-dense.2.relu,1822,30,1.0021576881408691,0.5,0.1,128,32,122880,3930028908,4.6975871324539185,1024,1024,1,1.0
2022-09-24T11:57:40,suffix.2-rec.4.relu,3348,770,16.005242824554443,0.2,0.1,128,512,50462720,3930028908,3.6059004068374634,1024,1024,1,1.0
2022-09-24T11:57:42,suffix.4-dense.16.relu-attention.2.pos,20784,29,1.014915943145752,0.5,0.1,128,64,237568,3930028908,3.9995276927948,1024,1024,1,1.0
2022-09-24T11:57:45,rec.8.tanh,4424,113,2.003530263900757,0.5,0.1,128,128,1851392,3930028908,3.523861825466156,1024,1024,1,1.0
2022-09-24T11:57:49,dense.8.tanh-suffix.2,6408,236,4.003506660461426,0.5,0.1,128,256,7733248,3930028908,3.5438947081565857,1024,1024,1,1.0
2022-09-24T11:57:50,suffix.2-dense.4.tanh,3332,52,1.0079436302185059,0.5,0.1,128,32,212992,3930028908,3.824412167072296,1024,1024,1,1.0
2022-09-24T11:57:52,suffix.2-dense.8.tanh-attention.2.pos,6424,29,1.0210185050964355,0.5,0.1,128,64,237568,3930028908,3.691722571849823,1024,1024,1,1.0
2022-09-24T11:57:55,dense.4.tanh-suffix.2,3332,111,2.000349760055542,0.5,0.1,128,256,3637248,3930028908,3.7605205178260803,1024,1024,1,1.0
2022-09-24T11:57:56,attention.4.pos-dense.16.tanh,9488,36,1.0176026821136475,0.5,0.1,128,32,147456,3930028908,5.045179963111877,1024,1024,1,1.0
2022-09-24T11:58:05,suffix.2-rec.2.relu,1798,425,8.009826421737671,0.5,0.1,128,256,13926400,3930028908,3.93668395280838,1024,1024,1,1.0
2022-09-24T11:58:09,suffix.4-dense.16.relu,20752,268,4.009892702102661,0.5,0.1,128,128,4390912,3930028908,3.158615529537201,1024,1024,1,1.0
2022-09-24T11:58:11,rec.2.relu-attention.2,1286,32,1.0043106079101562,0.5,0.1,128,256,1048576,3930028908,4.751637935638428,1024,1024,1,1.0
2022-09-24T11:58:14,suffix.2-dense.4.tanh-attention.2,3332,79,2.010820150375366,0.5,0.1,128,256,2588672,3930028908,3.7701571583747864,1024,1024,1,1.0
2022-09-24T11:58:16,suffix.4-mgru.16,37664,25,1.006483554840088,0.5,0.1,128,128,409600,3930028908,3.972505569458008,1024,1024,1,1.0
2022-09-24T12:00:24,attention.2-dense.1.tanh-suffix.2,1025,5123,128.00341820716858,0.5,0.1,128,512,335740928,3930028908,4.301305174827576,1024,1024,1,1.0
2022-09-24T12:00:26,attention.2-dense.16.tanh,8464,24,1.0169835090637207,0.5,0.1,128,32,98304,3930028908,3.9496447443962097,1024,1024,1,1.0
2022-09-24T12:00:29,suffix.4-dense.8.relu,10504,76,2.000826358795166,0.2,0.1,128,128,1245184,3930028908,3.4979838132858276,1024,1024,1,1.0
2022-09-24T12:00:31,attention.2.pos-dense.8.tanh-attention.2,4872,15,1.0200889110565186,0.5,0.1,128,512,983040,3930028908,4.929943680763245,1024,1024,1,1.0
2022-09-24T12:00:35,suffix.2-dense.32.relu-suffix.2,33056,154,4.015687942504883,0.5,0.1,128,256,5046272,3930028908,3.1449275612831116,1024,1024,1,1.0
2022-09-24T12:00:38,suffix.2-dense.8.tanh-attention.2.pos,6424,79,2.0166594982147217,0.5,0.1,128,64,647168,3930028908,3.542765974998474,1024,1024,1,1.0
2022-09-24T12:00:43,attention.2.pos-dense.8.tanh-attention.2.pos,4888,19,1.008291482925415,0.5,0.1,128,64,155648,3930028908,4.847705841064453,1024,1024,1,1.0
2022-09-24T12:00:51,suffix.2-dense.8.tanh-suffix.2,8456,317,8.010488986968994,0.5,0.1,128,256,10387456,3930028908,3.3710396885871887,1024,1024,1,1.0
2022-09-24T12:00:53,suffix.2-dense.8.tanh-dense.4.relu,5420,28,1.0114343166351318,0.5,0.1,128,512,1835008,3930028908,4.034146070480347,1024,1024,1,1.0
2022-09-24T12:00:55,rec.2.relu-suffix.2,1798,93,2.0052876472473145,0.5,0.1,128,256,3047424,3930028908,4.0321226716041565,1024,1024,1,1.0
2022-09-24T12:00:57,suffix.4-dense.16.tanh-attention.2,20752,31,1.0101311206817627,0.5,0.1,128,64,253952,3930028908,3.663343369960785,1024,1024,1,1.0
2022-09-24T12:01:02,attention.2-rec.1.tanh-suffix.2,1026,164,4.017218828201294,0.5,0.1,128,1024,21495808,3930028908,4.307712435722351,1024,1024,1,1.0
2022-09-24T12:01:04,attention.4.pos-dense.16.tanh,9488,33,1.0168664455413818,0.2,0.1,128,64,270336,3930028908,4.751226544380188,1024,1024,1,1.0
2022-09-24T12:01:06,suffix.4-rec.8.relu-suffix.2,12616,87,2.0062341690063477,0.5,0.1,128,256,2850816,3930028908,3.4883134365081787,1024,1024,1,1.0
2022-09-24T12:01:08,suffix.2-dense.4.tanh-attention.2.pos,3340,29,1.0158555507659912,0.5,0.1,128,64,237568,3930028908,4.025953590869904,1024,1024,1,1.0
2022-09-24T12:01:25,suffix.2-rec.4.relu,3348,640,16.02747654914856,0.5,0.1,128,256,20971520,3930028908,3.634794056415558,1024,1024,1,1.0
2022-09-24T12:01:26,suffix.4-mgru.16,37664,19,1.0050933361053467,0.5,0.1,128,512,1245184,3930028908,4.662816405296326,1024,1024,1,1.0
2022-09-24T12:01:29,suffix.2-dense.16.tanh-attention.2.pos,12592,67,2.0136053562164307,0.5,0.1,128,256,2195456,3930028908,3.33740496635437,1024,1024,1,1.0
2022-09-24T12:01:34,suffix.2-dense.16.tanh,12560,169,4.0158703327178955,0.5,0.1,128,1024,22151168,3930028908,3.2737743854522705,1024,1024,1,1.0
2022-09-24T12:01:35,suffix.4-rec.8.relu,10568,45,1.006749153137207,0.5,0.1,128,32,184320,3930028908,3.9482844471931458,1024,1024,1,1.0
2022-09-24T12:02:08,rec.2.tanh-suffix.2,1798,886,32.020248889923096,0.5,0.1,128,2048,232259584,3930028908,3.918825685977936,1024,1024,1,1.0
2022-09-24T12:02:10,attention.2-dense.16.tanh-attention.2.pos,8496,28,1.0204436779022217,0.5,0.1,128,64,229376,3930028908,3.8637731671333313,1024,1024,1,1.0
2022-09-24T12:02:12,suffix.4-rec.1.relu,1538,108,2.007594347000122,0.5,0.1,128,512,7077888,3930028908,4.3315229415893555,1024,1024,1,1.0
2022-09-24T12:02:21,attention.4.pos-dense.8.relu,5384,346,8.000020503997803,0.5,0.1,128,256,11337728,3930028908,4.81523597240448,1024,1024,1,1.0
2022-09-24T12:02:23,attention.2.pos-dense.4.tanh,2820,36,1.0180566310882568,0.5,0.1,128,32,147456,3930028908,4.828264951705933,1024,1024,1,1.0
2022-09-24T12:02:25,suffix.2-dense.1.relu,1025,152,2.0028650760650635,0.5,0.1,128,128,2490368,3930028908,4.324873447418213,1024,1024,1,1.0
2022-09-24T12:02:26,suffix.2-dense.2.tanh,1794,53,1.0057387351989746,0.5,0.1,128,32,217088,3930028908,4.153536677360535,1024,1024,1,1.0
2022-09-24T12:02:34,suffix.2-dense.16.tanh-attention.2.pos,12592,152,4.000272512435913,0.5,0.1,128,256,4980736,3930028908,3.286521255970001,1024,1024,1,1.0
2022-09-24T12:02:35,suffix.2-dense.32.tanh,24864,48,1.002427101135254,0.5,0.1,128,128,786432,3930028908,3.350818455219269,1024,1024,1,1.0
2022-09-24T12:02:38,attention.4-dense.16.tanh,8464,112,2.0132832527160645,0.2,0.1,128,256,3670016,3930028908,4.013696134090424,1024,1024,1,1.0
2022-09-24T12:02:40,rec.4.tanh-attention.2,2324,32,1.0044286251068115,0.2,0.1,128,256,1048576,3930028908,4.5419700145721436,1024,1024,1,1.0
2022-09-24T12:02:44,suffix.2-dense.8.tanh-attention.2.pos,6424,178,4.01185154914856,0.5,0.1,128,64,1458176,3930028908,3.4617197513580322,1024,1024,1,1.0
2022-09-24T12:02:46,suffix.2-dense.1.tanh,1025,67,1.0093562602996826,0.5,0.1,128,32,274432,3930028908,4.388219118118286,1024,1024,1,1.0
2022-09-24T12:02:48,suffix.4-dense.8.tanh,10504,115,2.0023610591888428,0.2,0.1,128,256,3768320,3930028908,3.5136871337890625,1024,1024,1,1.0
2022-09-24T12:02:50,suffix.4-dense.4.relu,5380,54,1.0050890445709229,0.5,0.1,128,64,442368,3930028908,3.747403562068939,1024,1024,1,1.0
2022-09-24T12:02:58,suffix.2-dense.16.relu,12560,465,8.013352394104004,0.5,0.1,128,512,30474240,3930028908,3.258064568042755,1024,1024,1,1.0
2022-09-24T12:02:59,suffix.2-rec.1.relu,1026,54,1.0005700588226318,0.5,0.1,128,32,221184,3930028908,4.7558698654174805,1024,1024,1,1.0
2022-09-24T12:03:02,suffix.2-dense.8.tanh-attention.2.pos,6424,70,2.0099849700927734,0.5,0.1,128,256,2293760,3930028908,3.4901944994926453,1024,1024,1,1.0
2022-09-24T12:03:19,rec.2.tanh-attention.2.pos,1290,762,16.009537935256958,0.5,0.1,128,32,3121152,3930028908,4.112730145454407,1024,1024,1,1.0
2022-09-24T12:03:21,mgru.1-attention.2,1028,25,1.009514331817627,0.5,0.1,128,128,409600,3930028908,4.487420320510864,1024,1024,1,1.0
2022-09-24T12:03:25,suffix.2-dense.1.tanh-suffix.2,1281,247,4.011043071746826,0.5,0.1,128,256,8093696,3930028908,4.2514283657073975,1024,1024,1,1.0
2022-09-24T12:03:27,attention.4.pos-dense.4.relu,3332,35,1.0160448551177979,0.5,0.1,128,64,286720,3930028908,4.829454302787781,1024,1024,1,1.0
2022-09-24T12:03:29,suffix.2-dense.32.tanh,24864,124,2.004776954650879,0.5,0.1,128,128,2031616,3930028908,3.244207799434662,1024,1024,1,1.0
2022-09-24T12:03:31,dense.32.tanh,16672,57,1.0056357383728027,0.5,0.1,128,128,933888,3930028908,3.747725784778595,1024,1024,1,1.0
2022-09-24T12:20:35,dense.1.relu,769,26853,1024.0404524803162,0.5,0.1,128,256,879919104,3930028908,4.316902041435242,1024,1024,1,1.0
2022-09-24T12:20:37,suffix.2-dense.32.relu,24864,25,1.0240883827209473,0.5,0.1,128,128,409600,3930028908,3.5134342908859253,1024,1024,1,1.0
2022-09-24T12:20:39,suffix.4-dense.8.relu,10504,66,2.0201971530914307,0.2,0.1,128,512,4325376,3930028908,3.556983172893524,1024,1024,1,1.0
2022-09-24T12:20:44,suffix.2-dense.16.relu-suffix.2,16656,149,4.0195393562316895,0.5,0.1,128,256,4882432,3930028908,3.2945735454559326,1024,1024,1,1.0
2022-09-24T12:20:46,attention.4-dense.8.relu,4360,29,1.0133261680603027,0.5,0.1,128,1024,3801088,3930028908,4.2942129373550415,1024,1024,1,1.0
2022-09-24T12:20:54,suffix.2-dense.16.tanh,12560,267,8.027399778366089,0.5,0.1,128,1024,34996224,3930028908,3.2048192024230957,1024,1024,1,1.0
2022-09-24T12:20:56,suffix.2-dense.8.tanh,6408,45,1.0176594257354736,0.2,0.1,128,512,2949120,3930028908,3.910965621471405,1024,1024,1,1.0
2022-09-24T12:20:58,suffix.2-dense.2.tanh,1794,132,2.0122108459472656,0.5,0.1,128,32,540672,3930028908,4.0664286613464355,1024,1024,1,1.0
2022-09-24T12:21:00,suffix.4-dense.2.relu,2818,54,1.009420394897461,0.5,0.1,128,64,442368,3930028908,4.023171842098236,1024,1024,1,1.0
2022-09-24T12:21:02,suffix.4-rec.2.relu,2822,92,2.0175492763519287,0.5,0.1,128,256,3014656,3930028908,4.027169406414032,1024,1024,1,1.0
2022-09-24T12:21:03,suffix.2-dense.16.tanh,12560,58,1.002634048461914,0.5,0.1,128,64,475136,3930028908,3.425768733024597,1024,1024,1,1.0
2022-09-24T12:21:08,suffix.2-rec.8.relu-attention.2.pos,6488,138,4.004764556884766,0.5,0.1,128,256,4521984,3930028908,3.5540740489959717,1024,1024,1,1.0
2022-09-24T12:21:10,suffix.4-dense.4.relu,5380,27,1.014923334121704,0.5,0.1,128,1024,3538944,3930028908,3.9532503485679626,1024,1024,1,1.0
2022-09-24T12:21:13,suffix.2-dense.4.tanh-attention.2.pos,3340,82,2.001844882965088,0.5,0.1,128,64,671744,3930028908,3.7684707045555115,1024,1024,1,1.0
2022-09-24T12:21:14,suffix.4-dense.16.relu,20752,49,1.0080156326293945,0.2,0.1,128,256,1605632,3930028908,3.4539912343025208,1024,1024,1,1.0
2022-09-24T12:21:31,rec.2.tanh-dense.1.relu,1033,560,16.034565687179565,0.5,0.1,128,512,36700160,3930028908,4.7511361837387085,1024,1024,1,1.0
2022-09-24T12:21:39,attention.2-rec.2.tanh-rec.1.relu,1034,318,8.012355089187622,0.5,0.1,128,512,20840448,3930028908,4.783905267715454,1024,1024,1,1.0
2022-09-24T12:21:41,attention.4-dense.16.relu,8464,45,1.0136921405792236,0.2,0.1,128,256,1474560,3930028908,4.268543720245361,1024,1024,1,1.0
2022-09-24T12:21:44,suffix.2-dense.32.relu,24864,109,2.001339912414551,0.5,0.1,128,256,3571712,3930028908,3.230793833732605,1024,1024,1,1.0
2022-09-24T12:21:48,mgru.1-suffix.2,1284,179,4.003594398498535,0.5,0.1,128,64,1466368,3930028908,4.2347495555877686,1024,1024,1,1.0
2022-09-24T12:21:50,suffix.4-rec.8.relu,10568,40,1.0038652420043945,0.2,0.1,128,256,1310720,3930028908,3.7718059420585632,1024,1024,1,1.0
2022-09-24T12:21:51,attention.4-dense.2.relu,1282,53,1.006822109222412,0.5,0.1,128,64,434176,3930028908,4.80887508392334,1024,1024,1,1.0
2022-09-24T12:21:54,attention.4-rec.4.tanh,2324,99,2.013888359069824,0.5,0.1,128,64,811008,3930028908,4.079866886138916,1024,1024,1,1.0
2022-09-24T12:22:27,rec.1.tanh-suffix.2,1026,904,32.03772044181824,0.5,0.1,128,2048,236978176,3930028908,4.279103636741638,1024,1024,1,1.0
2022-09-24T12:22:28,suffix.2-dense.4.relu,3332,53,1.0087778568267822,0.5,0.1,128,32,217088,3930028908,3.8662145733833313,1024,1024,1,1.0
2022-09-24T12:22:32,suffix.4-dense.16.tanh,20752,280,4.001753091812134,0.5,0.1,128,32,1146880,3930028908,3.301291525363922,1024,1024,1,1.0
2022-09-24T12:22:34,dense.16.tanh-dense.16.relu,8736,38,1.016552448272705,0.5,0.1,128,128,622592,3930028908,3.89066082239151,1024,1024,1,1.0
2022-09-24T12:22:37,suffix.2-rec.4.tanh-attention.2.pos,3356,62,2.0088577270507812,0.5,0.1,128,256,2031616,3930028908,3.745660722255707,1024,1024,1,1.0
2022-09-24T12:22:38,suffix.4-dense.1.relu,1537,65,1.0065674781799316,0.5,0.1,128,64,532480,3930028908,4.403790354728699,1024,1024,1,1.0
2022-09-24T12:23:43,rec.4.tanh,2324,2542,64.00431513786316,0.5,0.1,128,64,20824064,3930028908,3.758820116519928,1024,1024,1,1.0
2022-09-24T12:23:45,attention.2-rec.2.relu,1286,92,2.0044846534729004,0.5,0.1,128,256,3014656,3930028908,4.78527295589447,1024,1024,1,1.0
2022-09-24T12:23:47,suffix.2-rec.1.tanh,1026,43,1.0009548664093018,0.5,0.1,128,512,2818048,3930028908,4.4262096881866455,1024,1024,1,1.0
2022-09-24T12:23:55,mgru.2,1804,253,8.019713640213013,0.2,0.1,128,512,16580608,3930028908,4.1391918659210205,1024,1024,1,1.0
2022-09-24T12:23:57,suffix.2-dense.32.tanh-suffix.2,33056,40,1.0181329250335693,0.5,0.1,128,128,655360,3930028908,3.359175980091095,1024,1024,1,1.0
2022-09-24T12:24:01,suffix.4-dense.16.relu,20752,212,4.012716293334961,0.2,0.1,128,512,13893632,3930028908,3.1673110723495483,1024,1024,1,1.0
2022-09-24T12:24:04,suffix.2-rec.16.relu-suffix.2,16912,84,2.0066747665405273,0.5,0.1,128,256,2752512,3930028908,3.3589993119239807,1024,1024,1,1.0
2022-09-24T12:24:06,attention.2-rec.2.tanh,1286,44,1.004075527191162,0.5,0.1,128,16,90112,3930028908,4.2759692668914795,1024,1024,1,1.0
2022-09-24T12:24:08,attention.2-rec.2.relu,1286,40,1.0085842609405518,0.5,0.1,128,128,655360,3930028908,4.182971835136414,1024,1024,1,1.0
2022-09-24T12:24:10,attention.2.pos-dense.8.tanh-suffix.2,6920,69,2.0077874660491943,0.5,0.1,128,256,2260992,3930028908,4.818613648414612,1024,1024,1,1.0
2022-09-24T12:24:12,suffix.2-dense.32.tanh-dense.32.relu,25920,29,1.01383638381958,0.5,0.1,128,128,475136,3930028908,4.0772517919540405,1024,1024,1,1.0
2022-09-24T12:24:16,suffix.2-dense.32.tanh,24864,261,4.007184028625488,0.5,0.1,128,128,4276224,3930028908,3.2039146423339844,1024,1024,1,1.0
2022-09-24T12:24:18,suffix.2-dense.8.tanh-dense.16.relu,8600,28,1.002892255783081,0.5,0.1,128,128,458752,3930028908,3.7674718499183655,1024,1024,1,1.0
2022-09-24T12:24:21,suffix.4-dense.32.relu-suffix.2,49440,86,2.0025269985198975,0.5,0.1,128,256,2818048,3930028908,3.1722275614738464,1024,1024,1,1.0
2022-09-24T12:24:37,attention.2-rec.8.tanh,4424,942,16.004223823547363,0.5,0.1,128,64,7716864,3930028908,3.51693594455719,1024,1024,1,1.0
2022-09-24T12:24:39,suffix.2-dense.16.tanh,12560,57,1.0011258125305176,0.2,0.1,128,64,466944,3930028908,3.573387622833252,1024,1024,1,1.0
2022-09-24T12:24:48,suffix.2-dense.16.tanh-attention.2.pos,12592,323,8.001585483551025,0.5,0.1,128,256,10584064,3930028908,3.229710340499878,1024,1024,1,1.0
2022-09-24T12:24:49,suffix.4-rec.2.relu,2822,48,1.0119602680206299,0.5,0.1,128,64,393216,3930028908,4.776039958000183,1024,1024,1,1.0
2022-09-24T12:24:52,attention.4-dense.32.relu-suffix.2,24864,91,2.0071351528167725,0.5,0.1,128,256,2981888,3930028908,3.7471471428871155,1024,1024,1,1.0
2022-09-24T12:24:54,attention.2-mgru.1,1028,32,1.0003299713134766,0.5,0.1,128,16,65536,3930028908,4.642467260360718,1024,1024,1,1.0
2022-09-24T12:24:58,rec.2.relu-suffix.2,1798,211,4.0067503452301025,0.5,0.1,128,256,6914048,3930028908,4.13033127784729,1024,1024,1,1.0
2022-09-24T12:25:01,attention.2-mgru.1,1028,87,2.0014548301696777,0.5,0.1,128,16,178176,3930028908,4.4461976289749146,1024,1024,1,1.0
2022-09-24T12:25:03,suffix.4-dense.16.tanh-attention.2.pos,20784,25,1.0039198398590088,0.2,0.1,128,256,819200,3930028908,3.92145437002182,1024,1024,1,1.0
2022-09-24T12:25:04,suffix.2-dense.32.tanh,24864,56,1.002540111541748,0.2,0.1,128,128,917504,3930028908,3.466865360736847,1024,1024,1,1.0
2022-09-24T12:25:07,suffix.4-rec.2.relu,2822,101,2.0082242488861084,0.5,0.1,128,128,1654784,3930028908,4.013358175754547,1024,1024,1,1.0
2022-09-24T12:25:11,dense.32.relu-suffix.2,24864,231,4.008822441101074,0.5,0.1,128,256,7569408,3930028908,3.4554590582847595,1024,1024,1,1.0
2022-09-24T12:25:12,suffix.2-dense.32.tanh,24864,57,1.0064208507537842,1.0,0.1,128,128,933888,3930028908,8.3114333152771,1024,1024,1,1.0
2022-09-24T12:25:21,suffix.2-dense.8.tanh-attention.2.pos,6424,373,8.00218152999878,0.5,0.1,128,64,3055616,3930028908,3.4692136645317078,1024,1024,1,1.0
2022-09-24T12:25:23,suffix.2-dense.4.tanh,3332,59,1.0052146911621094,0.5,0.1,128,32,241664,3930028908,3.8258591294288635,1024,1024,1,1.0
2022-09-24T12:25:25,suffix.2-dense.8.relu,6408,106,2.012700319290161,0.5,0.1,128,512,6946816,3930028908,3.5117432475090027,1024,1024,1,1.0
2022-09-24T12:25:27,suffix.2-dense.32.tanh-attention.2.pos,24928,23,1.01961088180542,0.5,0.1,128,128,376832,3930028908,3.6353777647018433,1024,1024,1,1.0
2022-09-24T12:26:00,rec.4.tanh-attention.2,2324,1148,32.02330040931702,0.5,0.1,128,1024,150470656,3930028908,3.6937289237976074,1024,1024,1,1.0
2022-09-24T12:26:02,rec.4.tanh-attention.2,2324,33,1.013396978378296,1.0,0.1,128,256,1081344,3930028908,4.089318156242371,1024,1024,1,1.0
2022-09-24T12:26:04,mgru.1-suffix.2,1284,77,2.011324882507324,0.5,0.1,128,256,2523136,3930028908,4.254780650138855,1024,1024,1,1.0
2022-09-24T12:26:11,suffix.2-rec.8.tanh,6472,149,4.00373911857605,0.5,0.1,128,1024,19529728,3930028908,3.3738197088241577,1024,1024,1,1.0
2022-09-24T12:26:13,attention.4.pos-dense.16.tanh-suffix.2,13584,28,1.001596212387085,0.5,0.1,128,64,229376,3930028908,7.9964340925216675,1024,1024,1,1.0
2022-09-24T12:26:29,suffix.2-rec.4.tanh,3348,916,16.00178337097168,0.2,0.1,128,128,15007744,3930028908,3.631387174129486,1024,1024,1,1.0
2022-09-24T12:26:31,suffix.4-dense.8.tanh,10504,56,1.0058672428131104,0.2,0.1,128,64,458752,3930028908,3.735836088657379,1024,1024,1,1.0
2022-09-24T12:26:34,suffix.2-dense.2.tanh-attention.2.pos,1798,77,2.008640766143799,0.5,0.1,128,64,630784,3930028908,4.0969380140304565,1024,1024,1,1.0
2022-09-24T12:26:35,dense.16.tanh,8464,27,1.0253114700317383,0.5,0.1,128,2048,7077888,3930028908,3.748992621898651,1024,1024,1,1.0
2022-09-24T12:26:39,suffix.4-dense.2.tanh,2818,267,4.0034685134887695,0.5,0.1,128,128,4374528,3930028908,3.967774271965027,1024,1024,1,1.0
2022-09-24T12:26:42,attention.2.pos-dense.32.relu,17184,73,2.0104522705078125,0.5,0.1,128,256,2392064,3930028908,4.784098148345947,1024,1024,1,1.0
2022-09-24T12:26:44,suffix.2-dense.8.tanh,6408,22,1.0228233337402344,0.5,0.1,128,2048,5767168,3930028908,3.7493200302124023,1024,1024,1,1.0
2022-09-24T12:26:52,suffix.2-rec.8.relu,6472,319,8.015941858291626,0.5,0.1,128,1024,41811968,3930028908,3.479838490486145,1024,1024,1,1.0
2022-09-24T12:26:54,rec.2.tanh-attention.2,1286,32,1.0084123611450195,1.0,0.1,128,256,1048576,3930028908,4.307774543762207,1024,1024,1,1.0
2022-09-24T12:26:56,suffix.4-rec.32.relu-suffix.2,50464,85,2.0121705532073975,0.5,0.1,128,256,2785280,3930028908,nan,1024,1024,1,1.0
2022-09-24T12:26:58,suffix.2-dense.4.tanh,3332,22,1.0082755088806152,0.5,0.1,128,2048,5767168,3930028908,4.002760469913483,1024,1024,1,1.0
2022-09-24T12:27:02,suffix.2-dense.1.relu,1025,334,4.00165867805481,0.5,0.1,128,128,5472256,3930028908,4.3523712158203125,1024,1024,1,1.0
2022-09-24T12:27:04,attention.8-dense.16.tanh,8464,50,1.0081477165222168,0.5,0.1,128,128,819200,3930028908,4.209011197090149,1024,1024,1,1.0
2022-09-24T12:27:07,suffix.4-rec.16.tanh-suffix.2,25104,85,2.003678321838379,0.5,0.1,128,256,2785280,3930028908,3.4544644951820374,1024,1024,1,1.0
2022-09-24T12:27:08,suffix.2-dense.32.tanh,24864,56,1.0082032680511475,0.5,0.1,128,128,917504,3930028908,3.3073503971099854,1024,1024,1,1.0
2022-09-24T12:35:41,dense.2.relu,1282,18476,512.0232312679291,0.5,0.1,128,256,605421568,3930028908,4.058886408805847,1024,1024,1,1.0
2022-09-24T12:35:42,suffix.2-rec.8.relu,6472,21,1.0068907737731934,0.5,0.1,128,256,688128,3930028908,3.854918897151947,1024,1024,1,1.0
2022-09-24T12:35:45,attention.2.pos-rec.4.tanh-attention.2.pos,2844,38,2.017465114593506,0.5,0.1,128,256,1245184,3930028908,4.830970883369446,1024,1024,1,1.0
2022-09-24T12:35:50,suffix.2-dense.32.relu-suffix.2,33056,135,4.029088497161865,0.5,0.1,128,256,4423680,3930028908,3.1794211864471436,1024,1024,1,1.0
2022-09-24T12:35:51,suffix.4-rec.8.tanh,10568,33,1.0062661170959473,0.2,0.1,128,512,2162688,3930028908,3.9624829292297363,1024,1024,1,1.0
2022-09-24T12:36:00,suffix.4-dense.16.relu,20752,345,8.009623050689697,0.5,0.1,128,128,5652480,3930028908,3.2331055402755737,1024,1024,1,1.0
2022-09-24T12:36:02,attention.2-rec.2.relu-dense.2.relu,1292,26,1.003659725189209,0.5,0.1,128,128,425984,3930028908,4.555579304695129,1024,1024,1,1.0
2022-09-24T12:36:04,rec.2.tanh-attention.2,1286,82,2.0067784786224365,1.0,0.1,128,256,2686976,3930028908,4.143450736999512,1024,1024,1,1.0
2022-09-24T12:36:06,suffix.4-dense.8.tanh-suffix.2,12552,48,1.0103449821472168,0.5,0.1,128,64,393216,3930028908,3.5698198676109314,1024,1024,1,1.0
2022-09-24T12:36:23,suffix.2-rec.4.tanh-attention.2.pos,3356,549,16.001177310943604,0.5,0.1,128,128,8994816,3930028908,3.655428111553192,1024,1024,1,1.0
2022-09-24T12:36:24,suffix.2-dense.2.tanh,1794,20,1.0076189041137695,0.5,0.1,128,2048,5242880,3930028908,4.238181710243225,1024,1024,1,1.0
2022-09-24T12:36:27,suffix.4-dense.8.tanh-suffix.2,12552,114,2.004864454269409,0.5,0.1,128,64,933888,3930028908,3.4647836685180664,1024,1024,1,1.0
2022-09-24T12:36:31,rec.8.tanh,4424,173,4.010507345199585,0.5,0.1,128,1024,22675456,3930028908,3.4754620790481567,1024,1024,1,1.0
2022-09-24T12:36:33,suffix.2-dense.4.tanh-attention.2,3332,35,1.0168828964233398,0.5,0.1,128,32,143360,3930028908,3.998802900314331,1024,1024,1,1.0
2022-09-24T12:36:35,suffix.2-dense.32.relu-suffix.2,33056,99,2.009948253631592,0.5,0.1,128,256,3244032,3930028908,3.2555134892463684,1024,1024,1,1.0
2022-09-24T12:36:37,attention.2-rec.2.relu,1286,45,1.0152764320373535,0.5,0.1,128,64,368640,3930028908,4.145347237586975,1024,1024,1,1.0
2022-09-24T12:38:46,attention.2-rec.2.tanh,1286,3848,128.02475666999817,0.5,0.1,128,512,252182528,3930028908,4.0684181451797485,1024,1024,1,1.0
2022-09-24T12:38:48,attention.2-rec.1.relu,770,46,1.004852056503296,0.5,0.1,128,64,376832,3930028908,4.391226291656494,1024,1024,1,1.0
2022-09-24T12:38:56,suffix.2-dense.1.relu,1025,659,8.010709524154663,0.5,0.1,128,128,10797056,3930028908,4.336785316467285,1024,1024,1,1.0
2022-09-24T12:38:59,attention.2-rec.1.relu,770,124,2.0048787593841553,0.5,0.1,128,64,1015808,3930028908,4.435849905014038,1024,1024,1,1.0
2022-09-24T12:39:00,suffix.2-dense.1.tanh,1025,28,1.0227649211883545,0.5,0.1,128,2048,7340032,3930028908,4.510865092277527,1024,1024,1,1.0
2022-09-24T12:39:05,suffix.4-rec.1.relu,1538,238,4.011870384216309,0.5,0.1,128,512,15597568,3930028908,4.354602813720703,1024,1024,1,1.0
2022-09-24T12:39:06,rec.8.tanh,4424,51,1.0074927806854248,0.5,0.1,128,128,835584,3930028908,3.637096107006073,1024,1024,1,1.0
2022-09-24T12:39:09,suffix.4-dense.32.relu-attention.2.pos,41312,67,2.0064926147460938,0.5,0.1,128,256,2195456,3930028908,3.298763632774353,1024,1024,1,1.0
2022-09-24T12:39:11,suffix.2-rec.2.relu-attention.2,1798,30,1.015629529953003,0.5,0.1,128,32,122880,3930028908,4.543077707290649,1024,1024,1,1.0
2022-09-24T12:40:15,rec.4.tanh-attention.2,2324,2202,64.01862597465515,0.5,0.1,128,1024,288620544,3930028908,3.6656680703163147,1024,1024,1,1.0
2022-09-24T12:40:17,attention.2.pos-dense.16.tanh,8976,25,1.021301031112671,0.2,0.1,128,512,1638400,3930028908,4.614846348762512,1024,1024,1,1.0
2022-09-24T12:40:20,attention.2-dense.16.tanh,8464,105,2.0047852993011475,0.5,0.1,128,512,6881280,3930028908,3.5926421880722046,1024,1024,1,1.0
2022-09-24T12:40:24,suffix.2-dense.16.tanh-dense.16.relu,12832,184,4.00578498840332,0.5,0.1,128,128,3014656,3930028908,3.362793982028961,1024,1024,1,1.0
2022-09-24T12:40:26,suffix.2-dense.4.tanh-dense.4.relu,3352,36,1.0057687759399414,0.5,0.1,128,32,147456,3930028908,4.430460810661316,1024,1024,1,1.0
2022-09-24T12:40:27,suffix.2-dense.16.tanh,12560,50,1.005878210067749,0.5,0.1,128,256,1638400,3930028908,3.3909705877304077,1024,1024,1,1.0
2022-09-24T12:40:30,dense.8.tanh-attention.2.pos,4376,75,2.017468214035034,0.5,0.1,128,256,2457600,3930028908,3.7079267501831055,1024,1024,1,1.0
2022-09-24T12:40:39,mgru.1-suffix.2,1284,374,8.009328603744507,0.5,0.1,128,64,3063808,3930028908,4.266456842422485,1024,1024,1,1.0
2022-09-24T12:40:41,suffix.2-rec.2.relu-attention.2.pos,1802,26,1.003087043762207,0.5,0.1,128,64,212992,3930028908,4.848863363265991,1024,1024,1,1.0
2022-09-24T12:40:46,attention.4-dense.16.relu,8464,260,4.00736403465271,0.5,0.1,128,128,4259840,3930028908,3.9818000197410583,1024,1024,1,1.0
2022-09-24T12:40:47,attention.2-rec.2.relu-attention.2,1286,30,1.0127737522125244,0.5,0.1,128,64,245760,3930028908,4.614927053451538,1024,1024,1,1.0
2022-09-24T12:40:50,suffix.2-dense.4.tanh-attention.2,3332,90,2.005561113357544,0.5,0.1,128,32,368640,3930028908,3.7887728810310364,1024,1024,1,1.0
2022-09-24T12:40:52,attention.4-dense.8.tanh-suffix.2,6408,43,1.0129380226135254,0.5,0.1,128,64,352256,3930028908,4.060149908065796,1024,1024,1,1.0
2022-09-24T12:41:09,attention.2-rec.2.tanh-attention.2.pos,1290,659,16.015551567077637,0.5,0.1,128,128,10797056,3930028908,4.09295117855072,1024,1024,1,1.0
2022-09-24T12:41:12,rec.4.relu-attention.2.pos,2332,69,2.0173819065093994,0.5,0.1,128,256,2260992,3930028908,3.861486852169037,1024,1024,1,1.0
2022-09-24T12:41:13,suffix.2-dense.16.tanh,12560,37,1.0138258934020996,0.5,0.1,128,1024,4849664,3930028908,3.4081562161445618,1024,1024,1,1.0
2022-09-24T12:41:46,rec.8.tanh,4424,2062,32.00802397727966,0.2,0.1,128,128,33783808,3930028908,3.4454936385154724,1024,1024,1,1.0
2022-09-24T12:41:47,suffix.2-rec.4.relu-suffix.2,4372,41,1.0020341873168945,0.5,0.1,128,128,671744,3930028908,3.7667608857154846,1024,1024,1,1.0
2022-09-24T12:41:51,suffix.4-dense.16.tanh,20752,273,4.002893447875977,0.5,0.1,128,128,4472832,3930028908,3.1571426391601562,1024,1024,1,1.0
2022-09-24T12:41:54,suffix.2-dense.32.tanh-suffix.2,33056,95,2.006687879562378,0.5,0.1,128,256,3112960,3930028908,3.164746880531311,1024,1024,1,1.0
2022-09-24T12:41:56,suffix.4-dense.4.tanh-suffix.2,6404,45,1.0086431503295898,0.5,0.1,128,64,368640,3930028908,3.7966445088386536,1024,1024,1,1.0
2022-09-24T12:41:57,attention.2-rec.2.relu,1286,47,1.0145690441131592,0.5,0.1,128,64,385024,3930028908,4.205880403518677,1024,1024,1,1.0
2022-09-24T12:42:06,attention.2-mgru.4,3368,296,8.015580415725708,0.5,0.1,128,128,4849664,3930028908,3.678127110004425,1024,1024,1,1.0
2022-09-24T12:42:09,attention.4.pos-dense.8.relu,5384,82,2.0023274421691895,0.2,0.1,128,128,1343488,3930028908,4.521868109703064,1024,1024,1,1.0
2022-09-24T12:42:11,rec.4.tanh-attention.2-dense.2.relu,1822,22,1.0196151733398438,0.5,0.1,128,256,720896,3930028908,4.51167631149292,1024,1024,1,1.0
2022-09-24T12:42:15,suffix.2-dense.2.tanh,1794,277,4.002450704574585,0.5,0.1,128,32,1134592,3930028908,4.150888442993164,1024,1024,1,1.0
2022-09-24T12:42:17,suffix.2-dense.16.relu-attention.2,12560,28,1.006040096282959,0.5,0.1,128,256,917504,3930028908,3.7218410968780518,1024,1024,1,1.0
2022-09-24T12:42:20,suffix.2-dense.32.tanh-attention.2,24864,79,2.0013132095336914,0.5,0.1,128,256,2588672,3930028908,3.2278183698654175,1024,1024,1,1.0
2022-09-24T12:42:21,suffix.2-dense.16.tanh-suffix.2,16656,48,1.0089237689971924,0.5,0.1,128,64,393216,3930028908,3.4238407015800476,1024,1024,1,1.0
2022-09-24T12:42:24,suffix.2-mgru.2-attention.2.pos,2832,44,2.011944532394409,0.5,0.1,128,256,1441792,3930028908,3.961294174194336,1024,1024,1,1.0
2022-09-24T12:42:26,suffix.4-dense.2.tanh-suffix.2,3330,46,1.0090675354003906,0.5,0.1,128,64,376832,3930028908,4.224926948547363,1024,1024,1,1.0
2022-09-24T12:42:30,suffix.4-dense.8.tanh-suffix.2,12552,242,4.017906427383423,0.5,0.1,128,64,1982464,3930028908,3.395707845687866,1024,1024,1,1.0
2022-09-24T12:42:32,suffix.2-mgru.8-suffix.2,12688,22,1.0021462440490723,0.5,0.1,128,64,180224,3930028908,3.943619668483734,1024,1024,1,1.0
2022-09-24T12:42:41,suffix.2-dense.16.relu-suffix.2,16656,452,8.012213468551636,0.5,0.1,128,256,14811136,3930028908,3.254404664039612,1024,1024,1,1.0
2022-09-24T12:42:44,attention.2.pos-dense.4.tanh-attention.2.pos,2828,61,2.0144782066345215,0.5,0.1,128,64,499712,3930028908,4.787848711013794,1024,1024,1,1.0
2022-09-24T12:42:45,suffix.2-dense.16.tanh-suffix.2-dense.32.relu,17712,32,1.0018818378448486,0.5,0.1,128,64,262144,3930028908,4.4730236530303955,1024,1024,1,1.0
2022-09-24T12:43:02,rec.4.tanh-attention.4,2324,704,16.00879144668579,0.5,0.1,128,512,46137344,3930028908,3.7920732498168945,1024,1024,1,1.0
2022-09-24T12:43:04,attention.4-dense.8.tanh,4360,54,1.0020875930786133,0.2,0.1,128,64,442368,3930028908,4.38466739654541,1024,1024,1,1.0
2022-09-24T12:43:06,suffix.2-dense.16.tanh,12560,128,2.0029540061950684,0.2,0.1,128,64,1048576,3930028908,3.405351758003235,1024,1024,1,1.0
2022-09-24T12:43:08,suffix.2-dense.32.tanh,24864,56,1.0046296119689941,0.5,0.1,128,128,917504,3930028908,3.341715693473816,1024,1024,1,1.0
2022-09-24T12:43:12,suffix.2-dense.2.tanh-attention.2.pos,1798,184,4.0118818283081055,0.5,0.1,128,64,1507328,3930028908,4.00748348236084,1024,1024,1,1.0
2022-09-24T12:43:14,attention.2-rec.2.relu,1286,45,1.0017297267913818,0.2,0.1,128,64,368640,3930028908,5.214018225669861,1024,1024,1,1.0
2022-09-24T12:43:17,suffix.2-dense.16.tanh-suffix.2,16656,1,2.8684933185577393,0.5,0.1,128,64,8192,3930028908,8.492110252380371,1024,1024,1,1.0
2022-09-24T12:43:20,suffix.2-rec.16.tanh-attention.2,12816,64,2.006213665008545,0.5,0.1,128,256,2097152,3930028908,3.636205792427063,1024,1024,1,1.0
2022-09-24T12:43:22,suffix.4-dense.16.tanh,20752,57,1.0101752281188965,0.5,0.1,128,128,933888,3930028908,3.336015224456787,1024,1024,1,1.0
2022-09-24T12:43:24,attention.2-rec.4.tanh,2324,44,1.0021564960479736,0.5,0.1,128,32,180224,3930028908,4.022525370121002,1024,1024,1,1.0
2022-09-24T12:43:28,suffix.2-rec.4.tanh-attention.2.pos,3356,143,4.001657247543335,0.5,0.1,128,256,4685824,3930028908,3.685126304626465,1024,1024,1,1.0
2022-09-24T12:43:31,suffix.2-dense.16.tanh-suffix.2,16656,114,2.012063980102539,0.5,0.1,128,64,933888,3930028908,3.374891459941864,1024,1024,1,1.0
2022-09-24T12:43:32,suffix.2-dense.4.tanh,3332,54,1.0060296058654785,0.5,0.1,128,16,110592,3930028908,3.9168395400047302,1024,1024,1,1.0
2022-09-24T12:43:41,dense.16.tanh,8464,410,8.014016151428223,0.5,0.1,128,1024,53739520,3930028908,3.709260940551758,1024,1024,1,1.0
2022-09-24T12:43:42,attention.2-mgru.1,1028,30,1.0000064373016357,0.5,0.1,128,64,245760,3930028908,4.427961468696594,1024,1024,1,1.0
2022-09-24T12:43:45,suffix.4-dense.32.relu-suffix.4,65824,89,2.007340431213379,0.5,0.1,128,256,2916352,3930028908,3.4221054911613464,1024,1024,1,1.0
2022-09-24T12:43:47,suffix.2-rec.2.relu,1798,45,1.0027732849121094,0.5,0.1,128,16,92160,3930028908,4.440995216369629,1024,1024,1,1.0
2022-09-24T12:43:51,attention.2-rec.1.relu,770,279,4.000988721847534,0.5,0.1,128,64,2285568,3930028908,4.377179861068726,1024,1024,1,1.0
2022-09-24T12:43:53,rec.1.tanh-attention.2,770,44,1.0074937343597412,1.0,0.1,128,256,1441792,3930028908,4.391502022743225,1024,1024,1,1.0
2022-09-24T12:43:56,suffix.2-dense.32.tanh-suffix.2,33056,89,2.0114827156066895,0.5,0.1,128,512,5832704,3930028908,3.141937494277954,1024,1024,1,1.0
2022-09-24T12:44:28,rec.1.tanh,770,2396,32.02640628814697,0.5,0.1,128,128,39256064,3930028908,4.35318911075592,1024,1024,1,1.0
2022-09-24T12:44:29,suffix.2-dense.8.tanh,6408,52,1.005854845046997,1.0,0.1,128,256,1703936,3930028908,3.7309199571609497,1024,1024,1,1.0
2022-09-24T12:44:32,suffix.4-dense.8.tanh-attention.2,10504,80,2.010969638824463,0.5,0.1,128,256,2621440,3930028908,3.486848533153534,1024,1024,1,1.0
2022-09-24T12:44:33,dense.4.tanh,2308,67,1.01177978515625,0.5,0.1,128,16,137216,3930028908,4.011328339576721,1024,1024,1,1.0
2022-09-24T12:44:38,suffix.2-dense.4.tanh-suffix.2,4356,221,4.011817455291748,0.5,0.1,128,256,7241728,3930028908,3.568688452243805,1024,1024,1,1.0
2022-09-24T12:44:39,suffix.4-dense.8.tanh,10504,59,1.0073823928833008,0.5,0.1,128,128,966656,3930028908,3.5004308819770813,1024,1024,1,1.0
2022-09-24T12:44:48,suffix.2-dense.16.tanh-dense.16.relu,12832,386,8.003217458724976,0.5,0.1,128,128,6324224,3930028908,3.4372764825820923,1024,1024,1,1.0
2022-09-24T12:44:50,suffix.2-dense.32.tanh-suffix.2,33056,93,2.0144248008728027,0.5,0.1,128,512,6094848,3930028908,3.1282238960266113,1024,1024,1,1.0
2022-09-24T12:44:52,suffix.2-dense.16.relu-dense.16.relu,12832,33,1.007765769958496,0.5,0.1,128,256,1081344,3930028908,3.87345027923584,1024,1024,1,1.0
2022-09-24T12:45:08,dense.8.tanh,4360,1013,16.00436305999756,0.5,0.1,128,512,66387968,3930028908,3.7213605642318726,1024,1024,1,1.0
2022-09-24T12:45:10,suffix.4-dense.16.tanh,20752,53,1.003307580947876,0.1,0.1,128,256,1736704,3930028908,3.9502082467079163,1024,1024,1,1.0
2022-09-24T12:45:12,dense.32.tanh-suffix.2,24864,98,2.011432409286499,0.5,0.1,128,512,6422528,3930028908,3.4277907609939575,1024,1024,1,1.0
2022-09-24T12:45:14,suffix.2-rec.8.relu,6472,44,1.0155940055847168,0.2,0.1,128,64,360448,3930028908,3.847721219062805,1024,1024,1,1.0
2022-09-24T12:45:18,attention.2-rec.8.tanh,4424,157,4.015834093093872,0.5,0.1,128,1024,20578304,3930028908,3.527161121368408,1024,1024,1,1.0
2022-09-24T12:45:20,suffix.2-dense.16.tanh-suffix.2,16656,49,1.004457950592041,0.5,0.1,128,64,401408,3930028908,3.4086281657218933,1024,1024,1,1.0
2022-09-24T12:45:22,suffix.4-dense.1.relu,1537,166,2.001920461654663,0.5,0.1,128,64,1359872,3930028908,4.361838221549988,1024,1024,1,1.0
2022-09-24T12:45:24,suffix.2-dense.16.tanh-rec.8.relu,10712,28,1.0027873516082764,0.5,0.1,128,128,458752,3930028908,3.852986514568329,1024,1024,1,1.0
2022-09-24T12:45:32,suffix.2-dense.1.tanh-suffix.2,1281,510,8.001294374465942,0.5,0.1,128,256,16711680,3930028908,4.239689350128174,1024,1024,1,1.0
2022-09-24T12:45:34,suffix.2-dense.32.relu-suffix.2,33056,43,1.0064644813537598,0.5,0.1,128,128,704512,3930028908,3.295198678970337,1024,1024,1,1.0
2022-09-24T12:45:36,suffix.2-rec.16.tanh-suffix.2,16912,79,2.0069916248321533,0.5,0.1,128,512,5177344,3930028908,3.5412168502807617,1024,1024,1,1.0
2022-09-24T12:45:41,suffix.2-rec.8.tanh-dense.8.relu,6544,167,4.018827199935913,0.5,0.1,128,64,1368064,3930028908,3.4843336939811707,1024,1024,1,1.0
2022-09-24T12:45:43,rec.4.tanh-attention.2,2324,33,1.0189712047576904,0.5,0.1,128,256,1081344,3930028908,3.927289068698883,1024,1024,1,1.0
2022-09-24T12:45:45,suffix.2-dense.1.tanh,1025,66,2.0054707527160645,0.5,0.1,128,2048,17301504,3930028908,4.373614549636841,1024,1024,1,1.0
2022-09-24T12:45:47,attention.2-rec.1.relu-suffix.2,1026,43,1.005892038345337,0.5,0.1,128,256,1409024,3930028908,4.536102533340454,1024,1024,1,1.0
2022-09-24T12:50:03,dense.1.relu-suffix.2,1025,9524,256.02546763420105,0.5,0.1,128,512,624164864,3930028908,4.263911128044128,1024,1024,1,1.0
2022-09-24T12:50:05,rec.4.tanh,2324,22,1.0069000720977783,0.5,0.1,128,256,720896,3930028908,4.152765989303589,1024,1024,1,1.0
2022-09-24T12:50:09,suffix.2-dense.1.tanh,1025,97,4.0411341190338135,0.5,0.1,128,2048,25427968,3930028908,4.337357759475708,1024,1024,1,1.0
2022-09-24T12:50:12,suffix.2-dense.8.tanh,6408,103,2.0036604404449463,1.0,0.1,128,256,3375104,3930028908,3.5140445828437805,1024,1024,1,1.0
2022-09-24T12:50:14,suffix.2-dense.8.tanh-attention.2.pos,6424,22,1.0168957710266113,0.5,0.1,128,512,1441792,3930028908,3.77760112285614,1024,1024,1,1.0
2022-09-24T12:50:30,rec.4.tanh,2324,571,16.028231859207153,0.2,0.1,128,128,9355264,3930028908,3.724796772003174,1024,1024,1,1.0
2022-09-24T12:50:32,dense.32.relu-suffix.2,24864,43,1.0001423358917236,0.5,0.1,128,128,704512,3930028908,3.5728914737701416,1024,1024,1,1.0
2022-09-24T12:50:34,suffix.4-dense.8.relu,10504,68,2.004153251647949,0.5,0.1,128,1024,8912896,3930028908,3.416291654109955,1024,1024,1,1.0
2022-09-24T12:50:35,suffix.4-rec.4.tanh,5396,47,1.0064456462860107,0.5,0.1,128,64,385024,3930028908,3.8113821148872375,1024,1024,1,1.0
2022-09-24T12:50:44,suffix.4-dense.16.relu,20752,431,8.010944604873657,0.2,0.1,128,512,28246016,3930028908,3.1697704195976257,1024,1024,1,1.0
2022-09-24T12:50:45,suffix.4-dense.4.relu,5380,43,1.0011882781982422,0.2,0.1,128,512,2818048,3930028908,4.3481457233428955,1024,1024,1,1.0
2022-09-24T12:50:50,suffix.2-dense.16.tanh,12560,269,4.011782646179199,0.2,0.1,128,64,2203648,3930028908,3.3164551854133606,1024,1024,1,1.0
2022-09-24T12:50:52,suffix.2-dense.8.tanh,6408,51,2.032386302947998,0.5,0.1,128,2048,13369344,3930028908,3.533981144428253,1024,1024,1,1.0
2022-09-24T12:50:54,rec.8.tanh,4424,46,1.0002384185791016,0.5,0.1,128,256,1507328,3930028908,3.636347711086273,1024,1024,1,1.0
2022-09-24T12:51:58,rec.2.tanh-attention.2,1286,1836,64.01697182655334,0.5,0.1,128,1024,240648192,3930028908,4.076492071151733,1024,1024,1,1.0
2022-09-24T12:52:00,dense.8.tanh,4360,55,1.0050175189971924,1.0,0.1,128,256,1802240,3930028908,3.9630727767944336,1024,1024,1,1.0
2022-09-24T12:52:02,suffix.4-dense.32.tanh-suffix.2,49440,86,2.0163044929504395,0.5,0.1,128,512,5636096,3930028908,3.1482717990875244,1024,1024,1,1.0
2022-09-24T12:52:04,suffix.2-dense.32.relu-suffix.2,33056,43,1.0141451358795166,0.5,0.1,128,128,704512,3930028908,3.376623213291168,1024,1024,1,1.0
2022-09-24T12:52:09,attention.2-mgru.1,1028,199,4.003673076629639,0.5,0.1,128,16,407552,3930028908,4.3854979276657104,1024,1024,1,1.0
2022-09-24T12:52:11,attention.4-rec.1.tanh-suffix.2,1026,38,1.01112961769104,0.5,0.1,128,256,1245184,3930028908,4.486601948738098,1024,1024,1,1.0
2022-09-24T12:52:13,suffix.2-dense.32.tanh,24864,105,2.0121870040893555,0.5,0.1,128,512,6881280,3930028908,3.2052996158599854,1024,1024,1,1.0
2022-09-24T12:52:15,suffix.2-dense.16.relu,12560,51,1.0096728801727295,1.0,0.1,128,256,1671168,3930028908,4.192427277565002,1024,1024,1,1.0
2022-09-24T12:52:23,attention.4-dense.16.relu,8464,438,8.00719666481018,0.2,0.1,128,512,28704768,3930028908,3.911972939968109,1024,1024,1,1.0
2022-09-24T12:52:26,suffix.2-dense.32.tanh-suffix.2,33056,70,2.0085511207580566,0.5,0.1,128,1024,9175040,3930028908,3.1347976326942444,1024,1024,1,1.0
2022-09-24T12:52:27,suffix.2-rec.16.tanh-suffix.2,16912,37,1.0013484954833984,0.5,0.1,128,128,606208,3930028908,4.0771124958992,1024,1024,1,1.0
2022-09-24T12:53:00,attention.2-rec.2.tanh-suffix.2,1798,1268,32.022380113601685,0.5,0.1,128,1024,166199296,3930028908,3.943032145500183,1024,1024,1,1.0
2022-09-24T12:53:02,suffix.2-dense.4.tanh,3332,49,1.0036070346832275,1.0,0.1,128,256,1605632,3930028908,3.8634843230247498,1024,1024,1,1.0
2022-09-24T12:53:09,attention.2-dense.8.tanh-attention.2,4360,196,4.014399766921997,0.5,0.1,128,128,3211264,3930028908,3.8253870010375977,1024,1024,1,1.0
2022-09-24T12:53:12,suffix.4-rec.1.tanh,1538,125,2.0049448013305664,0.5,0.1,128,256,4096000,3930028908,4.307072639465332,1024,1024,1,1.0
2022-09-24T12:53:13,attention.2.pos-dense.4.tanh,2820,29,1.0120222568511963,1.0,0.1,128,256,950272,3930028908,4.809865355491638,1024,1024,1,1.0
2022-09-24T12:53:15,suffix.2-dense.32.relu-suffix.2,33056,41,1.0036871433258057,0.5,0.1,128,256,1343488,3930028908,3.3328428268432617,1024,1024,1,1.0
2022-09-24T12:53:17,suffix.2-rec.16.relu,12816,88,2.000638723373413,0.5,0.1,128,512,5767168,3930028908,3.4928701519966125,1024,1024,1,1.0
2022-09-24T12:53:19,suffix.2-rec.2.relu,1798,41,1.0094480514526367,1.0,0.1,128,256,1343488,3930028908,4.601510167121887,1024,1024,1,1.0
2022-09-24T12:53:24,suffix.2-mgru.4,5416,120,4.016036510467529,0.5,0.1,128,512,7864320,3930028908,3.6299469470977783,1024,1024,1,1.0
2022-09-24T12:53:41,attention.2-mgru.4,3368,601,16.00867772102356,0.5,0.1,128,128,9846784,3930028908,3.6664116978645325,1024,1024,1,1.0
2022-09-24T12:53:42,attention.2-rec.1.tanh-suffix.2-dense.2.relu,1032,27,1.0067262649536133,0.5,0.1,128,256,884736,3930028908,4.5998324155807495,1024,1024,1,1.0
2022-09-24T12:53:45,mgru.2,1804,38,2.03886342048645,0.5,0.1,128,2048,9961472,3930028908,4.062354683876038,1024,1024,1,1.0
2022-09-24T12:53:47,suffix.2-rec.16.relu,12816,43,1.0113086700439453,0.2,0.1,128,128,704512,3930028908,3.5910539627075195,1024,1024,1,1.0
2022-09-24T12:53:55,suffix.4-dense.16.tanh,20752,517,8.004822731018066,0.5,0.1,128,256,16941056,3930028908,3.126733422279358,1024,1024,1,1.0
2022-09-24T12:53:57,suffix.2-rec.16.relu-suffix.2,16912,38,1.0045890808105469,0.5,0.1,128,256,1245184,3930028908,nan,1024,1024,1,1.0
2022-09-24T12:53:59,suffix.2-rec.2.relu-attention.2,1798,77,2.0102345943450928,0.5,0.1,128,256,2523136,3930028908,4.082932353019714,1024,1024,1,1.0
2022-09-24T12:54:04,suffix.2-dense.16.tanh-suffix.2,16656,242,4.006080389022827,0.5,0.1,128,64,1982464,3930028908,3.346051037311554,1024,1024,1,1.0
2022-09-24T12:54:05,suffix.4-dense.4.tanh,5380,55,1.0005691051483154,0.2,0.1,128,64,450560,3930028908,4.1577266454696655,1024,1024,1,1.0
2022-09-24T12:54:08,suffix.2-rec.16.relu,12816,104,2.0089497566223145,0.2,0.1,128,128,1703936,3930028908,3.457998812198639,1024,1024,1,1.0
2022-09-24T12:54:09,suffix.2-dense.16.relu,12560,56,1.0093116760253906,0.5,0.1,128,64,458752,3930028908,3.4943134784698486,1024,1024,1,1.0
2022-09-24T12:54:11,rec.4.relu,2324,44,1.0019018650054932,1.0,0.1,128,256,1441792,3930028908,nan,1024,1024,1,1.0
2022-09-24T12:54:15,suffix.4-dense.8.relu,10504,154,4.01990270614624,0.5,0.1,128,1024,20185088,3930028908,3.3334341049194336,1024,1024,1,1.0
2022-09-24T12:54:17,dense.4.tanh,2308,146,2.000025510787964,0.5,0.1,128,16,299008,3930028908,3.9751312136650085,1024,1024,1,1.0
2022-09-24T12:54:19,suffix.4-dense.16.relu,20752,57,1.0085716247558594,0.5,0.1,128,32,233472,3930028908,3.4791069626808167,1024,1024,1,1.0
2022-09-24T12:54:27,rec.4.relu,2324,494,8.01388692855835,0.5,0.1,128,128,8093696,3930028908,3.951858699321747,1024,1024,1,1.0
2022-09-24T12:54:29,attention.4-dense.16.relu,8464,51,1.0099256038665771,0.5,0.1,128,32,208896,3930028908,4.163084506988525,1024,1024,1,1.0
2022-09-24T12:54:31,suffix.2-rec.16.relu-suffix.2,16912,68,2.018484354019165,0.5,0.1,128,1024,8912896,3930028908,3.436945080757141,1024,1024,1,1.0
2022-09-24T12:54:33,attention.2-rec.1.tanh-suffix.2,1026,43,1.014535903930664,0.5,0.1,128,256,1409024,3930028908,4.332724094390869,1024,1024,1,1.0
2022-09-24T12:54:50,suffix.2-dense.2.relu,1794,848,16.00423812866211,0.5,0.1,128,512,55574528,3930028908,3.9753342270851135,1024,1024,1,1.0
2022-09-24T12:54:54,attention.4.pos-dense.8.relu,5384,93,4.000360488891602,0.5,0.1,128,1024,12189696,3930028908,4.800418138504028,1024,1024,1,1.0
2022-09-24T12:54:56,attention.2-rec.1.tanh-suffix.2,1026,43,1.0084106922149658,0.2,0.1,128,256,1409024,3930028908,4.670525431632996,1024,1024,1,1.0
2022-09-24T12:54:59,attention.4-dense.8.relu,4360,78,2.009443998336792,0.5,0.1,128,1024,10223616,3930028908,4.034057855606079,1024,1024,1,1.0
2022-09-24T12:55:01,rec.4.tanh-attention.2,2324,34,1.0094759464263916,0.5,0.1,128,32,139264,3930028908,4.075968027114868,1024,1024,1,1.0
2022-09-24T12:55:34,attention.2-rec.1.tanh-suffix.2,1026,1443,32.00933647155762,0.5,0.1,128,1024,189136896,3930028908,4.334017634391785,1024,1024,1,1.0
2022-09-24T12:55:35,dense.2.tanh,1282,66,1.000105619430542,0.5,0.1,128,16,135168,3930028908,4.214216351509094,1024,1024,1,1.0
2022-09-24T12:55:38,suffix.2-rec.2.relu-attention.2,1798,87,2.0070464611053467,0.5,0.1,128,32,356352,3930028908,4.331364870071411,1024,1024,1,1.0
2022-09-24T12:55:39,dense.1.tanh,769,81,1.0010981559753418,0.5,0.1,128,16,165888,3930028908,4.480478525161743,1024,1024,1,1.0
2022-09-24T12:55:43,suffix.2-dense.8.tanh,6408,249,4.006767511367798,1.0,0.1,128,256,8159232,3930028908,3.506974697113037,1024,1024,1,1.0
2022-09-24T12:55:52,suffix.2-rec.1.tanh-suffix.2,1282,452,8.007726669311523,0.5,0.1,128,128,7405568,3930028908,4.251131653785706,1024,1024,1,1.0
2022-09-24T12:55:53,suffix.2-dense.16.relu,12560,35,1.0014677047729492,0.5,0.1,128,1024,4587520,3930028908,3.434427559375763,1024,1024,1,1.0
2022-09-24T12:55:56,attention.2.pos-dense.32.tanh-suffix.2,25376,46,2.012145757675171,0.5,0.1,128,1024,6029312,3930028908,15.645638227462769,1024,1024,1,1.0
2022-09-24T12:55:58,attention.2-dense.16.relu,8464,35,1.0146088600158691,0.5,0.1,128,1024,4587520,3930028908,3.7751694917678833,1024,1024,1,1.0
2022-09-24T12:56:00,suffix.2-dense.4.tanh,3332,117,2.0127618312835693,1.0,0.1,128,256,3833856,3930028908,3.763627052307129,1024,1024,1,1.0
2022-09-24T12:56:02,suffix.4-dense.2.relu,2818,30,1.0256261825561523,0.5,0.1,128,1024,3932160,3930028908,4.100574612617493,1024,1024,1,1.0
2022-09-24T12:56:07,attention.4.pos-dense.16.tanh,9488,187,4.017445802688599,0.5,0.1,128,128,3063808,3930028908,4.839435577392578,1024,1024,1,1.0
2022-09-24T12:56:08,rec.8.relu,4424,26,1.0200591087341309,0.5,0.1,128,2048,6815744,3930028908,4.002710402011871,1024,1024,1,1.0
2022-09-24T12:56:11,attention.8-dense.16.tanh,8464,105,2.0031142234802246,0.5,0.1,128,256,3440640,3930028908,4.136038303375244,1024,1024,1,1.0
2022-09-24T12:56:13,rec.4.tanh-attention.2.pos,2332,14,1.0078966617584229,0.5,0.1,128,2048,3670016,3930028908,4.307309865951538,1024,1024,1,1.0
2022-09-24T12:58:21,attention.2-rec.1.tanh,770,5165,128.02545857429504,0.5,0.1,128,512,338493440,3930028908,4.3916401863098145,1024,1024,1,1.0
2022-09-24T12:58:23,suffix.2-rec.4.relu-attention.2.pos,3356,12,1.0186078548431396,0.5,0.1,128,512,786432,3930028908,4.8275450468063354,1024,1024,1,1.0
2022-09-24T12:58:32,attention.2-rec.4.relu,2324,261,8.027292966842651,0.5,0.1,128,32,1069056,3930028908,3.844795286655426,1024,1024,1,1.0
2022-09-24T12:58:35,suffix.2-mgru.1-attention.2.pos,1542,57,2.0012946128845215,0.5,0.1,128,256,1867776,3930028908,4.321833848953247,1024,1024,1,1.0
2022-09-24T12:58:37,attention.2.pos-dense.32.relu-suffix.2,25376,24,1.0212371349334717,0.5,0.1,128,256,786432,3930028908,4.849929928779602,1024,1024,1,1.0
2022-09-24T12:58:42,attention.2.pos-dense.8.tanh-attention.2.pos,4888,136,4.012593746185303,0.5,0.1,128,64,1114112,3930028908,4.802974343299866,1024,1024,1,1.0
2022-09-24T12:58:44,suffix.4-dense.4.relu-attention.2,5380,36,1.004317283630371,0.5,0.1,128,64,294912,3930028908,3.930293560028076,1024,1024,1,1.0
2022-09-24T12:58:46,dense.1.tanh,769,193,2.0003907680511475,0.5,0.1,128,16,395264,3930028908,4.423634052276611,1024,1024,1,1.0
2022-09-24T12:58:48,suffix.2-dense.32.relu-suffix.2,33056,40,1.0069358348846436,0.5,0.1,128,256,1310720,3930028908,3.450977623462677,1024,1024,1,1.0
2022-09-24T12:59:04,suffix.2-dense.8.tanh-suffix.2,8456,630,16.005086421966553,0.5,0.1,128,256,20643840,3930028908,3.3361027240753174,1024,1024,1,1.0
2022-09-24T12:59:06,suffix.4-dense.4.relu-dense.4.relu,5400,40,1.0142066478729248,0.5,0.1,128,64,327680,3930028908,3.990591526031494,1024,1024,1,1.0
2022-09-24T12:59:09,attention.2.pos-dense.32.tanh,17184,64,2.000670909881592,0.5,0.1,128,512,4194304,3930028908,4.903325796127319,1024,1024,1,1.0
2022-09-24T12:59:13,suffix.2-dense.32.tanh,24864,218,4.012906312942505,0.5,0.1,128,512,14286848,3930028908,3.1419599652290344,1024,1024,1,1.0
2022-09-24T12:59:15,attention.4-dense.2.relu,1282,30,1.0137982368469238,0.5,0.1,128,1024,3932160,3930028908,4.414433121681213,1024,1024,1,1.0
2022-09-24T12:59:18,attention.4-dense.8.tanh-attention.2,4360,79,2.0114190578460693,0.5,0.1,128,256,2588672,3930028908,4.217937231063843,1024,1024,1,1.0
2022-09-24T12:59:20,suffix.2-dense.32.relu-suffix.2-dense.64.relu,37216,16,1.0183606147766113,0.5,0.1,128,128,262144,3930028908,4.74693763256073,1024,1024,1,1.0
2022-09-24T12:59:28,suffix.2-rec.8.tanh-dense.8.relu,6544,352,8.01035451889038,0.5,0.1,128,64,2883584,3930028908,3.535521447658539,1024,1024,1,1.0
2022-09-24T12:59:30,suffix.4-dense.1.relu,1537,38,1.00396728515625,0.5,0.1,128,1024,4980736,3930028908,4.378461599349976,1024,1024,1,1.0
2022-09-24T12:59:35,suffix.2-mgru.1-attention.2.pos,1542,141,4.010835409164429,0.5,0.1,128,256,4620288,3930028908,4.294438004493713,1024,1024,1,1.0
2022-09-24T12:59:37,suffix.2-dense.4.tanh,3332,51,2.016838788986206,0.5,0.1,128,2048,13369344,3930028908,3.7993218302726746,1024,1024,1,1.0
2022-09-24T12:59:39,attention.4-dense.4.relu-attention.2,2308,35,1.0105493068695068,0.5,0.1,128,64,286720,3930028908,4.393555760383606,1024,1024,1,1.0
2022-09-24T13:00:44,rec.1.relu-attention.2.pos,772,2262,64.00865530967712,0.5,0.1,128,512,148242432,3930028908,4.296202540397644,1024,1024,1,1.0
2022-09-24T13:00:46,suffix.2-dense.16.relu-attention.2.pos,12592,15,1.0306472778320312,0.5,0.1,128,1024,1966080,3930028908,3.9516296982765198,1024,1024,1,1.0
2022-09-24T13:00:48,suffix.2-dense.8.tanh,6408,128,2.003972053527832,0.2,0.1,128,64,1048576,3930028908,3.5697383880615234,1024,1024,1,1.0
2022-09-24T13:00:50,suffix.2-dense.32.relu-suffix.2,33056,49,1.0133056640625,0.5,0.1,128,64,401408,3930028908,3.4336681365966797,1024,1024,1,1.0
2022-09-24T13:00:55,suffix.2-dense.32.tanh-attention.2,24864,176,4.000375747680664,0.5,0.1,128,256,5767168,3930028908,3.203318953514099,1024,1024,1,1.0
2022-09-24T13:00:56,suffix.2-dense.16.relu-suffix.2,16656,49,1.0127756595611572,0.5,0.1,128,64,401408,3930028908,3.5111581087112427,1024,1024,1,1.0
2022-09-24T13:00:58,suffix.4-dense.1.relu,1537,94,2.010024070739746,0.5,0.1,128,1024,12320768,3930028908,4.2805153131484985,1024,1024,1,1.0
2022-09-24T13:01:00,attention.2-rec.2.relu-suffix.2,1798,35,1.0063321590423584,0.5,0.1,128,256,1146880,3930028908,4.423297166824341,1024,1024,1,1.0
2022-09-24T13:01:09,suffix.2-rec.4.tanh,3348,460,8.011085987091064,0.5,0.1,128,32,1884160,3930028908,3.73305881023407,1024,1024,1,1.0
2022-09-24T13:01:10,suffix.2-dense.32.relu,24864,52,1.0038948059082031,0.5,0.1,128,128,851968,3930028908,3.3317856788635254,1024,1024,1,1.0
2022-09-24T13:01:13,attention.2.pos-dense.16.tanh-attention.2.pos,9008,51,2.0021612644195557,0.5,0.1,128,256,1671168,3930028908,4.744599342346191,1024,1024,1,1.0
2022-09-24T13:01:30,suffix.2-dense.4.tanh,3332,916,16.015047550201416,0.5,0.1,128,512,60030976,3930028908,3.65495502948761,1024,1024,1,1.0
2022-09-24T13:01:31,suffix.4-dense.2.relu-attention.2,2818,38,1.0046191215515137,0.5,0.1,128,64,311296,3930028908,4.608656167984009,1024,1024,1,1.0
2022-09-24T13:01:36,rec.4.relu-attention.2.pos,2332,161,4.021786212921143,0.5,0.1,128,256,5275648,3930028908,4.09856379032135,1024,1024,1,1.0
2022-09-24T13:01:38,attention.2-dense.8.tanh,4360,24,1.0025272369384766,0.5,0.1,128,2048,6291456,3930028908,3.967984914779663,1024,1024,1,1.0
2022-09-24T13:01:40,dense.4.tanh,2308,128,2.0001614093780518,1.0,0.1,128,256,4194304,3930028908,3.8909927010536194,1024,1024,1,1.0
2022-09-24T13:01:42,attention.2.pos-dense.32.relu,17184,32,1.0019052028656006,0.5,0.1,128,128,524288,3930028908,4.855269908905029,1024,1024,1,1.0
2022-09-24T13:02:14,rec.4.tanh,2324,2063,32.00647497177124,0.2,0.1,128,128,33800192,3930028908,3.6714906096458435,1024,1024,1,1.0
2022-09-24T13:02:17,suffix.4-dense.4.relu,5380,73,2.0168917179107666,0.5,0.1,128,1024,9568256,3930028908,3.7797500491142273,1024,1024,1,1.0
2022-09-24T13:02:18,suffix.2-dense.32.relu-suffix.2,33056,44,1.0007636547088623,0.2,0.1,128,128,720896,3930028908,3.3327556848526,1024,1024,1,1.0
2022-09-24T13:02:23,dense.1.tanh,769,401,4.003449201583862,0.5,0.1,128,16,821248,3930028908,4.452035903930664,1024,1024,1,1.0
2022-09-24T13:02:24,suffix.2-dense.16.relu-suffix.2,16656,46,1.001410722732544,0.2,0.1,128,128,753664,3930028908,3.524468719959259,1024,1024,1,1.0
2022-09-24T13:02:27,suffix.2-dense.32.relu-suffix.2,33056,102,2.0099098682403564,0.2,0.1,128,128,1671168,3930028908,3.1576778292655945,1024,1024,1,1.0
2022-09-24T13:02:28,attention.2-rec.2.relu,1286,47,1.0064854621887207,1.0,0.1,128,64,385024,3930028908,nan,1024,1024,1,1.0
2022-09-24T13:02:37,suffix.2-dense.1.tanh,1025,185,8.013667106628418,0.5,0.1,128,2048,48496640,3930028908,4.288924932479858,1024,1024,1,1.0
2022-09-24T13:02:38,suffix.2-dense.16.relu-dense.16.relu,12832,23,1.0047097206115723,0.5,0.1,128,1024,3014656,3930028908,3.814416766166687,1024,1024,1,1.0
2022-09-24T13:02:41,suffix.2-dense.2.tanh,1794,113,2.0097761154174805,1.0,0.1,128,256,3702784,3930028908,4.11478865146637,1024,1024,1,1.0
2022-09-24T13:02:45,dense.4.tanh,2308,270,4.013548135757446,1.0,0.1,128,256,8847360,3930028908,3.884856939315796,1024,1024,1,1.0
2022-09-24T13:02:47,attention.2-dense.16.tanh,8464,53,1.0082547664642334,0.2,0.1,128,64,434176,3930028908,3.90628582239151,1024,1024,1,1.0
2022-09-24T13:02:49,attention.2-rec.2.tanh-suffix.2,1798,36,1.0024974346160889,1.0,0.1,128,256,1179648,3930028908,4.299596309661865,1024,1024,1,1.0
2022-09-24T13:02:52,rec.1.relu-attention.4.pos,774,90,2.002446174621582,0.5,0.1,128,128,1474560,3930028908,4.334881782531738,1024,1024,1,1.0
2022-09-24T13:02:53,dense.8.tanh-dense.8.relu,4432,34,1.0127251148223877,0.5,0.1,128,512,2228224,3930028908,4.081429839134216,1024,1024,1,1.0
2022-09-24T13:03:10,attention.2-rec.2.tanh-suffix.2,1798,810,16.00675630569458,0.5,0.1,128,256,26542080,3930028908,3.952900230884552,1024,1024,1,1.0
2022-09-24T13:03:15,rec.1.relu-attention.4.pos,774,198,4.0048699378967285,0.5,0.1,128,128,3244032,3930028908,4.762984037399292,1024,1024,1,1.0
2022-09-24T13:03:16,suffix.4-dense.4.relu,5380,59,1.005094289779663,1.0,0.1,128,64,483328,3930028908,4.851601600646973,1024,1024,1,1.0
2022-09-24T13:03:19,attention.4-dense.2.relu,1282,78,2.0000596046447754,0.5,0.1,128,1024,10223616,3930028908,4.330862879753113,1024,1024,1,1.0
2022-09-24T13:03:21,rec.2.tanh-attention.2,1286,33,1.0084686279296875,0.5,0.1,128,32,135168,3930028908,4.300356984138489,1024,1024,1,1.0
2022-09-24T13:03:29,suffix.2-dense.16.tanh,12560,560,8.010291576385498,0.2,0.1,128,64,4587520,3930028908,3.255988121032715,1024,1024,1,1.0
2022-09-24T13:03:32,suffix.2-dense.16.relu-suffix.2,16656,112,2.015509843826294,0.2,0.1,128,128,1835008,3930028908,3.3166213035583496,1024,1024,1,1.0
2022-09-24T13:03:33,suffix.2-dense.16.relu,12560,37,1.013216495513916,0.2,0.1,128,1024,4849664,3930028908,3.5996038913726807,1024,1024,1,1.0
2022-09-24T13:03:35,attention.2.pos-dense.16.tanh-attention.2,8976,20,1.0220997333526611,0.5,0.1,128,128,327680,3930028908,4.988383412361145,1024,1024,1,1.0
2022-09-24T13:03:39,dense.4.tanh,2308,316,4.00519871711731,0.5,0.1,128,16,647168,3930028908,3.933463454246521,1024,1024,1,1.0
2022-09-24T13:03:42,suffix.4-rec.4.relu-attention.2,5396,77,2.0146679878234863,0.5,0.1,128,256,2523136,3930028908,3.9419138431549072,1024,1024,1,1.0
2022-09-24T13:03:44,suffix.4-rec.8.relu,10568,45,1.014249563217163,0.5,0.1,128,128,737280,3930028908,3.6818774342536926,1024,1024,1,1.0
2022-09-24T13:03:45,attention.2-dense.2.relu,1282,49,1.006258249282837,0.5,0.1,128,128,802816,3930028908,4.46102774143219,1024,1024,1,1.0
2022-09-24T13:03:48,suffix.2-dense.32.relu-suffix.2,33056,114,2.004394292831421,0.5,0.1,128,64,933888,3930028908,3.5408213138580322,1024,1024,1,1.0
2022-09-24T13:03:56,suffix.2-dense.32.tanh,24864,461,8.006985425949097,0.5,0.1,128,512,30212096,3930028908,3.1222201585769653,1024,1024,1,1.0
2022-09-24T13:03:58,suffix.2-dense.8.relu,6408,35,1.014012098312378,0.2,0.1,128,1024,4587520,3930028908,4.002838969230652,1024,1024,1,1.0
2022-09-24T13:04:03,suffix.2-rec.4.relu-attention.2.pos,3356,160,4.001054048538208,0.5,0.1,128,64,1310720,3930028908,3.792117178440094,1024,1024,1,1.0
2022-09-24T13:04:04,suffix.2-dense.32.relu-suffix.2,33056,44,1.0094568729400635,0.2,0.1,128,128,720896,3930028908,3.3603137731552124,1024,1024,1,1.0
2022-09-24T13:04:07,dense.4.tanh-attention.2,2308,91,2.006657361984253,0.5,0.1,128,256,2981888,3930028908,3.844293177127838,1024,1024,1,1.0
2022-09-24T13:04:08,suffix.2-dense.16.relu,12560,37,1.0124926567077637,1.0,0.1,128,1024,4849664,3930028908,4.616260051727295,1024,1024,1,1.0
2022-09-24T13:04:41,suffix.2-rec.8.relu,6472,1635,32.0143027305603,0.2,0.1,128,512,107151360,3930028908,3.3868709802627563,1024,1024,1,1.0
2022-09-24T13:04:42,suffix.4-dense.8.tanh,10504,59,1.0055201053619385,1.0,0.1,128,128,966656,3930028908,3.687419295310974,1024,1024,1,1.0
2022-09-24T13:04:45,attention.2-dense.16.relu,8464,86,2.0177271366119385,0.5,0.1,128,1024,11272192,3930028908,3.638698101043701,1024,1024,1,1.0
2022-09-24T13:04:49,suffix.4-dense.4.relu,5380,151,4.010286331176758,0.5,0.1,128,1024,19791872,3930028908,3.6338778138160706,1024,1024,1,1.0
2022-09-24T13:04:51,dense.2.tanh-attention.2,1282,39,1.0110323429107666,0.5,0.1,128,128,638976,3930028908,4.237730383872986,1024,1024,1,1.0
2022-09-24T13:05:07,suffix.4-dense.8.relu,10504,1042,16.006333827972412,0.5,0.1,128,256,34144256,3930028908,3.3537293672561646,1024,1024,1,1.0
2022-09-24T13:05:09,attention.4.pos-dense.8.tanh,5384,33,1.0043940544128418,1.0,0.1,128,128,540672,3930028908,5.621447920799255,1024,1024,1,1.0
2022-09-24T13:05:12,attention.2-rec.2.relu-dense.2.relu,1292,75,2.0189521312713623,0.5,0.1,128,128,1228800,3930028908,4.351597428321838,1024,1024,1,1.0
2022-09-24T13:05:14,rec.16.relu,8720,47,1.0006811618804932,0.2,0.1,128,128,770048,3930028908,3.733187198638916,1024,1024,1,1.0
2022-09-24T13:05:22,suffix.2-dense.32.tanh-attention.2,24864,366,8.016776323318481,0.5,0.1,128,256,11993088,3930028908,3.172567129135132,1024,1024,1,1.0
2022-09-24T13:05:25,suffix.2-dense.16.relu,12560,83,2.015730857849121,0.2,0.1,128,1024,10878976,3930028908,3.388983905315399,1024,1024,1,1.0
2022-09-24T13:05:26,suffix.2-dense.8.relu,6408,48,1.01485276222229,1.0,0.1,128,512,3145728,3930028908,4.1862382888793945,1024,1024,1,1.0
2022-09-24T13:05:31,suffix.2-dense.32.tanh-suffix.2,33056,153,4.0022032260894775,0.5,0.1,128,1024,20054016,3930028908,3.070667803287506,1024,1024,1,1.0
2022-09-24T13:05:33,attention.2.pos-dense.32.relu-suffix.2,25376,29,1.0044825077056885,0.2,0.1,128,128,475136,3930028908,4.2922422885894775,1024,1024,1,1.0
2022-09-24T13:05:35,attention.2-dense.8.tanh,4360,115,2.008431911468506,1.0,0.1,128,256,3768320,3930028908,3.8997684717178345,1024,1024,1,1.0
2022-09-24T13:05:37,attention.2-rec.4.relu,2324,22,1.0282857418060303,0.5,0.1,128,2048,5767168,3930028908,4.1291351318359375,1024,1024,1,1.0
2022-09-24T13:06:42,rec.1.tanh-suffix.2,1026,2158,64.00828838348389,0.5,0.1,128,2048,565706752,3930028908,4.2115418910980225,1024,1024,1,1.0
2022-09-24T13:06:43,suffix.2-dense.4.tanh-dense.8.relu,4396,29,1.0199029445648193,0.5,0.1,128,512,1900544,3930028908,3.955694556236267,1024,1024,1,1.0
2022-09-24T13:06:46,suffix.2-dense.16.tanh-attention.2,12560,74,2.014401912689209,0.5,0.1,128,256,2424832,3930028908,3.3781853318214417,1024,1024,1,1.0
2022-09-24T13:06:51,suffix.4-dense.32.tanh-suffix.2,49440,184,4.005574703216553,0.5,0.1,128,512,12058624,3930028908,3.0346591472625732,1024,1024,1,1.0
2022-09-24T13:06:52,suffix.2-dense.8.relu,6408,48,1.013216257095337,0.5,0.1,128,256,1572864,3930028908,3.6673017740249634,1024,1024,1,1.0
2022-09-24T13:07:01,suffix.2-dense.32.tanh,24864,529,8.00163221359253,0.5,0.1,128,128,8667136,3930028908,3.24623966217041,1024,1024,1,1.0
2022-09-24T13:07:02,suffix.2-rec.2.tanh,1798,19,1.029749870300293,0.5,0.1,128,2048,4980736,3930028908,4.284082651138306,1024,1024,1,1.0
2022-09-24T13:07:05,rec.2.relu,1286,104,2.014378547668457,1.0,0.1,128,256,3407872,3930028908,4.465166449546814,1024,1024,1,1.0
2022-09-24T13:07:06,suffix.2-dense.32.relu-attention.2.pos,24928,26,1.0182602405548096,0.2,0.1,128,128,425984,3930028908,3.796573281288147,1024,1024,1,1.0
2022-09-24T13:07:11,suffix.2-dense.32.relu-suffix.2,33056,211,4.014480352401733,0.2,0.1,128,128,3457024,3930028908,3.078818917274475,1024,1024,1,1.0
2022-09-24T13:07:12,suffix.2-rec.4.tanh,3348,39,1.0043222904205322,1.0,0.1,128,256,1277952,3930028908,3.8914321660995483,1024,1024,1,1.0
2022-09-24T13:07:15,suffix.2-dense.4.tanh,3332,125,2.006458282470703,0.2,0.1,128,64,1024000,3930028908,3.850808799266815,1024,1024,1,1.0
2022-09-24T13:07:16,suffix.2-dense.16.relu,12560,52,1.0051157474517822,0.5,0.1,128,128,851968,3930028908,3.456454336643219,1024,1024,1,1.0
2022-09-24T13:07:33,suffix.2-dense.1.tanh,1025,584,16.02458906173706,0.5,0.1,128,2048,153092096,3930028908,4.356972575187683,1024,1024,1,1.0
2022-09-24T13:07:35,suffix.2-dense.32.tanh-suffix.2,33056,71,2.000351667404175,0.5,0.1,128,1024,9306112,3930028908,3.1558070182800293,1024,1024,1,1.0
2022-09-24T13:07:37,suffix.2-rec.16.relu,12816,44,1.0157465934753418,0.5,0.1,128,128,720896,3930028908,nan,1024,1024,1,1.0
2022-09-24T13:07:42,attention.4.pos-dense.32.tanh-suffix.2,25888,125,4.01780104637146,0.5,0.1,128,512,8192000,3930028908,20.42601490020752,1024,1024,1,1.0
2022-09-24T13:07:43,suffix.2-rec.1.tanh,1026,25,1.0183813571929932,0.5,0.1,128,2048,6553600,3930028908,4.477937817573547,1024,1024,1,1.0
2022-09-24T13:07:46,suffix.2-rec.2.tanh,1798,47,2.021573066711426,0.5,0.1,128,2048,12320768,3930028908,4.117578506469727,1024,1024,1,1.0
2022-09-24T13:07:48,attention.2-rec.1.tanh-suffix.2,1026,41,1.017587423324585,1.0,0.1,128,256,1343488,3930028908,4.31879198551178,1024,1024,1,1.0
2022-09-24T13:07:56,suffix.4-dense.8.relu,10504,312,8.01807951927185,0.5,0.1,128,1024,40894464,3930028908,3.3491950631141663,1024,1024,1,1.0
2022-09-24T13:07:58,suffix.2-rec.8.relu-attention.2.pos,6488,25,1.004976511001587,0.5,0.1,128,64,204800,3930028908,4.166356205940247,1024,1024,1,1.0
2022-09-24T13:08:00,suffix.2-dense.8.relu-suffix.2,8456,109,2.0079691410064697,0.2,0.1,128,128,1785856,3930028908,3.4722588658332825,1024,1024,1,1.0
2022-09-24T13:08:02,dense.16.tanh,8464,55,1.0111007690429688,0.2,0.1,128,256,1802240,3930028908,3.792450189590454,1024,1024,1,1.0
2022-09-24T13:08:06,suffix.4-dense.32.tanh-suffix.2,49440,187,4.019570350646973,0.5,0.1,128,512,12255232,3930028908,3.0629199147224426,1024,1024,1,1.0
2022-09-24T13:08:08,attention.2-rec.2.relu,1286,22,1.0266916751861572,0.5,0.1,128,2048,5767168,3930028908,4.542542457580566,1024,1024,1,1.0
2022-09-24T13:08:11,suffix.2-dense.2.tanh,1794,133,2.003284215927124,0.2,0.1,128,64,1089536,3930028908,4.174071431159973,1024,1024,1,1.0
2022-09-24T13:08:43,rec.4.relu,2324,2031,32.00604248046875,0.2,0.1,128,128,33275904,3930028908,3.6995723247528076,1024,1024,1,1.0
2022-09-24T13:08:45,attention.2-rec.2.tanh-suffix.2,1798,39,1.0119874477386475,0.5,0.1,128,256,1277952,3930028908,4.102139234542847,1024,1024,1,1.0
2022-09-24T13:08:53,attention.2-rec.8.tanh,4424,330,8.012831449508667,0.5,0.1,128,1024,43253760,3930028908,3.480642557144165,1024,1024,1,1.0
2022-09-24T13:08:55,attention.2.pos-dense.32.tanh-suffix.2,25376,29,1.002342939376831,0.5,0.1,128,128,475136,3930028908,30.343763828277588,1024,1024,1,1.0
2022-09-24T13:08:58,suffix.4-dense.4.relu-attention.2,5380,100,2.0083980560302734,0.5,0.1,128,64,819200,3930028908,4.018419325351715,1024,1024,1,1.0
2022-09-24T13:09:03,attention.2.pos-rec.8.tanh-attention.2.pos,4952,122,4.002808570861816,0.5,0.1,128,128,1998848,3930028908,4.778989195823669,1024,1024,1,1.0
2022-09-24T13:09:04,suffix.2-dense.4.tanh,3332,58,1.0064456462860107,0.2,0.1,128,32,237568,3930028908,4.172769784927368,1024,1024,1,1.0
2022-09-24T13:09:07,suffix.2-dense.4.tanh-dense.8.relu,4396,76,2.0119264125823975,0.5,0.1,128,512,4980736,3930028908,3.648404538631439,1024,1024,1,1.0
2022-09-24T13:09:09,attention.2-mgru.2,1804,26,1.003580093383789,0.5,0.1,128,32,106496,3930028908,4.277265310287476,1024,1024,1,1.0
2022-09-24T13:09:26,suffix.2-dense.8.tanh-attention.2.pos,6424,760,16.00277304649353,0.5,0.1,128,64,6225920,3930028908,3.436351954936981,1024,1024,1,1.0
2022-09-24T13:09:27,attention.2-rec.2.tanh,1286,44,1.0020020008087158,0.2,0.1,128,128,720896,3930028908,4.654265642166138,1024,1024,1,1.0
2022-09-24T13:09:30,suffix.2-rec.2.relu-attention.2.pos,1802,75,2.0193827152252197,0.5,0.1,128,64,614400,3930028908,4.47449517250061,1024,1024,1,1.0
2022-09-24T13:09:32,suffix.2-dense.32.relu-suffix.2,33056,45,1.000317096710205,1.0,0.1,128,128,737280,3930028908,4.539079070091248,1024,1024,1,1.0
2022-09-24T13:09:36,suffix.4-dense.16.tanh-suffix.2,24848,42,4.007681846618652,0.5,0.1,128,512,2752512,3930028908,3.455040216445923,1024,1024,1,1.0
2022-09-24T13:09:38,attention.2-rec.2.tanh,1286,34,1.004967451095581,0.5,0.1,128,512,2228224,3930028908,4.397045850753784,1024,1024,1,1.0
2022-09-24T13:09:41,attention.4.pos-dense.16.tanh,9488,89,2.012387752532959,0.5,0.1,128,32,364544,3930028908,4.866711854934692,1024,1024,1,1.0
2022-09-24T13:09:42,suffix.2-dense.8.tanh,6408,52,1.0003693103790283,0.5,0.1,128,128,851968,3930028908,3.5876960158348083,1024,1024,1,1.0
2022-09-24T13:09:51,suffix.2-dense.32.tanh-suffix.2,33056,312,8.021439790725708,0.5,0.1,128,1024,40894464,3930028908,3.0549851655960083,1024,1024,1,1.0
2022-09-24T13:09:55,suffix.4-dense.32.relu-suffix.2,49440,190,4.018742799758911,0.5,0.1,128,512,12451840,3930028908,3.1927478313446045,1024,1024,1,1.0
2022-09-24T13:09:57,attention.2-rec.1.tanh-suffix.2,1026,40,1.0108795166015625,1.0,0.1,128,256,1310720,3930028908,4.535113453865051,1024,1024,1,1.0
2022-09-24T13:10:00,suffix.2-rec.32.relu-suffix.2,34080,79,2.016167640686035,0.5,0.1,128,512,5177344,3930028908,nan,1024,1024,1,1.0
2022-09-24T13:10:01,suffix.2-dense.16.relu,12560,36,1.0082879066467285,0.5,0.1,128,1024,4718592,3930028908,3.5065526366233826,1024,1024,1,1.0
2022-09-24T13:12:10,rec.2.tanh-suffix.2-dense.4.relu,1818,3944,128.01368975639343,0.5,0.1,128,512,258473984,3930028908,3.869243621826172,1024,1024,1,1.0
2022-09-24T13:12:11,suffix.2-dense.4.tanh,3332,55,1.0102717876434326,1.0,0.1,128,32,225280,3930028908,3.9655503034591675,1024,1024,1,1.0
2022-09-24T13:12:14,suffix.2-dense.4.tanh,3332,127,2.009131908416748,1.0,0.1,128,32,520192,3930028908,3.8851587176322937,1024,1024,1,1.0
2022-09-24T13:12:16,attention.2-rec.4.tanh,2324,40,1.0057952404022217,1.0,0.1,128,256,1310720,3930028908,4.244062066078186,1024,1024,1,1.0
2022-09-24T13:12:21,suffix.4-dense.32.tanh-attention.2.pos,41312,135,4.020492792129517,0.5,0.1,128,512,8847360,3930028908,3.0275734066963196,1024,1024,1,1.0
2022-09-24T13:12:22,suffix.4-rec.4.relu,5396,44,1.0102472305297852,1.0,0.1,128,128,720896,3930028908,4.542157173156738,1024,1024,1,1.0
2022-09-24T13:12:25,suffix.2-rec.2.relu,1798,103,2.0038180351257324,1.0,0.1,128,32,421888,3930028908,nan,1024,1024,1,1.0
2022-09-24T13:12:26,suffix.2-rec.32.relu-suffix.2,34080,35,1.0109219551086426,0.2,0.1,128,128,573440,3930028908,3.434744954109192,1024,1024,1,1.0
2022-09-24T13:12:35,attention.4.pos-dense.16.tanh,9488,345,8.011378765106201,0.5,0.1,128,256,11304960,3930028908,4.856315612792969,1024,1024,1,1.0
2022-09-24T13:12:38,dense.32.tanh-attention.2,16672,83,2.0126821994781494,0.5,0.1,128,256,2719744,3930028908,3.5933598279953003,1024,1024,1,1.0
2022-09-24T13:12:40,mgru.4-dense.4.relu,3388,20,1.0070629119873047,0.5,0.1,128,32,81920,3930028908,4.6825034618377686,1024,1024,1,1.0
2022-09-24T13:12:56,suffix.2-rec.4.tanh,3348,939,16.010451078414917,0.5,0.1,128,32,3846144,3930028908,3.7304248213768005,1024,1024,1,1.0
2022-09-24T13:12:58,suffix.4-rec.1.tanh,1538,50,1.0066628456115723,0.5,0.1,128,64,409600,3930028908,4.447253584861755,1024,1024,1,1.0
2022-09-24T13:13:03,attention.4-dense.32.tanh-attention.2.pos,16736,139,4.013897895812988,0.5,0.1,128,512,9109504,3930028908,3.9205262064933777,1024,1024,1,1.0
2022-09-24T13:13:05,suffix.2-rec.16.tanh-suffix.2,16912,91,2.001438856124878,0.2,0.1,128,128,1490944,3930028908,3.3721529841423035,1024,1024,1,1.0
2022-09-24T13:13:07,dense.16.relu,8464,40,1.0161285400390625,0.2,0.1,128,1024,5242880,3930028908,3.832507371902466,1024,1024,1,1.0
2022-09-24T13:13:08,mgru.4,3368,28,1.0104320049285889,0.2,0.1,128,32,114688,3930028908,4.677080750465393,1024,1024,1,1.0
2022-09-24T13:13:11,suffix.4-dense.8.tanh,10504,124,2.0051796436309814,0.5,0.1,128,32,507904,3930028908,3.512743294239044,1024,1024,1,1.0
2022-09-24T13:13:15,suffix.4-dense.1.relu,1537,197,4.007823944091797,0.5,0.1,128,1024,25821184,3930028908,4.283743858337402,1024,1024,1,1.0
2022-09-24T13:13:17,suffix.2-rec.2.relu,1798,47,1.0043787956237793,1.0,0.1,128,32,192512,3930028908,4.783654808998108,1024,1024,1,1.0
2022-09-24T13:13:49,rec.4.tanh-suffix.2-dense.8.relu,3420,1133,32.01526212692261,0.5,0.1,128,512,74252288,3930028908,3.5501187443733215,1024,1024,1,1.0
2022-09-24T13:13:51,suffix.4-dense.8.tanh-dense.8.relu,10576,36,1.0035009384155273,0.5,0.1,128,128,589824,3930028908,3.7956748008728027,1024,1024,1,1.0
2022-09-24T13:13:54,suffix.2-rec.8.relu-attention.2,6472,73,2.0095973014831543,0.5,0.1,128,256,2392064,3930028908,3.7286142110824585,1024,1024,1,1.0
2022-09-24T13:13:56,suffix.2-mgru.16-suffix.2,25376,21,1.0119683742523193,0.5,0.1,128,128,344064,3930028908,5.008217930793762,1024,1024,1,1.0
2022-09-24T13:14:04,rec.2.tanh,1286,525,8.013599872589111,0.2,0.1,128,64,4300800,3930028908,4.1170443296432495,1024,1024,1,1.0
2022-09-24T13:14:06,attention.2-rec.1.tanh-suffix.2,1026,31,1.0036613941192627,0.5,0.1,128,1024,4063232,3930028908,4.378003478050232,1024,1024,1,1.0
2022-09-24T13:14:08,suffix.2-dense.16.relu-suffix.2,16656,102,2.012606382369995,0.5,0.1,128,256,3342336,3930028908,3.313171088695526,1024,1024,1,1.0
2022-09-24T13:14:13,suffix.4-rec.16.relu-attention.2.pos,21040,123,4.02582311630249,0.5,0.1,128,512,8060928,3930028908,3.3426263332366943,1024,1024,1,1.0
2022-09-24T13:14:15,suffix.2-dense.8.tanh-attention.2,6408,30,1.0116021633148193,0.5,0.1,128,256,983040,3930028908,3.7421427369117737,1024,1024,1,1.0
2022-09-24T13:14:18,suffix.2-dense.32.tanh-suffix.2,33056,91,2.002180576324463,0.2,0.1,128,512,5963776,3930028908,3.2273678183555603,1024,1024,1,1.0
2022-09-24T13:14:19,suffix.4-dense.16.tanh,20752,44,1.0133275985717773,0.5,0.1,128,512,2883584,3930028908,3.3512162566184998,1024,1024,1,1.0
2022-09-24T13:15:24,rec.2.tanh,1286,2738,64.01366019248962,0.5,0.1,128,64,22429696,3930028908,4.091283798217773,1024,1024,1,1.0
2022-09-24T13:15:25,dense.2.tanh,1282,65,1.0025689601898193,0.5,0.1,128,32,266240,3930028908,4.174458384513855,1024,1024,1,1.0
2022-09-24T13:15:29,dense.32.tanh-suffix.2,24864,171,4.001818895339966,0.5,0.1,128,1024,22413312,3930028908,3.389591872692108,1024,1024,1,1.0
2022-09-24T13:15:32,suffix.2-rec.4.tanh,3348,96,2.0079288482666016,1.0,0.1,128,256,3145728,3930028908,4.149379014968872,1024,1024,1,1.0
2022-09-24T13:15:33,mgru.1,1028,42,1.0183570384979248,0.5,0.1,128,32,172032,3930028908,4.412498235702515,1024,1024,1,1.0
2022-09-24T13:15:50,suffix.2-dense.4.tanh-attention.2,3332,835,16.005833625793457,0.5,0.1,128,128,13680640,3930028908,3.645296037197113,1024,1024,1,1.0
2022-09-24T13:15:52,suffix.2-mgru.4-attention.2,5416,15,1.0055553913116455,0.5,0.1,128,256,491520,3930028908,4.381972432136536,1024,1024,1,1.0
2022-09-24T13:16:01,dense.4.tanh,2308,550,8.004260301589966,1.0,0.1,128,256,18022400,3930028908,3.8950172066688538,1024,1024,1,1.0
2022-09-24T13:16:03,mgru.4,3368,59,2.012855052947998,0.2,0.1,128,512,3866624,3930028908,4.188696026802063,1024,1024,1,1.0
2022-09-24T13:16:05,suffix.2-mgru.8,10640,18,1.002812385559082,0.5,0.1,128,1024,2359296,3930028908,3.871435523033142,1024,1024,1,1.0
2022-09-24T13:16:07,suffix.2-rec.2.tanh,1798,45,1.0057117938995361,0.5,0.1,128,32,184320,3930028908,4.139994263648987,1024,1024,1,1.0
2022-09-24T13:16:11,suffix.2-dense.2.tanh,1794,249,4.005998134613037,1.0,0.1,128,256,8159232,3930028908,4.051297068595886,1024,1024,1,1.0
2022-09-24T13:16:14,suffix.2-rec.16.relu-suffix.2,16912,82,2.0137548446655273,0.2,0.1,128,512,5373952,3930028908,3.284972667694092,1024,1024,1,1.0
2022-09-24T13:16:15,suffix.2-dense.8.relu-suffix.2,8456,41,1.0104198455810547,0.5,0.1,128,512,2686976,3930028908,3.666136085987091,1024,1024,1,1.0
2022-09-24T13:16:17,suffix.2-rec.8.relu-suffix.2,8520,43,1.0061719417572021,0.2,0.1,128,128,704512,3930028908,3.826451599597931,1024,1024,1,1.0
2022-09-24T13:16:21,suffix.2-dense.16.tanh-suffix.2-dense.32.relu,17712,1,3.376594305038452,0.5,0.1,128,256,32768,3930028908,5.310190439224243,1024,1024,1,1.0
2022-09-24T13:16:23,suffix.2-dense.32.tanh-suffix.4,49440,87,2.0118415355682373,0.5,0.1,128,512,5701632,3930028908,3.160212993621826,1024,1024,1,1.0
2022-09-24T13:16:25,suffix.2-dense.16.tanh-suffix.2,16656,44,1.0055251121520996,0.5,0.1,128,32,180224,3930028908,3.706867516040802,1024,1024,1,1.0
2022-09-24T13:16:30,attention.4-dense.2.relu,1282,161,4.000051259994507,0.5,0.1,128,1024,21102592,3930028908,4.324299097061157,1024,1024,1,1.0
2022-09-24T13:16:31,mgru.4,3368,26,1.0019667148590088,1.0,0.1,128,32,106496,3930028908,4.655036211013794,1024,1024,1,1.0
2022-09-24T13:16:34,dense.4.tanh-dense.8.relu,3372,76,2.0064218044281006,0.5,0.1,128,512,4980736,3930028908,3.9653323888778687,1024,1024,1,1.0
2022-09-24T13:16:42,suffix.2-dense.16.tanh-suffix.2,16656,496,8.001257181167603,0.5,0.1,128,64,4063232,3930028908,3.2934322357177734,1024,1024,1,1.0
2022-09-24T13:16:44,suffix.2-dense.4.relu-attention.2.pos,3340,27,1.0181996822357178,0.5,0.1,128,128,442368,3930028908,4.198014497756958,1024,1024,1,1.0
2022-09-24T13:16:47,suffix.2-dense.32.tanh-suffix.2-dense.64.relu,37216,64,2.0247480869293213,0.5,0.1,128,512,4194304,3930028908,4.6081870794296265,1024,1024,1,1.0
2022-09-24T13:16:49,suffix.2-rec.4.tanh-attention.4.pos,3364,25,1.0194432735443115,0.5,0.1,128,128,409600,3930028908,4.028438210487366,1024,1024,1,1.0
2022-09-24T13:16:53,suffix.2-dense.4.tanh-dense.8.relu,4396,159,4.0145392417907715,0.5,0.1,128,512,10420224,3930028908,3.55258446931839,1024,1024,1,1.0
2022-09-24T13:16:55,suffix.2-rec.4.tanh-attention.2.pos-dense.4.relu,3376,18,1.0026741027832031,0.5,0.1,128,128,294912,3930028908,4.458616852760315,1024,1024,1,1.0
2022-09-24T13:16:58,suffix.2-dense.16.tanh-suffix.2-dense.32.relu,17712,72,2.010359287261963,0.5,0.1,128,256,2359296,3930028908,3.550312876701355,1024,1024,1,1.0
2022-09-24T13:17:00,suffix.2-rec.2.tanh-attention.4.pos,1806,23,1.0154321193695068,0.5,0.1,128,128,376832,3930028908,4.333841919898987,1024,1024,1,1.0
2022-09-24T13:17:16,suffix.2-rec.8.tanh,6472,799,16.01448369026184,0.2,0.1,128,512,52363264,3930028908,3.3396928906440735,1024,1024,1,1.0
2022-09-24T13:17:18,rec.4.relu-attention.2,2324,32,1.015143632888794,0.5,0.1,128,128,524288,3930028908,4.192102432250977,1024,1024,1,1.0
2022-09-24T13:17:21,mgru.2-attention.2,1804,48,2.011162281036377,0.5,0.1,128,256,1572864,3930028908,4.076849460601807,1024,1024,1,1.0
2022-09-24T13:17:22,suffix.2-dense.16.relu,12560,56,1.0004866123199463,0.5,0.1,128,128,917504,3930028908,3.4156126379966736,1024,1024,1,1.0
2022-09-24T13:17:27,suffix.2-dense.32.tanh-suffix.4,49440,200,4.013866186141968,0.5,0.1,128,512,13107200,3930028908,3.090846836566925,1024,1024,1,1.0
2022-09-24T13:17:36,suffix.4-dense.32.tanh-attention.2.pos,41312,292,8.007746696472168,0.5,0.1,128,512,19136512,3930028908,3.029732406139374,1024,1024,1,1.0
2022-09-24T13:17:37,dense.2.tanh,1282,69,1.0098826885223389,0.5,0.1,128,32,282624,3930028908,4.1668559312820435,1024,1024,1,1.0
2022-09-24T13:17:40,rec.16.relu-suffix.2,12816,91,2.018702268600464,0.2,0.1,128,512,5963776,3930028908,3.340993344783783,1024,1024,1,1.0
2022-09-24T13:17:41,suffix.2-dense.8.tanh,6408,47,1.0034823417663574,0.5,0.1,128,512,3080192,3930028908,3.575976550579071,1024,1024,1,1.0
2022-09-24T13:21:58,attention.2-rec.2.tanh,1286,8307,256.03656911849976,0.5,0.1,128,512,544407552,3930028908,4.071473598480225,1024,1024,1,1.0
2022-09-24T13:22:00,rec.4.tanh-suffix.2-rec.4.relu,2376,17,1.037743091583252,0.5,0.1,128,512,1114112,3930028908,4.384981274604797,1024,1024,1,1.0
2022-09-24T13:22:03,suffix.2-mgru.8-suffix.2,12688,40,2.025944709777832,0.2,0.1,128,512,2621440,3930028908,3.9231215715408325,1024,1024,1,1.0
2022-09-24T13:22:07,suffix.2-dense.32.tanh-suffix.2,33056,135,4.019212484359741,0.2,0.1,128,512,8847360,3930028908,3.125331163406372,1024,1024,1,1.0
2022-09-24T13:22:09,suffix.2-rec.4.relu,3348,43,1.0061399936676025,0.2,0.1,128,64,352256,3930028908,4.374984860420227,1024,1024,1,1.0
2022-09-24T13:22:42,attention.2-rec.2.tanh-attention.2.pos,1290,906,32.01334095001221,0.5,0.1,128,128,14843904,3930028908,4.080416560173035,1024,1024,1,1.0
2022-09-24T13:22:43,rec.4.tanh,2324,51,1.0052719116210938,0.5,0.1,128,128,835584,3930028908,3.795012891292572,1024,1024,1,1.0
2022-09-24T13:22:46,suffix.2-rec.16.relu-attention.2.pos,12848,54,2.0222504138946533,0.2,0.1,128,512,3538944,3930028908,3.4940056800842285,1024,1024,1,1.0
2022-09-24T13:22:48,mgru.4,3368,29,1.020782232284546,0.5,0.1,128,32,118784,3930028908,3.996473789215088,1024,1024,1,1.0
2022-09-24T13:22:57,attention.2-rec.4.tanh,2324,288,8.00363826751709,0.5,0.1,128,1024,37748736,3930028908,3.7635565996170044,1024,1024,1,1.0
2022-09-24T13:22:59,suffix.2-dense.2.tanh-dense.8.relu,3354,62,2.011230230331421,0.5,0.1,128,512,4063232,3930028908,4.067965030670166,1024,1024,1,1.0
2022-09-24T13:23:01,suffix.2-dense.32.relu-suffix.2,33056,44,1.0095679759979248,0.1,0.1,128,128,720896,3930028908,3.926082193851471,1024,1024,1,1.0
2022-09-24T13:23:05,rec.16.relu-suffix.2,12816,194,4.007293224334717,0.2,0.1,128,512,12713984,3930028908,3.2200870513916016,1024,1024,1,1.0
2022-09-24T13:23:10,attention.2.pos-dense.32.tanh,17184,33,1.0176231861114502,0.2,0.1,128,128,540672,3930028908,4.270020604133606,1024,1024,1,1.0
2022-09-24T13:23:13,suffix.2-dense.32.tanh-suffix.2,33056,88,2.012110710144043,1.0,0.1,128,512,5767168,3930028908,34.332024574279785,1024,1024,1,1.0
2022-09-24T13:23:14,suffix.2-dense.16.relu-dense.16.relu,12832,36,1.004431962966919,0.5,0.1,128,64,294912,3930028908,3.81401526927948,1024,1024,1,1.0
2022-09-24T13:23:19,dense.1.relu-dense.2.relu,1029,214,4.009007215499878,0.5,0.1,128,256,7012352,3930028908,4.773287415504456,1024,1024,1,1.0
2022-09-24T13:23:21,suffix.2-dense.32.relu-attention.2,24864,31,1.011580228805542,0.5,0.1,128,128,507904,3930028908,3.4672678112983704,1024,1024,1,1.0
2022-09-24T13:23:24,suffix.2-dense.32.tanh-attention.2.pos,24928,47,2.0052976608276367,0.5,0.1,128,1024,6160384,3930028908,3.281308591365814,1024,1024,1,1.0
2022-09-24T13:23:25,suffix.2-dense.8.tanh-suffix.2,8456,45,1.0115504264831543,0.5,0.1,128,64,368640,3930028908,3.499348521232605,1024,1024,1,1.0
2022-09-24T13:23:42,rec.4.relu,2324,847,16.008575677871704,0.2,0.1,128,512,55508992,3930028908,3.7786344289779663,1024,1024,1,1.0
2022-09-24T13:23:43,suffix.2-dense.4.relu-suffix.2,4356,39,1.015578031539917,0.5,0.1,128,512,2555904,3930028908,3.8074190616607666,1024,1024,1,1.0
2022-09-24T13:23:46,suffix.2-dense.16.tanh-suffix.2,16656,94,2.0120949745178223,0.5,0.1,128,512,6160384,3930028908,3.219234883785248,1024,1024,1,1.0
2022-09-24T13:23:54,rec.16.relu-suffix.2,12816,401,8.004370927810669,0.2,0.1,128,512,26279936,3930028908,3.193518579006195,1024,1024,1,1.0
2022-09-24T13:23:56,suffix.2-rec.32.tanh,25888,42,1.0170609951019287,0.5,0.1,128,128,688128,3930028908,4.778463363647461,1024,1024,1,1.0
2022-09-24T13:24:00,suffix.2-dense.8.relu-suffix.2,8456,229,4.012617111206055,0.2,0.1,128,128,3751936,3930028908,3.4871649146080017,1024,1024,1,1.0
2022-09-24T13:24:02,suffix.2-dense.32.tanh,24864,45,1.0045266151428223,0.5,0.1,128,256,1474560,3930028908,3.2871556878089905,1024,1024,1,1.0
2022-09-24T13:24:05,attention.2.pos-dense.16.tanh-suffix.2,13072,60,2.001452684402466,0.5,0.1,128,512,3932160,3930028908,4.939317941665649,1024,1024,1,1.0
2022-09-24T13:24:07,attention.2.pos-dense.32.tanh,17184,29,1.01804518699646,0.5,0.1,128,256,950272,3930028908,5.914959788322449,1024,1024,1,1.0
2022-09-24T13:24:09,suffix.2-rec.8.relu-suffix.2,8520,84,2.0051169395446777,0.5,0.1,128,512,5505024,3930028908,3.5663883686065674,1024,1024,1,1.0
2022-09-24T13:24:11,suffix.2-rec.2.tanh-dense.2.relu,1804,33,1.0024359226226807,0.5,0.1,128,32,135168,3930028908,4.564459323883057,1024,1024,1,1.0
2022-09-24T13:24:16,suffix.4-rec.32.tanh-attention.2.pos,42336,119,4.025758504867554,0.5,0.1,128,512,7798784,3930028908,3.8789515495300293,1024,1024,1,1.0
2022-09-24T13:24:17,dense.2.tanh-dense.2.relu,1288,45,1.0140035152435303,0.5,0.1,128,32,184320,3930028908,4.485805988311768,1024,1024,1,1.0
2022-09-24T13:24:20,suffix.2-dense.32.relu-suffix.2,33056,72,2.0164577960968018,0.5,0.1,128,1024,9437184,3930028908,3.237358510494232,1024,1024,1,1.0
2022-09-24T13:24:22,rec.4.tanh-suffix.2-gru.2.relu,1878,11,1.0230638980865479,0.5,0.1,128,512,720896,3930028908,4.793041110038757,1024,1024,1,1.0
2022-09-24T13:24:30,suffix.2-dense.32.relu-suffix.2,33056,438,8.015513181686401,0.2,0.1,128,128,7176192,3930028908,3.046142101287842,1024,1024,1,1.0
2022-09-24T13:24:32,suffix.2-rec.32.relu,25888,38,1.0086278915405273,0.5,0.1,128,256,1245184,3930028908,nan,1024,1024,1,1.0
2022-09-24T13:24:34,suffix.2-dense.8.relu,6408,80,2.0140976905822754,0.2,0.1,128,1024,10485760,3930028908,3.580654740333557,1024,1024,1,1.0
2022-09-24T13:24:39,suffix.2-dense.8.tanh,6408,105,4.012553691864014,0.5,0.1,128,2048,27525120,3930028908,3.4383278489112854,1024,1024,1,1.0
2022-09-24T13:24:40,dense.2.tanh,1282,69,1.0079565048217773,0.2,0.1,128,32,282624,3930028908,4.520404100418091,1024,1024,1,1.0
2022-09-24T13:24:57,rec.2.tanh,1286,978,16.00587797164917,0.2,0.1,128,64,8011776,3930028908,4.067023754119873,1024,1024,1,1.0
2022-09-24T13:24:58,suffix.2-dense.8.tanh-suffix.2-dense.16.relu,8728,33,1.0137543678283691,0.5,0.1,128,64,270336,3930028908,4.006268262863159,1024,1024,1,1.0
2022-09-24T13:25:01,attention.2.pos-rec.4.relu,2836,55,2.000393867492676,0.2,0.1,128,512,3604480,3930028908,4.708724737167358,1024,1024,1,1.0
2022-09-24T13:25:03,suffix.2-dense.2.relu-suffix.2,2306,38,1.0079755783081055,0.5,0.1,128,512,2490368,3930028908,4.497183799743652,1024,1024,1,1.0
2022-09-24T13:26:07,attention.2-rec.2.tanh-attention.2.pos,1290,2051,64.02036666870117,0.5,0.1,128,128,33603584,3930028908,4.101289868354797,1024,1024,1,1.0
2022-09-24T13:26:09,suffix.2-dense.32.tanh-attention.2,24864,32,1.019277811050415,0.5,0.1,128,256,1048576,3930028908,3.428703784942627,1024,1024,1,1.0
2022-09-24T13:26:12,suffix.2-dense.32.tanh-suffix.2,33056,44,2.027217388153076,0.5,0.1,128,2048,11534336,3930028908,3.2858421206474304,1024,1024,1,1.0
2022-09-24T13:26:17,suffix.4-dense.8.tanh-attention.2,10504,180,4.000759840011597,0.5,0.1,128,256,5898240,3930028908,3.4003056287765503,1024,1024,1,1.0
2022-09-24T13:26:18,suffix.2-dense.32.tanh,24864,50,1.0144941806793213,0.5,0.1,128,256,1638400,3930028908,3.301532208919525,1024,1024,1,1.0
2022-09-24T13:26:27,suffix.2-dense.8.tanh,6408,204,8.016783475875854,0.5,0.1,128,2048,53477376,3930028908,3.4126265048980713,1024,1024,1,1.0
2022-09-24T13:26:28,dense.2.tanh,1282,68,1.0016467571258545,1.0,0.1,128,32,278528,3930028908,4.279009461402893,1024,1024,1,1.0
2022-09-24T13:26:30,dense.2.tanh,1282,150,2.0095646381378174,1.0,0.1,128,32,614400,3930028908,4.3014572858810425,1024,1024,1,1.0
2022-09-24T13:26:32,suffix.2-dense.8.tanh-suffix.2,8456,50,1.0078959465026855,0.2,0.1,128,64,409600,3930028908,3.797521233558655,1024,1024,1,1.0
2022-09-24T13:27:04,rec.4.tanh-suffix.2-rec.4.relu,2376,1110,32.00419044494629,0.5,0.1,128,512,72744960,3930028908,3.724665582180023,1024,1024,1,1.0
2022-09-24T13:27:09,suffix.2-rec.16.relu-suffix.2,16912,143,4.001903057098389,0.5,0.1,128,1024,18743296,3930028908,nan,1024,1024,1,1.0
2022-09-24T13:27:11,suffix.2-dense.8.tanh-suffix.2,8456,49,1.0079140663146973,1.0,0.1,128,64,401408,3930028908,5.225273013114929,1024,1024,1,1.0
2022-09-24T13:27:13,attention.4.pos-dense.32.tanh-suffix.2,25888,58,2.0289103984832764,0.5,0.1,128,512,3801088,3930028908,14.266695261001587,1024,1024,1,1.0
2022-09-24T13:27:15,dense.32.tanh-attention.2,16672,36,1.0166902542114258,0.5,0.1,128,256,1179648,3930028908,3.6719548106193542,1024,1024,1,1.0
2022-09-24T13:27:18,dense.2.tanh-dense.2.relu,1288,104,2.0012869834899902,0.5,0.1,128,32,425984,3930028908,4.18208646774292,1024,1024,1,1.0
2022-09-24T13:27:19,suffix.2-dense.8.relu-suffix.2,8456,45,1.005671739578247,0.5,0.1,128,64,368640,3930028908,3.675615906715393,1024,1024,1,1.0
2022-09-24T13:27:24,dense.2.tanh-dense.2.relu,1288,224,4.0086047649383545,0.5,0.1,128,32,917504,3930028908,4.385217905044556,1024,1024,1,1.0
2022-09-24T13:27:26,attention.2-dense.32.relu-attention.2,16672,34,1.0079374313354492,0.5,0.1,128,128,557056,3930028908,3.978817045688629,1024,1024,1,1.0
2022-09-24T13:27:28,suffix.4-rec.16.relu-suffix.2,25104,76,2.012636661529541,0.5,0.1,128,512,4980736,3930028908,nan,1024,1024,1,1.0
2022-09-24T13:27:37,suffix.4-dense.8.tanh-suffix.2,12552,508,8.01047682762146,0.5,0.1,128,64,4161536,3930028908,3.393470346927643,1024,1024,1,1.0
2022-09-24T13:27:38,suffix.2-dense.16.relu,12560,53,1.0031156539916992,0.5,0.1,128,32,217088,3930028908,3.6167945861816406,1024,1024,1,1.0
2022-09-24T13:27:55,suffix.2-dense.4.tanh-attention.2.pos,3340,773,16.015297889709473,0.5,0.1,128,64,6332416,3930028908,3.6493221521377563,1024,1024,1,1.0
2022-09-24T13:27:57,suffix.2-dense.8.tanh-suffix.2,8456,49,1.0150082111358643,0.5,0.1,128,64,401408,3930028908,3.5469290614128113,1024,1024,1,1.0
2022-09-24T13:27:59,suffix.4-dense.32.tanh-suffix.2,49440,61,2.0058462619781494,0.5,0.1,128,1024,7995392,3930028908,3.407417595386505,1024,1024,1,1.0
2022-09-24T13:28:01,suffix.2-dense.16.tanh-dense.16.relu,12832,39,1.0180442333221436,0.5,0.1,128,32,159744,3930028908,3.6888580322265625,1024,1024,1,1.0
2022-09-24T13:28:05,rec.4.tanh-dense.2.relu,1822,171,4.020535230636597,0.5,0.1,128,128,2801664,3930028908,3.990396559238434,1024,1024,1,1.0
2022-09-24T13:28:07,suffix.2-dense.32.tanh,24864,51,1.0129196643829346,0.5,0.1,128,256,1671168,3930028908,3.291833281517029,1024,1024,1,1.0
2022-09-24T13:28:11,rec.4.tanh-attention.2,2324,1,3.5975492000579834,0.5,0.1,128,64,8192,3930028908,7.602556228637695,1024,1024,1,1.0
2022-09-24T13:28:14,suffix.2-dense.16.tanh-suffix.2,16656,90,2.0120255947113037,0.5,0.1,128,512,5898240,3930028908,3.2482879757881165,1024,1024,1,1.0
2022-09-24T13:28:16,suffix.4-dense.8.tanh-attention.2.pos,10520,26,1.011869192123413,0.5,0.1,128,128,425984,3930028908,3.68265837430954,1024,1024,1,1.0
2022-09-24T13:28:18,suffix.2-dense.8.relu-suffix.2,8456,112,2.0087878704071045,0.5,0.1,128,64,917504,3930028908,3.549210548400879,1024,1024,1,1.0
2022-09-24T13:28:20,suffix.2-dense.4.relu,3332,52,1.005239486694336,0.5,0.1,128,64,425984,3930028908,3.8106215596199036,1024,1024,1,1.0
2022-09-24T13:28:24,suffix.2-dense.32.tanh-attention.2.pos,24928,107,4.020642995834351,0.5,0.1,128,1024,14024704,3930028908,3.1936888694763184,1024,1024,1,1.0
2022-09-24T13:28:26,attention.2.pos-dense.4.relu-suffix.2,3844,23,1.0111572742462158,0.5,0.1,128,512,1507328,3930028908,4.828609347343445,1024,1024,1,1.0
2022-09-24T13:28:36,attention.4.pos-dense.32.tanh-attention.2.pos,17760,212,8.026591777801514,0.5,0.1,128,512,13893632,3930028908,4.767283082008362,1024,1024,1,1.0
2022-09-24T13:28:39,gru.8.relu-suffix.2,10712,43,2.0281167030334473,0.2,0.1,128,512,2818048,3930028908,3.998855412006378,1024,1024,1,1.0
2022-09-24T13:28:40,rec.4.tanh-attention.2,2324,31,1.019984245300293,0.5,0.1,128,256,1015808,3930028908,3.904461622238159,1024,1024,1,1.0
2022-09-24T13:28:42,suffix.2-dense.4.relu,3332,56,1.0134575366973877,0.5,0.1,128,64,458752,3930028908,3.957834541797638,1024,1024,1,1.0
2022-09-24T13:28:44,dense.2.tanh,1282,152,2.0035932064056396,0.2,0.1,128,32,622592,3930028908,4.312504410743713,1024,1024,1,1.0
2022-09-24T13:28:49,suffix.2-dense.32.relu-suffix.2,33056,154,4.01122260093689,0.5,0.1,128,1024,20185088,3930028908,3.1573147773742676,1024,1024,1,1.0
2022-09-24T13:28:50,suffix.2-dense.8.tanh-suffix.2,8456,48,1.0001256465911865,0.5,0.1,128,64,393216,3930028908,3.591426968574524,1024,1024,1,1.0
2022-09-24T13:28:52,suffix.2-dense.32.tanh,24864,44,1.0144083499908447,0.5,0.1,128,512,2883584,3930028908,3.31682950258255,1024,1024,1,1.0
2022-09-24T13:28:54,suffix.4-rec.32.tanh-suffix.2,50464,71,2.008277416229248,0.5,0.1,128,512,4653056,3930028908,7.606859445571899,1024,1024,1,1.0
2022-09-24T13:31:03,rec.2.tanh-suffix.2-dense.4.relu,1818,3877,128.0129451751709,0.5,0.1,128,512,254083072,3930028908,3.825712561607361,1024,1024,1,1.0
2022-09-24T13:31:05,suffix.2-rec.4.relu-suffix.2,4372,37,1.0101509094238281,0.5,0.1,128,64,303104,3930028908,3.991556406021118,1024,1024,1,1.0
2022-09-24T13:31:13,suffix.4-dense.8.relu,10504,410,8.005785942077637,0.2,0.1,128,512,26869760,3930028908,3.3467127680778503,1024,1024,1,1.0
2022-09-24T13:31:15,dense.2.relu,1282,52,1.0029304027557373,0.5,0.1,128,32,212992,3930028908,4.337933897972107,1024,1024,1,1.0
2022-09-24T13:31:17,dense.32.relu-suffix.2,24864,97,2.0068726539611816,0.2,0.1,128,128,1589248,3930028908,3.4556459188461304,1024,1024,1,1.0
2022-09-24T13:31:22,rec.8.relu,4424,231,4.010451793670654,0.5,0.1,128,64,1892352,3930028908,3.7413881421089172,1024,1024,1,1.0
2022-09-24T13:31:24,attention.4.pos-dense.16.tanh-attention.2,9488,15,1.0227956771850586,0.5,0.1,128,256,491520,3930028908,5.2670921087265015,1024,1024,1,1.0
2022-09-24T13:31:40,suffix.2-dense.8.tanh,6408,412,16.011210918426514,0.5,0.1,128,2048,108003328,3930028908,3.3667731285095215,1024,1024,1,1.0
2022-09-24T13:31:42,dense.1.tanh,769,71,1.0049822330474854,1.0,0.1,128,32,290816,3930028908,4.623130798339844,1024,1024,1,1.0
2022-09-24T13:31:44,rec.2.relu,1286,121,2.0162243843078613,0.5,0.1,128,16,247808,3930028908,4.214592814445496,1024,1024,1,1.0
2022-09-24T13:31:45,dense.32.tanh,16672,47,1.0041911602020264,0.5,0.1,128,512,3080192,3930028908,3.7182332277297974,1024,1024,1,1.0
2022-09-24T13:31:51,suffix.4-dense.32.tanh-attention.4.pos,41376,119,4.001736640930176,0.5,0.1,128,512,7798784,3930028908,3.113040328025818,1024,1024,1,1.0
2022-09-24T13:31:52,suffix.2-dense.16.tanh,12560,44,1.010575294494629,0.5,0.1,128,512,2883584,3930028908,3.3812071084976196,1024,1024,1,1.0
2022-09-24T13:31:55,attention.4-dense.8.tanh-suffix.2,6408,104,2.0062665939331055,0.5,0.1,128,64,851968,3930028908,3.922909438610077,1024,1024,1,1.0
2022-09-24T13:32:28,suffix.2-rec.8.tanh-attention.2.pos,6488,1253,32.02078032493591,0.5,0.1,128,128,20529152,3930028908,3.3626134991645813,1024,1024,1,1.0
2022-09-24T13:32:29,suffix.2-dense.8.tanh,6408,52,1.0118041038513184,0.5,0.1,128,128,851968,3930028908,3.5571479201316833,1024,1024,1,1.0
2022-09-24T13:32:32,suffix.2-dense.16.tanh-suffix.2,16656,95,2.01474928855896,0.2,0.1,128,256,3112960,3930028908,3.3506804704666138,1024,1024,1,1.0
2022-09-24T13:32:34,suffix.2-dense.16.tanh-mgru.8,10912,18,1.0194439888000488,0.5,0.1,128,128,294912,3930028908,4.393813729286194,1024,1024,1,1.0
2022-09-24T13:32:42,rec.4.tanh-dense.2.relu,1822,330,8.018501043319702,0.5,0.1,128,128,5406720,3930028908,4.003296256065369,1024,1024,1,1.0
2022-09-24T13:32:44,suffix.2-dense.32.tanh,24864,43,1.0011999607086182,0.5,0.1,128,512,2818048,3930028908,3.3288689851760864,1024,1024,1,1.0
2022-09-24T13:32:49,suffix.2-dense.32.tanh-suffix.2-dense.64.relu,37216,110,4.027455806732178,0.5,0.1,128,1024,14417920,3930028908,3.966917335987091,1024,1024,1,1.0
2022-09-24T13:32:51,suffix.2-dense.4.relu-suffix.2,4356,108,2.0025012493133545,0.2,0.1,128,128,1769472,3930028908,3.8433430194854736,1024,1024,1,1.0
2022-09-24T13:32:53,suffix.2-dense.16.tanh,12560,54,1.0063815116882324,0.5,0.1,128,64,442368,3930028908,3.388663589954376,1024,1024,1,1.0
2022-09-24T13:32:54,suffix.2-dense.2.relu,1794,51,1.0035476684570312,0.5,0.1,128,64,417792,3930028908,4.132943272590637,1024,1024,1,1.0
2022-09-24T13:32:57,suffix.2-dense.32.relu-attention.2.pos,24928,73,2.0195555686950684,0.2,0.1,128,128,1196032,3930028908,3.294687271118164,1024,1024,1,1.0
2022-09-24T13:32:59,attention.4.pos-dense.8.tanh-attention.2.pos,5400,16,1.0197045803070068,0.5,0.1,128,128,262144,3930028908,4.908671855926514,1024,1024,1,1.0
2022-09-24T13:33:05,suffix.8-dense.32.tanh-attention.2.pos,74080,95,4.002360105514526,0.5,0.1,128,512,6225920,3930028908,3.2681044340133667,1024,1024,1,1.0
2022-09-24T13:33:21,suffix.2-rec.8.relu,6472,763,16.002467155456543,0.2,0.1,128,512,50003968,3930028908,3.3565049171447754,1024,1024,1,1.0
2022-09-24T13:33:23,attention.2.pos-dense.4.tanh-attention.2,2820,22,1.0230064392089844,0.5,0.1,128,128,360448,3930028908,4.904950737953186,1024,1024,1,1.0
2022-09-24T13:33:29,attention.2-rec.2.relu,1286,35,4.698358774185181,0.5,0.1,128,2048,9175040,3930028908,4.52053701877594,1024,1024,1,1.0
2022-09-24T13:33:34,attention.4-dense.8.tanh,4360,116,2.0001399517059326,0.5,0.1,128,32,475136,3930028908,4.1132495403289795,1024,1024,1,1.0
2022-09-24T13:33:36,suffix.2-rec.32.tanh,25888,33,1.022810459136963,0.5,0.1,128,512,2162688,3930028908,5.131698369979858,1024,1024,1,1.0
2022-09-24T13:33:44,suffix.2-dense.32.tanh-suffix.4,49440,388,8.002995729446411,0.5,0.1,128,512,25427968,3930028908,3.046613931655884,1024,1024,1,1.0
2022-09-24T13:33:46,suffix.4-dense.16.tanh-attention.2.pos,20784,25,1.019407033920288,0.5,0.1,128,32,102400,3930028908,3.6999414563179016,1024,1024,1,1.0
2022-09-24T13:33:49,suffix.2-dense.2.relu,1794,126,2.008831024169922,0.5,0.1,128,64,1032192,3930028908,4.016566753387451,1024,1024,1,1.0
2022-09-24T13:33:50,rec.2.relu,1286,51,1.007584571838379,0.5,0.1,128,16,104448,3930028908,4.553088903427124,1024,1024,1,1.0
2022-09-24T13:33:55,suffix.2-dense.8.relu,6408,163,4.020663499832153,0.2,0.1,128,1024,21364736,3930028908,3.488378345966339,1024,1024,1,1.0
2022-09-24T13:33:56,suffix.2-dense.32.tanh-attention.2.pos,24928,22,1.000885248184204,0.5,0.1,128,512,1441792,3930028908,3.6185657382011414,1024,1024,1,1.0
2022-09-24T13:33:59,dense.8.tanh,4360,62,2.0163474082946777,0.5,0.1,128,2048,16252928,3930028908,3.7632527351379395,1024,1024,1,1.0
2022-09-24T13:34:01,suffix.2-rec.4.tanh-attention.2.pos,3356,25,1.0145719051361084,0.5,0.1,128,256,819200,3930028908,3.937693476676941,1024,1024,1,1.0
2022-09-24T13:34:04,rec.4.tanh-attention.2,2324,86,2.017540216445923,0.5,0.1,128,64,704512,3930028908,3.828221380710602,1024,1024,1,1.0
2022-09-24T13:34:05,suffix.2-dense.32.tanh-dense.32.relu,25920,30,1.014986515045166,0.5,0.1,128,512,1966080,3930028908,4.015595257282257,1024,1024,1,1.0
2022-09-24T13:34:10,dense.2.relu-rec.1.relu,1030,192,4.007227897644043,0.5,0.1,128,256,6291456,3930028908,4.777467370033264,1024,1024,1,1.0
2022-09-24T13:34:11,suffix.2-rec.8.relu,6472,39,1.0002424716949463,0.5,0.1,128,32,159744,3930028908,3.8994635939598083,1024,1024,1,1.0
2022-09-24T13:34:20,suffix.2-dense.32.tanh-suffix.2,33056,391,8.00289511680603,0.2,0.1,128,512,25624576,3930028908,3.018551468849182,1024,1024,1,1.0
2022-09-24T13:34:22,suffix.4-dense.4.tanh-suffix.2,6404,107,2.0012242794036865,0.5,0.1,128,64,876544,3930028908,3.6612783670425415,1024,1024,1,1.0
2022-09-24T13:34:24,rec.8.tanh-attention.2-dense.8.relu,4496,22,1.0183913707733154,0.5,0.1,128,128,360448,3930028908,4.049618721008301,1024,1024,1,1.0
2022-09-24T13:34:29,dense.2.tanh,1282,316,4.011093616485596,1.0,0.1,128,32,1294336,3930028908,4.220198154449463,1024,1024,1,1.0
2022-09-24T13:34:30,suffix.4-rec.8.relu-attention.2,10568,27,1.0192222595214844,0.5,0.1,128,256,884736,3930028908,4.146624565124512,1024,1024,1,1.0
2022-09-24T13:34:33,suffix.2-rec.16.relu-suffix.4,25104,77,2.0137088298797607,0.5,0.1,128,512,5046272,3930028908,3.3629342317581177,1024,1024,1,1.0
2022-09-24T13:34:35,suffix.2-dense.8.tanh,6408,55,1.0032007694244385,0.5,0.1,128,128,901120,3930028908,3.5875750184059143,1024,1024,1,1.0
2022-09-24T13:35:40,attention.2-rec.2.tanh-suffix.2,1798,2020,64.01128554344177,0.5,0.1,128,1024,264765440,3930028908,3.9150808453559875,1024,1024,1,1.0
2022-09-24T13:35:41,dense.2.tanh-attention.2,1282,40,1.0056705474853516,0.5,0.1,128,16,81920,3930028908,4.312457084655762,1024,1024,1,1.0
2022-09-24T13:35:44,suffix.4-dense.32.tanh-attention.2.pos,41312,62,2.0059895515441895,0.5,0.1,128,512,4063232,3930028908,3.1875295639038086,1024,1024,1,1.0
2022-09-24T13:35:46,suffix.2-dense.32.relu-attention.2.pos,24928,28,1.017411708831787,0.5,0.1,128,256,917504,3930028908,3.64428973197937,1024,1024,1,1.0
2022-09-24T13:36:03,rec.16.relu-suffix.2,12816,803,16.003695964813232,0.2,0.1,128,512,52625408,3930028908,3.231597065925598,1024,1024,1,1.0
2022-09-24T13:36:07,suffix.2-dense.16.tanh-suffix.2,16656,209,4.000499963760376,0.2,0.1,128,256,6848512,3930028908,3.2148044109344482,1024,1024,1,1.0
2022-09-24T13:36:09,suffix.4-rec.4.relu-attention.2.pos,5404,26,1.0112314224243164,0.5,0.1,128,128,425984,3930028908,4.51721453666687,1024,1024,1,1.0
2022-09-24T13:36:12,rec.16.relu-attention.2,8720,71,2.0210587978363037,0.2,0.1,128,512,4653056,3930028908,3.6417956352233887,1024,1024,1,1.0
2022-09-24T13:36:14,suffix.2-rec.2.tanh-attention.2.pos,1802,24,1.004873275756836,0.5,0.1,128,256,786432,3930028908,4.275108695030212,1024,1024,1,1.0
2022-09-24T13:36:22,suffix.4-dense.8.tanh-attention.2,10504,368,8.01305890083313,0.5,0.1,128,256,12058624,3930028908,3.3581408858299255,1024,1024,1,1.0
2022-09-24T13:36:25,suffix.4-dense.4.relu,5380,119,2.007322311401367,0.2,0.1,128,128,1949696,3930028908,3.7198182344436646,1024,1024,1,1.0
2022-09-24T13:36:27,rec.1.relu-attention.2,770,42,1.0074269771575928,0.5,0.1,128,16,86016,3930028908,4.763373136520386,1024,1024,1,1.0
2022-09-24T13:36:59,suffix.2-rec.4.relu,3348,1651,32.01132607460022,0.5,0.1,128,256,54099968,3930028908,3.642958104610443,1024,1024,1,1.0
2022-09-24T13:37:01,suffix.2-dense.2.relu,1794,58,1.0009078979492188,0.5,0.1,128,64,475136,3930028908,4.088936448097229,1024,1024,1,1.0
2022-09-24T13:37:06,suffix.4-dense.32.tanh-attention.2.pos-dense.32.relu,42368,104,4.00342869758606,0.5,0.1,128,512,6815744,3930028908,4.449801802635193,1024,1024,1,1.0
2022-09-24T13:37:08,suffix.2-dense.4.relu,3332,75,2.0058705806732178,0.2,0.1,128,1024,9830400,3930028908,3.8696555495262146,1024,1024,1,1.0
2022-09-24T13:37:10,attention.2-rec.4.tanh,2324,40,1.0115549564361572,0.5,0.1,128,128,655360,3930028908,3.9352439045906067,1024,1024,1,1.0
2022-09-24T13:37:11,suffix.2-dense.8.tanh,6408,48,1.0067625045776367,0.5,0.1,128,256,1572864,3930028908,3.536971688270569,1024,1024,1,1.0
2022-09-24T13:37:14,suffix.2-dense.32.tanh-suffix.2,33056,98,2.0073468685150146,0.2,0.1,128,128,1605632,3930028908,3.2575541734695435,1024,1024,1,1.0
2022-09-24T13:37:16,suffix.2-dense.8.relu-attention.2,6408,28,1.0066564083099365,0.5,0.1,128,512,1835008,3930028908,3.7895312905311584,1024,1024,1,1.0
2022-09-24T13:37:21,suffix.2-rec.16.relu-suffix.2,16912,198,4.019164085388184,0.2,0.1,128,128,3244032,3930028908,3.1950679421424866,1024,1024,1,1.0
2022-09-24T13:37:29,suffix.2-dense.32.tanh-suffix.2,33056,394,8.006594181060791,0.2,0.1,128,512,25821184,3930028908,3.002192735671997,1024,1024,1,1.0
2022-09-24T13:37:31,suffix.2-dense.16.tanh-dense.8.relu,10648,36,1.003255844116211,0.5,0.1,128,32,147456,3930028908,3.866589069366455,1024,1024,1,1.0
2022-09-24T13:37:34,attention.4-dense.32.tanh-attention.2.pos,16736,63,2.0193066596984863,0.5,0.1,128,512,4128768,3930028908,3.983185291290283,1024,1024,1,1.0
2022-09-24T13:37:35,dense.8.tanh,4360,54,1.0133702754974365,0.2,0.1,128,256,1769472,3930028908,3.9795631170272827,1024,1024,1,1.0
2022-09-24T13:37:38,suffix.2-dense.16.tanh-attention.2.pos,12592,61,2.0047950744628906,0.5,0.1,128,512,3997696,3930028908,3.3380135893821716,1024,1024,1,1.0
2022-09-24T13:37:40,suffix.2-dense.4.tanh-attention.2,3332,32,1.0004405975341797,1.0,0.1,128,256,1048576,3930028908,4.356065511703491,1024,1024,1,1.0
2022-09-24T13:37:44,dense.2.tanh,1282,305,4.004896402359009,0.2,0.1,128,32,1249280,3930028908,4.151568055152893,1024,1024,1,1.0
2022-09-24T13:37:46,suffix.2-dense.2.tanh,1794,56,1.0086464881896973,0.5,0.1,128,64,458752,3930028908,4.161667466163635,1024,1024,1,1.0
2022-09-24T13:38:02,suffix.4-dense.8.relu,10504,678,16.014464616775513,0.2,0.1,128,512,44433408,3930028908,3.3160564303398132,1024,1024,1,1.0
2022-09-24T13:38:05,dense.2.tanh-attention.2,1282,101,2.0153722763061523,0.5,0.1,128,16,206848,3930028908,4.168716669082642,1024,1024,1,1.0
2022-09-24T13:38:07,dense.2.tanh,1282,60,1.006563425064087,0.5,0.1,128,8,61440,3930028908,4.375762701034546,1024,1024,1,1.0
2022-09-24T13:38:08,attention.2-rec.4.relu,2324,39,1.0160753726959229,0.5,0.1,128,128,638976,3930028908,4.176299810409546,1024,1024,1,1.0
2022-09-24T13:38:17,attention.2-rec.1.relu,770,565,8.013358354568481,0.5,0.1,128,64,4628480,3930028908,4.378168344497681,1024,1024,1,1.0
2022-09-24T13:38:20,suffix.2-dense.16.tanh-suffix.2,16656,95,2.004556655883789,1.0,0.1,128,256,3112960,3930028908,3.476619601249695,1024,1024,1,1.0
2022-09-24T13:38:21,suffix.2-dense.1.tanh,1025,58,1.0029754638671875,0.5,0.1,128,64,475136,3930028908,4.424654722213745,1024,1024,1,1.0
2022-09-24T13:38:26,suffix.4-dense.8.relu,10504,265,4.011312961578369,0.2,0.1,128,128,4341760,3930028908,3.394608736038208,1024,1024,1,1.0
2022-09-24T13:38:27,suffix.2-rec.16.tanh,12816,38,1.0158655643463135,0.5,0.1,128,256,1245184,3930028908,3.6573623418807983,1024,1024,1,1.0
2022-09-24T13:38:30,suffix.2-dense.32.tanh-suffix.4,49440,62,2.0265564918518066,0.5,0.1,128,1024,8126464,3930028908,3.3156734108924866,1024,1024,1,1.0
2022-09-24T13:38:31,suffix.4-dense.16.relu,20752,42,1.001077651977539,0.5,0.1,128,512,2752512,3930028908,3.350009560585022,1024,1024,1,1.0
2022-09-24T13:38:36,dense.2.tanh-attention.2,1282,222,4.012283563613892,0.5,0.1,128,16,454656,3930028908,4.177436470985413,1024,1024,1,1.0
2022-09-24T13:38:38,rec.2.relu-attention.2.pos,1290,26,1.0084474086761475,0.5,0.1,128,256,851968,3930028908,4.750749349594116,1024,1024,1,1.0
2022-09-24T13:38:41,suffix.2-dense.32.tanh-attention.4,24864,68,2.0105531215667725,0.5,0.1,128,512,4456448,3930028908,3.2821252942085266,1024,1024,1,1.0
2022-09-24T13:38:42,suffix.2-dense.32.tanh,24864,48,1.0034382343292236,0.5,0.1,128,256,1572864,3930028908,3.2846824526786804,1024,1024,1,1.0
2022-09-24T13:38:51,suffix.2-dense.4.tanh-dense.8.relu,4396,320,8.006930112838745,0.5,0.1,128,512,20971520,3930028908,3.5627374053001404,1024,1024,1,1.0
2022-09-24T13:38:53,rec.2.tanh-attention.4.pos,1294,23,1.0057203769683838,0.5,0.1,128,256,753664,3930028908,4.312686562538147,1024,1024,1,1.0
2022-09-24T13:38:56,attention.2-dense.8.tanh-attention.2.pos,4376,77,2.002297878265381,0.5,0.1,128,64,630784,3930028908,3.8081336617469788,1024,1024,1,1.0
2022-09-24T13:39:28,rec.2.tanh,1286,2036,32.00056719779968,0.2,0.1,128,64,16678912,3930028908,4.053946137428284,1024,1024,1,1.0
2022-09-24T13:39:30,suffix.2-dense.32.tanh,24864,46,1.0013210773468018,0.5,0.1,128,512,3014656,3930028908,3.2731608748435974,1024,1024,1,1.0
2022-09-24T13:39:35,attention.4.pos-dense.32.tanh-attention.4.pos,17824,97,4.0012617111206055,0.5,0.1,128,512,6356992,3930028908,4.887975335121155,1024,1024,1,1.0
2022-09-24T13:39:36,rec.4.relu,2324,47,1.0011837482452393,0.2,0.1,128,256,1540096,3930028908,4.357352018356323,1024,1024,1,1.0
2022-09-24T13:39:39,attention.4.pos-rec.4.relu,3348,55,2.0242116451263428,0.5,0.1,128,512,3604480,3930028908,4.801824569702148,1024,1024,1,1.0
2022-09-24T13:39:41,mgru.1-attention.4.pos,1032,22,1.0184974670410156,0.5,0.1,128,256,720896,3930028908,4.726244926452637,1024,1024,1,1.0
2022-09-24T13:39:58,suffix.2-dense.16.tanh,12560,692,16.020230054855347,0.5,0.1,128,1024,90701824,3930028908,3.2027592062950134,1024,1024,1,1.0
2022-09-24T13:40:00,dense.32.tanh,16672,133,2.0091824531555176,0.5,0.1,128,128,2179072,3930028908,3.751102566719055,1024,1024,1,1.0
2022-09-24T13:40:01,suffix.4-dense.8.tanh,10504,58,1.0106890201568604,0.5,0.1,128,128,950272,3930028908,3.5240132212638855,1024,1024,1,1.0
2022-09-24T13:40:06,suffix.2-dense.32.tanh-suffix.2,33056,93,4.002284288406372,0.5,0.1,128,2048,24379392,3930028908,3.1151474118232727,1024,1024,1,1.0
2022-09-24T13:40:08,rec.8.tanh-attention.2,4424,34,1.0004322528839111,0.5,0.1,128,64,278528,3930028908,3.9748504757881165,1024,1024,1,1.0
2022-09-24T13:40:10,suffix.2-dense.16.tanh-suffix.2,16656,92,2.014744758605957,0.5,0.1,128,512,6029312,3930028908,3.264364719390869,1024,1024,1,1.0
2022-09-24T13:40:12,suffix.2-dense.16.tanh,12560,54,1.0131781101226807,0.5,0.1,128,16,110592,3930028908,3.6743027567863464,1024,1024,1,1.0
2022-09-24T13:40:21,attention.2.pos-dense.32.tanh-suffix.2,25376,276,8.000241994857788,0.2,0.1,128,512,18087936,3930028908,3.2964049577713013,1024,1024,1,1.0
2022-09-24T13:40:22,suffix.2-dense.8.tanh-suffix.2,8456,47,1.0065689086914062,0.5,0.1,128,64,385024,3930028908,3.5438809394836426,1024,1024,1,1.0
2022-09-24T13:40:25,suffix.4-rec.16.tanh-attention.2.pos,21040,53,2.0224695205688477,0.5,0.1,128,512,3473408,3930028908,3.5836521983146667,1024,1024,1,1.0
2022-09-24T13:40:30,attention.4-mgru.1,1028,167,4.012773036956787,0.5,0.1,128,512,10944512,3930028908,4.3973037004470825,1024,1024,1,1.0
2022-09-24T13:40:32,suffix.2-dense.8.tanh-attention.4,6408,27,1.0151023864746094,0.5,0.1,128,512,1769472,3930028908,3.804831862449646,1024,1024,1,1.0
2022-09-24T13:40:34,suffix.2-dense.8.relu,6408,46,1.0053160190582275,0.5,0.1,128,512,3014656,3930028908,3.609449565410614,1024,1024,1,1.0
2022-09-24T13:40:36,suffix.2-dense.8.tanh-attention.4,6408,76,2.010025978088379,0.5,0.1,128,512,4980736,3930028908,3.626709759235382,1024,1024,1,1.0
2022-09-24T13:40:38,suffix.2-rec.4.relu-attention.4,3348,24,1.0105104446411133,0.5,0.1,128,512,1572864,3930028908,4.438214182853699,1024,1024,1,1.0
2022-09-24T13:49:11,attention.2-rec.2.tanh,1286,14160,512.0174114704132,0.5,0.1,128,512,927989760,3930028908,4.053886294364929,1024,1024,1,1.0
2022-09-24T13:49:16,suffix.2-dense.8.relu-suffix.2,8456,123,4.010940074920654,0.5,0.1,128,64,1007616,3930028908,3.5762747526168823,1024,1024,1,1.0
2022-09-24T13:49:18,rec.2.tanh-attention.2.pos-dense.2.relu,1296,19,1.0039443969726562,0.5,0.1,128,256,622592,3930028908,4.769520282745361,1024,1024,1,1.0
2022-09-24T13:49:21,suffix.2-rec.8.tanh-attention.2.pos,6488,52,2.000422477722168,0.5,0.1,128,512,3407872,3930028908,3.529935359954834,1024,1024,1,1.0
2022-09-24T13:49:22,suffix.2-dense.4.tanh-dense.4.relu,3352,29,1.0095248222351074,1.0,0.1,128,256,950272,3930028908,4.842025518417358,1024,1024,1,1.0
2022-09-24T13:49:31,suffix.2-dense.16.tanh-suffix.2,16656,286,8.014583587646484,0.2,0.1,128,256,9371648,3930028908,3.2103381156921387,1024,1024,1,1.0
2022-09-24T13:49:34,suffix.4-dense.4.tanh,5380,128,2.0000662803649902,0.5,0.1,128,32,524288,3930028908,3.711017608642578,1024,1024,1,1.0
2022-09-24T13:49:35,suffix.2-dense.8.tanh-attention.2,6408,28,1.000840425491333,1.0,0.1,128,512,1835008,3930028908,3.9248806834220886,1024,1024,1,1.0
2022-09-24T13:49:52,attention.2-rec.2.tanh,1286,642,16.009145975112915,0.5,0.1,128,32,2629632,3930028908,4.1180384159088135,1024,1024,1,1.0
2022-09-24T13:49:54,suffix.2-dense.8.tanh-rec.4.relu,5436,25,1.0199995040893555,0.5,0.1,128,512,1638400,3930028908,4.153278589248657,1024,1024,1,1.0
2022-09-24T13:49:59,attention.2-dense.1.relu,769,283,4.006027698516846,0.5,0.1,128,512,18546688,3930028908,4.396223664283752,1024,1024,1,1.0
2022-09-24T13:50:01,dense.2.tanh,1282,148,2.006129026412964,0.5,0.1,128,8,151552,3930028908,4.242770195007324,1024,1024,1,1.0
2022-09-24T13:50:03,suffix.2-dense.16.tanh-suffix.2,16656,50,1.0118961334228516,0.5,0.1,128,64,409600,3930028908,3.410152852535248,1024,1024,1,1.0
2022-09-24T13:50:05,attention.4-dense.16.tanh-attention.2.pos,8496,18,1.0148768424987793,0.5,0.1,128,512,1179648,3930028908,4.330086946487427,1024,1024,1,1.0
2022-09-24T13:50:07,dense.8.relu-suffix.2,6408,118,2.0122594833374023,0.2,0.1,128,128,1933312,3930028908,3.587842106819153,1024,1024,1,1.0
2022-09-24T13:50:09,rec.2.tanh-attention.2.pos,1290,28,1.0067048072814941,0.2,0.1,128,256,917504,3930028908,5.150315046310425,1024,1024,1,1.0
2022-09-24T13:51:14,attention.2-rec.1.tanh-suffix.2,1026,1940,64.01854825019836,0.5,0.1,128,1024,254279680,3930028908,4.284965395927429,1024,1024,1,1.0
2022-09-24T13:51:18,dense.32.relu-suffix.2,24864,239,4.006171464920044,0.2,0.1,128,128,3915776,3930028908,3.3985262513160706,1024,1024,1,1.0
2022-09-24T13:51:20,suffix.4-dense.32.tanh,41248,45,1.0013470649719238,0.5,0.1,128,256,1474560,3930028908,3.2461389899253845,1024,1024,1,1.0
2022-09-24T13:51:23,attention.2-rec.8.tanh-attention.2.pos,4440,54,2.015503406524658,0.5,0.1,128,512,3538944,3930028908,3.6669087409973145,1024,1024,1,1.0
2022-09-24T13:51:25,suffix.2-dense.8.tanh,6408,46,1.007885456085205,0.5,0.1,128,512,3014656,3930028908,3.528542697429657,1024,1024,1,1.0
2022-09-24T13:51:33,dense.2.tanh,1282,644,8.012603044509888,0.2,0.1,128,32,2637824,3930028908,4.14002799987793,1024,1024,1,1.0
2022-09-24T13:51:35,suffix.4-rec.32.tanh,42272,37,1.007469892501831,0.5,0.1,128,256,1212416,3930028908,4.88312828540802,1024,1024,1,1.0
2022-09-24T13:51:37,suffix.2-dense.2.relu,1794,77,2.0131518840789795,0.2,0.1,128,1024,10092544,3930028908,4.2040605545043945,1024,1024,1,1.0
2022-09-24T13:51:39,suffix.2-rec.1.tanh-suffix.2,1282,41,1.002906322479248,0.5,0.1,128,128,671744,3930028908,4.324201464653015,1024,1024,1,1.0
2022-09-24T13:51:43,suffix.2-dense.2.relu,1794,274,4.0110931396484375,0.5,0.1,128,64,2244608,3930028908,4.067334175109863,1024,1024,1,1.0
2022-09-24T13:51:46,rec.4.relu-suffix.2,3348,103,2.0140790939331055,0.2,0.1,128,128,1687552,3930028908,3.7373589277267456,1024,1024,1,1.0
2022-09-24T13:51:47,suffix.2-dense.4.tanh,3332,46,1.0134413242340088,1.0,0.1,128,512,3014656,3930028908,3.8714402318000793,1024,1024,1,1.0
2022-09-24T13:52:20,suffix.2-dense.4.tanh-attention.2,3332,1662,32.009684801101685,0.5,0.1,128,128,27230208,3930028908,3.682411849498749,1024,1024,1,1.0
2022-09-24T13:52:22,rec.8.tanh-attention.2,4424,32,1.0059382915496826,0.2,0.1,128,128,524288,3930028908,4.631443977355957,1024,1024,1,1.0
2022-09-24T13:52:25,attention.4-dense.4.relu,2308,117,2.002735137939453,0.2,0.1,128,128,1916928,3930028908,4.262098670005798,1024,1024,1,1.0
2022-09-24T13:52:26,suffix.4-dense.32.tanh-suffix.2,49440,42,1.0179426670074463,0.5,0.1,128,256,1376256,3930028908,3.3793506622314453,1024,1024,1,1.0
2022-09-24T13:52:35,dense.2.tanh-attention.2,1282,479,8.00656008720398,0.5,0.1,128,16,980992,3930028908,4.137791395187378,1024,1024,1,1.0
2022-09-24T13:52:39,suffix.2-dense.32.relu,24864,251,4.004168272018433,0.2,0.1,128,128,4112384,3930028908,3.1960511803627014,1024,1024,1,1.0
2022-09-24T13:52:41,rec.8.tanh-attention.2,4424,32,1.0060958862304688,1.0,0.1,128,128,524288,3930028908,4.842232704162598,1024,1024,1,1.0
2022-09-24T13:52:44,dense.16.tanh,8464,122,2.0013458728790283,0.2,0.1,128,256,3997696,3930028908,3.7017372250556946,1024,1024,1,1.0
2022-09-24T13:52:45,attention.2-dense.4.tanh,2308,43,1.001859426498413,1.0,0.1,128,512,2818048,3930028908,4.242968916893005,1024,1024,1,1.0
2022-09-24T13:53:02,dense.2.tanh-attention.2,1282,970,16.005393743515015,0.5,0.1,128,16,1986560,3930028908,4.153994679450989,1024,1024,1,1.0
2022-09-24T13:53:04,suffix.2-dense.2.tanh,1794,41,1.013932228088379,1.0,0.1,128,512,2686976,3930028908,4.208227872848511,1024,1024,1,1.0
2022-09-24T13:53:06,suffix.2-dense.4.tanh-attention.4,3332,75,2.0117998123168945,0.5,0.1,128,512,4915200,3930028908,3.983337879180908,1024,1024,1,1.0
2022-09-24T13:53:08,suffix.2-mgru.8,10640,23,1.0059845447540283,0.2,0.1,128,256,753664,3930028908,4.337639570236206,1024,1024,1,1.0
2022-09-24T13:53:13,attention.2-rec.8.tanh-attention.2.pos,4440,132,4.002894163131714,0.5,0.1,128,512,8650752,3930028908,3.5105671882629395,1024,1024,1,1.0
2022-09-24T13:53:15,suffix.2-dense.8.relu,6408,52,1.010861873626709,0.5,0.1,128,256,1703936,3930028908,3.5560160279273987,1024,1024,1,1.0
2022-09-24T13:53:17,suffix.2-dense.32.relu-suffix.2,33056,97,2.0016977787017822,0.1,0.1,128,128,1589248,3930028908,3.475839912891388,1024,1024,1,1.0
2022-09-24T13:53:19,suffix.4-dense.16.relu,20752,51,1.007009506225586,0.5,0.1,128,256,1671168,3930028908,3.3248767256736755,1024,1024,1,1.0
2022-09-24T13:53:29,suffix.2-dense.8.relu,6408,300,10.118658065795898,0.2,0.1,128,1024,39321600,3930028908,3.423500418663025,1024,1024,1,1.0
2022-09-24T13:53:38,suffix.4-dense.8.relu,10504,554,8.002183437347412,0.2,0.1,128,128,9076736,3930028908,3.368971526622772,1024,1024,1,1.0
2022-09-24T13:53:39,suffix.4-dense.32.tanh,41248,47,1.008143424987793,0.5,0.1,128,256,1540096,3930028908,3.219388723373413,1024,1024,1,1.0
2022-09-24T13:53:42,suffix.2-dense.16.tanh-suffix.2,16656,97,2.0054593086242676,0.5,0.1,128,256,3178496,3930028908,3.269176721572876,1024,1024,1,1.0
2022-09-24T13:53:46,suffix.4-rec.8.relu,10568,223,4.003204584121704,0.5,0.1,128,128,3653632,3930028908,3.5198092460632324,1024,1024,1,1.0
2022-09-24T13:53:48,attention.2.pos-dense.2.relu,1794,32,1.0007696151733398,0.5,0.1,128,64,262144,3930028908,4.826986193656921,1024,1024,1,1.0
2022-09-24T13:53:50,suffix.2-dense.32.tanh-suffix.2,33056,42,1.0007681846618652,0.2,0.1,128,128,688128,3930028908,3.447179913520813,1024,1024,1,1.0
2022-09-24T13:53:53,suffix.2-mgru.16,21280,59,2.007538318634033,0.5,0.1,128,128,966656,3930028908,3.653402268886566,1024,1024,1,1.0
2022-09-24T13:53:54,suffix.2-rec.16.tanh-suffix.2,16912,39,1.0056366920471191,0.2,0.1,128,128,638976,3930028908,3.6065295934677124,1024,1024,1,1.0
2022-09-24T13:53:59,rec.4.relu-suffix.2,3348,230,4.010178804397583,0.2,0.1,128,128,3768320,3930028908,3.672991156578064,1024,1024,1,1.0
2022-09-24T13:54:01,suffix.2-dense.32.tanh,24864,103,2.0035452842712402,0.5,0.1,128,512,6750208,3930028908,3.1826351284980774,1024,1024,1,1.0
2022-09-24T13:54:03,suffix.2-dense.4.tanh,3332,52,1.0073161125183105,2.0,0.1,128,256,1703936,3930028908,5.224965333938599,1024,1024,1,1.0
2022-09-24T13:54:19,suffix.4-dense.8.relu,10504,624,16.018625497817993,0.5,0.1,128,1024,81788928,3930028908,3.359317123889923,1024,1024,1,1.0
2022-09-24T13:54:21,suffix.4-rec.16.relu,21008,42,1.0090131759643555,0.5,0.1,128,256,1376256,3930028908,3.5148205757141113,1024,1024,1,1.0
2022-09-24T13:54:24,suffix.2-dense.32.relu-attention.2,24864,87,2.010162591934204,0.5,0.1,128,128,1425408,3930028908,3.2568700313568115,1024,1024,1,1.0
2022-09-24T13:54:25,suffix.4-dense.8.tanh,10504,42,1.0065007209777832,0.5,0.1,128,512,2752512,3930028908,3.5900781750679016,1024,1024,1,1.0
2022-09-24T13:54:34,suffix.2-dense.8.relu,6408,352,8.003793716430664,0.2,0.1,128,1024,46137344,3930028908,3.419633686542511,1024,1024,1,1.0
2022-09-24T13:54:35,suffix.2-dense.8.relu-dense.8.relu,6480,32,1.0039808750152588,0.5,0.1,128,256,1048576,3930028908,4.0533047914505005,1024,1024,1,1.0
2022-09-24T13:54:40,suffix.4-dense.32.tanh-attention.2.pos,41312,155,4.019582033157349,0.5,0.1,128,256,5079040,3930028908,3.089186370372772,1024,1024,1,1.0
2022-09-24T13:54:43,dense.32.relu-attention.2,16672,98,2.0109405517578125,0.5,0.1,128,128,1605632,3930028908,3.700372636318207,1024,1024,1,1.0
2022-09-24T13:54:45,suffix.2-dense.16.relu-attention.2,12560,32,1.0124232769012451,0.5,0.1,128,64,262144,3930028908,3.7052186131477356,1024,1024,1,1.0
2022-09-24T13:56:54,attention.2-rec.2.tanh-suffix.2,1798,3924,128.00788164138794,0.5,0.1,128,1024,514326528,3930028908,3.8976072669029236,1024,1024,1,1.0
2022-09-24T13:56:55,suffix.2-dense.32.relu-suffix.2,33056,42,1.0133376121520996,0.2,0.1,128,256,1376256,3930028908,3.3690202832221985,1024,1024,1,1.0
2022-09-24T13:56:58,suffix.2-dense.8.relu-attention.2.pos,6424,74,2.008803367614746,0.2,0.1,128,128,1212416,3930028908,3.6467453241348267,1024,1024,1,1.0
2022-09-24T13:57:00,suffix.4-dense.32.tanh-dense.32.relu,42304,32,1.0185132026672363,0.5,0.1,128,256,1048576,3930028908,4.303186893463135,1024,1024,1,1.0
2022-09-24T13:57:04,suffix.4-dense.8.relu,10504,210,4.013320446014404,0.2,0.1,128,512,13762560,3930028908,3.3941468596458435,1024,1024,1,1.0
2022-09-24T13:57:06,attention.2-rec.4.tanh,2324,39,1.014514684677124,0.5,0.1,128,128,638976,3930028908,4.032122850418091,1024,1024,1,1.0
2022-09-24T13:57:09,suffix.2-rec.4.relu-attention.2.pos,3356,65,2.00032377243042,0.2,0.1,128,128,1064960,3930028908,3.938054621219635,1024,1024,1,1.0
2022-09-24T13:57:18,suffix.2-rec.16.tanh-suffix.2,16912,360,8.010528564453125,0.2,0.1,128,512,23592960,3930028908,3.120138704776764,1024,1024,1,1.0
2022-09-24T13:57:19,suffix.2-rec.1.relu,1026,40,1.0047388076782227,1.0,0.1,128,512,2621440,3930028908,4.797268509864807,1024,1024,1,1.0
2022-09-24T13:57:22,attention.4.pos-dense.8.tanh,5384,73,2.0113213062286377,0.2,0.1,128,256,2392064,3930028908,4.589502334594727,1024,1024,1,1.0
2022-09-24T13:57:24,suffix.2-dense.8.relu,6408,53,1.0020451545715332,0.5,0.1,128,128,868352,3930028908,3.6235337257385254,1024,1024,1,1.0
2022-09-24T13:57:28,attention.2-rec.4.tanh-attention.2.pos,2332,129,4.012755393981934,0.5,0.1,128,512,8454144,3930028908,3.8138562440872192,1024,1024,1,1.0
2022-09-24T13:57:30,suffix.2-rec.4.tanh-attention.2.pos,3356,27,1.0201780796051025,0.5,0.1,128,128,442368,3930028908,4.029800534248352,1024,1024,1,1.0
2022-09-24T13:58:03,rec.4.relu,2324,1703,32.00232124328613,0.2,0.1,128,512,111607808,3930028908,3.6415960788726807,1024,1024,1,1.0
2022-09-24T13:58:05,suffix.4-rec.2.relu,2822,107,2.01313853263855,0.5,0.1,128,32,438272,3930028908,4.451293110847473,1024,1024,1,1.0
2022-09-24T13:58:07,suffix.4-dense.4.tanh,5380,49,1.0041754245758057,0.2,0.1,128,256,1605632,3930028908,4.390643239021301,1024,1024,1,1.0
2022-09-24T13:58:09,suffix.4-dense.32.tanh-attention.2.pos,41312,28,1.018604040145874,0.5,0.1,128,256,917504,3930028908,3.5369967818260193,1024,1024,1,1.0
2022-09-24T13:58:11,suffix.2-dense.32.relu-suffix.2-dense.64.relu,37216,76,2.0194571018218994,0.2,0.1,128,128,1245184,3930028908,3.1113495230674744,1024,1024,1,1.0
2022-09-24T13:58:16,suffix.2-dense.4.tanh-attention.2,3332,198,4.004868745803833,0.5,0.1,128,32,811008,3930028908,3.7918903827667236,1024,1024,1,1.0
2022-09-24T13:58:18,attention.2-dense.8.tanh,4360,46,1.01535964012146,0.5,0.1,128,512,3014656,3930028908,3.8195963501930237,1024,1024,1,1.0
2022-09-24T13:58:35,suffix.2-dense.8.relu,6408,724,16.017412662506104,0.2,0.1,128,1024,94896128,3930028908,3.4077632427215576,1024,1024,1,1.0
2022-09-24T13:58:36,dense.32.relu-suffix.2,24864,44,1.0067167282104492,0.2,0.1,128,256,1441792,3930028908,3.533915936946869,1024,1024,1,1.0
2022-09-24T13:58:39,suffix.2-dense.32.relu-suffix.2-dense.64.relu,37216,78,2.0171964168548584,0.2,0.1,128,128,1277952,3930028908,3.178204655647278,1024,1024,1,1.0
2022-09-24T13:58:48,suffix.2-dense.2.tanh-attention.2.pos,1798,379,8.008587837219238,0.5,0.1,128,64,3104768,3930028908,4.014367938041687,1024,1024,1,1.0
2022-09-24T13:58:49,rec.4.tanh-attention.2,2324,33,1.009889841079712,0.5,0.1,128,128,540672,3930028908,4.01659494638443,1024,1024,1,1.0
2022-09-24T13:58:51,rec.8.tanh,4424,49,1.0017459392547607,0.5,0.1,128,128,802816,3930028908,3.8172447085380554,1024,1024,1,1.0
2022-09-24T13:58:53,rec.8.tanh-suffix.2,6472,91,2.002551555633545,0.5,0.1,128,256,2981888,3930028908,3.4764024019241333,1024,1024,1,1.0
2022-09-24T13:58:58,attention.2-rec.4.tanh,2324,141,4.000967264175415,0.5,0.1,128,1024,18481152,3930028908,3.767500638961792,1024,1024,1,1.0
2022-09-24T13:59:00,suffix.2-dense.2.relu-dense.2.relu,1800,39,1.0174615383148193,0.5,0.1,128,64,319488,3930028908,4.44229519367218,1024,1024,1,1.0
2022-09-24T13:59:05,dense.16.tanh-attention.2.pos,8496,1,3.962270498275757,0.5,0.1,128,512,65536,3930028908,7.355710506439209,1024,1024,1,1.0
2022-09-24T13:59:06,suffix.4-dense.32.tanh,41248,49,1.0087227821350098,0.2,0.1,128,256,1605632,3930028908,3.328873932361603,1024,1024,1,1.0
2022-09-24T13:59:09,suffix.2-dense.16.relu-attention.2,12560,85,2.002084970474243,0.5,0.1,128,128,1392640,3930028908,3.477955937385559,1024,1024,1,1.0
2022-09-24T13:59:11,suffix.4-dense.32.relu,41248,48,1.0144519805908203,0.2,0.1,128,256,1572864,3930028908,3.2666449546813965,1024,1024,1,1.0
2022-09-24T13:59:19,suffix.2-dense.2.tanh,1794,512,8.011865377426147,1.0,0.1,128,256,16777216,3930028908,4.04885733127594,1024,1024,1,1.0
2022-09-24T13:59:22,dense.16.tanh-attention.2.pos,8496,65,2.0004942417144775,0.5,0.1,128,512,4259840,3930028908,3.554854452610016,1024,1024,1,1.0
2022-09-24T13:59:23,suffix.2-dense.8.tanh-dense.2.relu,4890,29,1.0141360759735107,0.5,0.1,128,512,1900544,3930028908,4.283800005912781,1024,1024,1,1.0
2022-09-24T13:59:25,suffix.2-dense.4.relu-attention.2.pos,3340,29,1.0157983303070068,0.5,0.1,128,32,118784,3930028908,4.329838991165161,1024,1024,1,1.0
2022-09-24T13:59:28,suffix.2-rec.16.tanh-attention.2.pos,12848,43,2.0256974697113037,0.5,0.1,128,1024,5636096,3930028908,4.221439719200134,1024,1024,1,1.0
2022-09-24T13:59:30,suffix.2-dense.4.tanh,3332,53,1.0044183731079102,0.5,0.1,128,128,868352,3930028908,3.8018787503242493,1024,1024,1,1.0
2022-09-24T14:00:34,rec.2.tanh-suffix.2-dense.1.relu,1035,2390,64.0110514163971,0.5,0.1,128,512,156631040,3930028908,4.276184558868408,1024,1024,1,1.0
2022-09-24T14:00:39,suffix.2-dense.16.tanh-suffix.2,16656,101,4.006604909896851,0.5,0.1,128,2048,26476544,3930028908,3.2200729846954346,1024,1024,1,1.0
2022-09-24T14:00:40,suffix.4-dense.32.relu,41248,51,1.007115125656128,0.2,0.1,128,256,1671168,3930028908,3.212604582309723,1024,1024,1,1.0
2022-09-24T14:00:43,suffix.4-dense.4.tanh,5380,115,2.0003063678741455,0.2,0.1,128,256,3768320,3930028908,3.808786988258362,1024,1024,1,1.0
2022-09-24T14:00:44,suffix.2-dense.4.tanh,3332,55,1.0062458515167236,0.5,0.1,128,128,901120,3930028908,3.793066680431366,1024,1024,1,1.0
2022-09-24T14:01:01,suffix.2-rec.1.tanh,1026,1128,16.002801179885864,0.5,0.1,128,256,36962304,3930028908,4.327955961227417,1024,1024,1,1.0
2022-09-24T14:01:03,attention.4.pos-dense.32.relu,17696,28,1.0123863220214844,0.2,0.1,128,256,917504,3930028908,4.61445152759552,1024,1024,1,1.0
2022-09-24T14:01:05,suffix.4-dense.2.relu,2818,123,2.001889228820801,0.2,0.1,128,128,2015232,3930028908,4.079453349113464,1024,1024,1,1.0
2022-09-24T14:01:13,dense.2.tanh,1282,653,8.008435249328613,1.0,0.1,128,32,2674688,3930028908,4.238693714141846,1024,1024,1,1.0
2022-09-24T14:01:15,suffix.2-dense.16.relu,12560,47,1.0034513473510742,0.5,0.1,128,512,3080192,3930028908,3.4534372091293335,1024,1024,1,1.0
2022-09-24T14:01:19,suffix.4-rec.2.relu,2822,133,4.024939775466919,0.5,0.1,128,1024,17432576,3930028908,3.936935245990753,1024,1024,1,1.0
2022-09-24T14:01:21,suffix.2-dense.32.relu,24864,48,1.000448226928711,0.2,0.1,128,256,1572864,3930028908,3.361750900745392,1024,1024,1,1.0
2022-09-24T14:01:24,attention.2-rec.4.tanh-dense.4.relu,2344,80,2.017974376678467,0.5,0.1,128,32,327680,3930028908,3.9258280396461487,1024,1024,1,1.0
2022-09-24T14:01:26,suffix.2-rec.1.tanh-attention.2.pos,1028,30,1.009063959121704,0.5,0.1,128,128,491520,3930028908,4.4356911182403564,1024,1024,1,1.0
2022-09-24T14:01:58,attention.2-rec.2.tanh-suffix.2,1798,1642,32.01658606529236,0.5,0.1,128,256,53805056,3930028908,3.9352394342422485,1024,1024,1,1.0
2022-09-24T14:02:01,rec.2.relu-suffix.2,1798,102,2.0011181831359863,0.2,0.1,128,128,1671168,3930028908,4.230730056762695,1024,1024,1,1.0
2022-09-24T14:02:03,suffix.4-dense.32.relu-attention.2,41248,32,1.0003750324249268,0.2,0.1,128,256,1048576,3930028908,3.55736643075943,1024,1024,1,1.0
2022-09-24T14:02:08,suffix.4-dense.32.tanh-attention.2.pos,41312,141,4.017090559005737,0.2,0.1,128,512,9240576,3930028908,3.073281168937683,1024,1024,1,1.0
2022-09-24T14:02:09,suffix.4-dense.32.relu-dense.32.relu,42304,33,1.0180206298828125,0.2,0.1,128,256,1081344,3930028908,3.3920432925224304,1024,1024,1,1.0
2022-09-24T14:02:12,suffix.4-dense.32.relu,41248,115,2.0018386840820312,0.2,0.1,128,256,3768320,3930028908,3.04589307308197,1024,1024,1,1.0
2022-09-24T14:02:13,suffix.4-dense.32.relu,41248,52,1.0082437992095947,0.1,0.1,128,256,1703936,3930028908,3.6015931367874146,1024,1024,1,1.0
2022-09-24T14:02:22,suffix.2-dense.16.tanh-suffix.2,16656,207,8.022565603256226,0.5,0.1,128,2048,54263808,3930028908,3.1549755334854126,1024,1024,1,1.0
2022-09-24T14:02:23,rec.8.tanh,4424,52,1.0048046112060547,0.5,0.1,128,64,425984,3930028908,3.8180538415908813,1024,1024,1,1.0
2022-09-24T14:02:26,suffix.4-dense.32.tanh,41248,116,2.0072317123413086,0.2,0.1,128,256,3801088,3930028908,3.103801965713501,1024,1024,1,1.0
2022-09-24T14:02:27,suffix.4-rec.32.relu,42272,40,1.0048060417175293,0.2,0.1,128,256,1310720,3930028908,3.4226080179214478,1024,1024,1,1.0
2022-09-24T14:02:32,suffix.4-dense.32.relu,41248,246,4.007540941238403,0.2,0.1,128,256,8060928,3930028908,2.9853427410125732,1024,1024,1,1.0
2022-09-24T14:02:33,suffix.4-dense.32.relu-dense.16.relu,37680,26,1.0023088455200195,0.2,0.1,128,256,851968,3930028908,3.6359052062034607,1024,1024,1,1.0
2022-09-24T14:02:36,attention.2-rec.4.tanh-dense.2.relu,1822,80,2.014308214187622,0.5,0.1,128,32,327680,3930028908,4.522512435913086,1024,1024,1,1.0
2022-09-24T14:02:53,suffix.2-rec.16.tanh-suffix.2,16912,739,16.0117769241333,0.2,0.1,128,512,48431104,3930028908,3.0745238661766052,1024,1024,1,1.0
2022-09-24T14:02:54,attention.4-dense.32.tanh,16672,46,1.0105407238006592,0.2,0.1,128,256,1507328,3930028908,4.076645135879517,1024,1024,1,1.0
2022-09-24T14:02:59,suffix.2-dense.8.tanh,6408,274,4.006446599960327,0.2,0.1,128,64,2244608,3930028908,3.4911370277404785,1024,1024,1,1.0
2022-09-24T14:03:00,dense.2.tanh,1282,46,1.0049338340759277,1.0,0.1,128,512,3014656,3930028908,4.374640703201294,1024,1024,1,1.0
2022-09-24T14:03:03,dense.2.tanh,1282,107,2.0158941745758057,1.0,0.1,128,512,7012352,3930028908,4.126228213310242,1024,1024,1,1.0
2022-09-24T14:03:04,suffix.4-dense.32.relu,41248,51,1.0073349475860596,0.5,0.1,128,256,1671168,3930028908,3.247758448123932,1024,1024,1,1.0
2022-09-24T14:07:21,rec.2.tanh-suffix.2-dense.4.relu,1818,7134,256.0223536491394,0.5,0.1,128,512,467533824,3930028908,3.794189751148224,1024,1024,1,1.0
2022-09-24T14:07:23,attention.4-dense.32.relu,16672,25,1.0286767482757568,0.5,0.1,128,256,819200,3930028908,4.138580322265625,1024,1024,1,1.0
2022-09-24T14:07:25,rec.8.relu-suffix.2,6472,63,2.0229263305664062,0.5,0.1,128,256,2064384,3930028908,3.908470034599304,1024,1024,1,1.0
2022-09-24T14:07:37,suffix.2-dense.32.relu-suffix.2,33056,246,11.020911931991577,0.2,0.1,128,512,16121856,3930028908,3.022775948047638,1024,1024,1,1.0
2022-09-24T14:07:39,suffix.2-dense.2.relu,1794,53,1.0074234008789062,0.2,0.1,128,64,434176,3930028908,4.391846776008606,1024,1024,1,1.0
2022-09-24T14:07:47,suffix.2-dense.8.tanh,6408,372,8.036704778671265,1.0,0.1,128,256,12189696,3930028908,3.621220588684082,1024,1024,1,1.0
2022-09-24T14:07:49,attention.2-dense.32.relu,16672,43,1.0136327743530273,0.2,0.1,128,256,1409024,3930028908,3.7873294353485107,1024,1024,1,1.0
2022-09-24T14:07:52,suffix.2-rec.16.tanh-attention.4,12816,58,2.017510414123535,0.5,0.1,128,512,3801088,3930028908,3.721651554107666,1024,1024,1,1.0
2022-09-24T14:07:57,attention.2-mgru.1-attention.2,1028,142,4.018366575241089,0.5,0.1,128,512,9306112,3930028908,4.360088229179382,1024,1024,1,1.0
2022-09-24T14:07:59,suffix.2-dense.32.tanh,24864,50,1.009531021118164,0.2,0.1,128,256,1638400,3930028908,3.4294532537460327,1024,1024,1,1.0
2022-09-24T14:08:01,suffix.2-dense.1.tanh,1025,151,2.001054525375366,0.5,0.1,128,64,1236992,3930028908,4.370044231414795,1024,1024,1,1.0
2022-09-24T14:08:03,suffix.4-rec.16.tanh,21008,38,1.0143697261810303,0.2,0.1,128,256,1245184,3930028908,3.6060746908187866,1024,1024,1,1.0
2022-09-24T14:08:07,dense.2.tanh,1282,225,4.0149312019348145,1.0,0.1,128,512,14745600,3930028908,4.133196711540222,1024,1024,1,1.0
2022-09-24T14:08:09,suffix.2-dense.32.relu,24864,43,1.0081100463867188,0.2,0.1,128,512,2818048,3930028908,3.379207491874695,1024,1024,1,1.0
2022-09-24T14:08:11,suffix.2-dense.32.relu,24864,102,2.003723621368408,0.2,0.1,128,512,6684672,3930028908,3.2442638278007507,1024,1024,1,1.0
2022-09-24T14:08:13,attention.2-rec.4.relu,2324,39,1.0075054168701172,0.5,0.1,128,256,1277952,3930028908,4.187414526939392,1024,1024,1,1.0
2022-09-24T14:08:22,attention.2-rec.8.tanh-attention.2.pos,4440,271,8.006614685058594,0.5,0.1,128,512,17760256,3930028908,3.5541122555732727,1024,1024,1,1.0
2022-09-24T14:08:23,suffix.4-dense.32.tanh,41248,49,1.0152664184570312,0.5,0.1,128,256,1605632,3930028908,3.257746636867523,1024,1024,1,1.0
2022-09-24T14:08:26,suffix.4-dense.32.relu,41248,114,2.010695457458496,0.2,0.1,128,256,3735552,3930028908,3.060457766056061,1024,1024,1,1.0
2022-09-24T14:08:28,suffix.2-rec.32.tanh-suffix.2,34080,31,1.0086727142333984,0.2,0.1,128,256,1015808,3930028908,3.5030147433280945,1024,1024,1,1.0
2022-09-24T14:08:32,suffix.4-dense.4.tanh,5380,281,4.008137464523315,0.5,0.1,128,32,1150976,3930028908,3.7088441252708435,1024,1024,1,1.0
2022-09-24T14:08:34,suffix.2-dense.32.relu-attention.2,24864,30,1.0138206481933594,0.2,0.1,128,256,983040,3930028908,3.686903476715088,1024,1024,1,1.0
2022-09-24T14:08:37,attention.4.pos-dense.32.relu,17696,74,2.0068187713623047,0.2,0.1,128,256,2424832,3930028908,3.89336895942688,1024,1024,1,1.0
2022-09-24T14:08:54,attention.2-rec.4.relu,2324,679,16.025882482528687,0.5,0.1,128,32,2781184,3930028908,4.107027888298035,1024,1024,1,1.0
2022-09-24T14:08:55,suffix.2-dense.4.tanh,3332,52,1.0022406578063965,0.5,0.1,128,128,851968,3930028908,3.8223689198493958,1024,1024,1,1.0
2022-09-24T14:08:58,suffix.4-rec.16.tanh,21008,99,2.0155670642852783,0.2,0.1,128,256,3244032,3930028908,3.341690242290497,1024,1024,1,1.0
2022-09-24T14:08:59,suffix.4-dense.8.tanh,10504,44,1.008312463760376,1.0,0.1,128,512,2883584,3930028908,3.999929130077362,1024,1024,1,1.0
2022-09-24T14:09:03,suffix.2-dense.1.tanh,1025,326,4.006055593490601,0.5,0.1,128,64,2670592,3930028908,4.365085601806641,1024,1024,1,1.0
2022-09-24T14:09:06,attention.4-dense.16.tanh-attention.2.pos,8496,23,1.018481731414795,0.5,0.1,128,128,376832,3930028908,4.284931540489197,1024,1024,1,1.0
2022-09-24T14:09:14,suffix.2-dense.16.relu-suffix.2,16656,490,8.010250329971313,0.2,0.1,128,128,8028160,3930028908,3.173735499382019,1024,1024,1,1.0
2022-09-24T14:09:17,suffix.4-dense.32.relu-attention.2,41248,86,2.016723394393921,0.2,0.1,128,256,2818048,3930028908,3.150175154209137,1024,1024,1,1.0
2022-09-24T14:09:18,rec.8.tanh,4424,44,1.0035943984985352,0.5,0.1,128,256,1441792,3930028908,3.6546950340270996,1024,1024,1,1.0
2022-09-24T14:09:51,suffix.2-dense.4.tanh-attention.2.pos,3340,1205,32.00743341445923,0.5,0.1,128,64,9871360,3930028908,3.6804067492485046,1024,1024,1,1.0
2022-09-24T14:09:53,dense.32.relu,16672,49,1.0125479698181152,0.2,0.1,128,512,3211264,3930028908,3.7328468561172485,1024,1024,1,1.0
2022-09-24T14:09:56,attention.2-rec.2.relu,1286,52,2.016636848449707,0.5,0.1,128,2048,13631488,3930028908,4.221622705459595,1024,1024,1,1.0
2022-09-24T14:09:58,attention.2-rec.4.tanh-attention.2.pos,2332,23,1.0199129581451416,0.5,0.1,128,256,753664,3930028908,4.299632430076599,1024,1024,1,1.0
2022-09-24T14:10:02,attention.2-rec.2.relu,1286,110,4.002480745315552,0.5,0.1,128,2048,28835840,3930028908,4.379566669464111,1024,1024,1,1.0
2022-09-24T14:10:04,attention.2-rec.4.tanh-dense.4.relu,2344,29,1.0194590091705322,0.5,0.1,128,256,950272,3930028908,4.190990090370178,1024,1024,1,1.0
2022-09-24T14:10:07,suffix.2-dense.4.relu-suffix.2,4356,110,2.0052378177642822,0.5,0.1,128,64,901120,3930028908,3.8105146288871765,1024,1024,1,1.0
2022-09-24T14:10:08,dense.2.tanh-dense.1.relu,1029,48,1.0048842430114746,0.5,0.1,128,32,196608,3930028908,4.770322680473328,1024,1024,1,1.0
2022-09-24T14:10:17,dense.4.tanh,2308,641,8.008629083633423,0.5,0.1,128,16,1312768,3930028908,4.006822109222412,1024,1024,1,1.0
2022-09-24T14:10:18,attention.2-rec.4.tanh,2324,40,1.0005881786346436,0.2,0.1,128,256,1310720,3930028908,4.498460292816162,1024,1024,1,1.0
2022-09-24T14:10:21,mgru.1-attention.4.pos,1032,65,2.008296012878418,0.5,0.1,128,256,2129920,3930028908,4.35286557674408,1024,1024,1,1.0
2022-09-24T14:10:26,mgru.1-attention.4.pos,1032,154,4.0106542110443115,0.5,0.1,128,256,5046272,3930028908,4.312948703765869,1024,1024,1,1.0
2022-09-24T14:10:28,attention.4-dense.32.relu-dense.32.relu,17728,31,1.0034420490264893,0.2,0.1,128,256,1015808,3930028908,4.291048049926758,1024,1024,1,1.0
2022-09-24T14:10:44,dense.2.tanh,1282,1257,16.01533818244934,0.2,0.1,128,32,5148672,3930028908,4.118972301483154,1024,1024,1,1.0
2022-09-24T14:10:46,suffix.2-dense.32.relu,24864,48,1.0034894943237305,0.2,0.1,128,256,1572864,3930028908,3.361320734024048,1024,1024,1,1.0
2022-09-24T14:10:48,suffix.8-dense.32.relu,74016,102,2.0048775672912598,0.2,0.1,128,256,3342336,3930028908,3.072286367416382,1024,1024,1,1.0
2022-09-24T14:10:50,attention.2-rec.8.relu,4424,30,1.0091440677642822,0.5,0.1,128,1024,3932160,3930028908,4.133633017539978,1024,1024,1,1.0
2022-09-24T14:10:55,suffix.2-dense.32.relu,24864,223,4.020537376403809,0.2,0.1,128,512,14614528,3930028908,3.1413766741752625,1024,1024,1,1.0
2022-09-24T14:10:57,gru.1.relu,1286,70,2.013559103012085,0.5,0.1,128,128,1146880,3930028908,4.747686266899109,1024,1024,1,1.0
2022-09-24T14:10:59,suffix.2-dense.32.relu-suffix.2,33056,41,1.0108098983764648,0.2,0.1,128,512,2686976,3930028908,3.3386324644088745,1024,1024,1,1.0
2022-09-24T14:11:01,attention.2-rec.4.tanh-dense.2.relu,1822,29,1.010751724243164,0.5,0.1,128,256,950272,3930028908,4.45548689365387,1024,1024,1,1.0
2022-09-24T14:12:06,attention.2-rec.2.tanh-suffix.2,1798,2460,64.01886987686157,0.5,0.1,128,256,80609280,3930028908,3.9552396535873413,1024,1024,1,1.0
2022-09-24T14:12:08,suffix.4-dense.32.relu-dense.32.relu,42304,81,2.007434844970703,0.2,0.1,128,256,2654208,3930028908,3.0495898723602295,1024,1024,1,1.0
2022-09-24T14:12:10,suffix.2-dense.2.relu,1794,58,1.0026791095733643,1.0,0.1,128,64,475136,3930028908,4.825472474098206,1024,1024,1,1.0
2022-09-24T14:12:19,suffix.4-dense.16.tanh-attention.2.pos,20784,289,8.004994869232178,0.5,0.1,128,512,18939904,3930028908,3.155675947666168,1024,1024,1,1.0
2022-09-24T14:12:20,suffix.2-rec.16.relu-suffix.2,16912,36,1.0196917057037354,0.2,0.1,128,512,2359296,3930028908,3.62158864736557,1024,1024,1,1.0
2022-09-24T14:12:25,attention.4.pos-dense.32.relu,17696,160,4.005833148956299,0.2,0.1,128,256,5242880,3930028908,3.762126922607422,1024,1024,1,1.0
2022-09-24T14:12:28,attention.4-dense.32.relu-dense.32.relu,17728,76,2.0184757709503174,0.2,0.1,128,256,2490368,3930028908,4.003928244113922,1024,1024,1,1.0
2022-09-24T14:12:30,attention.2-rec.1.tanh-suffix.2,1026,41,1.0145444869995117,0.5,0.1,128,128,671744,3930028908,4.3965489864349365,1024,1024,1,1.0
2022-09-24T14:12:31,suffix.2-rec.16.relu,12816,39,1.00068998336792,0.5,0.1,128,512,2555904,3930028908,nan,1024,1024,1,1.0
2022-09-24T14:12:34,suffix.4-dense.32.relu-dense.32.relu,42304,83,2.0209555625915527,0.2,0.1,128,256,2719744,3930028908,3.110967457294464,1024,1024,1,1.0
2022-09-24T14:12:39,suffix.2-dense.32.relu-attention.2,24864,193,4.000391006469727,0.5,0.1,128,128,3162112,3930028908,3.263507068157196,1024,1024,1,1.0
2022-09-24T14:12:41,attention.2.pos-dense.32.relu-suffix.2,25376,24,1.0227224826812744,0.2,0.1,128,512,1572864,3930028908,4.499052047729492,1024,1024,1,1.0
2022-09-24T14:12:43,suffix.4-rec.8.tanh,10568,96,2.0025486946105957,0.2,0.1,128,256,3145728,3930028908,3.4815062284469604,1024,1024,1,1.0
2022-09-24T14:12:45,dense.2.tanh-attention.2.pos,1286,30,1.0093743801116943,0.5,0.1,128,256,983040,3930028908,4.246037483215332,1024,1024,1,1.0
2022-09-24T14:13:01,dense.16.tanh,8464,806,16.01175880432129,0.5,0.1,128,1024,105644032,3930028908,3.6784258484840393,1024,1024,1,1.0
2022-09-24T14:13:03,suffix.2-dense.16.relu-suffix.2,16656,45,1.002983570098877,0.2,0.1,128,256,1474560,3930028908,3.467203676700592,1024,1024,1,1.0
2022-09-24T14:13:12,attention.2-rec.16.tanh-suffix.2,12816,348,8.001518249511719,0.2,0.1,128,512,22806528,3930028908,3.242348313331604,1024,1024,1,1.0
2022-09-24T14:13:13,suffix.4-dense.16.tanh,20752,56,1.0002555847167969,0.5,0.1,128,64,458752,3930028908,3.4156766533851624,1024,1024,1,1.0
2022-09-24T14:13:16,attention.8-dense.32.relu,16672,100,2.0108907222747803,0.2,0.1,128,256,3276800,3930028908,4.157715082168579,1024,1024,1,1.0
2022-09-24T14:13:21,suffix.2-rec.16.tanh,12816,183,4.00300145149231,0.2,0.1,128,512,11993088,3930028908,3.3463687896728516,1024,1024,1,1.0
2022-09-24T14:13:22,suffix.2-dense.8.relu-suffix.2,8456,44,1.0133392810821533,0.2,0.1,128,256,1441792,3930028908,3.7849331498146057,1024,1024,1,1.0
2022-09-24T14:13:25,attention.4-dense.32.relu-attention.2,16672,78,2.0128531455993652,0.2,0.1,128,256,2555904,3930028908,4.193682551383972,1024,1024,1,1.0
2022-09-24T14:13:27,dense.2.tanh-attention.4,1282,34,1.0116627216339111,0.5,0.1,128,256,1114112,3930028908,4.384949564933777,1024,1024,1,1.0
2022-09-24T14:14:00,rec.8.tanh-attention.2,4424,1568,32.00773286819458,0.5,0.1,128,128,25690112,3930028908,3.4611185789108276,1024,1024,1,1.0
2022-09-24T14:14:02,suffix.2-dense.32.relu-attention.2.pos,24928,25,1.0071911811828613,0.2,0.1,128,512,1638400,3930028908,3.761903464794159,1024,1024,1,1.0
2022-09-24T14:14:08,suffix.2-rec.8.relu-suffix.2,8520,82,2.0125279426574707,0.2,0.1,128,256,2686976,3930028908,3.4894941449165344,1024,1024,1,1.0
2022-09-24T14:14:13,suffix.2-rec.4.tanh-attention.2,3348,141,4.009571313858032,0.5,0.1,128,512,9240576,3930028908,3.6971972584724426,1024,1024,1,1.0
2022-09-24T14:14:15,attention.4-dense.4.relu-dense.4.relu,2328,33,1.0186164379119873,0.5,0.1,128,64,270336,3930028908,4.6257630586624146,1024,1024,1,1.0
2022-09-24T14:14:17,suffix.4-dense.32.relu,41248,47,1.0012834072113037,0.2,0.1,128,256,1540096,3930028908,3.249345541000366,1024,1024,1,1.0
2022-09-24T14:14:20,suffix.4-dense.16.relu-attention.2,20752,78,2.0142016410827637,0.2,0.1,128,256,2555904,3930028908,3.336825728416443,1024,1024,1,1.0
2022-09-24T14:14:28,suffix.2-rec.8.tanh-suffix.2,8520,349,8.00281572341919,0.2,0.1,128,512,22872064,3930028908,3.3512381315231323,1024,1024,1,1.0
2022-09-24T14:14:30,suffix.2-dense.16.relu,12560,47,1.010298490524292,0.2,0.1,128,256,1540096,3930028908,3.5542845726013184,1024,1024,1,1.0
2022-09-24T14:14:34,rec.8.relu,4424,213,4.013963222503662,0.5,0.1,128,256,6979584,3930028908,3.687288463115692,1024,1024,1,1.0
2022-09-24T14:14:36,suffix.4-dense.16.tanh,20752,56,1.0046696662902832,1.0,0.1,128,32,229376,3930028908,3.8825292587280273,1024,1024,1,1.0
2022-09-24T14:14:38,suffix.2-dense.4.relu,3332,98,2.003430128097534,0.5,0.1,128,512,6422528,3930028908,3.672954797744751,1024,1024,1,1.0
2022-09-24T14:14:40,attention.2.pos-dense.16.relu-suffix.2,13072,23,1.0068509578704834,0.2,0.1,128,256,753664,3930028908,4.476998209953308,1024,1024,1,1.0
2022-09-24T14:16:49,rec.1.tanh-suffix.2-dense.4.relu,1550,4068,128.01285696029663,0.5,0.1,128,512,266600448,3930028908,4.306297302246094,1024,1024,1,1.0
2022-09-24T14:16:50,suffix.4-dense.16.tanh,20752,25,1.0046393871307373,0.2,0.1,128,128,409600,3930028908,3.7873998880386353,1024,1024,1,1.0
2022-09-24T14:16:53,attention.2-rec.4.tanh-dense.4.relu,2344,52,2.032888174057007,0.5,0.1,128,256,1703936,3930028908,4.044395923614502,1024,1024,1,1.0
2022-09-24T14:16:55,suffix.2-rec.4.relu,3348,40,1.0145478248596191,0.5,0.1,128,128,655360,3930028908,3.927995264530182,1024,1024,1,1.0
2022-09-24T14:17:00,suffix.4-dense.16.relu-attention.2,20752,128,4.020827770233154,0.2,0.1,128,256,4194304,3930028908,3.241316020488739,1024,1024,1,1.0
2022-09-24T14:17:17,suffix.4-dense.8.tanh-attention.2,10504,494,16.015012741088867,0.5,0.1,128,256,16187392,3930028908,3.3467498421669006,1024,1024,1,1.0
2022-09-24T14:17:19,suffix.4-dense.32.relu,41248,43,1.0062103271484375,0.5,0.1,128,256,1409024,3930028908,3.319755256175995,1024,1024,1,1.0
2022-09-24T14:17:21,suffix.4-dense.32.relu,41248,118,2.0040266513824463,0.2,0.1,128,128,1933312,3930028908,3.086036205291748,1024,1024,1,1.0
2022-09-24T14:17:23,suffix.4-dense.16.relu-attention.2.pos,20784,22,1.013288974761963,0.2,0.1,128,128,360448,3930028908,4.213817119598389,1024,1024,1,1.0
2022-09-24T14:17:32,suffix.2-dense.32.relu,24864,423,8.00898289680481,0.2,0.1,128,512,27721728,3930028908,3.133198916912079,1024,1024,1,1.0
2022-09-24T14:17:34,suffix.2-dense.16.relu,12560,106,2.0020015239715576,0.2,0.1,128,256,3473408,3930028908,3.401456356048584,1024,1024,1,1.0
2022-09-24T14:17:36,suffix.2-rec.8.tanh,6472,40,1.0070381164550781,0.5,0.1,128,256,1310720,3930028908,3.5390031337738037,1024,1024,1,1.0
2022-09-24T14:17:40,mgru.4,3368,152,4.007468938827515,0.5,0.1,128,32,622592,3930028908,3.7583322525024414,1024,1024,1,1.0
2022-09-24T14:17:42,suffix.4-dense.32.relu,41248,48,1.0042898654937744,1.0,0.1,128,256,1572864,3930028908,4.538847804069519,1024,1024,1,1.0
2022-09-24T14:17:45,suffix.4-dense.32.relu-dense.16.relu,37680,77,2.0199086666107178,0.2,0.1,128,256,2523136,3930028908,3.2302443981170654,1024,1024,1,1.0
2022-09-24T14:17:46,suffix.8-dense.32.tanh,74016,42,1.0013108253479004,0.5,0.1,128,256,1376256,3930028908,3.510060489177704,1024,1024,1,1.0
2022-09-24T14:17:48,suffix.4-dense.16.relu,20752,55,1.0125505924224854,0.1,0.1,128,128,901120,3930028908,3.889171600341797,1024,1024,1,1.0
2022-09-24T14:17:51,attention.4-dense.32.relu,16672,113,2.0098912715911865,0.2,0.1,128,128,1851392,3930028908,3.929973065853119,1024,1024,1,1.0
2022-09-24T14:17:55,rec.2.relu-suffix.2,1798,216,4.00963568687439,0.2,0.1,128,128,3538944,3930028908,4.265180706977844,1024,1024,1,1.0
2022-09-24T14:17:57,suffix.2-dense.4.tanh,3332,54,1.0006227493286133,0.5,0.1,128,128,884736,3930028908,3.8637991547584534,1024,1024,1,1.0
2022-09-24T14:18:05,attention.2-rec.4.tanh,2324,466,8.013795614242554,0.5,0.1,128,16,954368,3930028908,3.8859177231788635,1024,1024,1,1.0
2022-09-24T14:18:07,suffix.2-mgru.2,2828,21,1.0070974826812744,0.5,0.1,128,128,344064,3930028908,4.311760306358337,1024,1024,1,1.0
2022-09-24T14:18:10,suffix.2-dense.16.tanh,12560,106,2.0098164081573486,0.5,0.1,128,256,3473408,3930028908,3.2973081469535828,1024,1024,1,1.0
2022-09-24T14:18:11,suffix.2-dense.4.relu,3332,43,1.0147602558135986,1.0,0.1,128,512,2818048,3930028908,4.618814706802368,1024,1024,1,1.0
2022-09-24T14:18:44,suffix.2-dense.2.relu,1794,1136,32.00981068611145,0.5,0.1,128,512,74448896,3930028908,3.950128972530365,1024,1024,1,1.0
2022-09-24T14:18:46,suffix.4-rec.16.tanh,21008,100,2.0086424350738525,0.2,0.1,128,128,1638400,3930028908,3.3434134125709534,1024,1024,1,1.0
2022-09-24T14:18:48,suffix.2-dense.4.relu-suffix.2,4356,42,1.002575397491455,0.2,0.1,128,256,1376256,3930028908,4.017071306705475,1024,1024,1,1.0
2022-09-24T14:18:52,suffix.4-rec.16.relu,21008,204,4.016645431518555,0.2,0.1,128,256,6684672,3930028908,3.181464970111847,1024,1024,1,1.0
2022-09-24T14:18:54,suffix.2-dense.16.tanh-suffix.2,16656,44,1.014129877090454,0.2,0.1,128,256,1441792,3930028908,3.4989232420921326,1024,1024,1,1.0
2022-09-24T14:19:11,suffix.2-dense.16.tanh-attention.2.pos,12592,647,16.006481409072876,0.5,0.1,128,256,21200896,3930028908,3.2159966826438904,1024,1024,1,1.0
2022-09-24T14:19:14,attention.2-dense.4.tanh,2308,99,2.01023006439209,1.0,0.1,128,512,6488064,3930028908,3.914530396461487,1024,1024,1,1.0
2022-09-24T14:19:15,rec.4.tanh-suffix.2,3348,30,1.0259478092193604,0.5,0.1,128,1024,3932160,3930028908,3.861002206802368,1024,1024,1,1.0
2022-09-24T14:19:17,rec.1.tanh-suffix.2,1026,28,1.0136127471923828,0.5,0.1,128,2048,7340032,3930028908,4.486176371574402,1024,1024,1,1.0
2022-09-24T14:19:21,dense.2.tanh,1282,316,4.003262758255005,0.5,0.1,128,8,323584,3930028908,4.219503402709961,1024,1024,1,1.0
2022-09-24T14:19:24,suffix.2-dense.8.relu,6408,115,2.0129010677337646,0.2,0.1,128,256,3768320,3930028908,3.5193698406219482,1024,1024,1,1.0
2022-09-24T14:19:25,suffix.2-dense.32.relu-dense.32.relu,25920,31,1.018022060394287,0.2,0.1,128,256,1015808,3930028908,3.5464999675750732,1024,1024,1,1.0
2022-09-24T14:19:34,mgru.1-attention.4.pos,1032,321,8.002056121826172,0.5,0.1,128,256,10518528,3930028908,4.311586260795593,1024,1024,1,1.0
2022-09-24T14:19:36,suffix.2-dense.4.tanh,3332,57,1.0047471523284912,0.5,0.1,128,32,233472,3930028908,3.9122604727745056,1024,1024,1,1.0
2022-09-24T14:19:38,attention.2-rec.8.tanh-suffix.2,6472,84,2.0058979988098145,0.5,0.1,128,256,2752512,3930028908,3.5194554924964905,1024,1024,1,1.0
2022-09-24T14:19:40,suffix.2-rec.16.tanh,12816,39,1.0197334289550781,0.2,0.1,128,512,2555904,3930028908,3.7992902398109436,1024,1024,1,1.0
2022-09-24T14:19:45,attention.2-dense.4.tanh,2308,213,4.000678539276123,1.0,0.1,128,512,13959168,3930028908,3.88913494348526,1024,1024,1,1.0
2022-09-24T14:19:47,suffix.4-dense.32.relu-dense.64.relu,51552,23,1.0219900608062744,0.2,0.1,128,256,753664,3930028908,3.5106418132781982,1024,1024,1,1.0
2022-09-24T14:19:49,dense.32.relu,16672,113,2.005772829055786,0.2,0.1,128,512,7405568,3930028908,3.6690062880516052,1024,1024,1,1.0
2022-09-24T14:19:51,suffix.2-dense.4.tanh-attention.2.pos,3340,23,1.0006227493286133,1.0,0.1,128,512,1507328,3930028908,4.293106913566589,1024,1024,1,1.0
2022-09-24T14:20:55,rec.4.relu,2324,2405,64.02616357803345,0.2,0.1,128,512,157614080,3930028908,3.6467280983924866,1024,1024,1,1.0
2022-09-24T14:20:58,dense.32.tanh-attention.2.pos,16736,51,2.0047428607940674,0.5,0.1,128,1024,6684672,3930028908,3.5572582483291626,1024,1024,1,1.0
2022-09-24T14:21:00,suffix.2-rec.8.tanh-suffix.2,8520,35,1.0073392391204834,0.2,0.1,128,256,1146880,3930028908,4.001577079296112,1024,1024,1,1.0
2022-09-24T14:21:08,dense.2.tanh,1282,446,8.001585483551025,1.0,0.1,128,512,29229056,3930028908,4.15680730342865,1024,1024,1,1.0
2022-09-24T14:21:10,dense.2.tanh-attention.2,1282,31,1.016784906387329,0.5,0.1,128,512,2031616,3930028908,4.316661715507507,1024,1024,1,1.0
2022-09-24T14:21:15,attention.2-rec.2.relu-dense.2.relu,1292,159,4.01107931137085,0.5,0.1,128,128,2605056,3930028908,4.7793800830841064,1024,1024,1,1.0
2022-09-24T14:21:17,suffix.2-dense.4.relu,3332,111,2.00736403465271,0.2,0.1,128,256,3637248,3930028908,3.772066295146942,1024,1024,1,1.0
2022-09-24T14:21:19,suffix.8-dense.32.relu,74016,45,1.0046961307525635,0.2,0.1,128,256,1474560,3930028908,3.311160624027252,1024,1024,1,1.0
2022-09-24T14:21:21,attention.2-rec.1.tanh-suffix.2,1026,41,1.0057973861694336,0.5,0.1,128,256,1343488,3930028908,4.389573693275452,1024,1024,1,1.0
2022-09-24T14:21:38,mgru.1-attention.4.pos,1032,661,16.003599405288696,0.5,0.1,128,256,21659648,3930028908,4.305331349372864,1024,1024,1,1.0
2022-09-24T14:21:40,suffix.2-dense.32.relu-dense.32.relu,25920,77,2.015390396118164,0.2,0.1,128,256,2523136,3930028908,3.2445181608200073,1024,1024,1,1.0
2022-09-24T14:21:42,attention.8-dense.32.relu,16672,44,1.0004422664642334,0.2,0.1,128,256,1441792,3930028908,4.3870744705200195,1024,1024,1,1.0
2022-09-24T14:21:47,suffix.8-dense.32.relu,74016,219,4.01301383972168,0.2,0.1,128,256,7176192,3930028908,2.999020040035248,1024,1024,1,1.0
2022-09-24T14:21:48,suffix.2-dense.32.relu,24864,46,1.0166962146759033,0.1,0.1,128,512,3014656,3930028908,3.844696581363678,1024,1024,1,1.0
2022-09-24T14:21:51,suffix.4-dense.16.relu-dense.32.relu,25392,70,2.025855541229248,0.2,0.1,128,256,2293760,3930028908,3.21385258436203,1024,1024,1,1.0
2022-09-24T14:21:53,attention.4.pos-dense.8.tanh-dense.8.relu,5456,23,1.0081136226654053,0.5,0.1,128,128,376832,3930028908,4.832657217979431,1024,1024,1,1.0
2022-09-24T14:22:06,attention.2-dense.4.tanh,2308,438,8.011615514755249,1.0,0.1,128,512,28704768,3930028908,3.946654736995697,1024,1024,1,1.0
2022-09-24T14:22:07,suffix.8-rec.16.relu,37392,34,1.0134344100952148,0.2,0.1,128,256,1114112,3930028908,3.601054549217224,1024,1024,1,1.0
2022-09-24T14:22:10,attention.4.pos-dense.16.relu-dense.32.relu,14128,52,2.008470058441162,0.2,0.1,128,256,1703936,3930028908,4.431760787963867,1024,1024,1,1.0
2022-09-24T14:22:15,suffix.4-dense.16.relu-dense.32.relu,25392,160,4.0058910846710205,0.2,0.1,128,256,5242880,3930028908,3.1036832332611084,1024,1024,1,1.0
2022-09-24T14:22:16,suffix.2-rec.8.tanh,6472,37,1.000030279159546,0.5,0.1,128,256,1212416,3930028908,3.5937893390655518,1024,1024,1,1.0
2022-09-24T14:22:18,suffix.2-rec.8.tanh,6472,41,1.012037992477417,0.5,0.1,128,256,1343488,3930028908,3.5861101150512695,1024,1024,1,1.0
2022-09-24T14:22:21,attention.4.pos-dense.16.relu-attention.2,9488,54,2.021446466445923,0.2,0.1,128,256,1769472,3930028908,4.5524585247039795,1024,1024,1,1.0
2022-09-24T14:22:54,suffix.2-rec.4.tanh-attention.2.pos,3356,1313,32.01522660255432,0.5,0.1,128,128,21512192,3930028908,3.663996994495392,1024,1024,1,1.0
2022-09-24T14:22:55,suffix.2-dense.4.tanh,3332,51,1.0124132633209229,1.0,0.1,128,256,1671168,3930028908,4.343385696411133,1024,1024,1,1.0
2022-09-24T14:23:00,suffix.4-dense.32.tanh,41248,232,4.0080180168151855,0.2,0.1,128,256,7602176,3930028908,2.990153133869171,1024,1024,1,1.0
2022-09-24T14:23:02,suffix.4-mgru.32,76096,21,1.0247044563293457,0.5,0.1,128,256,688128,3930028908,5.676671504974365,1024,1024,1,1.0
2022-09-24T14:23:05,attention.4.pos-rec.16.tanh,9744,68,2.0030949115753174,0.2,0.1,128,128,1114112,3930028908,4.170682668685913,1024,1024,1,1.0
2022-09-24T14:23:06,suffix.4-dense.32.tanh,41248,49,1.0092213153839111,0.5,0.1,128,256,1605632,3930028908,3.2280099987983704,1024,1024,1,1.0
2022-09-24T14:23:15,suffix.2-dense.2.relu,1794,559,8.007220268249512,0.5,0.1,128,64,4579328,3930028908,3.97315514087677,1024,1024,1,1.0
2022-09-24T14:23:17,suffix.2-rec.4.tanh,3348,93,2.012512445449829,0.2,0.1,128,256,3047424,3930028908,3.8919275999069214,1024,1024,1,1.0
2022-09-24T14:23:19,attention.4.pos-dense.4.tanh-suffix.2,4356,29,1.015134572982788,0.5,0.1,128,64,237568,3930028908,4.805409908294678,1024,1024,1,1.0
2022-09-24T14:23:36,attention.2-rec.8.tanh,4424,640,16.02115225791931,0.5,0.1,128,1024,83886080,3930028908,3.426446557044983,1024,1024,1,1.0
2022-09-24T14:23:38,dense.8.relu,4360,52,1.006230115890503,0.5,0.1,128,256,1703936,3930028908,3.8565833568573,1024,1024,1,1.0
2022-09-24T14:23:42,suffix.2-dense.8.relu,6408,239,4.009583473205566,0.2,0.1,128,256,7831552,3930028908,3.5094966888427734,1024,1024,1,1.0
2022-09-24T14:23:45,dense.2.tanh-attention.4,1282,88,2.013744592666626,0.5,0.1,128,256,2883584,3930028908,4.19501793384552,1024,1024,1,1.0
2022-09-24T14:23:47,rec.4.tanh,2324,48,1.0036265850067139,0.5,0.1,128,128,786432,3930028908,3.9235885739326477,1024,1024,1,1.0
2022-09-24T14:23:48,suffix.2-dense.4.tanh,3332,33,1.0202012062072754,1.0,0.1,128,1024,4325376,3930028908,4.254902720451355,1024,1024,1,1.0
2022-09-24T14:23:51,attention.2-dense.16.tanh-attention.2,8464,77,2.0194289684295654,0.5,0.1,128,256,2523136,3930028908,3.7647672295570374,1024,1024,1,1.0
2022-09-24T14:23:53,suffix.4-rec.16.relu,21008,33,1.0023245811462402,0.2,0.1,128,512,2162688,3930028908,3.6165966987609863,1024,1024,1,1.0
2022-09-24T14:23:58,attention.4.pos-dense.16.relu-dense.32.relu,14128,124,4.018380641937256,0.2,0.1,128,256,4063232,3930028908,3.8100921511650085,1024,1024,1,1.0
2022-09-24T14:23:59,rec.2.tanh-attention.4,1286,29,1.0064470767974854,0.5,0.1,128,128,475136,3930028908,4.559565901756287,1024,1024,1,1.0
2022-09-24T14:24:02,rec.4.relu-attention.2,2324,85,2.017169237136841,0.2,0.1,128,128,1392640,3930028908,4.078226447105408,1024,1024,1,1.0
2022-09-24T14:24:11,suffix.2-rec.16.relu-suffix.2,16912,290,8.000641584396362,0.5,0.1,128,1024,38010880,3930028908,nan,1024,1024,1,1.0
2022-09-24T14:24:12,rec.4.tanh,2324,51,1.0136539936065674,0.5,0.1,128,32,208896,3930028908,3.9738279581069946,1024,1024,1,1.0
2022-09-24T14:24:15,suffix.2-rec.4.relu-suffix.2,4372,87,2.0100886821746826,0.2,0.1,128,256,2850816,3930028908,3.7529972791671753,1024,1024,1,1.0
2022-09-24T14:24:17,attention.2-dense.16.tanh-suffix.2,12560,39,1.0057744979858398,0.2,0.1,128,256,1277952,3930028908,3.897488296031952,1024,1024,1,1.0
2022-09-24T14:24:21,suffix.4-rec.16.tanh,21008,222,4.01292085647583,0.2,0.1,128,128,3637248,3930028908,3.1809637546539307,1024,1024,1,1.0
2022-09-24T14:24:23,suffix.2-dense.16.relu-suffix.2,16656,44,1.015946626663208,0.1,0.1,128,256,1441792,3930028908,4.154471755027771,1024,1024,1,1.0
2022-09-24T14:24:26,suffix.4-dense.32.relu,41248,114,2.0131819248199463,0.1,0.1,128,256,3735552,3930028908,3.286544680595398,1024,1024,1,1.0
2022-09-24T14:24:27,suffix.4-rec.8.tanh,10568,26,1.019317865371704,0.5,0.1,128,1024,3407872,3930028908,3.7348130345344543,1024,1024,1,1.0
2022-09-24T14:24:44,suffix.2-dense.2.relu,1794,1147,16.001867055892944,0.5,0.1,128,64,9396224,3930028908,3.9987428784370422,1024,1024,1,1.0
2022-09-24T14:24:45,suffix.2-dense.4.relu,3332,55,1.0020954608917236,0.5,0.1,128,32,225280,3930028908,3.9228151440620422,1024,1024,1,1.0
2022-09-24T14:24:48,suffix.4-dense.8.relu-attention.2,10504,85,2.014028549194336,0.2,0.1,128,256,2785280,3930028908,3.6056073904037476,1024,1024,1,1.0
2022-09-24T14:24:53,suffix.2-dense.4.tanh,3332,105,4.024789571762085,0.5,0.1,128,2048,27525120,3930028908,3.664501190185547,1024,1024,1,1.0
2022-09-24T14:24:54,suffix.2-rec.32.relu,25888,35,1.002352237701416,0.2,0.1,128,512,2293760,3930028908,3.46279114484787,1024,1024,1,1.0
2022-09-24T14:25:03,suffix.2-rec.8.relu-suffix.2,8520,190,8.003503799438477,0.5,0.1,128,2048,49807360,3930028908,3.41904217004776,1024,1024,1,1.0
2022-09-24T14:25:04,suffix.2-dense.32.relu-rec.16.relu,21552,28,1.0034394264221191,0.2,0.1,128,256,917504,3930028908,3.8814032077789307,1024,1024,1,1.0
2022-09-24T14:25:07,rec.2.tanh-attention.4,1286,81,2.0102968215942383,0.5,0.1,128,128,1327104,3930028908,4.189569115638733,1024,1024,1,1.0
2022-09-24T14:25:09,rec.4.relu,2324,49,1.0032405853271484,0.5,0.1,128,128,802816,3930028908,4.078330874443054,1024,1024,1,1.0
2022-09-24T14:25:41,dense.2.tanh,1282,2510,32.004788398742676,0.2,0.1,128,32,10280960,3930028908,4.1080039739608765,1024,1024,1,1.0
2022-09-24T14:25:43,dense.1.tanh-attention.2.pos,771,42,1.0035922527313232,0.5,0.1,128,128,688128,3930028908,4.498573660850525,1024,1024,1,1.0
2022-09-24T14:25:45,suffix.4-dense.32.relu-rec.32.relu,43328,69,2.0098915100097656,0.2,0.1,128,256,2260992,3930028908,3.1362147331237793,1024,1024,1,1.0
2022-09-24T14:25:50,suffix.2-rec.4.relu-suffix.2,4372,192,4.002264499664307,0.2,0.1,128,256,6291456,3930028908,3.6947529911994934,1024,1024,1,1.0
2022-09-24T14:25:51,suffix.4-rec.4.tanh,5396,25,1.0132927894592285,0.5,0.1,128,1024,3276800,3930028908,3.998985171318054,1024,1024,1,1.0
2022-09-24T14:25:54,suffix.8-dense.16.relu,37136,103,2.014536142349243,0.2,0.1,128,256,3375104,3930028908,3.287680685520172,1024,1024,1,1.0
2022-09-24T14:25:56,suffix.2-gru.4.relu,7484,17,1.0088214874267578,0.5,0.1,128,256,557056,3930028908,4.250257134437561,1024,1024,1,1.0
2022-09-24T14:26:04,suffix.4-dense.16.relu-dense.32.relu,25392,341,8.022514820098877,0.2,0.1,128,256,11173888,3930028908,3.04820054769516,1024,1024,1,1.0
2022-09-24T14:26:06,suffix.8-rec.32.tanh,75040,36,1.0140604972839355,0.2,0.1,128,256,1179648,3930028908,3.4511404037475586,1024,1024,1,1.0
2022-09-24T14:26:11,attention.4-dense.32.tanh,16672,226,4.015268802642822,0.2,0.1,128,256,7405568,3930028908,3.922268807888031,1024,1024,1,1.0
2022-09-24T14:26:14,attention.8.pos-dense.16.relu,10512,66,2.0059332847595215,0.2,0.1,128,256,2162688,3930028908,4.519850969314575,1024,1024,1,1.0
2022-09-24T14:26:16,suffix.2-rec.8.relu,6472,41,1.008131504058838,0.5,0.1,128,256,1343488,3930028908,3.7068344950675964,1024,1024,1,1.0
2022-09-24T14:26:17,suffix.2-dense.32.tanh-suffix.2,33056,40,1.0200693607330322,0.2,0.1,128,512,2621440,3930028908,3.434531271457672,1024,1024,1,1.0
2022-09-24T14:27:22,rec.4.tanh,2324,3271,64.002366065979,0.2,0.1,128,128,53592064,3930028908,3.6549206972122192,1024,1024,1,1.0
2022-09-24T14:27:24,suffix.2-dense.16.relu,12560,111,2.014798879623413,0.5,0.1,128,256,3637248,3930028908,3.361302137374878,1024,1024,1,1.0
2022-09-24T14:27:26,suffix.2-dense.32.relu-suffix.2-dense.64.relu,37216,27,1.0097672939300537,0.2,0.1,128,512,1769472,3930028908,3.6373239159584045,1024,1024,1,1.0
2022-09-24T14:27:30,suffix.4-dense.32.relu-rec.32.relu,43328,150,4.017715215682983,0.2,0.1,128,256,4915200,3930028908,3.0487393736839294,1024,1024,1,1.0
2022-09-24T14:27:32,mgru.1-attention.4.pos,1032,24,1.0100154876708984,0.5,0.1,128,32,98304,3930028908,4.639439702033997,1024,1024,1,1.0
2022-09-24T14:27:35,rec.8.tanh-suffix.2-dense.16.relu,6744,69,2.025655746459961,0.5,0.1,128,256,2260992,3930028908,4.424153566360474,1024,1024,1,1.0
2022-09-24T14:27:37,rec.8.tanh-rec.4.relu,3452,28,1.018014669418335,0.5,0.1,128,256,917504,3930028908,4.808563709259033,1024,1024,1,1.0
2022-09-24T14:27:53,suffix.2-dense.1.tanh,1025,1142,16.000119924545288,0.5,0.1,128,512,74842112,3930028908,4.297940254211426,1024,1024,1,1.0
2022-09-24T14:27:55,suffix.2-dense.32.relu-suffix.2,33056,32,1.0205307006835938,0.2,0.1,128,1024,4194304,3930028908,3.448626935482025,1024,1024,1,1.0
2022-09-24T14:27:57,mgru.1-attention.4.pos,1032,71,2.009399652481079,0.5,0.1,128,32,290816,3930028908,4.334194660186768,1024,1024,1,1.0
2022-09-24T14:28:06,attention.2-mgru.1-attention.2,1028,315,8.014844417572021,0.5,0.1,128,512,20643840,3930028908,4.307966589927673,1024,1024,1,1.0
2022-09-24T14:28:08,attention.2-rec.8.tanh,4424,44,1.0024025440216064,0.2,0.1,128,128,720896,3930028908,4.311841726303101,1024,1024,1,1.0
2022-09-24T14:28:13,attention.2-rec.4.tanh-dense.4.relu,2344,174,4.0148327350616455,0.5,0.1,128,32,712704,3930028908,4.311078786849976,1024,1024,1,1.0
2022-09-24T14:28:18,attention.2-dense.4.tanh-attention.2,2308,1,4.400214910507202,0.5,0.1,128,32,4096,3930028908,7.627286672592163,1024,1024,1,1.0
2022-09-24T14:28:20,suffix.2-rec.2.tanh,1798,42,1.0050327777862549,0.5,0.1,128,64,344064,3930028908,4.1941680908203125,1024,1024,1,1.0
2022-09-24T14:28:23,suffix.4-rec.32.relu,42272,90,2.0019378662109375,0.2,0.1,128,256,2949120,3930028908,3.090675175189972,1024,1024,1,1.0
2022-09-24T14:28:24,attention.2-rec.2.tanh-suffix.2,1798,34,1.0165095329284668,0.5,0.1,128,256,1114112,3930028908,4.045325398445129,1024,1024,1,1.0
2022-09-24T14:28:27,suffix.2-rec.2.relu-suffix.2,2310,85,2.016342878341675,0.2,0.1,128,256,2785280,3930028908,4.009857952594757,1024,1024,1,1.0
2022-09-24T14:28:29,suffix.2-dense.32.relu-suffix.2,33056,38,1.0032157897949219,0.2,0.1,128,512,2490368,3930028908,3.384917199611664,1024,1024,1,1.0
2022-09-24T14:28:34,attention.2-rec.8.tanh-suffix.2,6472,181,4.009447336196899,0.5,0.1,128,256,5931008,3930028908,3.4995601773262024,1024,1024,1,1.0
2022-09-24T14:28:35,suffix.2-rec.8.tanh,6472,38,1.018402099609375,0.5,0.1,128,512,2490368,3930028908,3.5933444499969482,1024,1024,1,1.0
2022-09-24T14:28:38,attention.2-dense.16.relu,8464,107,2.0044312477111816,0.5,0.1,128,256,3506176,3930028908,3.573018193244934,1024,1024,1,1.0
2022-09-24T14:28:40,attention.2-rec.8.tanh,4424,34,1.012420654296875,0.5,0.1,128,512,2228224,3930028908,3.74232816696167,1024,1024,1,1.0
2022-09-24T14:28:48,suffix.4-dense.32.relu,41248,482,8.008735418319702,0.2,0.1,128,256,15794176,3930028908,2.9673952460289,1024,1024,1,1.0
2022-09-24T14:28:50,suffix.2-dense.4.relu-dense.2.relu,2830,32,1.0164799690246582,0.5,0.1,128,128,524288,3930028908,4.773730993270874,1024,1024,1,1.0
2022-09-24T14:28:53,attention.2-rec.4.tanh-attention.2.pos,2332,56,2.0176186561584473,0.5,0.1,128,512,3670016,3930028908,3.8485397696495056,1024,1024,1,1.0
2022-09-24T14:28:55,attention.2-dense.4.tanh-attention.2,2308,33,1.000908613204956,0.5,0.1,128,32,135168,3930028908,4.355400204658508,1024,1024,1,1.0
2022-09-24T14:29:00,attention.8-dense.32.relu,16672,217,4.013914346694946,0.2,0.1,128,256,7110656,3930028908,4.092979788780212,1024,1024,1,1.0
2022-09-24T14:31:09,rec.2.tanh-attention.2,1286,4227,128.03357338905334,0.5,0.1,128,1024,554041344,3930028908,4.014951527118683,1024,1024,1,1.0
2022-09-24T14:31:11,suffix.4-dense.32.relu,41248,24,1.0093612670898438,0.5,0.1,128,256,786432,3930028908,3.3808377981185913,1024,1024,1,1.0
2022-09-24T14:31:13,suffix.8-dense.32.tanh,74016,67,2.029094934463501,0.2,0.1,128,256,2195456,3930028908,3.209748923778534,1024,1024,1,1.0
2022-09-24T14:31:15,suffix.8-dense.32.relu-attention.2.pos,74080,23,1.0108237266540527,0.2,0.1,128,256,753664,3930028908,3.686046302318573,1024,1024,1,1.0
2022-09-24T14:31:32,dense.2.tanh-attention.2.pos,1286,467,16.00029993057251,0.5,0.1,128,128,7651328,3930028908,4.110576033592224,1024,1024,1,1.0
2022-09-24T14:31:34,attention.2-rec.8.tanh-attention.2.pos,4440,17,1.0008268356323242,0.5,0.1,128,512,1114112,3930028908,4.280020713806152,1024,1024,1,1.0
2022-09-24T14:31:37,suffix.2-rec.1.relu,1026,105,2.0116500854492188,1.0,0.1,128,512,6881280,3930028908,4.622836589813232,1024,1024,1,1.0
2022-09-24T14:31:41,suffix.2-rec.2.relu,1798,168,4.0174174308776855,0.2,0.1,128,512,11010048,3930028908,4.031868875026703,1024,1024,1,1.0
2022-09-24T14:31:43,attention.2-rec.1.tanh-attention.2,770,30,1.0031344890594482,0.5,0.1,128,256,983040,3930028908,4.702707052230835,1024,1024,1,1.0
2022-09-24T14:31:52,suffix.2-dense.1.tanh,1025,553,8.02400803565979,0.5,0.1,128,64,4530176,3930028908,4.3321226835250854,1024,1024,1,1.0
2022-09-24T14:31:54,suffix.2-rec.16.tanh-suffix.2,16912,22,1.019791603088379,0.2,0.1,128,1024,2883584,3930028908,3.929504096508026,1024,1024,1,1.0
2022-09-24T14:31:56,dense.4.relu,2308,119,2.0033555030822754,0.2,0.1,128,256,3899392,3930028908,4.156781315803528,1024,1024,1,1.0
2022-09-24T14:31:58,suffix.4-dense.32.relu-suffix.2,49440,39,1.0007922649383545,0.5,0.1,128,128,638976,3930028908,3.369202733039856,1024,1024,1,1.0
2022-09-24T14:32:02,suffix.4-dense.32.relu-suffix.2,49440,209,4.004842042922974,0.2,0.1,128,256,6848512,3930028908,2.9616703391075134,1024,1024,1,1.0
2022-09-24T14:32:04,rec.1.tanh,770,60,1.0092999935150146,0.5,0.1,128,16,122880,3930028908,4.529146909713745,1024,1024,1,1.0
2022-09-24T14:32:06,suffix.2-rec.2.tanh,1798,95,2.011890172958374,0.2,0.1,128,256,3112960,3930028908,4.3539228439331055,1024,1024,1,1.0
2022-09-24T14:32:08,attention.2-rec.4.tanh-attention.2.pos,2332,23,1.0225064754486084,0.5,0.1,128,32,94208,3930028908,4.318473696708679,1024,1024,1,1.0
2022-09-24T14:32:41,suffix.2-dense.4.tanh,3332,1207,32.0193727016449,0.5,0.1,128,512,79101952,3930028908,3.6472660899162292,1024,1024,1,1.0
2022-09-24T14:32:43,rec.4.relu,2324,113,2.007387399673462,0.5,0.1,128,64,925696,3930028908,3.8682733178138733,1024,1024,1,1.0
2022-09-24T14:32:45,attention.2-rec.4.tanh,2324,36,1.003187894821167,0.5,0.1,128,512,2359296,3930028908,3.951763331890106,1024,1024,1,1.0
2022-09-24T14:32:50,suffix.2-dense.2.tanh,1794,272,4.001771926879883,0.2,0.1,128,64,2228224,3930028908,4.082674980163574,1024,1024,1,1.0
2022-09-24T14:32:52,attention.2-rec.32.relu,17696,31,1.0108706951141357,0.2,0.1,128,512,2031616,3930028908,4.03817892074585,1024,1024,1,1.0
2022-09-24T14:32:54,dense.16.relu,8464,90,2.0024349689483643,0.2,0.1,128,1024,11796480,3930028908,3.7224979400634766,1024,1024,1,1.0
2022-09-24T14:32:56,suffix.2-rec.4.tanh-attention.2,3348,25,1.0055084228515625,0.5,0.1,128,512,1638400,3930028908,4.232268691062927,1024,1024,1,1.0
2022-09-24T14:33:05,rec.4.relu-suffix.2,3348,445,8.004341125488281,0.2,0.1,128,128,7290880,3930028908,3.650525689125061,1024,1024,1,1.0
2022-09-24T14:33:06,dense.2.tanh,1282,52,1.0117359161376953,0.5,0.1,128,128,851968,3930028908,4.139565348625183,1024,1024,1,1.0
2022-09-24T14:33:09,attention.4-rec.32.relu,17696,72,2.013636589050293,0.2,0.1,128,256,2359296,3930028908,3.7786946892738342,1024,1024,1,1.0
2022-09-24T14:33:11,attention.8.pos-rec.32.tanh,19744,21,1.022552728652954,0.2,0.1,128,256,688128,3930028908,4.816327214241028,1024,1024,1,1.0
2022-09-24T14:33:16,suffix.4-dense.32.relu-dense.16.relu,37680,168,4.021499156951904,0.2,0.1,128,256,5505024,3930028908,3.067164421081543,1024,1024,1,1.0
2022-09-24T14:33:32,suffix.2-rec.8.relu,6472,470,16.0079927444458,0.5,0.1,128,1024,61603840,3930028908,3.4027650356292725,1024,1024,1,1.0
2022-09-24T14:33:34,suffix.8-dense.32.relu,74016,31,1.0227878093719482,0.2,0.1,128,512,2031616,3930028908,3.4789454340934753,1024,1024,1,1.0
2022-09-24T14:33:37,suffix.2-mgru.8,10640,55,2.0032384395599365,0.5,0.1,128,256,1802240,3930028908,3.4783542156219482,1024,1024,1,1.0
2022-09-24T14:33:38,suffix.4-rec.8.tanh,10568,45,1.0151138305664062,0.2,0.1,128,64,368640,3930028908,3.8060933351516724,1024,1024,1,1.0
2022-09-24T14:37:55,rec.2.tanh-attention.2,1286,6459,256.03616738319397,0.5,0.1,128,1024,846594048,3930028908,4.021270036697388,1024,1024,1,1.0
2022-09-24T14:37:57,attention.2-rec.8.tanh-dense.8.relu,4496,15,1.030055284500122,0.5,0.1,128,512,983040,3930028908,4.935572981834412,1024,1024,1,1.0
2022-09-24T14:38:00,dense.32.tanh-attention.4,16672,50,2.0078799724578857,0.5,0.1,128,512,3276800,3930028908,3.6555784344673157,1024,1024,1,1.0
2022-09-24T14:38:05,suffix.2-dense.32.relu-dense.32.relu,25920,118,4.037341356277466,0.2,0.1,128,256,3866624,3930028908,3.195857346057892,1024,1024,1,1.0
2022-09-24T14:38:07,attention.4.pos-dense.32.relu-suffix.2,25888,25,1.0097665786743164,0.5,0.1,128,128,409600,3930028908,4.882681250572205,1024,1024,1,1.0
2022-09-24T14:38:16,suffix.2-rec.4.tanh-attention.2,3348,236,8.009976148605347,0.5,0.1,128,512,15466496,3930028908,3.656419515609741,1024,1024,1,1.0
2022-09-24T14:38:18,suffix.2-dense.16.relu-suffix.2-dense.32.relu,17712,27,1.022780179977417,0.2,0.1,128,256,884736,3930028908,3.939883828163147,1024,1024,1,1.0
2022-09-24T14:38:20,suffix.2-dense.16.relu,12560,103,2.0092275142669678,0.5,0.1,128,512,6750208,3930028908,3.312796890735626,1024,1024,1,1.0
2022-09-24T14:38:22,suffix.4-dense.32.tanh,41248,49,1.0072956085205078,0.2,0.1,128,256,1605632,3930028908,3.314903676509857,1024,1024,1,1.0
2022-09-24T14:38:24,suffix.4-dense.32.tanh-dense.32.relu,42304,77,2.002992868423462,0.2,0.1,128,256,2523136,3930028908,3.119235634803772,1024,1024,1,1.0
2022-09-24T14:38:26,attention.2-rec.8.relu,4424,34,1.0059397220611572,0.5,0.1,128,512,2228224,3930028908,4.003301739692688,1024,1024,1,1.0
2022-09-24T14:38:31,rec.2.tanh-attention.4,1286,177,4.020600080490112,0.5,0.1,128,128,2899968,3930028908,4.140598297119141,1024,1024,1,1.0
2022-09-24T14:38:33,suffix.2-dense.16.tanh,12560,54,1.011136770248413,0.5,0.1,128,32,221184,3930028908,3.5293025970458984,1024,1024,1,1.0
2022-09-24T14:38:36,attention.2-dense.16.tanh,8464,128,2.010068416595459,0.2,0.1,128,64,1048576,3930028908,3.730657637119293,1024,1024,1,1.0
2022-09-24T14:38:41,attention.2.pos-rec.4.relu-suffix.2,3860,1,4.248879909515381,0.5,0.1,128,128,16384,3930028908,12.198869943618774,1024,1024,1,1.0
2022-09-24T14:38:43,suffix.2-dense.16.relu-suffix.2,16656,42,1.000208854675293,0.2,0.1,128,256,1376256,3930028908,3.5530060529708862,1024,1024,1,1.0
2022-09-24T14:38:51,rec.8.relu,4424,352,8.019099235534668,0.5,0.1,128,256,11534336,3930028908,3.5255603790283203,1024,1024,1,1.0
2022-09-24T14:38:53,suffix.2-mgru.1,1540,28,1.0029206275939941,0.5,0.1,128,64,229376,3930028908,4.391732096672058,1024,1024,1,1.0
2022-09-24T14:38:55,suffix.2-dense.4.tanh-dense.4.relu,3352,73,2.0213394165039062,0.5,0.1,128,512,4784128,3930028908,3.7990368008613586,1024,1024,1,1.0
2022-09-24T14:38:57,suffix.2-dense.32.relu-suffix.4,49440,39,1.0068721771240234,0.5,0.1,128,128,638976,3930028908,3.807257056236267,1024,1024,1,1.0
2022-09-24T14:39:14,rec.8.relu,4424,655,16.00704073905945,0.5,0.1,128,256,21463040,3930028908,3.8241546154022217,1024,1024,1,1.0
2022-09-24T14:39:15,suffix.2-rec.8.relu-suffix.2,8520,33,1.0166015625,0.2,0.1,128,512,2162688,3930028908,3.9660574793815613,1024,1024,1,1.0
2022-09-24T14:39:18,suffix.2-dense.16.relu-attention.2,12560,74,2.015026569366455,0.5,0.1,128,512,4849664,3930028908,3.3797916769981384,1024,1024,1,1.0
2022-09-24T14:39:20,suffix.2-rec.2.relu,1798,46,1.01509690284729,0.5,0.1,128,32,188416,3930028908,4.39068329334259,1024,1024,1,1.0
2022-09-24T14:39:25,mgru.1-attention.4.pos,1032,154,4.014478445053101,0.5,0.1,128,32,630784,3930028908,4.367167949676514,1024,1024,1,1.0
2022-09-24T14:39:27,suffix.2-rec.32.relu,25888,91,2.0159189701080322,0.2,0.1,128,256,2981888,3930028908,3.2518293261528015,1024,1024,1,1.0
2022-09-24T14:39:29,suffix.2-dense.2.relu,1794,55,1.0035014152526855,0.5,0.1,128,32,225280,3930028908,4.092356562614441,1024,1024,1,1.0
2022-09-24T14:40:02,rec.4.tanh-attention.4,2324,1106,32.01759672164917,0.5,0.1,128,512,72482816,3930028908,3.735958993434906,1024,1024,1,1.0
2022-09-24T14:40:03,suffix.2-dense.8.tanh-attention.2,6408,28,1.0041253566741943,0.5,0.1,128,512,1835008,3930028908,3.713983654975891,1024,1024,1,1.0
2022-09-24T14:40:06,suffix.2-dense.16.relu-dense.16.relu,12832,74,2.0231523513793945,0.5,0.1,128,512,4849664,3930028908,3.568331718444824,1024,1024,1,1.0
2022-09-24T14:40:08,suffix.2-dense.8.tanh,6408,56,1.0066487789154053,0.5,0.1,128,64,458752,3930028908,3.59388130903244,1024,1024,1,1.0
2022-09-24T14:40:16,attention.2-rec.8.tanh-suffix.2,6472,385,8.00095534324646,0.5,0.1,128,256,12615680,3930028908,3.4201853275299072,1024,1024,1,1.0
2022-09-24T14:40:18,suffix.2-dense.8.tanh-dense.8.relu,6480,37,1.014592170715332,0.5,0.1,128,64,303104,3930028908,3.761114180088043,1024,1024,1,1.0
2022-09-24T14:40:23,suffix.2-rec.4.tanh,3348,219,4.000575065612793,0.2,0.1,128,128,3588096,3930028908,3.754492223262787,1024,1024,1,1.0
2022-09-24T14:40:25,attention.2-rec.2.relu,1286,78,2.013197898864746,1.0,0.1,128,512,5111808,3930028908,4.364647269248962,1024,1024,1,1.0
2022-09-24T14:40:27,suffix.2-dense.8.tanh,6408,58,1.0026931762695312,0.5,0.1,128,64,475136,3930028908,3.5760617852211,1024,1024,1,1.0
2022-09-24T14:41:32,rec.4.tanh-suffix.2-dense.8.relu,3420,1974,64.01124405860901,0.5,0.1,128,512,129368064,3930028908,3.524257779121399,1024,1024,1,1.0
2022-09-24T14:41:33,suffix.2-dense.1.tanh,1025,56,1.0022938251495361,0.5,0.1,128,512,3670016,3930028908,4.381531000137329,1024,1024,1,1.0
2022-09-24T14:41:36,suffix.4-dense.32.relu-dense.32.tanh,42304,78,2.0205485820770264,0.2,0.1,128,256,2555904,3930028908,3.0735371112823486,1024,1024,1,1.0
2022-09-24T14:41:38,attention.2.pos-rec.4.relu-suffix.2,3860,26,1.0054945945739746,0.5,0.1,128,128,425984,3930028908,4.882725238800049,1024,1024,1,1.0
2022-09-24T14:41:42,suffix.4-dense.32.tanh-suffix.2,49440,213,4.014017343521118,0.2,0.1,128,256,6979584,3930028908,3.003235399723053,1024,1024,1,1.0
2022-09-24T14:41:44,rec.2.relu,1286,48,1.0129666328430176,0.5,0.1,128,128,786432,3930028908,4.111857771873474,1024,1024,1,1.0
2022-09-24T14:41:46,suffix.2-dense.16.relu,12560,105,2.002699375152588,1.0,0.1,128,512,6881280,3930028908,4.151603937149048,1024,1024,1,1.0
2022-09-24T14:41:48,mgru.1-attention.2,1028,27,1.0112130641937256,1.0,0.1,128,256,884736,3930028908,4.6112329959869385,1024,1024,1,1.0
2022-09-24T14:41:57,suffix.2-dense.8.relu,6408,491,8.007556438446045,0.2,0.1,128,256,16089088,3930028908,3.428689181804657,1024,1024,1,1.0
2022-09-24T14:42:13,suffix.2-dense.16.tanh-suffix.2,16656,413,16.02878761291504,0.5,0.1,128,2048,108265472,3930028908,3.143643796443939,1024,1024,1,1.0
2022-09-24T14:42:15,suffix.4-rec.16.relu-suffix.2,25104,38,1.0169081687927246,0.5,0.1,128,128,622592,3930028908,3.919030487537384,1024,1024,1,1.0
2022-09-24T14:42:18,dense.1.relu-attention.2.pos,771,105,2.0076515674591064,0.5,0.1,128,256,3440640,3930028908,4.351333975791931,1024,1024,1,1.0
2022-09-24T14:42:19,attention.2-rec.4.tanh,2324,37,1.0043723583221436,0.5,0.1,128,512,2424832,3930028908,4.004137933254242,1024,1024,1,1.0
2022-09-24T14:42:24,dense.2.tanh-attention.4,1282,198,4.011585235595703,0.5,0.1,128,256,6488064,3930028908,4.171754002571106,1024,1024,1,1.0
2022-09-24T14:42:26,attention.8.pos-dense.32.relu,18720,19,1.0075359344482422,0.2,0.1,128,512,1245184,3930028908,4.751141905784607,1024,1024,1,1.0
2022-09-24T14:42:29,dense.16.relu-attention.2,8464,80,2.0134291648864746,0.5,0.1,128,512,5242880,3930028908,3.660000205039978,1024,1024,1,1.0
2022-09-24T14:42:31,attention.2-dense.16.relu-suffix.2,12560,47,1.013744831085205,0.5,0.1,128,64,385024,3930028908,3.723974049091339,1024,1024,1,1.0
2022-09-24T14:42:36,attention.4-dense.32.relu-suffix.2,24864,202,4.000488996505737,0.2,0.1,128,256,6619136,3930028908,3.7221665382385254,1024,1024,1,1.0
2022-09-24T14:42:39,suffix.2-rec.16.tanh,12816,88,2.011690378189087,0.2,0.1,128,512,5767168,3930028908,3.4883914589881897,1024,1024,1,1.0
2022-09-24T14:42:40,suffix.2-dense.8.tanh,6408,57,1.0039973258972168,0.5,0.1,128,64,466944,3930028908,3.552735447883606,1024,1024,1,1.0
2022-09-24T14:42:49,mgru.1-attention.4.pos,1032,330,8.004066944122314,0.5,0.1,128,32,1351680,3930028908,4.338176846504211,1024,1024,1,1.0
2022-09-24T14:42:51,attention.2-rec.2.tanh,1286,42,1.0018668174743652,0.5,0.1,128,64,344064,3930028908,4.210273861885071,1024,1024,1,1.0
2022-09-24T14:42:54,suffix.4-dense.8.relu-attention.2.pos,10520,69,2.017470598220825,0.5,0.1,128,256,2260992,3930028908,3.583084464073181,1024,1024,1,1.0
2022-09-24T14:42:55,suffix.4-rec.16.tanh,21008,45,1.0051789283752441,0.5,0.1,128,32,184320,3930028908,3.9371002912521362,1024,1024,1,1.0
2022-09-24T14:43:00,suffix.4-dense.32.relu-suffix.4,65824,215,4.008902311325073,0.2,0.1,128,256,7045120,3930028908,2.886089861392975,1024,1024,1,1.0
2022-09-24T14:43:02,attention.4.pos-dense.32.tanh-suffix.2,25888,25,1.0212881565093994,0.5,0.1,128,256,819200,3930028908,27.10149335861206,1024,1024,1,1.0
2022-09-24T14:43:05,attention.2.pos-dense.16.tanh,8976,68,2.0122790336608887,0.2,0.1,128,512,4456448,3930028908,4.03905725479126,1024,1024,1,1.0
2022-09-24T14:43:06,suffix.2-dense.8.relu,6408,52,1.0047190189361572,0.5,0.1,128,32,212992,3930028908,3.706543743610382,1024,1024,1,1.0
2022-09-24T14:43:39,dense.2.tanh-attention.2.pos,1286,1562,32.000531911849976,0.5,0.1,128,128,25591808,3930028908,4.079842209815979,1024,1024,1,1.0
2022-09-24T14:43:41,suffix.2-rec.4.tanh,3348,43,1.015439510345459,0.5,0.1,128,64,352256,3930028908,3.834376037120819,1024,1024,1,1.0
2022-09-24T14:43:43,suffix.4-dense.8.relu,10504,116,2.0123753547668457,1.0,0.1,128,256,3801088,3930028908,4.391668319702148,1024,1024,1,1.0
2022-09-24T14:44:00,suffix.2-rec.8.relu-suffix.2,8520,389,16.0141658782959,0.5,0.1,128,2048,101974016,3930028908,3.466301739215851,1024,1024,1,1.0
2022-09-24T14:44:02,attention.2-dense.2.tanh,1282,55,1.0064773559570312,0.5,0.1,128,64,450560,3930028908,4.234241008758545,1024,1024,1,1.0
2022-09-24T14:44:07,attention.4-dense.32.relu-dense.16.relu,13104,160,4.004554748535156,0.2,0.1,128,256,5242880,3930028908,3.8620946407318115,1024,1024,1,1.0
2022-09-24T14:44:08,suffix.4-rec.16.relu-dense.32.relu,25648,27,1.0101375579833984,0.2,0.1,128,256,884736,3930028908,3.760087013244629,1024,1024,1,1.0
2022-09-24T14:44:14,attention.2-mgru.2-attention.2.pos,1808,10,4.888457775115967,0.5,0.1,128,512,655360,3930028908,4.8347508907318115,1024,1024,1,1.0
2022-09-24T14:44:17,suffix.4-rec.16.relu-dense.32.tanh,25648,64,2.0030689239501953,0.2,0.1,128,256,2097152,3930028908,3.3143190741539,1024,1024,1,1.0
2022-09-24T14:44:19,suffix.2-rec.4.tanh-dense.4.relu,3368,31,1.0189170837402344,0.5,0.1,128,64,253952,3930028908,4.154922962188721,1024,1024,1,1.0
2022-09-24T14:44:28,attention.2-rec.4.tanh-attention.2.pos,2332,266,8.017792463302612,0.5,0.1,128,512,17432576,3930028908,3.735784113407135,1024,1024,1,1.0
2022-09-24T14:44:30,suffix.2-mgru.16,21280,21,1.02317476272583,0.5,0.1,128,256,688128,3930028908,3.7157102227211,1024,1024,1,1.0
2022-09-24T14:44:32,rec.8.tanh-suffix.2,6472,92,2.00290584564209,0.2,0.1,128,256,3014656,3930028908,3.6103954315185547,1024,1024,1,1.0
2022-09-24T14:44:34,suffix.2-dense.16.tanh-suffix.4,24848,45,1.006739616394043,0.5,0.1,128,64,368640,3930028908,3.575072705745697,1024,1024,1,1.0
2022-09-24T14:44:39,suffix.4-rec.16.tanh-suffix.2,25104,181,4.003403663635254,0.2,0.1,128,256,5931008,3930028908,3.1614638566970825,1024,1024,1,1.0
2022-09-24T14:44:41,rec.4.tanh-suffix.2,3348,89,2.0084497928619385,0.2,0.1,128,256,2916352,3930028908,3.89876389503479,1024,1024,1,1.0
2022-09-24T14:44:43,suffix.2-rec.4.tanh,3348,44,1.0052521228790283,1.0,0.1,128,64,360448,3930028908,4.188811540603638,1024,1024,1,1.0
2022-09-24T14:44:45,suffix.2-dense.16.tanh-gru.16.relu,14144,13,1.0034065246582031,0.5,0.1,128,128,212992,3930028908,4.55616569519043,1024,1024,1,1.0
2022-09-24T14:44:48,attention.2-rec.2.relu-attention.2,1286,81,2.0164310932159424,0.5,0.1,128,64,663552,3930028908,4.169200539588928,1024,1024,1,1.0
2022-09-24T14:44:49,suffix.4-dense.8.tanh,10504,56,1.0020999908447266,0.5,0.1,128,128,917504,3930028908,3.519302010536194,1024,1024,1,1.0
2022-09-24T14:44:54,suffix.4-dense.32.tanh-suffix.4,65824,213,4.001840114593506,0.2,0.1,128,256,6979584,3930028908,2.972896635532379,1024,1024,1,1.0
2022-09-24T14:45:03,attention.2-mgru.1,1028,416,8.00910210609436,0.5,0.1,128,16,851968,3930028908,4.408119797706604,1024,1024,1,1.0
2022-09-24T14:45:05,attention.8.pos-rec.16.relu,10768,21,1.0081312656402588,0.2,0.1,128,256,688128,3930028908,4.744447231292725,1024,1024,1,1.0
2022-09-24T14:45:08,attention.2.pos-dense.16.relu,8976,76,2.0117263793945312,0.2,0.1,128,256,2490368,3930028908,3.945090413093567,1024,1024,1,1.0
2022-09-24T14:45:10,attention.2-dense.8.tanh-dense.8.relu,4432,36,1.0162432193756104,0.5,0.1,128,64,294912,3930028908,4.0700554847717285,1024,1024,1,1.0
2022-09-24T14:45:12,suffix.4-dense.2.tanh-suffix.2,3330,114,2.0013883113861084,0.5,0.1,128,64,933888,3930028908,3.974947988986969,1024,1024,1,1.0
2022-09-24T14:45:14,suffix.2-dense.8.tanh-suffix.2,8456,44,1.01102614402771,0.5,0.1,128,32,180224,3930028908,3.66571307182312,1024,1024,1,1.0
2022-09-24T14:45:18,suffix.2-dense.32.relu-suffix.4,49440,214,4.0119805335998535,0.2,0.1,128,256,7012352,3930028908,3.011817216873169,1024,1024,1,1.0
2022-09-24T14:45:20,suffix.2-dense.32.relu,24864,48,1.0149197578430176,0.5,0.1,128,256,1572864,3930028908,3.290331244468689,1024,1024,1,1.0
2022-09-24T14:45:37,attention.2-mgru.1-attention.2,1028,647,16.009237051010132,0.5,0.1,128,512,42401792,3930028908,4.3492255210876465,1024,1024,1,1.0
2022-09-24T14:45:40,suffix.2-rec.1.relu-suffix.2,1282,99,2.007659673690796,0.2,0.1,128,256,3244032,3930028908,4.411118149757385,1024,1024,1,1.0
2022-09-24T14:45:41,suffix.4-rec.8.relu-suffix.2,12616,42,1.0133235454559326,0.5,0.1,128,64,344064,3930028908,3.6880012154579163,1024,1024,1,1.0
2022-09-24T14:45:50,suffix.4-dense.32.relu-suffix.4,65824,459,8.00586462020874,0.2,0.1,128,256,15040512,3930028908,2.8970409631729126,1024,1024,1,1.0
2022-09-24T14:45:51,suffix.2-dense.2.relu,1794,57,1.0091133117675781,0.5,0.1,128,32,233472,3930028908,4.162331223487854,1024,1024,1,1.0
2022-09-24T14:45:54,attention.4.pos-dense.32.tanh-dense.32.relu,18752,54,2.020711898803711,0.2,0.1,128,256,1769472,3930028908,4.38146448135376,1024,1024,1,1.0
2022-09-24T14:45:56,suffix.2-dense.4.tanh-suffix.2,4356,45,1.0054841041564941,0.2,0.1,128,64,368640,3930028908,4.173076629638672,1024,1024,1,1.0
2022-09-24T14:46:01,mgru.4,3368,95,4.0098066329956055,0.5,0.1,128,1024,12451840,3930028908,3.6557286977767944,1024,1024,1,1.0
2022-09-24T14:46:02,rec.1.tanh-attention.2.pos,772,35,1.0050270557403564,0.5,0.1,128,256,1146880,3930028908,4.5211193561553955,1024,1024,1,1.0
2022-09-24T14:46:05,attention.2-dense.8.relu,4360,109,2.0081582069396973,0.2,0.1,128,256,3571712,3930028908,3.922285795211792,1024,1024,1,1.0
2022-09-24T14:46:07,suffix.2-rec.4.tanh-suffix.2,4372,37,1.0018916130065918,0.5,0.1,128,32,151552,3930028908,4.096710681915283,1024,1024,1,1.0
2022-09-24T14:46:12,attention.2-rec.2.relu-attention.2,1286,181,4.001075506210327,0.5,0.1,128,64,1482752,3930028908,4.17642605304718,1024,1024,1,1.0
2022-09-24T14:46:13,dense.32.relu,16672,52,1.0021309852600098,0.5,0.1,128,256,1703936,3930028908,3.72493976354599,1024,1024,1,1.0
2022-09-24T14:46:16,suffix.2-rec.1.tanh-attention.2.pos,1028,85,2.0163495540618896,0.5,0.1,128,128,1392640,3930028908,4.311468958854675,1024,1024,1,1.0
2022-09-24T14:47:21,rec.8.tanh-attention.2,4424,2665,64.02041125297546,0.5,0.1,128,128,43663360,3930028908,3.4774168133735657,1024,1024,1,1.0
2022-09-24T14:47:22,suffix.2-dense.8.tanh-rec.4.relu,5436,31,1.0181012153625488,0.5,0.1,128,64,253952,3930028908,4.246255397796631,1024,1024,1,1.0
2022-09-24T14:47:31,suffix.4-dense.32.tanh-suffix.2,49440,430,8.000410318374634,0.2,0.1,128,256,14090240,3930028908,2.908154785633087,1024,1024,1,1.0
2022-09-24T14:47:33,suffix.2-dense.2.tanh-attention.2,1794,35,1.005035638809204,0.5,0.1,128,32,143360,3930028908,4.348204851150513,1024,1024,1,1.0
2022-09-24T14:47:36,rec.2.relu-attention.2.pos,1290,73,2.017521858215332,0.5,0.1,128,256,2392064,3930028908,4.747686743736267,1024,1024,1,1.0
2022-09-24T14:47:37,suffix.2-dense.32.relu,24864,49,1.009824514389038,0.5,0.1,128,256,1605632,3930028908,3.3249786496162415,1024,1024,1,1.0
2022-09-24T14:47:42,attention.2-rec.4.tanh-dense.4.relu,2344,154,4.0167317390441895,0.5,0.1,128,256,5046272,3930028908,4.764490127563477,1024,1024,1,1.0
2022-09-24T14:47:45,suffix.2-dense.8.tanh-suffix.2,8456,109,2.0023012161254883,0.5,0.1,128,32,446464,3930028908,3.5124418139457703,1024,1024,1,1.0
2022-09-24T14:47:46,suffix.2-dense.4.tanh-dense.8.relu,4396,35,1.0077452659606934,0.5,0.1,128,64,286720,3930028908,3.914714515209198,1024,1024,1,1.0
2022-09-24T14:48:19,suffix.2-dense.1.tanh,1025,2318,32.013776540756226,0.5,0.1,128,512,151912448,3930028908,4.313249826431274,1024,1024,1,1.0
2022-09-24T14:48:21,dense.8.tanh-attention.4,4360,30,1.0152716636657715,0.5,0.1,128,512,1966080,3930028908,4.010511696338654,1024,1024,1,1.0
2022-09-24T14:48:23,dense.1.relu-dense.1.relu,771,131,2.004936456680298,0.5,0.1,128,256,4292608,3930028908,4.7642107009887695,1024,1024,1,1.0
2022-09-24T14:48:25,attention.2-rec.2.tanh-attention.2.pos,1290,27,1.0136470794677734,0.5,0.1,128,64,221184,3930028908,4.324566960334778,1024,1024,1,1.0
2022-09-24T14:48:42,dense.2.tanh,1282,915,16.017640113830566,1.0,0.1,128,512,59965440,3930028908,4.1245152950286865,1024,1024,1,1.0
2022-09-24T14:48:46,suffix.2-rec.1.relu,1026,238,4.007720232009888,1.0,0.1,128,512,15597568,3930028908,4.768604516983032,1024,1024,1,1.0
2022-09-24T14:48:48,suffix.2-rec.16.tanh-suffix.2,16912,34,1.002232551574707,0.2,0.1,128,256,1114112,3930028908,3.651619851589203,1024,1024,1,1.0
2022-09-24T14:48:50,suffix.2-dense.8.relu-suffix.2,8456,104,2.003366708755493,0.5,0.1,128,256,3407872,3930028908,3.4688268303871155,1024,1024,1,1.0
2022-09-24T14:48:52,suffix.2-dense.32.relu,24864,49,1.0157878398895264,0.5,0.1,128,256,1605632,3930028908,3.333607316017151,1024,1024,1,1.0
2022-09-24T14:49:00,suffix.4-rec.16.tanh,21008,451,8.006623983383179,0.2,0.1,128,128,7389184,3930028908,3.1370350122451782,1024,1024,1,1.0
2022-09-24T14:49:02,suffix.2-dense.8.tanh-gru.4.relu,5540,15,1.026639699935913,0.5,0.1,128,64,122880,3930028908,4.6432647705078125,1024,1024,1,1.0
2022-09-24T14:49:05,suffix.2-mgru.4-suffix.2,6440,53,2.0043811798095703,0.5,0.1,128,256,1736704,3930028908,3.5411619544029236,1024,1024,1,1.0
2022-09-24T14:49:07,suffix.2-dense.4.tanh-suffix.2,4356,37,1.0095059871673584,0.5,0.1,128,512,2424832,3930028908,3.8201997876167297,1024,1024,1,1.0
2022-09-24T14:49:11,suffix.2-dense.4.relu,3332,175,4.019689321517944,0.2,0.1,128,1024,22937600,3930028908,3.712773084640503,1024,1024,1,1.0
2022-09-24T14:49:13,attention.8-dense.32.tanh,16672,45,1.009507179260254,0.5,0.1,128,256,1474560,3930028908,4.214636564254761,1024,1024,1,1.0
2022-09-24T14:49:16,attention.8.pos-dense.32.tanh,18720,66,2.02467679977417,0.2,0.1,128,256,2162688,3930028908,4.43173086643219,1024,1024,1,1.0
2022-09-24T14:49:18,suffix.2-rec.2.tanh,1798,49,1.0117571353912354,0.2,0.1,128,32,200704,3930028908,4.537541031837463,1024,1024,1,1.0
2022-09-24T14:51:26,rec.1.tanh-suffix.2,1026,3763,128.00779509544373,0.5,0.1,128,2048,986447872,3930028908,4.25069522857666,1024,1024,1,1.0
2022-09-24T14:51:28,suffix.4-dense.32.tanh,41248,53,1.0068538188934326,0.5,0.1,128,128,868352,3930028908,3.2319082021713257,1024,1024,1,1.0
2022-09-24T14:51:30,dense.1.relu,769,171,2.000361442565918,0.2,0.1,128,256,5603328,3930028908,4.439809441566467,1024,1024,1,1.0
2022-09-24T14:51:35,dense.4.relu,2308,173,4.021976709365845,0.5,0.1,128,1024,22675456,3930028908,3.9583256244659424,1024,1024,1,1.0
2022-09-24T14:51:36,rec.2.tanh-suffix.2,1798,38,1.0035319328308105,0.5,0.1,128,256,1245184,3930028908,4.144680023193359,1024,1024,1,1.0
2022-09-24T14:51:45,dense.4.relu,2308,365,8.006941318511963,0.5,0.1,128,1024,47841280,3930028908,3.8482192158699036,1024,1024,1,1.0
2022-09-24T14:51:47,attention.2.pos-rec.8.tanh,4936,21,1.0123412609100342,0.5,0.1,128,512,1376256,3930028908,4.920079469680786,1024,1024,1,1.0
2022-09-24T14:51:49,dense.1.relu,769,177,2.0004940032958984,1.0,0.1,128,256,5799936,3930028908,4.483495116233826,1024,1024,1,1.0
2022-09-24T14:51:51,suffix.4-dense.32.tanh,41248,54,1.002002239227295,0.5,0.1,128,128,884736,3930028908,3.2627416849136353,1024,1024,1,1.0
2022-09-24T14:51:55,suffix.4-dense.8.relu-dense.32.relu,16936,155,4.004994630813599,0.2,0.1,128,256,5079040,3930028908,3.2603412866592407,1024,1024,1,1.0
2022-09-24T14:51:58,attention.2-mgru.2-attention.2.pos,1808,38,2.0359153747558594,0.5,0.1,128,512,2490368,3930028908,4.252193212509155,1024,1024,1,1.0
2022-09-24T14:52:00,attention.4-dense.32.tanh,16672,51,1.0080013275146484,0.5,0.1,128,128,835584,3930028908,3.9825432896614075,1024,1024,1,1.0
2022-09-24T14:52:17,dense.2.tanh,1282,1306,16.0054452419281,1.0,0.1,128,32,5349376,3930028908,4.25154185295105,1024,1024,1,1.0
2022-09-24T14:52:18,suffix.2-dense.32.relu-suffix.2,33056,40,1.0170843601226807,0.5,0.1,128,512,2621440,3930028908,3.3584020733833313,1024,1024,1,1.0
2022-09-24T14:52:21,suffix.4-dense.8.relu-dense.8.relu,10576,80,2.0233254432678223,0.5,0.1,128,256,2621440,3930028908,3.686376214027405,1024,1024,1,1.0
2022-09-24T14:52:22,suffix.4-dense.8.tanh,10504,44,1.0124778747558594,0.5,0.1,128,512,2883584,3930028908,3.5404796600341797,1024,1024,1,1.0
2022-09-24T14:52:27,suffix.2-rec.32.relu,25888,197,4.00300407409668,0.2,0.1,128,256,6455296,3930028908,3.095328450202942,1024,1024,1,1.0
2022-09-24T14:52:29,dense.32.relu-suffix.2,24864,40,1.000605583190918,0.5,0.1,128,512,2621440,3930028908,3.528617203235626,1024,1024,1,1.0
2022-09-24T14:52:31,suffix.4-dense.8.relu-dense.32.relu,16936,78,2.0055434703826904,0.2,0.1,128,256,2555904,3930028908,3.3318748474121094,1024,1024,1,1.0
2022-09-24T14:52:40,suffix.2-rec.2.relu,1798,358,8.00525712966919,0.2,0.1,128,512,23461888,3930028908,3.9846081733703613,1024,1024,1,1.0
2022-09-24T14:52:41,suffix.2-rec.16.tanh-suffix.2,16912,34,1.0124092102050781,0.5,0.1,128,512,2228224,3930028908,4.640970587730408,1024,1024,1,1.0
2022-09-24T14:52:43,dense.16.relu-suffix.2,12560,48,1.0089900493621826,0.2,0.1,128,128,786432,3930028908,3.618967652320862,1024,1024,1,1.0
2022-09-24T14:52:46,suffix.4-dense.32.relu-dense.64.tanh,51552,74,2.0175905227661133,0.2,0.1,128,256,2424832,3930028908,3.0733413696289062,1024,1024,1,1.0
2022-09-24T14:52:51,attention.4.pos-dense.32.tanh-suffix.2,25888,152,4.014286756515503,0.2,0.1,128,256,4980736,3930028908,3.493260443210602,1024,1024,1,1.0
2022-09-24T14:52:52,suffix.2-mgru.2-suffix.2,3340,18,1.0073819160461426,0.5,0.1,128,512,1179648,3930028908,4.372872233390808,1024,1024,1,1.0
2022-09-24T14:52:55,suffix.2-dense.32.relu-dense.64.tanh,35168,74,2.00842547416687,0.2,0.1,128,256,2424832,3930028908,3.218662440776825,1024,1024,1,1.0
2022-09-24T14:52:57,suffix.4-dense.32.tanh-attention.2,41248,31,1.0059962272644043,0.5,0.1,128,128,507904,3930028908,3.5000489950180054,1024,1024,1,1.0
2022-09-24T14:53:30,rec.4.tanh-attention.2,2324,1590,32.00685787200928,0.5,0.1,128,128,26050560,3930028908,3.718912959098816,1024,1024,1,1.0
2022-09-24T14:53:31,dense.8.relu-suffix.2,6408,54,1.0060946941375732,0.2,0.1,128,128,884736,3930028908,3.786741256713867,1024,1024,1,1.0
2022-09-24T14:53:40,suffix.2-rec.32.relu,25888,410,8.007335186004639,0.2,0.1,128,256,13434880,3930028908,3.023979425430298,1024,1024,1,1.0
2022-09-24T14:53:42,suffix.2-dense.8.tanh-suffix.2-dense.16.relu,8728,72,2.016906976699829,0.5,0.1,128,256,2359296,3930028908,3.4169549345970154,1024,1024,1,1.0
2022-09-24T14:53:44,suffix.4-rec.8.relu,10568,37,1.0135118961334229,0.5,0.1,128,512,2424832,3930028908,3.6262527108192444,1024,1024,1,1.0
2022-09-24T14:53:49,rec.8.tanh-suffix.2,6472,202,4.000805139541626,0.2,0.1,128,256,6619136,3930028908,3.5030028223991394,1024,1024,1,1.0
2022-09-24T14:53:50,suffix.2-dense.32.relu-suffix.2,33056,40,1.006094217300415,0.5,0.1,128,512,2621440,3930028908,3.3215309977531433,1024,1024,1,1.0
2022-09-24T14:53:53,suffix.4-dense.32.relu-dense.128.tanh,70048,57,2.0110244750976562,0.2,0.1,128,256,1867776,3930028908,3.0828940868377686,1024,1024,1,1.0
2022-09-24T14:53:55,attention.4.pos-dense.32.tanh-attention.2,17696,21,1.0104074478149414,0.5,0.1,128,128,344064,3930028908,7.186777114868164,1024,1024,1,1.0
2022-09-24T14:54:12,attention.2-rec.8.tanh-attention.2.pos,4440,563,16.013038635253906,0.5,0.1,128,512,36896768,3930028908,3.45448637008667,1024,1024,1,1.0
2022-09-24T14:54:14,dense.4.relu-suffix.2,3332,51,1.013784408569336,0.2,0.1,128,128,835584,3930028908,4.216921329498291,1024,1024,1,1.0
2022-09-24T14:54:17,suffix.8-dense.32.relu-attention.2.pos,74080,68,2.0115365982055664,0.2,0.1,128,256,2228224,3930028908,3.2076538801193237,1024,1024,1,1.0
2022-09-24T14:54:21,suffix.2-rec.1.relu-suffix.2,1282,221,4.0129899978637695,0.2,0.1,128,256,7241728,3930028908,4.258603930473328,1024,1024,1,1.0
2022-09-24T14:54:23,mgru.1-suffix.2,1284,32,1.0184528827667236,0.5,0.1,128,256,1048576,3930028908,4.530088663101196,1024,1024,1,1.0
2022-09-24T14:54:24,rec.2.tanh-suffix.2-dense.4.relu,1818,29,1.0048894882202148,0.5,0.1,128,256,950272,3930028908,4.343087434768677,1024,1024,1,1.0
2022-09-24T14:54:27,suffix.2-dense.4.relu-attention.2.pos,3340,64,2.000527858734131,0.5,0.1,128,512,4194304,3930028908,4.004285991191864,1024,1024,1,1.0
2022-09-24T14:54:36,suffix.4-dense.32.relu-rec.32.relu,43328,312,8.02222204208374,0.2,0.1,128,256,10223616,3930028908,2.9883105158805847,1024,1024,1,1.0
2022-09-24T14:54:38,attention.2-rec.2.tanh-suffix.2,1798,38,1.0012884140014648,0.5,0.1,128,256,1245184,3930028908,4.167340397834778,1024,1024,1,1.0
2022-09-24T14:54:42,suffix.2-dense.32.relu-dense.64.tanh,35168,168,4.017982482910156,0.2,0.1,128,256,5505024,3930028908,3.1420878767967224,1024,1024,1,1.0
2022-09-24T14:54:44,suffix.2-rec.16.relu-suffix.2,16912,40,1.013289213180542,0.5,0.1,128,64,327680,3930028908,nan,1024,1024,1,1.0
2022-09-24T14:54:47,attention.4-dense.32.relu-dense.64.tanh,26976,76,2.0215864181518555,0.2,0.1,128,256,2490368,3930028908,3.901950478553772,1024,1024,1,1.0
2022-09-24T14:54:48,suffix.4-dense.32.tanh,41248,57,1.0117149353027344,0.5,0.1,128,64,466944,3930028908,3.2935174107551575,1024,1024,1,1.0
2022-09-24T14:54:51,suffix.4-dense.32.tanh,41248,134,2.0067102909088135,0.5,0.1,128,64,1097728,3930028908,3.200823187828064,1024,1024,1,1.0
2022-09-24T14:54:52,suffix.2-dense.2.relu,1794,58,1.0086936950683594,0.5,0.1,128,64,475136,3930028908,4.177778482437134,1024,1024,1,1.0
2022-09-24T14:55:57,suffix.2-dense.1.tanh,1025,3169,64.00075316429138,0.5,0.1,128,512,207683584,3930028908,4.3123087882995605,1024,1024,1,1.0
2022-09-24T14:55:59,attention.2-rec.4.tanh,2324,28,1.025146245956421,0.5,0.1,128,1024,3670016,3930028908,4.101749300956726,1024,1024,1,1.0
2022-09-24T14:56:04,suffix.2-mgru.8,10640,126,4.022735357284546,0.5,0.1,128,256,4128768,3930028908,3.3779261112213135,1024,1024,1,1.0
2022-09-24T14:56:06,rec.2.tanh-suffix.2,1798,98,2.005988121032715,0.2,0.1,128,256,3211264,3930028908,4.291274785995483,1024,1024,1,1.0
2022-09-24T14:56:08,suffix.2-dense.8.tanh-rec.8.tanh,6544,28,1.0039944648742676,0.5,0.1,128,512,1835008,3930028908,3.885415017604828,1024,1024,1,1.0
2022-09-24T14:56:16,attention.2-dense.1.relu,769,627,8.010234832763672,0.5,0.1,128,512,41091072,3930028908,4.354299306869507,1024,1024,1,1.0
2022-09-24T14:56:18,dense.8.relu-attention.2.pos,4376,32,1.0101499557495117,0.2,0.1,128,128,524288,3930028908,4.351411938667297,1024,1024,1,1.0
2022-09-24T14:56:25,attention.2-dense.16.relu-suffix.2,12560,108,2.011852741241455,0.2,0.1,128,128,1769472,3930028908,3.613177001476288,1024,1024,1,1.0
2022-09-24T14:56:27,suffix.2-dense.4.tanh,3332,54,1.000615119934082,0.5,0.1,128,64,442368,3930028908,3.822966516017914,1024,1024,1,1.0
2022-09-24T14:56:43,suffix.2-dense.16.tanh,12560,1116,16.011968851089478,0.2,0.1,128,64,9142272,3930028908,3.2387905716896057,1024,1024,1,1.0
2022-09-24T14:56:48,suffix.4-dense.32.relu-dense.128.tanh,70048,163,4.009461879730225,0.2,0.1,128,256,5341184,3930028908,2.951712727546692,1024,1024,1,1.0
2022-09-24T14:56:50,attention.4.pos-dense.32.tanh,17696,33,1.0050528049468994,0.5,0.1,128,64,270336,3930028908,6.051869988441467,1024,1024,1,1.0
2022-09-24T14:56:52,dense.1.tanh-dense.2.relu,1029,99,2.005972146987915,0.5,0.1,128,256,3244032,3930028908,4.761640667915344,1024,1024,1,1.0
2022-09-24T14:56:54,suffix.4-dense.32.relu,41248,55,1.0106191635131836,0.5,0.1,128,64,450560,3930028908,3.2895053029060364,1024,1024,1,1.0
2022-09-24T14:57:26,suffix.2-dense.8.tanh,6408,883,32.01546573638916,0.5,0.1,128,2048,231473152,3930028908,3.3696168065071106,1024,1024,1,1.0
2022-09-24T14:57:28,attention.4-dense.32.relu,16672,50,1.0065703392028809,0.5,0.1,128,64,409600,3930028908,4.031527638435364,1024,1024,1,1.0
2022-09-24T14:57:31,attention.4.pos-dense.32.tanh,17696,90,2.0158066749572754,0.5,0.1,128,64,737280,3930028908,4.986922025680542,1024,1024,1,1.0
2022-09-24T14:57:33,suffix.2-rec.8.tanh,6472,18,1.0139098167419434,0.5,0.1,128,2048,4718592,3930028908,4.26758885383606,1024,1024,1,1.0
2022-09-24T14:57:37,suffix.4-rec.8.tanh,10568,209,4.010341644287109,0.2,0.1,128,256,6848512,3930028908,3.407537579536438,1024,1024,1,1.0
2022-09-24T14:57:39,suffix.2-dense.8.tanh,6408,55,1.005080223083496,0.5,0.1,128,32,225280,3930028908,3.601707875728607,1024,1024,1,1.0
2022-09-24T14:57:41,suffix.4-dense.16.relu-dense.64.tanh,34128,70,2.009038209915161,0.2,0.1,128,256,2293760,3930028908,3.1783780455589294,1024,1024,1,1.0
2022-09-24T14:57:50,mgru.4,3368,318,8.006866216659546,0.5,0.1,128,32,1302528,3930028908,3.702517092227936,1024,1024,1,1.0
2022-09-24T14:57:52,suffix.2-dense.16.relu-suffix.2,16656,50,1.0072190761566162,1.0,0.1,128,64,409600,3930028908,4.605836987495422,1024,1024,1,1.0
2022-09-24T14:57:54,suffix.2-dense.4.tanh-dense.8.relu,4396,91,2.0096302032470703,0.5,0.1,128,64,745472,3930028908,3.663367211818695,1024,1024,1,1.0
2022-09-24T14:57:56,suffix.4-dense.32.relu-attention.2,41248,34,1.0080015659332275,0.5,0.1,128,64,278528,3930028908,3.4644813537597656,1024,1024,1,1.0
2022-09-24T14:58:01,suffix.8-dense.32.relu-suffix.4,98592,208,4.009932518005371,0.2,0.1,128,256,6815744,3930028908,3.0245702266693115,1024,1024,1,1.0
2022-09-24T14:58:02,rec.4.tanh,2324,45,1.0032384395599365,0.5,0.1,128,256,1474560,3930028908,3.9171537160873413,1024,1024,1,1.0
2022-09-24T14:58:05,attention.2.pos-dense.32.relu-suffix.2-dense.64.relu,29536,58,2.0204789638519287,0.2,0.1,128,128,950272,3930028908,4.167483925819397,1024,1024,1,1.0
2022-09-24T14:58:07,suffix.2-rec.32.relu-suffix.2,34080,36,1.0200684070587158,0.5,0.1,128,512,2359296,3930028908,nan,1024,1024,1,1.0
2022-09-24T14:58:24,attention.2-rec.8.tanh-suffix.2,6472,804,16.014020919799805,0.5,0.1,128,256,26345472,3930028908,3.411234498023987,1024,1024,1,1.0
2022-09-24T14:58:26,attention.2-rec.1.tanh-attention.2.pos,772,30,1.0084128379821777,0.5,0.1,128,64,245760,3930028908,4.484864115715027,1024,1024,1,1.0
2022-09-24T14:58:29,suffix.4-dense.32.relu-rec.16.tanh,37936,68,2.0015225410461426,0.2,0.1,128,256,2228224,3930028908,3.2424551248550415,1024,1024,1,1.0
2022-09-24T14:58:33,suffix.2-rec.16.relu,12816,199,4.005285263061523,0.2,0.1,128,256,6520832,3930028908,3.272932469844818,1024,1024,1,1.0
2022-09-24T14:58:35,suffix.2-rec.8.tanh-attention.2,6472,20,1.0065436363220215,0.5,0.1,128,1024,2621440,3930028908,3.904704749584198,1024,1024,1,1.0
2022-09-24T14:58:44,suffix.2-rec.4.relu-suffix.2,4372,409,8.018105268478394,0.2,0.1,128,256,13402112,3930028908,3.5441662669181824,1024,1024,1,1.0
2022-09-24T14:58:45,rec.1.relu-attention.2.pos,772,37,1.0039751529693604,0.5,0.1,128,64,303104,3930028908,4.7872889041900635,1024,1024,1,1.0
2022-09-24T14:58:48,suffix.2-rec.16.relu-suffix.2-dense.64.relu,27216,68,2.004678249359131,0.2,0.1,128,128,1114112,3930028908,3.202933609485626,1024,1024,1,1.0
2022-09-24T14:58:50,suffix.2-dense.8.tanh-attention.2,6408,35,1.0121541023254395,0.5,0.1,128,32,143360,3930028908,3.7390952110290527,1024,1024,1,1.0
2022-09-24T14:58:55,suffix.4-dense.16.relu-dense.64.tanh,34128,171,4.015031099319458,0.2,0.1,128,256,5603328,3930028908,3.047576367855072,1024,1024,1,1.0
2022-09-24T14:58:56,suffix.2-dense.32.relu-attention.2,24864,30,1.0024070739746094,0.5,0.1,128,512,1966080,3930028908,3.517593026161194,1024,1024,1,1.0
2022-09-24T14:58:59,suffix.2-dense.4.relu,3332,105,2.0064682960510254,1.0,0.1,128,512,6881280,3930028908,4.215687870979309,1024,1024,1,1.0
2022-09-24T14:59:01,suffix.2-dense.16.relu-attention.2,12560,33,1.0151915550231934,0.2,0.1,128,128,540672,3930028908,3.928219199180603,1024,1024,1,1.0
2022-09-24T15:07:34,rec.2.tanh-attention.2,1286,13434,512.007915019989,0.5,0.1,128,1024,1760821248,3930028908,4.051475524902344,1024,1024,1,1.0
2022-09-24T15:07:37,attention.2-rec.1.tanh-attention.2.pos,772,46,2.0056424140930176,0.5,0.1,128,64,376832,3930028908,4.340850353240967,1024,1024,1,1.0
2022-09-24T15:07:39,suffix.2-dense.32.relu-suffix.2,33056,36,1.0032129287719727,1.0,0.1,128,512,2359296,3930028908,4.605961322784424,1024,1024,1,1.0
2022-09-24T15:07:47,suffix.2-rec.4.tanh,3348,273,8.022685527801514,0.2,0.1,128,128,4472832,3930028908,3.7449148893356323,1024,1024,1,1.0
2022-09-24T15:07:49,attention.4.pos-dense.32.relu-attention.2,17696,19,1.011561393737793,0.5,0.1,128,64,155648,3930028908,4.865538954734802,1024,1024,1,1.0
2022-09-24T15:07:54,attention.2-rec.1.tanh-attention.2.pos,772,191,4.01732873916626,0.5,0.1,128,64,1564672,3930028908,4.420270562171936,1024,1024,1,1.0
2022-09-24T15:07:57,rec.1.relu-attention.2.pos,772,100,2.001596689224243,0.5,0.1,128,64,819200,3930028908,4.784795522689819,1024,1024,1,1.0
2022-09-24T15:07:59,attention.2-rec.2.tanh-dense.2.relu,1292,31,1.0007317066192627,0.5,0.1,128,64,253952,3930028908,4.812753915786743,1024,1024,1,1.0
2022-09-24T15:08:01,suffix.2-dense.16.tanh,12560,34,1.0118508338928223,0.5,0.1,128,1024,4456448,3930028908,3.416213572025299,1024,1024,1,1.0
2022-09-24T15:08:03,suffix.2-rec.4.relu-suffix.2,4372,94,2.015225648880005,0.5,0.1,128,32,385024,3930028908,4.036432266235352,1024,1024,1,1.0
2022-09-24T15:08:05,suffix.8-dense.32.relu,74016,54,1.0096306800842285,0.5,0.1,128,64,442368,3930028908,3.502873420715332,1024,1024,1,1.0
2022-09-24T15:08:10,rec.4.relu-attention.2.pos,2332,168,4.018997430801392,0.2,0.1,128,128,2752512,3930028908,4.04896867275238,1024,1024,1,1.0
2022-09-24T15:08:26,dense.4.relu,2308,565,16.030564546585083,0.5,0.1,128,1024,74055680,3930028908,3.8506206274032593,1024,1024,1,1.0
2022-09-24T15:08:28,suffix.2-dense.32.relu,24864,46,1.002702236175537,0.5,0.1,128,512,3014656,3930028908,3.3049166798591614,1024,1024,1,1.0
2022-09-24T15:08:30,suffix.4-dense.32.relu-dense.64.relu,51552,76,2.0068769454956055,0.2,0.1,128,256,2490368,3930028908,3.020677149295807,1024,1024,1,1.0
2022-09-24T15:08:32,suffix.4-dense.32.relu-dense.32.relu,42304,37,1.0156943798065186,0.5,0.1,128,64,303104,3930028908,4.561556696891785,1024,1024,1,1.0
2022-09-24T15:08:41,rec.2.tanh-attention.4,1286,376,8.005901336669922,0.5,0.1,128,128,6160384,3930028908,4.092043995857239,1024,1024,1,1.0
2022-09-24T15:08:42,suffix.4-dense.32.relu,41248,57,1.0101852416992188,0.2,0.1,128,64,466944,3930028908,3.256170690059662,1024,1024,1,1.0
2022-09-24T15:08:45,dense.4.tanh-dense.8.relu,3372,96,2.0061748027801514,0.5,0.1,128,64,786432,3930028908,4.001793086528778,1024,1024,1,1.0
2022-09-24T15:08:49,suffix.2-dense.4.tanh,3332,270,4.011289834976196,1.0,0.1,128,32,1105920,3930028908,3.823183596134186,1024,1024,1,1.0
2022-09-24T15:08:51,attention.2-mgru.2,1804,19,1.0224206447601318,0.5,0.1,128,1024,2490368,3930028908,4.496442198753357,1024,1024,1,1.0
2022-09-24T15:08:54,suffix.2-dense.32.relu-attention.2,24864,84,2.018761396408081,0.2,0.1,128,256,2752512,3930028908,3.2386749982833862,1024,1024,1,1.0
2022-09-24T15:08:56,attention.2-rec.2.tanh-suffix.2-rec.1.tanh,1036,23,1.0094528198242188,0.5,0.1,128,512,1507328,3930028908,4.732788801193237,1024,1024,1,1.0
2022-09-24T15:09:29,suffix.4-dense.8.relu,10504,1258,32.03477764129639,0.2,0.1,128,512,82444288,3930028908,3.312662422657013,1024,1024,1,1.0
2022-09-24T15:09:31,attention.4.pos-dense.32.relu,17696,34,1.0143773555755615,0.2,0.1,128,64,278528,3930028908,4.692053437232971,1024,1024,1,1.0
2022-09-24T15:09:34,suffix.2-rec.2.relu-attention.2.pos,1802,66,2.012572765350342,0.2,0.1,128,128,1081344,3930028908,4.63993501663208,1024,1024,1,1.0
2022-09-24T15:09:35,suffix.2-dense.32.relu,24864,53,1.002260446548462,0.2,0.1,128,64,434176,3930028908,3.39875066280365,1024,1024,1,1.0
2022-09-24T15:09:40,suffix.2-dense.4.tanh-dense.8.relu,4396,196,4.001959323883057,0.5,0.1,128,64,1605632,3930028908,3.6189239621162415,1024,1024,1,1.0
2022-09-24T15:09:41,suffix.2-dense.4.tanh,3332,56,1.0080411434173584,0.5,0.1,128,64,458752,3930028908,3.8322858810424805,1024,1024,1,1.0
2022-09-24T15:09:48,attention.2-gru.4.relu-suffix.2,5436,46,2.031550884246826,0.5,0.1,128,256,1507328,3930028908,4.307904481887817,1024,1024,1,1.0
2022-09-24T15:09:57,suffix.4-dense.32.relu-dense.128.tanh,70048,336,8.013536930084229,0.2,0.1,128,256,11010048,3930028908,2.845382034778595,1024,1024,1,1.0
2022-09-24T15:09:59,suffix.4-dense.32.relu,41248,55,1.000519037246704,0.2,0.1,128,128,901120,3930028908,3.2310609817504883,1024,1024,1,1.0
2022-09-24T15:12:07,rec.2.relu-suffix.2-dense.4.relu,1818,3577,128.0129690170288,0.5,0.1,128,512,234422272,3930028908,3.9014668464660645,1024,1024,1,1.0
2022-09-24T15:12:09,suffix.4-dense.32.relu,41248,53,1.0014090538024902,0.2,0.1,128,128,868352,3930028908,3.258855104446411,1024,1024,1,1.0
2022-09-24T15:12:11,rec.2.tanh-suffix.2-dense.4.relu,1818,67,2.021181344985962,0.5,0.1,128,512,4390912,3930028908,3.962372899055481,1024,1024,1,1.0
2022-09-24T15:12:16,suffix.4-dense.1.relu,1537,345,4.005667686462402,0.5,0.1,128,64,2826240,3930028908,4.278406858444214,1024,1024,1,1.0
2022-09-24T15:12:18,attention.4-dense.32.relu,16672,51,1.0069832801818848,0.2,0.1,128,128,835584,3930028908,4.10053563117981,1024,1024,1,1.0
2022-09-24T15:12:19,suffix.2-dense.4.tanh,3332,55,1.0048162937164307,0.5,0.1,128,64,450560,3930028908,3.861393094062805,1024,1024,1,1.0
2022-09-24T15:12:22,attention.2-mgru.4-suffix.2,4392,55,2.0270228385925293,0.5,0.1,128,256,1802240,3930028908,3.8344123363494873,1024,1024,1,1.0
2022-09-24T15:12:39,rec.2.tanh-attention.4,1286,770,16.002106428146362,0.5,0.1,128,128,12615680,3930028908,4.12670636177063,1024,1024,1,1.0
2022-09-24T15:12:41,rec.4.tanh,2324,46,1.001307725906372,0.5,0.1,128,256,1507328,3930028908,3.908974528312683,1024,1024,1,1.0
2022-09-24T15:12:45,suffix.2-dense.32.relu-attention.2,24864,186,4.014780521392822,0.2,0.1,128,256,6094848,3930028908,3.1791248321533203,1024,1024,1,1.0
2022-09-24T15:12:47,suffix.2-rec.4.tanh,3348,47,1.0123703479766846,0.5,0.1,128,64,385024,3930028908,3.923454225063324,1024,1024,1,1.0
2022-09-24T15:12:50,suffix.4-dense.32.relu-dense.64.relu,51552,78,2.0145914554595947,0.2,0.1,128,256,2555904,3930028908,3.017092704772949,1024,1024,1,1.0
2022-09-24T15:12:51,attention.2-dense.32.relu,16672,42,1.0143017768859863,0.5,0.1,128,512,2752512,3930028908,3.6211060285568237,1024,1024,1,1.0
2022-09-24T15:13:00,suffix.2-dense.4.tanh-attention.2,3332,419,8.001607894897461,0.5,0.1,128,32,1716224,3930028908,3.7167696952819824,1024,1024,1,1.0
2022-09-24T15:13:03,suffix.2-dense.32.relu,24864,128,2.007571220397949,0.2,0.1,128,64,1048576,3930028908,3.248609960079193,1024,1024,1,1.0
2022-09-24T15:13:05,attention.2.pos-dense.8.tanh-attention.2,4872,20,1.0049116611480713,0.5,0.1,128,32,81920,3930028908,4.90278959274292,1024,1024,1,1.0
2022-09-24T15:13:09,suffix.4-dense.32.relu-suffix.4,65824,218,4.011838674545288,0.2,0.1,128,256,7143424,3930028908,2.936315655708313,1024,1024,1,1.0
2022-09-24T15:13:11,attention.2-rec.4.tanh,2324,42,1.0066003799438477,0.5,0.1,128,256,1376256,3930028908,3.9071436524391174,1024,1024,1,1.0
2022-09-24T15:13:14,attention.2-rec.1.relu-attention.2,770,96,2.006767511367798,0.5,0.1,128,256,3145728,3930028908,4.390271544456482,1024,1024,1,1.0
2022-09-24T15:13:16,dense.8.tanh-suffix.2,6408,51,1.0056428909301758,0.5,0.1,128,32,208896,3930028908,3.6615405082702637,1024,1024,1,1.0
2022-09-24T15:14:20,suffix.2-dense.2.relu,1794,3393,64.00657272338867,0.5,0.1,128,512,222363648,3930028908,3.947151780128479,1024,1024,1,1.0
2022-09-24T15:14:22,dense.4.tanh-suffix.2,3332,53,1.0103070735931396,0.5,0.1,128,32,217088,3930028908,3.8806720972061157,1024,1024,1,1.0
2022-09-24T15:14:24,dense.4.tanh-suffix.2,3332,122,2.0055971145629883,0.5,0.1,128,32,499712,3930028908,3.788362205028534,1024,1024,1,1.0
2022-09-24T15:14:26,suffix.2-dense.16.tanh-rec.4.relu,9572,24,1.0082929134368896,0.5,0.1,128,128,393216,3930028908,4.4442689418792725,1024,1024,1,1.0
2022-09-24T15:14:31,attention.2-rec.1.relu-attention.2,770,219,4.008313417434692,0.5,0.1,128,256,7176192,3930028908,4.382593393325806,1024,1024,1,1.0
2022-09-24T15:14:33,suffix.4-dense.8.tanh-attention.2,10504,35,1.0054309368133545,0.5,0.1,128,64,286720,3930028908,3.749084234237671,1024,1024,1,1.0
2022-09-24T15:14:35,mgru.1,1028,63,2.0152711868286133,0.5,0.1,128,2048,16515072,3930028908,4.330453038215637,1024,1024,1,1.0
2022-09-24T15:14:44,suffix.2-mgru.8,10640,265,8.006240129470825,0.5,0.1,128,256,8683520,3930028908,3.376661956310272,1024,1024,1,1.0
2022-09-24T15:14:46,dense.32.relu,16672,62,1.003986120223999,0.2,0.1,128,64,507904,3930028908,3.756080448627472,1024,1024,1,1.0
2022-09-24T15:15:02,rec.4.relu-suffix.2,3348,964,16.021363258361816,0.2,0.1,128,128,15794176,3930028908,3.7682100534439087,1024,1024,1,1.0
2022-09-24T15:15:04,suffix.4-dense.32.relu-attention.2.pos,41312,30,1.0033278465270996,0.2,0.1,128,64,245760,3930028908,3.6294647455215454,1024,1024,1,1.0
2022-09-24T15:15:07,suffix.4-rec.16.tanh-dense.32.relu,25648,68,2.0165364742279053,0.2,0.1,128,256,2228224,3930028908,3.2229740023612976,1024,1024,1,1.0
2022-09-24T15:15:08,suffix.2-dense.32.relu,24864,48,1.0149424076080322,0.5,0.1,128,512,3145728,3930028908,3.307226300239563,1024,1024,1,1.0
2022-09-24T15:15:13,suffix.2-rec.16.relu-suffix.2-dense.64.relu,27216,152,4.013956785202026,0.2,0.1,128,128,2490368,3930028908,3.114691138267517,1024,1024,1,1.0
2022-09-24T15:15:15,suffix.4-rec.16.relu,21008,44,1.0081560611724854,0.2,0.1,128,64,360448,3930028908,3.5702895522117615,1024,1024,1,1.0
2022-09-24T15:15:17,suffix.2-dense.2.tanh-dense.8.relu,3354,90,2.0070767402648926,0.5,0.1,128,64,737280,3930028908,4.000912189483643,1024,1024,1,1.0
2022-09-24T15:15:19,suffix.2-rec.16.tanh,12816,46,1.0040006637573242,0.2,0.1,128,64,376832,3930028908,3.6220796704292297,1024,1024,1,1.0
2022-09-24T15:15:51,dense.4.relu,2308,1513,32.01620960235596,0.5,0.1,128,1024,198311936,3930028908,3.838487684726715,1024,1024,1,1.0
2022-09-24T15:15:54,suffix.2-dense.8.tanh-suffix.2-dense.8.relu,6544,71,2.0120091438293457,0.5,0.1,128,256,2326528,3930028908,3.554780900478363,1024,1024,1,1.0
2022-09-24T15:15:55,suffix.2-dense.32.relu,24864,48,1.00687837600708,0.5,0.1,128,512,3145728,3930028908,3.2737866044044495,1024,1024,1,1.0
2022-09-24T15:16:00,dense.4.tanh-suffix.2,3332,261,4.008580684661865,0.5,0.1,128,32,1069056,3930028908,3.805953800678253,1024,1024,1,1.0
2022-09-24T15:16:01,suffix.4-dense.32.relu,41248,57,1.0055580139160156,0.2,0.1,128,32,233472,3930028908,3.315887153148651,1024,1024,1,1.0
2022-09-24T15:16:10,suffix.4-dense.16.relu-dense.64.tanh,34128,352,8.002417087554932,0.2,0.1,128,256,11534336,3930028908,2.9697101712226868,1024,1024,1,1.0
2022-09-24T15:16:13,suffix.2-rec.16.relu-suffix.2-dense.32.relu,17968,70,2.013352155685425,0.2,0.1,128,128,1146880,3930028908,3.342936873435974,1024,1024,1,1.0
2022-09-24T15:16:14,rec.4.tanh-attention.2.pos,2332,31,1.0038955211639404,0.5,0.1,128,128,507904,3930028908,3.9466899633407593,1024,1024,1,1.0
2022-09-24T15:16:16,rec.4.relu-suffix.2,3348,45,1.0061452388763428,0.5,0.1,128,32,184320,3930028908,4.129918932914734,1024,1024,1,1.0
2022-09-24T15:16:21,suffix.2-dense.8.tanh-suffix.2,8456,238,4.016501426696777,0.5,0.1,128,32,974848,3930028908,3.4666309356689453,1024,1024,1,1.0
2022-09-24T15:16:23,suffix.2-dense.8.tanh-suffix.2-rec.16.relu,8984,66,2.0223004817962646,0.5,0.1,128,256,2162688,3930028908,3.745221495628357,1024,1024,1,1.0
2022-09-24T15:16:25,attention.4-rec.16.relu,8720,41,1.0124626159667969,0.2,0.1,128,64,335872,3930028908,4.381687879562378,1024,1024,1,1.0
2022-09-24T15:20:42,attention.2-rec.2.tanh-suffix.2,1798,7506,256.0184574127197,0.5,0.1,128,1024,983826432,3930028908,3.904719889163971,1024,1024,1,1.0
2022-09-24T15:20:44,dense.16.relu-suffix.2,12560,22,1.0207281112670898,0.5,0.1,128,512,1441792,3930028908,3.7756083607673645,1024,1024,1,1.0
2022-09-24T15:20:46,rec.4.tanh,2324,71,2.0220701694488525,0.2,0.1,128,64,581632,3930028908,4.101386308670044,1024,1024,1,1.0
2022-09-24T15:20:48,gru.1.relu,1286,23,1.0085628032684326,0.5,0.1,128,128,376832,3930028908,4.592623829841614,1024,1024,1,1.0
2022-09-24T15:20:57,suffix.4-dense.32.relu-dense.128.tanh,70048,238,8.040464162826538,0.2,0.1,128,256,7798784,3930028908,2.8828288316726685,1024,1024,1,1.0
2022-09-24T15:21:02,attention.4.pos-dense.16.relu-dense.64.tanh,22864,123,4.009650468826294,0.2,0.1,128,256,4030464,3930028908,3.914106249809265,1024,1024,1,1.0
2022-09-24T15:21:04,attention.4-dense.32.relu,16672,51,1.0080904960632324,0.2,0.1,128,32,208896,3930028908,4.138040900230408,1024,1024,1,1.0
2022-09-24T15:21:07,dense.8.tanh-suffix.2-dense.8.relu,4496,75,2.014052152633667,0.5,0.1,128,256,2457600,3930028908,3.834661841392517,1024,1024,1,1.0
2022-09-24T15:21:08,dense.4.relu-suffix.2,3332,51,1.0110375881195068,0.5,0.1,128,32,208896,3930028908,4.019241452217102,1024,1024,1,1.0
2022-09-24T15:21:25,suffix.2-dense.1.tanh,1025,745,16.011834383010864,0.5,0.1,128,64,6103040,3930028908,4.36760950088501,1024,1024,1,1.0
2022-09-24T15:21:26,dense.2.tanh-suffix.2,1794,51,1.00343656539917,0.5,0.1,128,32,208896,3930028908,4.088308691978455,1024,1024,1,1.0
2022-09-24T15:21:29,suffix.2-rec.1.relu,1026,128,2.0011141300201416,0.5,0.1,128,32,524288,3930028908,4.633464694023132,1024,1024,1,1.0
2022-09-24T15:21:30,suffix.4-rec.32.tanh,42272,42,1.015507459640503,0.2,0.1,128,128,688128,3930028908,3.4395628571510315,1024,1024,1,1.0
2022-09-24T15:21:35,attention.4.pos-dense.32.relu-suffix.4,42272,155,4.0090508460998535,0.2,0.1,128,256,5079040,3930028908,3.4654929637908936,1024,1024,1,1.0
2022-09-24T15:21:38,suffix.4-dense.32.relu,41248,133,2.010857582092285,0.2,0.1,128,32,544768,3930028908,3.106857419013977,1024,1024,1,1.0
2022-09-24T15:21:40,attention.2.pos-dense.32.relu-attention.2,17184,18,1.0171186923980713,0.5,0.1,128,512,1179648,3930028908,4.949777007102966,1024,1024,1,1.0
2022-09-24T15:21:41,suffix.4-dense.32.relu,41248,57,1.0022637844085693,0.1,0.1,128,64,466944,3930028908,3.663825571537018,1024,1024,1,1.0
2022-09-24T15:21:50,suffix.4-dense.32.relu-dense.16.relu,37680,354,8.021090745925903,0.2,0.1,128,256,11599872,3930028908,2.9622249603271484,1024,1024,1,1.0
2022-09-24T15:21:53,suffix.2-rec.4.relu-suffix.2-dense.8.relu,4444,64,2.0025975704193115,0.5,0.1,128,256,2097152,3930028908,3.868238925933838,1024,1024,1,1.0
2022-09-24T15:21:55,attention.4.pos-dense.8.tanh-attention.2,5384,22,1.0104560852050781,0.5,0.1,128,64,180224,3930028908,4.96968150138855,1024,1024,1,1.0
2022-09-24T15:22:00,attention.4.pos-rec.16.tanh,9744,162,4.0180747509002686,0.2,0.1,128,128,2654208,3930028908,3.917322039604187,1024,1024,1,1.0
2022-09-24T15:22:01,suffix.2-dense.32.relu,24864,53,1.00341796875,0.2,0.1,128,32,217088,3930028908,3.436078906059265,1024,1024,1,1.0
2022-09-24T15:22:04,suffix.2-rec.16.relu-attention.2,12816,70,2.013314962387085,0.2,0.1,128,256,2293760,3930028908,3.5489470958709717,1024,1024,1,1.0
2022-09-24T15:22:06,suffix.4-dense.16.relu,20752,57,1.0052757263183594,0.2,0.1,128,32,233472,3930028908,3.4651312232017517,1024,1024,1,1.0
2022-09-24T15:39:11,rec.2.tanh-attention.2,1286,24884,1024.033434867859,0.5,0.1,128,1024,3261595648,3930028908,4.0406211614608765,1024,1024,1,1.0
2022-09-24T15:39:12,suffix.4-dense.32.relu,41248,28,1.0212140083312988,1.0,0.1,128,64,229376,3930028908,4.537263631820679,1024,1024,1,1.0
2022-09-24T15:39:15,attention.2-dense.8.tanh-suffix.2-dense.16.relu,6680,54,2.010169744491577,0.5,0.1,128,256,1769472,3930028908,3.953303337097168,1024,1024,1,1.0
2022-09-24T15:39:20,suffix.2-rec.4.relu,3348,150,4.016165256500244,0.2,0.1,128,64,1228800,3930028908,3.7699928879737854,1024,1024,1,1.0
2022-09-24T15:39:22,suffix.4-mgru.32,76096,24,1.0184032917022705,0.2,0.1,128,64,196608,3930028908,3.7077361941337585,1024,1024,1,1.0
2022-09-24T15:39:31,attention.4.pos-dense.32.relu-dense.16.relu,14128,231,8.005823612213135,0.2,0.1,128,256,7569408,3930028908,3.8564401865005493,1024,1024,1,1.0
2022-09-24T15:39:32,suffix.2-dense.32.tanh,24864,54,1.0008366107940674,0.5,0.1,128,64,442368,3930028908,3.3933157324790955,1024,1024,1,1.0
2022-09-24T15:39:35,suffix.2-rec.4.tanh-suffix.2-dense.16.relu,6564,64,2.012665271759033,0.5,0.1,128,256,2097152,3930028908,3.5608831644058228,1024,1024,1,1.0
2022-09-24T15:39:37,suffix.4-mgru.16,37664,25,1.0074646472930908,0.2,0.1,128,32,102400,3930028908,4.003896117210388,1024,1024,1,1.0
2022-09-24T15:39:54,suffix.4-dense.16.tanh,20752,639,16.023761510849,0.5,0.1,128,256,20938752,3930028908,3.1461246013641357,1024,1024,1,1.0
2022-09-24T15:39:56,suffix.4-rec.16.relu-dense.64.relu,34384,64,2.0245468616485596,0.2,0.1,128,256,2097152,3930028908,3.291829228401184,1024,1024,1,1.0
2022-09-24T15:39:58,attention.2-rec.4.tanh-attention.2.pos,2332,25,1.0052461624145508,0.5,0.1,128,128,409600,3930028908,4.223302245140076,1024,1024,1,1.0
2022-09-24T15:40:03,suffix.2-dense.8.tanh-suffix.2-dense.8.relu,6544,158,4.011141538619995,0.5,0.1,128,256,5177344,3930028908,3.4666348695755005,1024,1024,1,1.0
2022-09-24T15:40:05,suffix.4-rec.32.relu,42272,44,1.0001332759857178,0.5,0.1,128,64,360448,3930028908,nan,1024,1024,1,1.0
2022-09-24T15:40:07,dense.2.tanh-suffix.2,1794,124,2.007868766784668,0.5,0.1,128,32,507904,3930028908,4.063632369041443,1024,1024,1,1.0
2022-09-24T15:40:09,attention.4.pos-dense.16.relu,9488,34,1.0066800117492676,0.2,0.1,128,32,139264,3930028908,4.655843257904053,1024,1024,1,1.0
2022-09-24T15:40:42,rec.4.relu-attention.2,2324,1198,32.001890897750854,0.5,0.1,128,256,39256064,3930028908,3.7499011158943176,1024,1024,1,1.0
2022-09-24T15:40:44,suffix.4-dense.32.tanh-attention.2.pos,41312,28,1.0006999969482422,0.5,0.1,128,64,229376,3930028908,3.665303647518158,1024,1024,1,1.0
2022-09-24T15:40:48,suffix.4-dense.32.relu,41248,278,4.007291555404663,0.2,0.1,128,32,1138688,3930028908,3.089052736759186,1024,1024,1,1.0
2022-09-24T15:40:51,suffix.2-dense.8.tanh-suffix.2-rec.8.tanh,6608,65,2.016849994659424,0.5,0.1,128,256,2129920,3930028908,3.7671589255332947,1024,1024,1,1.0
2022-09-24T15:40:53,rec.4.tanh-attention.2.pos,2332,31,1.0052800178527832,0.5,0.1,128,64,253952,3930028908,4.000734090805054,1024,1024,1,1.0
2022-09-24T15:41:01,suffix.2-dense.32.relu-dense.128.tanh,53664,338,8.001996278762817,0.2,0.1,128,256,11075584,3930028908,3.1113222241401672,1024,1024,1,1.0
2022-09-24T15:41:03,mgru.8-suffix.2,8592,24,1.0062744617462158,0.5,0.1,128,32,98304,3930028908,3.910428285598755,1024,1024,1,1.0
2022-09-24T15:41:06,attention.4.pos-dense.32.relu,17696,89,2.0156126022338867,0.2,0.1,128,32,364544,3930028908,4.0342682003974915,1024,1024,1,1.0
2022-09-24T15:41:08,suffix.4-dense.32.tanh,41248,59,1.0131781101226807,0.2,0.1,128,32,241664,3930028908,3.387249231338501,1024,1024,1,1.0
2022-09-24T15:41:12,suffix.4-dense.16.relu-suffix.4,33040,216,4.007611989974976,0.2,0.1,128,256,7077888,3930028908,3.1080503463745117,1024,1024,1,1.0
2022-09-24T15:41:14,attention.4.pos-dense.32.tanh,17696,36,1.0117809772491455,0.2,0.1,128,32,147456,3930028908,4.714226484298706,1024,1024,1,1.0
2022-09-24T15:41:17,suffix.4-rec.32.tanh-dense.64.relu,52576,67,2.0035228729248047,0.2,0.1,128,256,2195456,3930028908,3.0154616832733154,1024,1024,1,1.0
2022-09-24T15:41:19,suffix.4-dense.32.relu-attention.2,41248,37,1.0073792934417725,0.2,0.1,128,32,151552,3930028908,3.545091211795807,1024,1024,1,1.0
2022-09-24T15:42:23,suffix.2-rec.4.relu,3348,2445,64.02344036102295,0.5,0.1,128,256,80117760,3930028908,3.6600703597068787,1024,1024,1,1.0
2022-09-24T15:42:25,rec.4.tanh-attention.2,2324,33,1.0062143802642822,0.5,0.1,128,64,270336,3930028908,3.937262535095215,1024,1024,1,1.0
2022-09-24T15:42:28,dense.1.tanh-suffix.2,1025,128,2.0125653743743896,0.5,0.1,128,32,524288,3930028908,4.3718825578689575,1024,1024,1,1.0
2022-09-24T15:42:32,suffix.2-dense.16.tanh,12560,270,4.004543304443359,0.5,0.1,128,128,4423680,3930028908,3.285104274749756,1024,1024,1,1.0
2022-09-24T15:42:34,suffix.4-dense.32.relu,41248,55,1.009660243988037,0.2,0.1,128,16,112640,3930028908,3.3848429918289185,1024,1024,1,1.0
2022-09-24T15:42:50,suffix.2-dense.8.relu,6408,1026,16.004303455352783,0.2,0.1,128,256,33619968,3930028908,3.411885917186737,1024,1024,1,1.0
2022-09-24T15:42:52,attention.4.pos-dense.32.relu,17696,33,1.005873680114746,0.2,0.1,128,16,67584,3930028908,4.677795171737671,1024,1024,1,1.0
2022-09-24T15:42:55,rec.4.tanh,2324,118,2.0046586990356445,0.5,0.1,128,64,966656,3930028908,3.794235587120056,1024,1024,1,1.0
2022-09-24T15:43:04,suffix.2-dense.8.tanh-suffix.2-dense.8.relu,6544,334,8.01626992225647,0.5,0.1,128,256,10944512,3930028908,3.403523325920105,1024,1024,1,1.0
2022-09-24T15:43:05,attention.2.pos-rec.8.relu,4936,25,1.004106044769287,0.5,0.1,128,256,819200,3930028908,4.877657532691956,1024,1024,1,1.0
2022-09-24T15:43:08,suffix.2-dense.4.tanh-dense.4.relu,3352,92,2.018183946609497,0.5,0.1,128,64,753664,3930028908,3.775424540042877,1024,1024,1,1.0
2022-09-24T15:43:10,suffix.4-rec.16.relu,21008,44,1.0132827758789062,0.2,0.1,128,16,90112,3930028908,3.5929402709007263,1024,1024,1,1.0
2022-09-24T15:43:14,suffix.2-dense.4.relu,3332,264,4.005366563796997,0.5,0.1,128,128,4325376,3930028908,3.736296832561493,1024,1024,1,1.0
2022-09-24T15:43:16,suffix.2-dense.32.tanh-suffix.2,33056,41,1.018479824066162,0.5,0.1,128,256,1343488,3930028908,3.324209451675415,1024,1024,1,1.0
2022-09-24T15:43:19,attention.2.pos-rec.16.relu-suffix.2,13328,57,2.0243141651153564,0.2,0.1,128,512,3735552,3930028908,4.126647233963013,1024,1024,1,1.0
2022-09-24T15:43:20,suffix.2-dense.4.relu-suffix.2-dense.8.relu,4428,29,1.0072767734527588,0.5,0.1,128,512,1900544,3930028908,4.17415189743042,1024,1024,1,1.0
2022-09-24T15:43:29,suffix.2-rec.2.relu-suffix.2,2310,413,8.011963129043579,0.2,0.1,128,256,13533184,3930028908,3.994964838027954,1024,1024,1,1.0
2022-09-24T15:43:31,attention.2-dense.32.tanh-suffix.2,24864,40,1.009840488433838,0.5,0.1,128,256,1310720,3930028908,3.6140833497047424,1024,1024,1,1.0
2022-09-24T15:43:34,suffix.4-dense.16.relu,20752,134,2.0077903270721436,0.2,0.1,128,32,548864,3930028908,3.3029812574386597,1024,1024,1,1.0
2022-09-24T15:43:38,dense.1.tanh-suffix.2,1025,288,4.012102842330933,0.5,0.1,128,32,1179648,3930028908,4.331070065498352,1024,1024,1,1.0
2022-09-24T15:43:40,attention.2-dense.32.tanh,16672,56,1.0114986896514893,0.5,0.1,128,64,458752,3930028908,3.7237361669540405,1024,1024,1,1.0
2022-09-24T15:43:42,attention.2.pos-dense.32.relu,17184,36,1.0140795707702637,0.2,0.1,128,32,147456,3930028908,4.293241620063782,1024,1024,1,1.0
2022-09-24T15:43:45,rec.1.relu-attention.2-dense.1.relu,772,84,2.015551805496216,0.5,0.1,128,256,2752512,3930028908,4.813532829284668,1024,1024,1,1.0
2022-09-24T15:43:46,suffix.4-dense.32.relu-dense.32.relu,42304,39,1.0176703929901123,0.2,0.1,128,32,159744,3930028908,3.4646832942962646,1024,1024,1,1.0
2022-09-24T15:44:19,attention.4.pos-dense.8.relu,5384,1204,32.01343393325806,0.2,0.1,128,512,78905344,3930028908,3.9337120056152344,1024,1024,1,1.0
2022-09-24T15:44:24,suffix.4-rec.16.relu-suffix.4,33296,186,4.011220216751099,0.2,0.1,128,256,6094848,3930028908,3.0880470275878906,1024,1024,1,1.0
2022-09-24T15:44:26,mgru.2-attention.2,1804,20,1.0181710720062256,0.5,0.1,128,64,163840,3930028908,4.544086813926697,1024,1024,1,1.0
2022-09-24T15:44:28,suffix.2-rec.32.tanh-dense.64.relu,36192,68,2.020582675933838,0.2,0.1,128,256,2228224,3930028908,3.021929144859314,1024,1024,1,1.0
2022-09-24T15:44:30,suffix.4-dense.16.relu,20752,55,1.0028867721557617,0.5,0.1,128,128,901120,3930028908,3.4416399598121643,1024,1024,1,1.0
2022-09-24T15:44:46,suffix.2-dense.16.relu-suffix.2,16656,1001,16.00082278251648,0.2,0.1,128,128,16400384,3930028908,3.1877578496932983,1024,1024,1,1.0
2022-09-24T15:44:49,suffix.4-rec.16.relu,21008,105,2.001514196395874,0.5,0.1,128,64,860160,3930028908,3.459388315677643,1024,1024,1,1.0
2022-09-24T15:44:51,dense.8.tanh-suffix.2-dense.16.relu,6680,37,1.014991044998169,0.5,0.1,128,32,151552,3930028908,4.169430613517761,1024,1024,1,1.0
2022-09-24T15:44:59,suffix.2-rec.4.relu,3348,464,8.00420093536377,0.2,0.1,128,64,3801088,3930028908,3.6939274072647095,1024,1024,1,1.0
2022-09-24T15:45:01,suffix.2-dense.4.relu-suffix.2,4356,32,1.0003788471221924,0.5,0.1,128,1024,4194304,3930028908,4.018220067024231,1024,1024,1,1.0
2022-09-24T15:45:05,suffix.4-rec.32.tanh-dense.64.relu,52576,151,4.016104221343994,0.2,0.1,128,256,4947968,3930028908,2.880415916442871,1024,1024,1,1.0
2022-09-24T15:45:08,attention.4.pos-rec.32.tanh-dense.64.relu,29024,51,2.0191903114318848,0.2,0.1,128,256,1671168,3930028908,6.124634742736816,1024,1024,1,1.0
2022-09-24T15:45:10,suffix.2-dense.2.relu-suffix.2,2306,44,1.011035442352295,0.2,0.1,128,256,1441792,3930028908,4.433749556541443,1024,1024,1,1.0
2022-09-24T15:45:11,rec.8.tanh,4424,46,1.0083355903625488,0.5,0.1,128,256,1507328,3930028908,3.758133053779602,1024,1024,1,1.0
2022-09-24T15:45:14,rec.2.tanh,1286,81,2.006673574447632,0.5,0.1,128,1024,10616832,3930028908,4.063512682914734,1024,1024,1,1.0
2022-09-24T15:45:16,suffix.2-mgru.32,43328,20,1.0075161457061768,0.5,0.1,128,512,1310720,3930028908,14.265517234802246,1024,1024,1,1.0
2022-09-24T15:45:20,rec.2.tanh-suffix.2,1798,209,4.016294479370117,0.2,0.1,128,256,6848512,3930028908,4.073802471160889,1024,1024,1,1.0
2022-09-24T15:45:22,rec.2.relu-suffix.2,1798,46,1.009176254272461,0.5,0.1,128,32,188416,3930028908,4.6028677225112915,1024,1024,1,1.0
2022-09-24T15:45:25,suffix.4-rec.32.tanh-dense.64.tanh,52576,70,2.0176918506622314,0.2,0.1,128,256,2293760,3930028908,3.0841824412345886,1024,1024,1,1.0
2022-09-24T15:45:26,rec.4.tanh-attention.2-dense.4.relu,2344,24,1.0122599601745605,0.5,0.1,128,64,196608,3930028908,4.380802750587463,1024,1024,1,1.0
2022-09-24T15:45:35,dense.2.tanh-attention.4,1282,414,8.010039806365967,0.5,0.1,128,256,13565952,3930028908,4.133417725563049,1024,1024,1,1.0
2022-09-24T15:45:38,rec.1.relu-attention.2,770,106,2.010911226272583,0.2,0.1,128,256,3473408,3930028908,4.54076075553894,1024,1024,1,1.0
2022-09-24T15:45:39,dense.8.tanh-suffix.2,6408,54,1.0020232200622559,0.5,0.1,128,32,221184,3930028908,3.6795040369033813,1024,1024,1,1.0
2022-09-24T15:45:44,suffix.4-rec.32.tanh-dense.64.relu,52576,153,4.022082090377808,0.2,0.1,128,256,5013504,3930028908,2.8894777297973633,1024,1024,1,1.0
2022-09-24T15:45:46,suffix.4-dense.32.relu-dense.32.relu,42304,36,1.0018773078918457,0.2,0.1,128,128,589824,3930028908,3.40405935049057,1024,1024,1,1.0
2022-09-24T15:45:49,attention.4-dense.16.relu,8464,125,2.0076544284820557,0.2,0.1,128,32,512000,3930028908,4.113954782485962,1024,1024,1,1.0
2022-09-24T15:45:50,dense.1.tanh-suffix.2,1025,60,1.0099303722381592,0.5,0.1,128,32,245760,3930028908,4.371126174926758,1024,1024,1,1.0
2022-09-24T15:46:07,suffix.2-rec.32.relu,25888,837,16.017991065979004,0.2,0.1,128,256,27426816,3930028908,2.992597281932831,1024,1024,1,1.0
2022-09-24T15:46:08,suffix.4-dense.32.relu,41248,56,1.003739356994629,0.2,0.1,128,128,917504,3930028908,3.2903719544410706,1024,1024,1,1.0
2022-09-24T15:46:11,suffix.2-dense.16.relu,12560,127,2.0039072036743164,0.2,0.1,128,32,520192,3930028908,3.388022780418396,1024,1024,1,1.0
2022-09-24T15:46:16,attention.4-dense.8.relu,4360,212,4.012727737426758,0.2,0.1,128,512,13893632,3930028908,4.06453549861908,1024,1024,1,1.0
2022-09-24T15:46:22,attention.4-rec.16.relu,8720,43,1.015916109085083,0.2,0.1,128,16,88064,3930028908,4.592903017997742,1024,1024,1,1.0
2022-09-24T15:48:30,suffix.2-dense.2.relu,1794,4810,128.00030541419983,0.5,0.1,128,512,315228160,3930028908,3.9689781665802,1024,1024,1,1.0
2022-09-24T15:48:32,rec.8.tanh,4424,23,1.0278725624084473,0.5,0.1,128,512,1507328,3930028908,3.8036417961120605,1024,1024,1,1.0
2022-09-24T15:48:35,rec.2.relu-suffix.2,1798,67,2.0251266956329346,0.5,0.1,128,32,274432,3930028908,4.271634340286255,1024,1024,1,1.0
2022-09-24T15:48:37,attention.2.pos-rec.16.tanh,9232,24,1.0198092460632324,0.2,0.1,128,64,196608,3930028908,4.7174447774887085,1024,1024,1,1.0
2022-09-24T15:48:46,attention.2-rec.2.relu-attention.2,1286,249,8.011447191238403,0.5,0.1,128,64,2039808,3930028908,4.171639800071716,1024,1024,1,1.0
2022-09-24T15:48:48,suffix.2-rec.8.tanh-attention.4,6472,22,1.0126829147338867,0.5,0.1,128,128,360448,3930028908,4.481348991394043,1024,1024,1,1.0
2022-09-24T15:48:51,rec.32.tanh-dense.64.relu,28000,67,2.0007691383361816,0.2,0.1,128,256,2195456,3930028908,3.149357795715332,1024,1024,1,1.0
2022-09-24T15:48:55,rec.32.tanh-dense.64.relu,28000,157,4.015175819396973,0.2,0.1,128,256,5144576,3930028908,3.0680867433547974,1024,1024,1,1.0
2022-09-24T15:48:57,suffix.2-rec.16.relu,12816,40,1.0018529891967773,0.2,0.1,128,32,163840,3930028908,3.6905338764190674,1024,1024,1,1.0
2022-09-24T15:48:59,suffix.2-dense.4.tanh-dense.2.relu,2830,66,2.0195915699005127,0.5,0.1,128,512,4325376,3930028908,3.9547669291496277,1024,1024,1,1.0
2022-09-24T15:49:01,suffix.4-dense.32.relu,41248,53,1.0042684078216553,0.2,0.1,128,64,434176,3930028908,3.235266089439392,1024,1024,1,1.0
2022-09-24T15:49:34,rec.2.tanh-attention.2.pos,1290,1002,32.030089378356934,0.5,0.1,128,32,4104192,3930028908,4.104522347450256,1024,1024,1,1.0
2022-09-24T15:49:35,dense.4.tanh-suffix.2-dense.8.relu,3404,34,1.0108892917633057,0.5,0.1,128,32,139264,3930028908,3.9173935651779175,1024,1024,1,1.0
2022-09-24T15:49:40,suffix.2-dense.16.relu,12560,270,4.008951663970947,0.2,0.1,128,32,1105920,3930028908,3.35908180475235,1024,1024,1,1.0
2022-09-24T15:49:43,suffix.4-rec.32.tanh-dense.64.relu,52576,70,2.0033795833587646,0.2,0.1,128,256,2293760,3930028908,3.119461715221405,1024,1024,1,1.0
2022-09-24T15:49:44,suffix.2-dense.32.tanh-suffix.2-dense.64.relu,37216,27,1.0182774066925049,0.5,0.1,128,256,884736,3930028908,4.638381361961365,1024,1024,1,1.0
2022-09-24T15:49:53,suffix.2-dense.4.tanh-dense.8.relu,4396,403,8.012337446212769,0.5,0.1,128,64,3301376,3930028908,3.5968774557113647,1024,1024,1,1.0
2022-09-24T15:49:55,suffix.2-dense.32.tanh-suffix.2,33056,42,1.0093162059783936,1.0,0.1,128,256,1376256,3930028908,44.7937593460083,1024,1024,1,1.0
2022-09-24T15:49:57,suffix.4-dense.8.relu,10504,130,2.009112596511841,0.2,0.1,128,32,532480,3930028908,3.490160346031189,1024,1024,1,1.0
2022-09-24T15:49:59,attention.4.pos-dense.32.relu-dense.32.relu,18752,22,1.006866455078125,0.2,0.1,128,128,360448,3930028908,4.637027740478516,1024,1024,1,1.0
2022-09-24T15:50:16,dense.2.tanh-attention.4,1282,858,16.006119966506958,0.5,0.1,128,256,28114944,3930028908,4.181695222854614,1024,1024,1,1.0
2022-09-24T15:50:18,dense.1.relu-suffix.2,1025,48,1.0037140846252441,0.5,0.1,128,512,3145728,3930028908,4.781615734100342,1024,1024,1,1.0
2022-09-24T15:50:23,attention.4.pos-rec.32.tanh-dense.64.relu,29024,112,4.010115385055542,0.2,0.1,128,256,3670016,3930028908,4.80295991897583,1024,1024,1,1.0
2022-09-24T15:50:26,attention.2-dense.4.tanh-dense.4.relu,2328,91,2.01637601852417,0.5,0.1,128,64,745472,3930028908,4.128024578094482,1024,1024,1,1.0
2022-09-24T15:50:27,attention.2-dense.16.relu,8464,50,1.014432668685913,0.5,0.1,128,256,1638400,3930028908,3.656508684158325,1024,1024,1,1.0
2022-09-24T15:50:29,dense.4.relu-attention.2.pos,2316,34,1.0068583488464355,0.5,0.1,128,64,278528,3930028908,4.388699293136597,1024,1024,1,1.0
2022-09-24T15:50:32,dense.16.relu,8464,141,2.007791519165039,0.2,0.1,128,32,577536,3930028908,3.744909882545471,1024,1024,1,1.0
2022-09-24T15:51:36,rec.1.tanh,770,3005,64.00158667564392,0.5,0.1,128,128,49233920,3930028908,4.35582709312439,1024,1024,1,1.0
2022-09-24T15:51:38,attention.4.pos-dense.16.tanh-dense.16.relu,9760,24,1.0097875595092773,0.5,0.1,128,64,196608,3930028908,4.854548096656799,1024,1024,1,1.0
2022-09-24T15:51:43,suffix.2-rec.2.tanh-attention.2,1798,144,4.016073226928711,0.5,0.1,128,512,9437184,3930028908,4.015404403209686,1024,1024,1,1.0
2022-09-24T15:51:45,suffix.4-dense.8.relu,10504,60,1.014225721359253,0.2,0.1,128,32,245760,3930028908,3.711259365081787,1024,1024,1,1.0
2022-09-24T15:51:47,attention.2-rec.4.tanh,2324,104,2.013062000274658,1.0,0.1,128,32,425984,3930028908,4.377256870269775,1024,1024,1,1.0
2022-09-24T15:51:56,rec.32.tanh-dense.64.relu,28000,326,8.011950731277466,0.2,0.1,128,256,10682368,3930028908,2.8812612891197205,1024,1024,1,1.0
2022-09-24T15:51:58,suffix.4-rec.8.relu,10568,46,1.0117583274841309,0.2,0.1,128,16,94208,3930028908,3.946394205093384,1024,1024,1,1.0
2022-09-24T15:51:59,dense.4.tanh-suffix.2-dense.4.relu,2344,35,1.0029172897338867,0.5,0.1,128,32,143360,3930028908,4.114657163619995,1024,1024,1,1.0
2022-09-24T15:52:02,suffix.2-rec.8.relu,6472,103,2.0090575218200684,0.2,0.1,128,32,421888,3930028908,3.643501877784729,1024,1024,1,1.0
2022-09-24T15:52:06,suffix.2-rec.16.tanh-suffix.4,25104,178,4.003587484359741,0.2,0.1,128,256,5832704,3930028908,3.1403636932373047,1024,1024,1,1.0
2022-09-24T15:52:08,dense.4.tanh-suffix.2-rec.4.relu,2360,30,1.0081408023834229,0.5,0.1,128,32,122880,3930028908,4.515099048614502,1024,1024,1,1.0
2022-09-24T15:52:11,suffix.2-rec.16.tanh-dense.64.relu,26192,68,2.017169713973999,0.2,0.1,128,256,2228224,3930028908,3.164793074131012,1024,1024,1,1.0
2022-09-24T15:52:13,suffix.2-dense.32.tanh-attention.2,24864,35,1.0122592449188232,0.5,0.1,128,64,286720,3930028908,3.5451154112815857,1024,1024,1,1.0
2022-09-24T15:52:21,suffix.2-dense.16.relu,12560,561,8.00397515296936,0.2,0.1,128,32,2297856,3930028908,3.3093903064727783,1024,1024,1,1.0
2022-09-24T15:52:23,suffix.4-dense.32.relu,41248,57,1.003800392150879,0.2,0.1,128,64,466944,3930028908,3.2630199193954468,1024,1024,1,1.0
2022-09-24T15:52:25,rec.1.relu-attention.2,770,110,2.0004568099975586,1.0,0.1,128,256,3604480,3930028908,4.83860445022583,1024,1024,1,1.0
2022-09-24T15:52:27,attention.2-dense.8.tanh-suffix.2,6408,44,1.0123405456542969,0.5,0.1,128,32,180224,3930028908,3.785522937774658,1024,1024,1,1.0
2022-09-24T15:52:32,suffix.2-rec.4.tanh-suffix.2-dense.16.relu,6564,143,4.012462377548218,0.5,0.1,128,256,4685824,3930028908,3.7781713008880615,1024,1024,1,1.0
2022-09-24T15:52:34,attention.4.pos-rec.32.tanh,18720,27,1.0106773376464844,0.2,0.1,128,128,442368,3930028908,4.614855885505676,1024,1024,1,1.0
2022-09-24T15:52:37,suffix.2-dense.16.relu-attention.2.pos,12592,73,2.0140693187713623,0.2,0.1,128,128,1196032,3930028908,3.4688010811805725,1024,1024,1,1.0
2022-09-24T15:52:54,suffix.2-rec.4.relu-suffix.2,4372,835,16.014891147613525,0.2,0.1,128,256,27361280,3930028908,3.608467400074005,1024,1024,1,1.0
2022-09-24T15:52:55,suffix.2-dense.32.tanh-suffix.2,33056,42,1.0104615688323975,0.5,0.1,128,256,1376256,3930028908,3.3733267784118652,1024,1024,1,1.0
2022-09-24T15:53:00,suffix.2-rec.16.tanh-dense.64.relu,26192,147,4.003599166870117,0.2,0.1,128,256,4816896,3930028908,3.005840003490448,1024,1024,1,1.0
2022-09-24T15:53:01,suffix.8-dense.32.relu,74016,51,1.0027415752410889,0.2,0.1,128,128,835584,3930028908,3.268483877182007,1024,1024,1,1.0
2022-09-24T15:53:04,suffix.2-rec.32.tanh-rec.32.relu,27968,62,2.012803316116333,0.2,0.1,128,256,2031616,3930028908,3.2399786710739136,1024,1024,1,1.0
2022-09-24T15:53:06,suffix.4-dense.8.tanh,10504,46,1.0067548751831055,0.5,0.1,128,512,3014656,3930028908,3.547547221183777,1024,1024,1,1.0
2022-09-24T15:53:38,suffix.2-dense.4.tanh,3332,899,32.00565052032471,0.5,0.1,128,2048,235667456,3930028908,3.6267272233963013,1024,1024,1,1.0
2022-09-24T15:53:40,attention.8.pos-dense.32.relu,18720,30,1.0142693519592285,0.2,0.1,128,128,491520,3930028908,4.612486362457275,1024,1024,1,1.0
2022-09-24T15:53:43,suffix.2-rec.32.relu-dense.64.relu,36192,67,2.0054938793182373,0.2,0.1,128,256,2195456,3930028908,3.225340783596039,1024,1024,1,1.0
2022-09-24T15:53:52,suffix.4-rec.32.tanh-dense.64.relu,52576,313,8.014213800430298,0.2,0.1,128,256,10256384,3930028908,2.8331921696662903,1024,1024,1,1.0
2022-09-24T15:53:53,suffix.8-rec.16.tanh,37392,43,1.0165793895721436,0.2,0.1,128,128,704512,3930028908,3.546430468559265,1024,1024,1,1.0
2022-09-24T15:53:58,suffix.2-rec.8.relu-suffix.2,8520,182,4.00510048866272,0.5,0.1,128,512,11927552,3930028908,3.4400410652160645,1024,1024,1,1.0
2022-09-24T15:54:04,attention.4.pos-dense.32.relu-dense.32.relu,18752,1,5.042938470840454,0.2,0.1,128,32,4096,3930028908,7.242262482643127,1024,1024,1,1.0
2022-09-24T15:54:06,suffix.2-dense.16.relu-attention.2.pos,12592,21,1.0090115070343018,0.2,0.1,128,256,688128,3930028908,4.113220930099487,1024,1024,1,1.0
2022-09-24T15:54:09,rec.8.relu-attention.2.pos,4440,59,2.0049307346343994,0.5,0.1,128,512,3866624,3930028908,3.731587767601013,1024,1024,1,1.0
2022-09-24T15:54:11,attention.4-dense.8.relu,4360,50,1.0037357807159424,0.2,0.1,128,32,204800,3930028908,4.4544031620025635,1024,1024,1,1.0
2022-09-24T15:54:13,suffix.2-rec.16.tanh,12816,103,2.0221590995788574,0.2,0.1,128,64,843776,3930028908,3.4063647985458374,1024,1024,1,1.0
2022-09-24T15:54:15,attention.8-rec.16.tanh,8720,38,1.0097570419311523,0.2,0.1,128,128,622592,3930028908,4.563236594200134,1024,1024,1,1.0
2022-09-24T15:54:20,suffix.4-rec.32.relu-dense.64.relu,52576,145,4.023775577545166,0.2,0.1,128,256,4751360,3930028908,2.999034821987152,1024,1024,1,1.0
2022-09-24T15:54:22,attention.2-mgru.4-suffix.2,4392,21,1.0002830028533936,0.5,0.1,128,32,86016,3930028908,4.256675958633423,1024,1024,1,1.0
2022-09-24T15:54:25,dense.8.relu-suffix.2,6408,110,2.0038740634918213,0.5,0.1,128,256,3604480,3930028908,3.709105610847473,1024,1024,1,1.0
2022-09-24T15:54:26,rec.2.tanh-suffix.2-dense.8.relu,2862,30,1.0136406421661377,0.5,0.1,128,32,122880,3930028908,4.06502240896225,1024,1024,1,1.0
2022-09-24T15:54:35,rec.2.relu-suffix.2,1798,457,8.006808280944824,0.2,0.1,128,128,7487488,3930028908,3.9719455242156982,1024,1024,1,1.0
2022-09-24T15:54:37,attention.2-rec.8.tanh,4424,36,1.0034143924713135,0.5,0.1,128,512,2359296,3930028908,4.160234212875366,1024,1024,1,1.0
2022-09-24T15:54:40,attention.4-dense.2.relu,1282,126,2.012871265411377,0.5,0.1,128,64,1032192,3930028908,4.292651176452637,1024,1024,1,1.0
2022-09-24T15:54:41,suffix.2-rec.32.tanh-suffix.2,34080,36,1.01771879196167,0.5,0.1,128,256,1179648,3930028908,11.122462272644043,1024,1024,1,1.0
2022-09-24T15:54:46,suffix.4-dense.32.tanh,41248,277,4.0134477615356445,0.5,0.1,128,64,2269184,3930028908,3.1453769207000732,1024,1024,1,1.0
2022-09-24T15:55:03,attention.2-rec.4.tanh,2324,951,16.012982606887817,0.5,0.1,128,16,1947648,3930028908,3.9060333967208862,1024,1024,1,1.0
2022-09-24T15:55:04,rec.16.relu-suffix.2,12816,40,1.0161361694335938,0.2,0.1,128,256,1310720,3930028908,3.673391103744507,1024,1024,1,1.0
2022-09-24T15:55:07,suffix.4-dense.32.relu-suffix.2-dense.64.relu,53600,70,2.0127456188201904,0.2,0.1,128,256,2293760,3930028908,3.0612785816192627,1024,1024,1,1.0
2022-09-24T15:55:09,attention.4-dense.16.relu-suffix.2,12560,37,1.00669527053833,0.2,0.1,128,512,2424832,3930028908,4.377196550369263,1024,1024,1,1.0
2022-09-24T15:55:12,suffix.2-rec.32.tanh-rec.64.tanh,40288,60,2.0226900577545166,0.2,0.1,128,256,1966080,3930028908,3.6708871722221375,1024,1024,1,1.0
2022-09-24T15:55:13,rec.4.tanh-attention.2,2324,35,1.0126070976257324,0.2,0.1,128,64,286720,3930028908,4.6188576221466064,1024,1024,1,1.0
2022-09-24T15:55:18,attention.4-dense.8.relu,4360,261,4.013176918029785,0.2,0.1,128,128,4276224,3930028908,4.028904438018799,1024,1024,1,1.0
2022-09-24T15:55:20,suffix.4-dense.32.tanh,41248,57,1.0098133087158203,0.5,0.1,128,128,933888,3930028908,3.2751163840293884,1024,1024,1,1.0
2022-09-24T15:55:29,attention.4-dense.8.relu,4360,338,8.001594066619873,0.5,0.1,128,1024,44302336,3930028908,4.039404571056366,1024,1024,1,1.0
2022-09-24T15:55:32,rec.2.tanh-suffix.2-gru.4.tanh,1906,34,2.005927085876465,0.5,0.1,128,512,2228224,3930028908,4.136492848396301,1024,1024,1,1.0
2022-09-24T15:55:33,dense.1.tanh-suffix.2,1025,48,1.003913164138794,0.5,0.1,128,512,3145728,3930028908,4.3429765701293945,1024,1024,1,1.0
2022-09-24T15:55:35,suffix.4-dense.32.relu,41248,59,1.0039308071136475,0.5,0.1,128,64,483328,3930028908,3.319974660873413,1024,1024,1,1.0
2022-09-24T15:55:37,rec.1.relu-dense.1.relu,772,105,2.0126395225524902,0.5,0.1,128,512,6881280,3930028908,4.805967330932617,1024,1024,1,1.0
2022-09-24T15:55:42,suffix.2-rec.4.tanh,3348,210,4.011550664901733,1.0,0.1,128,256,6881280,3930028908,3.724834442138672,1024,1024,1,1.0
2022-09-24T15:55:43,dense.8.tanh-suffix.2,6408,52,1.015242099761963,0.5,0.1,128,16,106496,3930028908,3.7857882380485535,1024,1024,1,1.0
2022-09-24T15:55:45,suffix.4-dense.32.tanh,41248,58,1.0058841705322266,0.5,0.1,128,64,475136,3930028908,3.3273664712905884,1024,1024,1,1.0
2022-09-24T15:55:48,suffix.2-dense.8.tanh-suffix.2-dense.4.relu,5452,72,2.0022079944610596,0.5,0.1,128,256,2359296,3930028908,4.796901345252991,1024,1024,1,1.0
2022-09-24T15:56:04,suffix.2-rec.4.tanh-attention.2,3348,640,16.022123098373413,0.5,0.1,128,512,41943040,3930028908,3.6207624673843384,1024,1024,1,1.0
2022-09-24T15:56:06,attention.2-rec.4.tanh-dense.1.relu,1561,32,1.0019683837890625,0.5,0.1,128,256,1048576,3930028908,4.799155116081238,1024,1024,1,1.0
2022-09-24T15:56:11,suffix.2-dense.16.relu-attention.2.pos,12592,168,4.009337663650513,0.2,0.1,128,128,2752512,3930028908,3.309949815273285,1024,1024,1,1.0
2022-09-24T15:56:13,suffix.4-dense.16.tanh,20752,50,1.0099177360534668,0.5,0.1,128,256,1638400,3930028908,3.3971800208091736,1024,1024,1,1.0
2022-09-24T15:56:16,suffix.2-rec.32.tanh-suffix.2-dense.64.relu,38240,62,2.023130178451538,0.2,0.1,128,256,2031616,3930028908,3.146740138530731,1024,1024,1,1.0
2022-09-24T15:56:24,rec.2.tanh-suffix.2,1798,429,8.003369808197021,0.2,0.1,128,256,14057472,3930028908,4.0014713406562805,1024,1024,1,1.0
2022-09-24T15:56:26,suffix.4-dense.8.tanh-attention.2,10504,28,1.0073738098144531,0.5,0.1,128,512,1835008,3930028908,3.810715913772583,1024,1024,1,1.0
2022-09-24T15:56:29,attention.2-rec.2.tanh-dense.2.relu,1292,81,2.0082662105560303,0.5,0.1,128,64,663552,3930028908,4.526263117790222,1024,1024,1,1.0
2022-09-24T15:56:30,suffix.4-dense.8.tanh,10504,54,1.0072617530822754,0.5,0.1,128,256,1769472,3930028908,3.631540894508362,1024,1024,1,1.0
2022-09-24T15:57:03,suffix.2-rec.4.tanh-attention.2,3348,1293,32.003703117370605,0.5,0.1,128,512,84738048,3930028908,3.627695143222809,1024,1024,1,1.0
2022-09-24T15:57:05,rec.2.relu,1286,51,1.002073049545288,0.5,0.1,128,64,417792,3930028908,4.568844437599182,1024,1024,1,1.0
2022-09-24T15:57:10,attention.2-dense.16.relu,8464,239,4.006731271743774,0.5,0.1,128,256,7831552,3930028908,3.6689722537994385,1024,1024,1,1.0
2022-09-24T15:57:12,attention.2-dense.32.relu,16672,102,2.004300355911255,0.5,0.1,128,512,6684672,3930028908,3.510696768760681,1024,1024,1,1.0
2022-09-24T15:57:14,rec.4.tanh-attention.2-dense.1.relu,1561,25,1.0111799240112305,0.5,0.1,128,256,819200,3930028908,4.811604261398315,1024,1024,1,1.0
2022-09-24T15:57:16,attention.2-dense.16.relu,8464,51,1.0092675685882568,0.5,0.1,128,256,1671168,3930028908,3.671745002269745,1024,1024,1,1.0
2022-09-24T15:58:21,attention.2-rec.1.tanh-suffix.2,1026,3390,64.00381016731262,0.5,0.1,128,256,111083520,3930028908,4.263617038726807,1024,1024,1,1.0
2022-09-24T15:58:24,suffix.4-dense.32.relu-dense.64.relu-attention.2,51552,61,2.0240862369537354,0.2,0.1,128,256,1998848,3930028908,3.1588279008865356,1024,1024,1,1.0
2022-09-24T15:58:26,rec.4.tanh-suffix.2,3348,45,1.0101656913757324,0.5,0.1,128,16,92160,3930028908,3.9828821420669556,1024,1024,1,1.0
2022-09-24T15:58:30,suffix.2-rec.16.tanh-rec.32.relu,18480,133,4.01608681678772,0.2,0.1,128,256,4358144,3930028908,3.213770866394043,1024,1024,1,1.0
2022-09-24T15:58:32,suffix.2-dense.32.relu-suffix.2,33056,33,1.0059564113616943,0.5,0.1,128,1024,4325376,3930028908,3.4217419028282166,1024,1024,1,1.0
2022-09-24T15:58:41,suffix.2-rec.4.tanh-suffix.2,4372,357,8.016185522079468,0.2,0.1,128,512,23396352,3930028908,3.5599549412727356,1024,1024,1,1.0
2022-09-24T15:58:44,suffix.2-rec.32.tanh-dense.64.relu-attention.2,36192,54,2.014376401901245,0.2,0.1,128,256,1769472,3930028908,3.1877195835113525,1024,1024,1,1.0
2022-09-24T15:58:45,suffix.2-dense.16.relu,12560,55,1.000086784362793,0.2,0.1,128,32,225280,3930028908,3.5799832344055176,1024,1024,1,1.0
2022-09-24T15:58:47,attention.4-rec.2.tanh,1286,39,1.0004801750183105,0.5,0.1,128,256,1277952,3930028908,4.471089482307434,1024,1024,1,1.0
2022-09-24T15:58:50,suffix.2-rec.32.tanh-dense.64.relu-dense.64.relu,40352,53,2.016967296600342,0.2,0.1,128,256,1736704,3930028908,3.1767998933792114,1024,1024,1,1.0
2022-09-24T15:58:55,suffix.2-dense.8.tanh-attention.4,6408,168,4.01503586769104,0.5,0.1,128,512,11010048,3930028908,3.481456935405731,1024,1024,1,1.0
2022-09-24T15:58:56,suffix.4-dense.4.relu,5380,53,1.0000433921813965,0.2,0.1,128,32,217088,3930028908,4.104065895080566,1024,1024,1,1.0
2022-09-24T15:59:13,attention.2-rec.2.relu-attention.2,1286,796,16.017433881759644,0.5,0.1,128,64,6520832,3930028908,4.168314218521118,1024,1024,1,1.0
2022-09-24T15:59:15,suffix.2-rec.8.tanh,6472,46,1.0146803855895996,0.2,0.1,128,32,188416,3930028908,3.908824861049652,1024,1024,1,1.0
2022-09-24T15:59:17,suffix.4-dense.32.relu-dense.64.relu-dense.64.relu,55712,57,2.0189530849456787,0.2,0.1,128,256,1867776,3930028908,3.2351126074790955,1024,1024,1,1.0
2022-09-24T15:59:19,dense.4.tanh-suffix.2,3332,55,1.0083606243133545,0.2,0.1,128,32,225280,3930028908,4.191583156585693,1024,1024,1,1.0
2022-09-24T15:59:27,dense.2.tanh,1282,640,8.011560916900635,0.5,0.1,128,8,655360,3930028908,4.262928605079651,1024,1024,1,1.0
2022-09-24T15:59:29,dense.16.relu,8464,65,1.0092322826385498,0.2,0.1,128,32,266240,3930028908,3.786761999130249,1024,1024,1,1.0
2022-09-24T15:59:32,dense.32.relu-attention.2,16672,93,2.009401321411133,0.2,0.1,128,256,3047424,3930028908,3.616925001144409,1024,1024,1,1.0
2022-09-24T15:59:36,suffix.2-dense.4.tanh-dense.2.relu,2830,153,4.015225648880005,0.5,0.1,128,512,10027008,3930028908,3.951930582523346,1024,1024,1,1.0
2022-09-24T15:59:38,rec.4.tanh-attention.2,2324,36,1.0077917575836182,0.5,0.1,128,64,294912,3930028908,3.9918734431266785,1024,1024,1,1.0
2022-09-24T15:59:41,dense.4.tanh-suffix.2-dense.4.relu,2344,90,2.003161668777466,0.5,0.1,128,32,368640,3930028908,3.89112788438797,1024,1024,1,1.0
2022-09-24T15:59:42,dense.1.tanh-attention.2,769,49,1.0004286766052246,0.5,0.1,128,512,3211264,3930028908,4.405990123748779,1024,1024,1,1.0
2022-09-24T15:59:44,suffix.2-rec.16.relu-suffix.2,16912,30,1.0212953090667725,0.5,0.1,128,1024,3932160,3930028908,3.5391366481781006,1024,1024,1,1.0
2022-09-24T15:59:49,suffix.2-rec.32.tanh-suffix.2-dense.64.relu,38240,137,4.011457204818726,0.2,0.1,128,256,4489216,3930028908,2.945876717567444,1024,1024,1,1.0
2022-09-24T15:59:51,dense.8.tanh-suffix.2,6408,125,2.002458095550537,0.5,0.1,128,16,256000,3930028908,3.75457763671875,1024,1024,1,1.0
2022-09-24T15:59:53,rec.2.tanh-attention.2.pos,1290,23,1.0126914978027344,0.5,0.1,128,512,1507328,3930028908,4.438748598098755,1024,1024,1,1.0
2022-09-24T16:00:02,dense.1.tanh-suffix.2,1025,588,8.002724409103394,0.5,0.1,128,32,2408448,3930028908,4.28620183467865,1024,1024,1,1.0
2022-09-24T16:00:03,dense.8.tanh-suffix.2,6408,52,1.0107471942901611,1.0,0.1,128,32,212992,3930028908,3.848505973815918,1024,1024,1,1.0
2022-09-24T16:00:06,suffix.2-rec.32.tanh-dense.64.relu,36192,63,2.0014545917510986,0.2,0.1,128,512,4128768,3930028908,3.1741093397140503,1024,1024,1,1.0
2022-09-24T16:00:08,rec.4.tanh-attention.2,2324,36,1.0142452716827393,1.0,0.1,128,64,294912,3930028908,4.343113422393799,1024,1024,1,1.0
2022-09-24T16:00:12,dense.4.tanh-suffix.2-dense.4.relu,2344,196,4.008357763290405,0.5,0.1,128,32,802816,3930028908,3.870805859565735,1024,1024,1,1.0
2022-09-24T16:00:14,suffix.4-dense.16.relu,20752,46,1.0121076107025146,0.2,0.1,128,512,3014656,3930028908,3.4676774740219116,1024,1024,1,1.0
2022-09-24T16:00:16,suffix.2-rec.32.tanh-dense.64.relu,36192,72,2.0137295722961426,0.2,0.1,128,128,1179648,3930028908,3.059279680252075,1024,1024,1,1.0
2022-09-24T16:00:33,suffix.2-dense.1.tanh-suffix.2,1281,1030,16.0130832195282,0.5,0.1,128,256,33751040,3930028908,4.278886556625366,1024,1024,1,1.0
2022-09-24T16:00:35,gru.2.relu-suffix.2,2834,20,1.026595115661621,0.5,0.1,128,16,40960,3930028908,4.483615517616272,1024,1024,1,1.0
2022-09-24T16:01:08,mgru.1-attention.4.pos,1032,1344,32.016316413879395,0.5,0.1,128,256,44040192,3930028908,4.272130608558655,1024,1024,1,1.0
2022-09-24T16:01:09,suffix.4-dense.8.tanh,10504,50,1.0080337524414062,0.5,0.1,128,256,1638400,3930028908,3.5625441670417786,1024,1024,1,1.0
2022-09-24T16:01:12,rec.2.tanh,1286,82,2.013375997543335,0.5,0.1,128,1024,10747904,3930028908,4.094538569450378,1024,1024,1,1.0
2022-09-24T16:01:13,suffix.2-rec.4.tanh-dense.2.relu,2846,32,1.007965326309204,0.5,0.1,128,64,262144,3930028908,4.464946746826172,1024,1024,1,1.0
2022-09-24T16:01:18,suffix.2-dense.2.relu,1794,172,4.003115653991699,0.2,0.1,128,1024,22544384,3930028908,4.036871433258057,1024,1024,1,1.0
2022-09-24T16:01:21,rec.32.tanh-dense.32.relu,18752,72,2.022033452987671,0.2,0.1,128,256,2359296,3930028908,3.2408609986305237,1024,1024,1,1.0
2022-09-24T16:01:22,suffix.2-rec.32.relu,25888,46,1.0151753425598145,0.2,0.1,128,64,376832,3930028908,3.4116232991218567,1024,1024,1,1.0
2022-09-24T16:01:31,suffix.2-rec.16.tanh-dense.64.relu,26192,308,8.0216646194458,0.2,0.1,128,256,10092544,3930028908,2.9858721494674683,1024,1024,1,1.0
2022-09-24T16:01:32,rec.8.relu-suffix.2,6472,42,1.0031228065490723,0.2,0.1,128,256,1376256,3930028908,3.8412879705429077,1024,1024,1,1.0
2022-09-24T16:01:35,attention.4.pos-dense.8.relu,5384,84,2.0137572288513184,0.2,0.1,128,32,344064,3930028908,4.523625135421753,1024,1024,1,1.0
2022-09-24T16:01:41,suffix.2-dense.16.tanh-suffix.2,16656,43,1.0080761909484863,0.2,0.1,128,256,1409024,3930028908,3.590251863002777,1024,1024,1,1.0
2022-09-24T16:01:46,suffix.2-rec.32.tanh-dense.64.relu,36192,159,4.020228385925293,0.2,0.1,128,128,2605056,3930028908,2.9428218007087708,1024,1024,1,1.0
2022-09-24T16:01:47,dense.8.tanh-attention.2.pos,4376,34,1.0046615600585938,0.5,0.1,128,16,69632,3930028908,3.858617126941681,1024,1024,1,1.0
2022-09-24T16:01:50,rec.2.tanh-suffix.2-dense.8.relu,2862,78,2.013338327407837,0.5,0.1,128,32,319488,3930028908,3.9317809343338013,1024,1024,1,1.0
2022-09-24T16:01:52,dense.4.tanh-suffix.2-dense.2.relu,1814,36,1.0006020069122314,0.5,0.1,128,32,147456,3930028908,4.313930630683899,1024,1024,1,1.0
2022-09-24T16:04:00,rec.4.relu,2324,5087,128.02933835983276,0.2,0.1,128,512,333381632,3930028908,3.70817494392395,1024,1024,1,1.0
2022-09-24T16:04:02,suffix.2-dense.32.relu-attention.2,24864,17,1.0030698776245117,0.2,0.1,128,64,139264,3930028908,4.288607716560364,1024,1024,1,1.0
2022-09-24T16:04:05,dense.8.tanh-suffix.2,6408,70,2.004537343978882,1.0,0.1,128,32,286720,3930028908,3.982068121433258,1024,1024,1,1.0
2022-09-24T16:04:10,suffix.2-dense.4.tanh-attention.4,3332,129,4.0146143436431885,0.5,0.1,128,512,8454144,3930028908,3.7471460700035095,1024,1024,1,1.0
2022-09-24T16:04:12,attention.2.pos-rec.32.relu,18208,24,1.0035514831542969,0.2,0.1,128,64,196608,3930028908,4.614889144897461,1024,1024,1,1.0
2022-09-24T16:04:21,suffix.4-dense.16.relu-attention.2,20752,280,8.009083271026611,0.2,0.1,128,256,9175040,3930028908,3.146801233291626,1024,1024,1,1.0
2022-09-24T16:04:22,suffix.4-dense.32.relu,41248,56,1.0100491046905518,0.2,0.1,128,32,229376,3930028908,3.2864513397216797,1024,1024,1,1.0
2022-09-24T16:04:25,suffix.2-dense.16.tanh,12560,125,2.0083298683166504,0.5,0.1,128,16,256000,3930028908,3.4762611389160156,1024,1024,1,1.0
2022-09-24T16:04:27,suffix.2-dense.16.relu-suffix.2,16656,30,1.0126657485961914,0.5,0.1,128,1024,3932160,3930028908,3.5447306632995605,1024,1024,1,1.0
2022-09-24T16:04:43,rec.2.tanh-suffix.2,1798,611,16.01041293144226,0.2,0.1,128,256,20021248,3930028908,3.9553549885749817,1024,1024,1,1.0
2022-09-24T16:04:46,attention.2.pos-rec.32.tanh-dense.64.relu,28512,51,2.0170397758483887,0.2,0.1,128,128,835584,3930028908,3.9120545983314514,1024,1024,1,1.0
2022-09-24T16:04:48,suffix.2-rec.8.relu-suffix.2,8520,25,1.0063426494598389,0.5,0.1,128,1024,3276800,3930028908,3.827501654624939,1024,1024,1,1.0
2022-09-24T16:04:53,attention.4-dense.32.relu-rec.32.relu,18752,142,4.005854606628418,0.2,0.1,128,256,4653056,3930028908,3.588817596435547,1024,1024,1,1.0
2022-09-24T16:04:55,suffix.2-dense.8.tanh-dense.4.relu,5420,32,1.0080344676971436,0.5,0.1,128,256,1048576,3930028908,3.9251060485839844,1024,1024,1,1.0
2022-09-24T16:04:57,dense.4.tanh-suffix.2-dense.2.relu,1814,89,2.004060983657837,0.5,0.1,128,32,364544,3930028908,4.834176778793335,1024,1024,1,1.0
2022-09-24T16:04:59,attention.2-dense.16.relu-attention.2.pos,8496,22,1.019010066986084,0.5,0.1,128,256,720896,3930028908,4.1117037534713745,1024,1024,1,1.0
2022-09-24T16:09:16,rec.2.tanh-suffix.2-dense.2.relu,1296,6385,256.0141558647156,0.5,0.1,128,512,418447360,3930028908,4.019208192825317,1024,1024,1,1.0
2022-09-24T16:09:18,suffix.4-rec.8.tanh,10568,24,1.0153274536132812,0.5,0.1,128,256,786432,3930028908,3.8477773666381836,1024,1024,1,1.0
2022-09-24T16:09:22,suffix.2-dense.16.tanh,12560,150,4.020317077636719,0.5,0.1,128,16,307200,3930028908,3.484994053840637,1024,1024,1,1.0
2022-09-24T16:09:25,rec.2.tanh,1286,90,2.0075724124908447,0.2,0.1,128,512,5898240,3930028908,4.427748322486877,1024,1024,1,1.0
2022-09-24T16:09:27,suffix.4-rec.1.relu,1538,48,1.0042665004730225,0.5,0.1,128,128,786432,3930028908,4.754096627235413,1024,1024,1,1.0
2022-09-24T16:09:35,suffix.2-rec.32.tanh-dense.64.relu,36192,255,8.021766185760498,0.2,0.1,128,128,4177920,3930028908,2.974014461040497,1024,1024,1,1.0
2022-09-24T16:09:37,rec.4.tanh-suffix.2,3348,40,1.0152273178100586,1.0,0.1,128,32,163840,3930028908,4.797732949256897,1024,1024,1,1.0
2022-09-24T16:09:40,suffix.2-rec.4.relu,3348,100,2.000918388366699,0.2,0.1,128,32,409600,3930028908,3.9324963688850403,1024,1024,1,1.0
2022-09-24T16:09:41,rec.4.relu-attention.2.pos,2332,29,1.0102770328521729,0.5,0.1,128,16,59392,3930028908,4.536988735198975,1024,1024,1,1.0
2022-09-24T16:09:46,suffix.4-rec.32.tanh-dense.32.relu,43328,148,4.031044960021973,0.2,0.1,128,256,4849664,3930028908,2.929519534111023,1024,1024,1,1.0
2022-09-24T16:09:48,suffix.4-dense.8.tanh-dense.4.relu,9516,36,1.013120412826538,0.5,0.1,128,128,589824,3930028908,4.165513396263123,1024,1024,1,1.0
2022-09-24T16:09:50,suffix.2-rec.4.tanh,3348,86,2.0138018131256104,0.5,0.1,128,512,5636096,3930028908,3.7158462405204773,1024,1024,1,1.0
2022-09-24T16:09:52,dense.4.tanh-suffix.2,3332,53,1.0036325454711914,1.0,0.1,128,32,217088,3930028908,4.106388688087463,1024,1024,1,1.0
2022-09-24T16:10:57,rec.4.tanh-attention.2,2324,1989,64.0228807926178,0.5,0.1,128,128,32587776,3930028908,3.6846483945846558,1024,1024,1,1.0
2022-09-24T16:10:58,suffix.2-dense.32.relu-dense.32.relu,25920,37,1.0110831260681152,0.2,0.1,128,64,303104,3930028908,3.5015536546707153,1024,1024,1,1.0
2022-09-24T16:11:01,suffix.4-dense.32.relu-dense.64.relu,51552,68,2.0234124660491943,0.2,0.1,128,512,4456448,3930028908,3.041573941707611,1024,1024,1,1.0
2022-09-24T16:11:10,suffix.2-rec.16.relu,12816,417,8.002158880233765,0.2,0.1,128,256,13664256,3930028908,3.1712816953659058,1024,1024,1,1.0
2022-09-24T16:11:11,suffix.2-dense.32.relu,24864,46,1.0144100189208984,0.2,0.1,128,512,3014656,3930028908,3.3659329414367676,1024,1024,1,1.0
2022-09-24T16:11:16,suffix.4-dense.8.relu,10504,285,4.00386118888855,0.2,0.1,128,32,1167360,3930028908,3.4213138222694397,1024,1024,1,1.0
2022-09-24T16:11:18,attention.2-gru.1.relu,1286,22,1.015019416809082,0.5,0.1,128,64,180224,3930028908,4.702592611312866,1024,1024,1,1.0
2022-09-24T16:11:21,attention.4-dense.8.relu,4360,98,2.0094287395477295,0.2,0.1,128,512,6422528,3930028908,4.158370614051819,1024,1024,1,1.0
2022-09-24T16:11:37,suffix.2-dense.16.tanh-suffix.2,16656,897,16.01117491722107,0.2,0.1,128,256,29392896,3930028908,3.1488394737243652,1024,1024,1,1.0
2022-09-24T16:11:39,suffix.2-dense.8.tanh-rec.2.relu,4894,28,1.0070879459381104,0.5,0.1,128,256,917504,3930028908,4.323300361633301,1024,1024,1,1.0
2022-09-24T16:11:42,attention.2.pos-rec.16.tanh,9232,76,2.0210044384002686,0.2,0.1,128,64,622592,3930028908,3.941232979297638,1024,1024,1,1.0
2022-09-24T16:11:43,suffix.2-dense.8.tanh,6408,54,1.0056591033935547,0.5,0.1,128,16,110592,3930028908,3.720182716846466,1024,1024,1,1.0
2022-09-24T16:11:48,rec.2.tanh-attention.2,1286,145,4.015887260437012,0.5,0.1,128,1024,19005440,3930028908,4.087899684906006,1024,1024,1,1.0
2022-09-24T16:11:50,rec.16.relu-suffix.2,12816,32,1.0201714038848877,0.5,0.1,128,1024,4194304,3930028908,nan,1024,1024,1,1.0
2022-09-24T16:12:22,rec.2.tanh-suffix.2,1798,1759,32.00522828102112,0.2,0.1,128,256,57638912,3930028908,3.907166540622711,1024,1024,1,1.0
2022-09-24T16:12:25,suffix.4-dense.8.relu,10504,130,2.0007781982421875,0.5,0.1,128,128,2129920,3930028908,3.4081152081489563,1024,1024,1,1.0
2022-09-24T16:12:26,suffix.2-dense.4.tanh,3332,47,1.0153493881225586,1.0,0.1,128,512,3080192,3930028908,4.059486269950867,1024,1024,1,1.0
2022-09-24T16:12:28,suffix.4-dense.8.relu-attention.2.pos,10520,29,1.0092198848724365,0.5,0.1,128,256,950272,3930028908,3.9861928820610046,1024,1024,1,1.0
2022-09-24T16:12:31,rec.16.tanh-dense.64.relu,22096,72,2.003025770187378,0.2,0.1,128,256,2359296,3930028908,3.215895652770996,1024,1024,1,1.0
2022-09-24T16:12:40,suffix.2-dense.2.relu,1794,355,8.002621412277222,0.2,0.1,128,1024,46530560,3930028908,4.0174243450164795,1024,1024,1,1.0
2022-09-24T16:12:41,suffix.4-dense.8.relu,10504,44,1.0037646293640137,0.5,0.1,128,512,2883584,3930028908,3.525101959705353,1024,1024,1,1.0
2022-09-24T16:12:46,attention.4-rec.32.tanh-dense.32.relu,18752,143,4.022542238235474,0.2,0.1,128,256,4685824,3930028908,3.3354212641716003,1024,1024,1,1.0
2022-09-24T16:12:48,dense.2.tanh,1282,57,1.0042526721954346,2.0,0.1,128,256,1867776,3930028908,4.911384582519531,1024,1024,1,1.0
2022-09-24T16:12:50,rec.2.tanh,1286,91,2.01899790763855,0.5,0.1,128,512,5963776,3930028908,4.089713096618652,1024,1024,1,1.0
2022-09-24T16:12:52,rec.4.tanh,2324,49,1.0149178504943848,0.5,0.1,128,16,100352,3930028908,3.954090118408203,1024,1024,1,1.0
2022-09-24T16:12:56,rec.1.relu-attention.2,770,241,4.013526201248169,0.2,0.1,128,256,7897088,3930028908,4.40442681312561,1024,1024,1,1.0
2022-09-24T16:12:58,dense.8.tanh-suffix.2-dense.4.relu,3404,36,1.0120501518249512,0.5,0.1,128,32,147456,3930028908,4.089134931564331,1024,1024,1,1.0
2022-09-24T16:13:01,rec.16.tanh-rec.32.relu,14384,64,2.01975154876709,0.2,0.1,128,256,2097152,3930028908,3.4727699756622314,1024,1024,1,1.0
2022-09-24T16:13:03,attention.4.pos-dense.8.relu,5384,26,1.002040147781372,0.5,0.1,128,512,1703936,3930028908,4.8276686668396,1024,1024,1,1.0
2022-09-24T16:13:19,dense.4.tanh,2308,1127,16.01031231880188,1.0,0.1,128,256,36929536,3930028908,3.9041699171066284,1024,1024,1,1.0
2022-09-24T16:13:22,suffix.2-rec.32.tanh-dense.64.relu,36192,69,2.0138137340545654,0.1,0.1,128,256,2260992,3930028908,3.3526583909988403,1024,1024,1,1.0
2022-09-24T16:13:24,attention.2.pos-dense.8.tanh,4872,34,1.0119574069976807,0.5,0.1,128,16,69632,3930028908,4.970296621322632,1024,1024,1,1.0
2022-09-24T16:13:32,suffix.4-rec.8.tanh,10568,439,8.015318632125854,0.2,0.1,128,256,14385152,3930028908,3.334467828273773,1024,1024,1,1.0
2022-09-24T16:13:34,suffix.4-dense.32.relu,41248,43,1.0159201622009277,0.5,0.1,128,512,2818048,3930028908,3.1682925820350647,1024,1024,1,1.0
2022-09-24T16:13:38,suffix.2-rec.32.tanh-dense.32.relu,26944,158,4.013059139251709,0.2,0.1,128,128,2588672,3930028908,3.0112956762313843,1024,1024,1,1.0
2022-09-24T16:13:41,rec.8.tanh,4424,118,2.0006167888641357,0.5,0.1,128,16,241664,3930028908,3.777649998664856,1024,1024,1,1.0
2022-09-24T16:13:43,attention.4.pos-dense.32.relu,17696,24,1.0068838596343994,0.5,0.1,128,512,1572864,3930028908,4.928433775901794,1024,1024,1,1.0
2022-09-24T16:13:44,suffix.2-dense.8.tanh-rec.4.tanh,5436,29,1.015817403793335,0.5,0.1,128,256,950272,3930028908,4.199916124343872,1024,1024,1,1.0
2022-09-24T16:13:47,suffix.2-dense.8.tanh,6408,129,2.0016088485717773,0.5,0.1,128,16,264192,3930028908,3.6202273964881897,1024,1024,1,1.0
2022-09-24T16:13:49,suffix.2-dense.16.relu-suffix.2,16656,51,1.0069005489349365,0.2,0.1,128,64,417792,3930028908,3.5042583346366882,1024,1024,1,1.0
2022-09-24T16:13:53,attention.4-dense.32.relu,16672,268,4.010804176330566,0.2,0.1,128,32,1097728,3930028908,3.876206874847412,1024,1024,1,1.0
2022-09-24T16:13:55,rec.2.tanh-suffix.2-rec.4.tanh,1834,28,1.0168812274932861,0.5,0.1,128,32,114688,3930028908,4.583593845367432,1024,1024,1,1.0
2022-09-24T16:13:58,rec.8.tanh-suffix.2,6472,96,2.0110838413238525,1.0,0.1,128,256,3145728,3930028908,5.4405704736709595,1024,1024,1,1.0
2022-09-24T16:14:06,rec.32.tanh-dense.32.relu,18752,326,8.002916812896729,0.2,0.1,128,256,10682368,3930028908,2.9507813453674316,1024,1024,1,1.0
2022-09-24T16:14:08,suffix.4-dense.32.relu,41248,44,1.0059142112731934,0.5,0.1,128,512,2883584,3930028908,3.2741852402687073,1024,1024,1,1.0
2022-09-24T16:14:40,suffix.2-rec.8.relu,6472,1294,32.013169288635254,0.5,0.1,128,1024,169607168,3930028908,3.4103822708129883,1024,1024,1,1.0
2022-09-24T16:14:42,rec.4.tanh-dense.4.relu,2344,35,1.015859842300415,0.5,0.1,128,16,71680,3930028908,4.143662452697754,1024,1024,1,1.0
2022-09-24T16:14:44,suffix.4-dense.4.relu,5380,133,2.0084917545318604,0.2,0.1,128,32,544768,3930028908,3.7549410462379456,1024,1024,1,1.0
2022-09-24T16:14:47,suffix.2-dense.16.relu-attention.2.pos,12592,28,1.0178096294403076,0.2,0.1,128,64,229376,3930028908,3.938334107398987,1024,1024,1,1.0
2022-09-24T16:14:51,suffix.2-rec.8.relu-suffix.2,8520,95,4.035616636276245,0.5,0.1,128,2048,24903680,3930028908,3.4871132373809814,1024,1024,1,1.0
2022-09-24T16:14:54,dense.4.tanh-suffix.2-rec.2.relu,1818,75,2.0127034187316895,0.5,0.1,128,32,307200,3930028908,4.397367238998413,1024,1024,1,1.0
2022-09-24T16:14:55,dense.8.tanh-suffix.2-rec.2.relu,2862,30,1.0003101825714111,0.5,0.1,128,32,122880,3930028908,4.50614869594574,1024,1024,1,1.0
2022-09-24T16:15:12,suffix.2-dense.16.relu,12560,653,16.012587547302246,0.5,0.1,128,512,42795008,3930028908,3.258786141872406,1024,1024,1,1.0
2022-09-24T16:15:14,attention.2-rec.2.tanh-suffix.2-rec.2.relu,1300,18,1.0087294578552246,0.5,0.1,128,512,1179648,3930028908,4.599878549575806,1024,1024,1,1.0
2022-09-24T16:15:17,rec.2.tanh-suffix.2-dense.4.relu,1818,76,2.0145559310913086,0.5,0.1,128,32,311296,3930028908,3.9908085465431213,1024,1024,1,1.0
2022-09-24T16:15:19,suffix.4-dense.32.relu-attention.2.pos,41312,22,1.0081202983856201,0.5,0.1,128,512,1441792,3930028908,3.956288158893585,1024,1024,1,1.0
2022-09-24T16:15:24,suffix.2-rec.8.relu-attention.2.pos,6488,150,4.002268552780151,0.2,0.1,128,128,2457600,3930028908,3.4416157603263855,1024,1024,1,1.0
2022-09-24T16:15:25,dense.4.tanh-suffix.2-dense.1.relu,1549,29,1.016573429107666,0.5,0.1,128,32,118784,3930028908,4.81674861907959,1024,1024,1,1.0
2022-09-24T16:15:34,attention.4-rec.32.tanh-dense.32.relu,18752,302,8.009098052978516,0.2,0.1,128,256,9895936,3930028908,3.1718347668647766,1024,1024,1,1.0
2022-09-24T16:15:37,rec.4.tanh-dense.4.relu,2344,85,2.00167179107666,0.5,0.1,128,16,174080,3930028908,4.105562686920166,1024,1024,1,1.0
2022-09-24T16:15:39,attention.2.pos-dense.32.relu-dense.32.relu,18240,23,1.0007812976837158,0.2,0.1,128,64,188416,3930028908,4.607608795166016,1024,1024,1,1.0
2022-09-24T16:15:41,suffix.2-rec.8.tanh-dense.4.relu,5484,28,1.017240047454834,0.5,0.1,128,256,917504,3930028908,4.098605275154114,1024,1024,1,1.0
2022-09-24T16:15:43,suffix.2-rec.4.tanh-suffix.2-rec.8.relu,4508,59,2.0138349533081055,0.5,0.1,128,256,1933312,3930028908,4.136609196662903,1024,1024,1,1.0
2022-09-24T16:15:48,rec.2.tanh-suffix.2-dense.8.relu,2862,165,4.003136396408081,0.5,0.1,128,32,675840,3930028908,3.8315354585647583,1024,1024,1,1.0
2022-09-24T16:15:50,dense.1.tanh-suffix.2-dense.2.relu,1031,31,1.015967845916748,0.5,0.1,128,512,2031616,3930028908,4.614902973175049,1024,1024,1,1.0
2022-09-24T16:15:52,suffix.2-rec.16.tanh-dense.32.relu,17456,68,2.0162367820739746,0.2,0.1,128,256,2228224,3930028908,3.2964380383491516,1024,1024,1,1.0
2022-09-24T16:15:54,suffix.4-dense.32.relu-dense.32.relu,42304,28,1.0032591819763184,0.5,0.1,128,512,1835008,3930028908,3.8265453577041626,1024,1024,1,1.0
2022-09-24T16:16:03,suffix.2-rec.32.tanh-suffix.2-dense.64.relu,38240,286,8.007931232452393,0.2,0.1,128,256,9371648,3930028908,2.813560903072357,1024,1024,1,1.0
2022-09-24T16:16:04,dense.8.tanh-suffix.2-rec.4.tanh,3420,30,1.0122411251068115,0.5,0.1,128,32,122880,3930028908,4.673089385032654,1024,1024,1,1.0
2022-09-24T16:16:09,rec.32.tanh-dense.32.relu,18752,168,4.015298843383789,0.2,0.1,128,128,2752512,3930028908,3.0492483973503113,1024,1024,1,1.0
2022-09-24T16:16:12,rec.32.tanh-dense.16.relu,14128,72,2.0030109882354736,0.2,0.1,128,256,2359296,3930028908,3.257077217102051,1024,1024,1,1.0
2022-09-24T16:16:13,suffix.4-rec.1.tanh,1538,34,1.010305643081665,0.5,0.1,128,1024,4456448,3930028908,4.418911337852478,1024,1024,1,1.0
2022-09-24T16:16:15,suffix.4-rec.16.tanh-dense.32.relu,25648,29,1.0051610469818115,0.2,0.1,128,128,475136,3930028908,3.496288478374481,1024,1024,1,1.0
2022-09-24T16:17:20,rec.4.tanh-suffix.2-rec.4.relu,2376,2174,64.03300929069519,0.5,0.1,128,512,142475264,3930028908,3.7439061999320984,1024,1024,1,1.0
2022-09-24T16:17:22,dense.32.relu,16672,143,2.0060036182403564,0.2,0.1,128,64,1171456,3930028908,3.72293484210968,1024,1024,1,1.0
2022-09-24T16:17:24,suffix.2-dense.32.tanh-suffix.2,33056,43,1.0033447742462158,0.5,0.1,128,128,704512,3930028908,3.412800371646881,1024,1024,1,1.0
2022-09-24T16:17:40,rec.32.tanh-dense.32.relu,18752,664,16.012629747390747,0.2,0.1,128,256,21757952,3930028908,2.8960297107696533,1024,1024,1,1.0
2022-09-24T16:17:42,suffix.4-dense.32.relu,41248,43,1.0059700012207031,0.5,0.1,128,512,2818048,3930028908,3.1859285831451416,1024,1024,1,1.0
2022-09-24T16:17:46,rec.32.tanh-dense.16.relu,14128,161,4.018352270126343,0.2,0.1,128,256,5275648,3930028908,3.1208157539367676,1024,1024,1,1.0
2022-09-24T16:17:49,rec.1.relu,770,108,2.0064475536346436,0.5,0.1,128,1024,14155776,3930028908,4.48803186416626,1024,1024,1,1.0
2022-09-24T16:17:50,rec.4.tanh-dense.2.relu,1822,37,1.017319679260254,0.5,0.1,128,16,75776,3930028908,4.388669729232788,1024,1024,1,1.0
2022-09-24T16:17:52,attention.2.pos-dense.8.relu-suffix.2,6920,31,1.0168499946594238,0.5,0.1,128,64,253952,3930028908,4.828126549720764,1024,1024,1,1.0
2022-09-24T16:17:55,suffix.4-dense.32.relu,41248,98,2.0141921043395996,0.5,0.1,128,512,6422528,3930028908,3.0585773587226868,1024,1024,1,1.0
2022-09-24T16:18:04,rec.16.tanh-dense.32.relu,13360,335,8.018819808959961,0.2,0.1,128,256,10977280,3930028908,3.0778273344039917,1024,1024,1,1.0
2022-09-24T16:18:05,suffix.4-dense.32.tanh,41248,42,1.0013713836669922,0.5,0.1,128,512,2752512,3930028908,3.2678646445274353,1024,1024,1,1.0
2022-09-24T16:18:10,rec.16.tanh-dense.16.relu,8992,161,4.017165899276733,0.2,0.1,128,256,5275648,3930028908,3.236941635608673,1024,1024,1,1.0
2022-09-24T16:18:11,rec.4.tanh,2324,50,1.0034620761871338,0.5,0.1,128,8,51200,3930028908,4.033802032470703,1024,1024,1,1.0
2022-09-24T16:18:14,suffix.2-rec.32.tanh-dense.64.relu,36192,69,2.0054476261138916,0.5,0.1,128,256,2260992,3930028908,4.798051476478577,1024,1024,1,1.0
2022-09-24T16:18:16,attention.4-rec.16.tanh-dense.32.relu,13360,29,1.0084724426269531,0.2,0.1,128,128,475136,3930028908,4.2575523853302,1024,1024,1,1.0
2022-09-24T16:18:48,suffix.2-rec.4.relu,3348,1296,32.00947856903076,0.5,0.1,128,1024,169869312,3930028908,3.7476648092269897,1024,1024,1,1.0
2022-09-24T16:18:50,dense.2.tanh-suffix.2,1794,56,1.0117640495300293,0.5,0.1,128,32,229376,3930028908,4.031333804130554,1024,1024,1,1.0
2022-09-24T16:18:52,rec.4.tanh,2324,118,2.00793194770813,0.5,0.1,128,8,120832,3930028908,3.936091959476471,1024,1024,1,1.0
2022-09-24T16:18:57,suffix.2-dense.4.relu,3332,244,4.0087995529174805,0.2,0.1,128,256,7995392,3930028908,3.7067787051200867,1024,1024,1,1.0
2022-09-24T16:18:59,attention.4-dense.32.tanh,16672,41,1.0182883739471436,0.5,0.1,128,512,2686976,3930028908,3.973160743713379,1024,1024,1,1.0
2022-09-24T16:19:02,attention.4.pos-dense.32.relu,17696,63,2.006652355194092,0.5,0.1,128,512,4128768,3930028908,4.835776448249817,1024,1024,1,1.0
2022-09-24T16:19:03,suffix.2-rec.16.tanh-dense.32.relu,17456,31,1.0119743347167969,0.2,0.1,128,128,507904,3930028908,3.5947954654693604,1024,1024,1,1.0
2022-09-24T16:19:12,suffix.4-dense.4.tanh,5380,570,8.002817869186401,0.5,0.1,128,128,9338880,3930028908,3.603427529335022,1024,1024,1,1.0
2022-09-24T16:19:14,suffix.2-rec.8.tanh-suffix.2,8520,37,1.0014419555664062,0.2,0.1,128,64,303104,3930028908,3.943678379058838,1024,1024,1,1.0
2022-09-24T16:19:16,suffix.4-dense.32.relu-dense.64.relu,51552,80,2.009183645248413,0.5,0.1,128,256,2621440,3930028908,3.7694488167762756,1024,1024,1,1.0
2022-09-24T16:19:18,suffix.4-rec.8.tanh-dense.32.relu,17000,31,1.012925624847412,0.2,0.1,128,128,507904,3930028908,3.6492429971694946,1024,1024,1,1.0
2022-09-24T16:19:22,rec.1.relu,770,238,4.004610538482666,0.5,0.1,128,1024,31195136,3930028908,4.328248023986816,1024,1024,1,1.0
2022-09-24T16:19:39,suffix.2-rec.1.tanh-suffix.2,1282,922,16.016436338424683,0.5,0.1,128,128,15106048,3930028908,4.304680109024048,1024,1024,1,1.0
2022-09-24T16:19:41,suffix.4-dense.32.relu-rec.16.relu,37936,30,1.0027973651885986,0.2,0.1,128,128,491520,3930028908,3.7669782638549805,1024,1024,1,1.0
2022-09-24T16:19:43,rec.1.relu,770,130,2.0062291622161865,0.2,0.1,128,512,8519680,3930028908,4.39686918258667,1024,1024,1,1.0
2022-09-24T16:19:45,rec.2.tanh,1286,50,1.008589506149292,0.5,0.1,128,8,51200,3930028908,4.323209166526794,1024,1024,1,1.0
2022-09-24T16:21:53,rec.2.relu,1286,4621,128.0295946598053,0.2,0.1,128,512,302841856,3930028908,3.964365065097809,1024,1024,1,1.0
2022-09-24T16:21:55,suffix.4-rec.32.relu,42272,19,1.024195671081543,0.5,0.1,128,512,1245184,3930028908,nan,1024,1024,1,1.0
2022-09-24T16:21:58,rec.32.tanh-rec.16.relu,14384,47,2.025718927383423,0.2,0.1,128,256,1540096,3930028908,3.5043219923973083,1024,1024,1,1.0
2022-09-24T16:22:02,suffix.2-rec.4.tanh,3348,82,4.019365310668945,0.5,0.1,128,2048,21495808,3930028908,3.7217050194740295,1024,1024,1,1.0
2022-09-24T16:22:04,suffix.4-dense.8.relu-dense.8.relu,10576,27,1.0066030025482178,0.5,0.1,128,512,1769472,3930028908,3.916355609893799,1024,1024,1,1.0
2022-09-24T16:22:13,suffix.2-rec.16.relu-suffix.2-dense.64.relu,27216,224,8.000559091567993,0.2,0.1,128,128,3670016,3930028908,3.0598724484443665,1024,1024,1,1.0
2022-09-24T16:22:14,suffix.4-dense.8.relu,10504,45,1.008824110031128,0.5,0.1,128,512,2949120,3930028908,3.5115670561790466,1024,1024,1,1.0
2022-09-24T16:22:17,attention.4-dense.4.relu,2308,120,2.002687931060791,0.2,0.1,128,32,491520,3930028908,4.3339293003082275,1024,1024,1,1.0
2022-09-24T16:22:19,suffix.4-dense.32.tanh-attention.2,41248,26,1.0159714221954346,0.5,0.1,128,512,1703936,3930028908,3.673449158668518,1024,1024,1,1.0
2022-09-24T16:22:24,gru.8.relu-suffix.2,10712,101,4.025042295455933,0.2,0.1,128,512,6619136,3930028908,3.4865273237228394,1024,1024,1,1.0
2022-09-24T16:22:26,attention.2.pos-dense.16.relu-suffix.2,13072,28,1.0099728107452393,0.2,0.1,128,64,229376,3930028908,4.61688506603241,1024,1024,1,1.0
2022-09-24T16:22:29,suffix.2-mgru.2,2828,50,2.0244765281677246,0.5,0.1,128,512,3276800,3930028908,4.089545845985413,1024,1024,1,1.0
2022-09-24T16:22:31,attention.2-dense.2.tanh,1282,39,1.0120482444763184,1.0,0.1,128,512,2555904,3930028908,4.267462849617004,1024,1024,1,1.0
2022-09-24T16:22:34,rec.32.tanh-rec.32.tanh,19776,64,2.018364667892456,0.2,0.1,128,256,2097152,3930028908,3.31304931640625,1024,1024,1,1.0
2022-09-24T16:22:35,rec.4.tanh-dense.1.relu,1561,36,1.003645896911621,0.5,0.1,128,16,73728,3930028908,4.518657684326172,1024,1024,1,1.0
2022-09-24T16:22:40,rec.4.tanh,2324,238,4.02208948135376,0.5,0.1,128,8,243712,3930028908,3.889688730239868,1024,1024,1,1.0
2022-09-24T16:22:41,rec.4.tanh,2324,53,1.0054128170013428,0.2,0.1,128,16,108544,3930028908,4.358782052993774,1024,1024,1,1.0
2022-09-24T16:22:50,suffix.2-rec.8.relu-suffix.2,8520,325,8.000560283660889,0.5,0.1,128,512,21299200,3930028908,3.463418126106262,1024,1024,1,1.0
2022-09-24T16:22:53,rec.16.tanh-dense.16.relu,8992,76,2.002371311187744,0.2,0.1,128,256,2490368,3930028908,3.4090020060539246,1024,1024,1,1.0
2022-09-24T16:22:55,attention.2.pos-dense.16.relu-suffix.2,13072,18,1.0051321983337402,0.5,0.1,128,1024,2359296,3930028908,4.8820788860321045,1024,1024,1,1.0
2022-09-24T16:23:11,rec.4.tanh-dense.2.relu,1822,585,16.02183699607849,0.5,0.1,128,128,9584640,3930028908,3.8853800892829895,1024,1024,1,1.0
2022-09-24T16:23:13,dense.2.relu-suffix.2,1794,54,1.0068917274475098,0.5,0.1,128,32,221184,3930028908,4.325298070907593,1024,1024,1,1.0
2022-09-24T16:23:15,rec.32.relu-dense.16.relu,14128,73,2.022305965423584,0.2,0.1,128,256,2392064,3930028908,3.3649045825004578,1024,1024,1,1.0
2022-09-24T16:23:17,suffix.2-dense.16.relu-suffix.2,16656,50,1.0079755783081055,0.1,0.1,128,64,409600,3930028908,4.214664816856384,1024,1024,1,1.0
2022-09-24T16:23:22,rec.16.tanh-dense.32.relu,13360,169,4.011677026748657,0.2,0.1,128,128,2768896,3930028908,3.1767388582229614,1024,1024,1,1.0
2022-09-24T16:23:23,suffix.4-rec.16.tanh,21008,35,1.0118179321289062,0.5,0.1,128,512,2293760,3930028908,3.7713907957077026,1024,1024,1,1.0
2022-09-24T16:23:26,attention.2-rec.32.tanh-dense.16.relu,14128,68,2.004490613937378,0.2,0.1,128,256,2228224,3930028908,3.487623393535614,1024,1024,1,1.0
2022-09-24T16:23:28,suffix.4-dense.32.tanh,41248,28,1.0192713737487793,0.5,0.1,128,1024,3670016,3930028908,3.419048309326172,1024,1024,1,1.0
2022-09-24T16:24:00,rec.4.tanh-dense.2.relu,1822,1139,32.020049810409546,0.5,0.1,128,128,18661376,3930028908,4.190937757492065,1024,1024,1,1.0
2022-09-24T16:24:03,rec.8.tanh-dense.16.relu,6616,74,2.0051488876342773,0.2,0.1,128,256,2424832,3930028908,3.547784149646759,1024,1024,1,1.0
2022-09-24T16:24:05,rec.2.tanh-suffix.2-rec.2.relu,1300,26,1.019322395324707,0.5,0.1,128,256,851968,3930028908,4.465016603469849,1024,1024,1,1.0
2022-09-24T16:24:09,suffix.4-dense.32.relu-dense.64.relu,51552,149,4.014061212539673,0.2,0.1,128,512,9764864,3930028908,2.9268417954444885,1024,1024,1,1.0
2022-09-24T16:24:11,suffix.2-rec.8.tanh-rec.4.tanh,5500,27,1.0087804794311523,0.5,0.1,128,128,442368,3930028908,4.176340818405151,1024,1024,1,1.0
2022-09-24T16:24:20,dense.4.tanh-suffix.2-dense.4.relu,2344,399,8.008471250534058,0.5,0.1,128,32,1634304,3930028908,3.880889654159546,1024,1024,1,1.0
2022-09-24T16:24:22,rec.2.tanh-suffix.2-rec.2.relu,1300,66,2.00750994682312,0.5,0.1,128,256,2162688,3930028908,4.301232933998108,1024,1024,1,1.0
2022-09-24T16:24:29,suffix.4-mgru.4,9512,19,1.0246977806091309,0.5,0.1,128,512,1245184,3930028908,4.453964471817017,1024,1024,1,1.0
2022-09-24T16:24:31,rec.4.tanh,2324,49,1.0080962181091309,1.0,0.1,128,16,100352,3930028908,4.19601845741272,1024,1024,1,1.0
2022-09-24T16:24:35,rec.16.tanh-rec.16.relu,9248,152,4.005267381668091,0.2,0.1,128,128,2490368,3930028908,3.2921772599220276,1024,1024,1,1.0
2022-09-24T16:24:38,rec.4.tanh-dense.16.relu,5476,65,2.0026769638061523,0.2,0.1,128,256,2129920,3930028908,3.751314878463745,1024,1024,1,1.0
2022-09-24T16:24:40,suffix.2-rec.16.tanh-attention.2.pos,12848,20,1.0193843841552734,0.5,0.1,128,64,163840,3930028908,4.485133051872253,1024,1024,1,1.0
2022-09-24T16:33:13,rec.2.tanh-suffix.2-dense.4.relu,1818,12723,512.0032551288605,0.5,0.1,128,512,833814528,3930028908,3.8688677549362183,1024,1024,1,1.0
2022-09-24T16:33:14,rec.2.tanh,1286,28,1.0251107215881348,1.0,0.1,128,16,57344,3930028908,4.627694606781006,1024,1024,1,1.0
2022-09-24T16:33:17,suffix.2-rec.2.relu,1798,74,2.0055248737335205,0.2,0.1,128,32,303104,3930028908,4.333748817443848,1024,1024,1,1.0
2022-09-24T16:33:19,suffix.2-dense.8.tanh-gru.8.tanh,6816,14,1.0205135345458984,0.5,0.1,128,64,114688,3930028908,4.522661328315735,1024,1024,1,1.0
2022-09-24T16:33:36,suffix.2-dense.8.tanh-suffix.2-dense.8.relu,6544,458,16.01763677597046,0.5,0.1,128,256,15007744,3930028908,3.4391454458236694,1024,1024,1,1.0
2022-09-24T16:33:45,suffix.4-dense.4.relu,5380,483,8.025699138641357,0.5,0.1,128,256,15826944,3930028908,3.586631715297699,1024,1024,1,1.0
2022-09-24T16:33:46,rec.4.tanh-attention.2,2324,31,1.0116348266601562,0.5,0.1,128,16,63488,3930028908,4.082804560661316,1024,1024,1,1.0
2022-09-24T16:33:49,suffix.2-rec.8.tanh-dense.64.relu,21384,59,2.0044407844543457,0.2,0.1,128,256,1933312,3930028908,3.3573845624923706,1024,1024,1,1.0
2022-09-24T16:33:54,rec.4.tanh-dense.16.relu,5476,160,4.013490915298462,0.2,0.1,128,256,5242880,3930028908,3.608646869659424,1024,1024,1,1.0
2022-09-24T16:33:56,suffix.4-dense.32.tanh,41248,39,1.0006513595581055,1.0,0.1,128,512,2555904,3930028908,24.274807929992676,1024,1024,1,1.0
2022-09-24T16:33:57,attention.2-rec.4.tanh,2324,41,1.0049335956573486,0.5,0.1,128,256,1343488,3930028908,3.900182008743286,1024,1024,1,1.0
2022-09-24T16:34:00,rec.32.tanh-dense.8.relu,11816,64,2.000617504119873,0.2,0.1,128,256,2097152,3930028908,3.4637292623519897,1024,1024,1,1.0
2022-09-24T16:34:02,suffix.2-dense.32.relu,24864,55,1.0029642581939697,0.2,0.1,128,16,112640,3930028908,3.458562135696411,1024,1024,1,1.0
2022-09-24T16:34:07,rec.16.tanh-dense.8.relu,6808,161,4.009763956069946,0.2,0.1,128,256,5275648,3930028908,3.3781652450561523,1024,1024,1,1.0
2022-09-24T16:34:09,rec.2.relu-suffix.2-dense.4.relu,1818,70,2.0110459327697754,0.5,0.1,128,512,4587520,3930028908,4.806912899017334,1024,1024,1,1.0
2022-09-24T16:34:11,suffix.4-dense.32.relu,41248,44,1.0101985931396484,0.5,0.1,128,512,2883584,3930028908,3.2076101303100586,1024,1024,1,1.0
2022-09-24T16:35:15,rec.2.tanh-suffix.2,1798,2203,64.01597142219543,0.2,0.1,128,256,72187904,3930028908,3.9479953050613403,1024,1024,1,1.0
2022-09-24T16:35:17,suffix.2-dense.32.relu,24864,56,1.000711441040039,0.5,0.1,128,64,458752,3930028908,3.3491069078445435,1024,1024,1,1.0
2022-09-24T16:35:19,suffix.2-dense.32.relu,24864,134,2.0132617950439453,0.2,0.1,128,16,274432,3930028908,3.3198827505111694,1024,1024,1,1.0
2022-09-24T16:35:21,suffix.4-dense.32.tanh,41248,43,1.0168240070343018,0.5,0.1,128,512,2818048,3930028908,3.2742000818252563,1024,1024,1,1.0
2022-09-24T16:35:30,suffix.2-dense.4.tanh-attention.4,3332,356,8.01829719543457,0.5,0.1,128,512,23330816,3930028908,3.705628216266632,1024,1024,1,1.0
2022-09-24T16:35:32,attention.4-dense.8.tanh-attention.2,4360,25,1.0089519023895264,0.5,0.1,128,512,1638400,3930028908,4.375848770141602,1024,1024,1,1.0
2022-09-24T16:35:37,rec.8.tanh-dense.32.relu,10856,171,4.000494480133057,0.2,0.1,128,128,2801664,3930028908,3.3159815669059753,1024,1024,1,1.0
2022-09-24T16:35:39,suffix.2-dense.32.tanh,24864,114,2.0145983695983887,0.2,0.1,128,256,3735552,3930028908,3.2648048400878906,1024,1024,1,1.0
2022-09-24T16:35:41,suffix.2-dense.32.relu,24864,58,1.005234718322754,0.5,0.1,128,64,475136,3930028908,3.365434408187866,1024,1024,1,1.0
2022-09-24T16:35:42,rec.4.tanh,2324,52,1.0102412700653076,0.5,0.1,128,16,106496,3930028908,3.975793242454529,1024,1024,1,1.0
2022-09-24T16:35:45,suffix.2-rec.32.tanh-dense.64.relu,36192,67,2.0029654502868652,0.2,0.1,128,256,2195456,3930028908,3.096774995326996,1024,1024,1,1.0
2022-09-24T16:35:50,rec.1.relu,770,286,4.003029108047485,0.2,0.1,128,512,18743296,3930028908,4.318973064422607,1024,1024,1,1.0
2022-09-24T16:35:51,suffix.4-dense.32.tanh,41248,57,1.0119798183441162,0.2,0.1,128,128,933888,3930028908,3.331172525882721,1024,1024,1,1.0
2022-09-24T16:36:08,attention.4.pos-dense.16.tanh,9488,708,16.01914930343628,0.5,0.1,128,256,23199744,3930028908,5.246411919593811,1024,1024,1,1.0
2022-09-24T16:36:10,suffix.4-dense.32.relu-rec.32.tanh,43328,32,1.020862102508545,0.2,0.1,128,128,524288,3930028908,3.471148908138275,1024,1024,1,1.0
2022-09-24T16:36:12,rec.16.tanh-rec.8.relu,6872,67,2.0124714374542236,0.2,0.1,128,256,2195456,3930028908,3.6254594326019287,1024,1024,1,1.0
2022-09-24T16:36:14,attention.2-rec.2.tanh,1286,42,1.0042445659637451,1.0,0.1,128,256,1376256,3930028908,4.468811511993408,1024,1024,1,1.0
2022-09-24T16:36:23,attention.2.pos-rec.32.tanh-suffix.2-dense.64.relu,30560,231,8.016125917434692,0.2,0.1,128,256,7569408,3930028908,3.5261531472206116,1024,1024,1,1.0
2022-09-24T16:36:25,suffix.4-dense.32.tanh-attention.2.pos,41312,28,1.0122923851013184,0.2,0.1,128,128,458752,3930028908,3.5945575833320618,1024,1024,1,1.0
2022-09-24T16:36:28,rec.32.tanh-dense.16.tanh,14128,72,2.0031638145446777,0.2,0.1,128,256,2359296,3930028908,3.387815773487091,1024,1024,1,1.0
2022-09-24T16:36:33,rec.32.tanh-rec.8.relu,11880,141,4.016037702560425,0.2,0.1,128,256,4620288,3930028908,3.2868064045906067,1024,1024,1,1.0
2022-09-24T16:36:35,suffix.2-gru.32.relu,60768,17,1.0154054164886475,0.5,0.1,128,256,557056,3930028908,nan,1024,1024,1,1.0
2022-09-24T16:37:07,suffix.2-dense.8.tanh-suffix.2,8456,1858,32.00276756286621,0.5,0.1,128,256,60882944,3930028908,3.35582435131073,1024,1024,1,1.0
2022-09-24T16:37:09,suffix.2-rec.16.tanh,12816,43,1.0092239379882812,0.2,0.1,128,16,88064,3930028908,3.826851725578308,1024,1024,1,1.0
2022-09-24T16:37:12,attention.4.pos-dense.32.relu-dense.64.relu,28000,48,2.003680467605591,0.2,0.1,128,512,3145728,3930028908,4.428353905677795,1024,1024,1,1.0
2022-09-24T16:37:14,suffix.2-dense.16.tanh-attention.2.pos-dense.16.relu,12864,21,1.009310245513916,0.5,0.1,128,64,172032,3930028908,4.549158334732056,1024,1024,1,1.0
2022-09-24T16:37:19,attention.2.pos-dense.4.tanh,2820,72,4.0431435108184814,0.5,0.1,128,2048,18874368,3930028908,4.7963056564331055,1024,1024,1,1.0
2022-09-24T16:37:22,suffix.4-dense.32.relu-attention.2.pos-dense.64.relu,51616,53,2.0001919269561768,0.2,0.1,128,256,1736704,3930028908,3.2402204871177673,1024,1024,1,1.0
2022-09-24T16:37:24,attention.4.pos-dense.32.tanh,17696,17,1.0271008014678955,0.5,0.1,128,1024,2228224,3930028908,9.196600437164307,1024,1024,1,1.0
2022-09-24T16:37:33,suffix.4-dense.1.relu,1537,715,8.001689672470093,0.5,0.1,128,64,5857280,3930028908,4.7720924615859985,1024,1024,1,1.0
2022-09-24T16:37:35,mgru.4-dense.4.relu,3388,20,1.0105345249176025,0.5,0.1,128,256,655360,3930028908,4.335103273391724,1024,1024,1,1.0
2022-09-24T16:37:37,suffix.4-rec.16.tanh-dense.64.relu,34384,61,2.022940158843994,0.2,0.1,128,512,3997696,3930028908,3.1019333004951477,1024,1024,1,1.0
2022-09-24T16:37:39,suffix.2-mgru.16,21280,26,1.0195538997650146,0.5,0.1,128,64,212992,3930028908,3.8018946051597595,1024,1024,1,1.0
2022-09-24T16:37:44,attention.4-dense.2.relu,1282,278,4.010438680648804,0.5,0.1,128,64,2277376,3930028908,4.309913635253906,1024,1024,1,1.0
2022-09-24T16:37:46,suffix.4-dense.32.tanh,41248,58,1.0082156658172607,0.1,0.1,128,128,950272,3930028908,3.640773355960846,1024,1024,1,1.0
2022-09-24T16:37:49,suffix.4-mgru.16,37664,53,2.0035793781280518,0.5,0.1,128,512,3473408,3930028908,3.5238407254219055,1024,1024,1,1.0
2022-09-24T16:37:51,attention.2-rec.16.relu,8720,40,1.0012764930725098,0.2,0.1,128,128,655360,3930028908,3.968027710914612,1024,1024,1,1.0
2022-09-24T16:38:07,suffix.2-dense.4.tanh-attention.4,3332,733,16.002392530441284,0.5,0.1,128,512,48037888,3930028908,3.7315194606781006,1024,1024,1,1.0
2022-09-24T16:38:09,dense.32.relu,16672,66,1.002995252609253,0.2,0.1,128,16,135168,3930028908,3.7685647010803223,1024,1024,1,1.0
2022-09-24T16:38:12,suffix.4-dense.32.relu-dense.64.tanh,51552,68,2.012937545776367,0.2,0.1,128,512,4456448,3930028908,3.0000736117362976,1024,1024,1,1.0
2022-09-24T16:38:13,suffix.2-dense.64.relu-suffix.2,65856,30,1.0148937702178955,0.5,0.1,128,128,491520,3930028908,3.485838294029236,1024,1024,1,1.0
2022-09-24T16:38:18,rec.8.tanh,4424,251,4.000204801559448,0.5,0.1,128,16,514048,3930028908,3.6690337657928467,1024,1024,1,1.0
2022-09-24T16:38:26,rec.2.tanh-suffix.2-dense.8.relu,2862,351,8.016520738601685,0.5,0.1,128,32,1437696,3930028908,3.7972447872161865,1024,1024,1,1.0
2022-09-24T16:38:28,suffix.2-dense.16.relu,12560,56,1.003242015838623,0.2,0.1,128,128,917504,3930028908,3.5019646286964417,1024,1024,1,1.0
2022-09-24T16:38:31,rec.1.relu-suffix.2,1026,114,2.0092780590057373,0.5,0.1,128,128,1867776,3930028908,4.337660789489746,1024,1024,1,1.0
2022-09-24T16:38:33,attention.2-dense.2.tanh-suffix.2,1794,45,1.0072124004364014,0.5,0.1,128,32,184320,3930028908,4.384497284889221,1024,1024,1,1.0
2022-09-24T16:38:35,attention.2-rec.2.tanh,1286,95,2.0000102519989014,1.0,0.1,128,256,3112960,3930028908,4.145314574241638,1024,1024,1,1.0
2022-09-24T16:38:37,suffix.2-dense.4.tanh-suffix.2,4356,41,1.0059053897857666,0.2,0.1,128,512,2686976,3930028908,4.28330135345459,1024,1024,1,1.0
2022-09-24T16:38:42,attention.2.pos-rec.16.tanh-dense.64.relu,22608,118,4.0065741539001465,0.2,0.1,128,256,3866624,3930028908,3.3398143649101257,1024,1024,1,1.0
2022-09-24T16:38:43,dense.16.relu,8464,60,1.008082389831543,0.2,0.1,128,128,983040,3930028908,3.7562747597694397,1024,1024,1,1.0
2022-09-24T16:38:46,suffix.4-dense.32.tanh-dense.64.tanh,51552,68,2.016183614730835,0.2,0.1,128,512,4456448,3930028908,3.0660388469696045,1024,1024,1,1.0
2022-09-24T16:38:48,rec.8.relu,4424,51,1.0027215480804443,0.2,0.1,128,128,835584,3930028908,3.9270243644714355,1024,1024,1,1.0
2022-09-24T17:12:56,dense.1.relu,769,51847,2048.0146346092224,0.5,0.1,128,256,1698922496,3930028908,4.313329815864563,1024,1024,1,1.0
2022-09-24T17:17:13,rec.2.relu,1286,7035,256.02968096733093,0.2,0.1,128,512,461045760,3930028908,3.971878170967102,1024,1024,1,1.0
2022-09-24T17:17:15,suffix.2-dense.32.tanh,24864,27,1.0282480716705322,0.2,0.1,128,64,221184,3930028908,3.624592125415802,1024,1024,1,1.0
2022-09-24T17:17:18,attention.4-rec.16.tanh-dense.64.relu,22096,47,2.0244157314300537,0.2,0.1,128,512,3080192,3930028908,3.728977620601654,1024,1024,1,1.0
2022-09-24T17:17:19,suffix.2-rec.32.tanh,25888,42,1.0014653205871582,0.2,0.1,128,64,344064,3930028908,3.479694187641144,1024,1024,1,1.0
2022-09-24T17:17:25,attention.4.pos-dense.32.relu-dense.64.relu,28000,91,4.040072917938232,0.2,0.1,128,512,5963776,3930028908,4.0055989027023315,1024,1024,1,1.0
2022-09-24T17:17:33,suffix.2-rec.16.tanh-suffix.4,25104,264,8.00587272644043,0.2,0.1,128,256,8650752,3930028908,3.0896177887916565,1024,1024,1,1.0
2022-09-24T17:17:35,dense.8.tanh,4360,55,1.0066912174224854,0.5,0.1,128,32,225280,3930028908,3.842131793498993,1024,1024,1,1.0
2022-09-24T17:17:37,rec.16.tanh-dense.32.relu,13360,73,2.01700758934021,0.2,0.1,128,256,2392064,3930028908,3.345952033996582,1024,1024,1,1.0
2022-09-24T17:17:39,suffix.4-dense.8.relu,10504,44,1.0154800415039062,0.5,0.1,128,512,2883584,3930028908,3.521125912666321,1024,1024,1,1.0
2022-09-24T17:17:56,suffix.2-rec.8.tanh-suffix.2,8520,583,16.026746034622192,0.2,0.1,128,256,19103744,3930028908,3.328894555568695,1024,1024,1,1.0
2022-09-24T17:17:57,suffix.4-rec.4.tanh,5396,42,1.0060532093048096,0.2,0.1,128,64,344064,3930028908,4.257343888282776,1024,1024,1,1.0
2022-09-24T17:18:00,rec.4.tanh-attention.2,2324,85,2.0127415657043457,0.5,0.1,128,16,174080,3930028908,3.906020402908325,1024,1024,1,1.0
2022-09-24T17:18:05,attention.2-rec.2.tanh,1286,206,4.014350652694702,1.0,0.1,128,256,6750208,3930028908,4.4218480587005615,1024,1024,1,1.0
2022-09-24T17:18:07,suffix.4-dense.8.relu,10504,52,1.014362096786499,1.0,0.1,128,256,1703936,3930028908,4.532021760940552,1024,1024,1,1.0
2022-09-24T17:18:10,attention.2-rec.2.tanh-suffix.2-dense.4.relu,1818,61,2.0105838775634766,0.5,0.1,128,512,3997696,3930028908,4.256543278694153,1024,1024,1,1.0
2022-09-24T17:18:12,suffix.2-rec.32.relu-attention.2.pos,25952,26,1.0024280548095703,0.2,0.1,128,64,212992,3930028908,3.937664747238159,1024,1024,1,1.0
2022-09-24T17:18:45,suffix.2-dense.4.tanh-attention.4,3332,1142,32.031877756118774,0.5,0.1,128,512,74842112,3930028908,3.708662450313568,1024,1024,1,1.0
2022-09-24T17:18:47,rec.4.tanh-attention.4.pos,2340,28,1.0036213397979736,0.5,0.1,128,64,229376,3930028908,4.029933393001556,1024,1024,1,1.0
2022-09-24T17:18:55,suffix.4-dense.32.relu-dense.64.relu,51552,306,8.008482694625854,0.2,0.1,128,512,20054016,3930028908,2.8453694581985474,1024,1024,1,1.0
2022-09-24T17:18:58,suffix.8-dense.32.relu-dense.64.tanh,84320,56,2.027968645095825,0.2,0.1,128,512,3670016,3930028908,3.191966712474823,1024,1024,1,1.0
2022-09-24T17:19:00,suffix.8-dense.32.relu,74016,58,1.011049747467041,0.2,0.1,128,64,475136,3930028908,3.2837759852409363,1024,1024,1,1.0
2022-09-24T17:19:04,rec.8.tanh-dense.8.relu,4496,165,4.0111894607543945,0.2,0.1,128,256,5406720,3930028908,3.48587566614151,1024,1024,1,1.0
2022-09-24T17:19:06,mgru.2-attention.4.pos,1812,16,1.0167560577392578,0.5,0.1,128,64,131072,3930028908,4.6330589056015015,1024,1024,1,1.0
2022-09-24T17:19:09,dense.16.relu,8464,136,2.0049476623535156,0.2,0.1,128,128,2228224,3930028908,3.7048929929733276,1024,1024,1,1.0
2022-09-24T17:19:10,suffix.8-rec.32.relu,75040,42,1.015030860900879,0.2,0.1,128,128,688128,3930028908,3.408985197544098,1024,1024,1,1.0
2022-09-24T17:19:15,suffix.4-dense.4.relu,5380,215,4.001426696777344,0.2,0.1,128,512,14090240,3930028908,3.625496983528137,1024,1024,1,1.0
2022-09-24T17:19:17,attention.2-dense.8.tanh-attention.2.pos,4376,23,1.025024652481079,0.5,0.1,128,512,1507328,3930028908,4.0290287733078,1024,1024,1,1.0
2022-09-24T17:19:20,suffix.4-dense.32.relu-suffix.2-dense.64.tanh,53600,63,2.0113680362701416,0.2,0.1,128,512,4128768,3930028908,3.042417526245117,1024,1024,1,1.0
2022-09-24T17:19:22,attention.8-dense.32.relu,16672,52,1.0120229721069336,0.2,0.1,128,64,425984,3930028908,4.4068087339401245,1024,1024,1,1.0
2022-09-24T17:20:27,rec.4.tanh-suffix.2-gru.4.relu,2480,1376,64.05067753791809,0.5,0.1,128,512,90177536,3930028908,3.6494210958480835,1024,1024,1,1.0
2022-09-24T17:20:28,suffix.2-dense.8.relu,6408,55,1.0128865242004395,0.2,0.1,128,128,901120,3930028908,3.6543701887130737,1024,1024,1,1.0
2022-09-24T17:20:31,rec.8.tanh-dense.8.relu,4496,79,2.0253143310546875,0.2,0.1,128,256,2588672,3930028908,3.720316529273987,1024,1024,1,1.0
2022-09-24T17:20:33,suffix.8-dense.16.relu,37136,53,1.0018258094787598,0.2,0.1,128,64,434176,3930028908,3.4366345405578613,1024,1024,1,1.0
2022-09-24T17:20:41,rec.1.relu,770,587,8.008185625076294,0.2,0.1,128,512,38469632,3930028908,4.316329717636108,1024,1024,1,1.0
2022-09-24T17:20:46,rec.2.tanh-suffix.2-rec.2.relu,1300,139,4.010486602783203,0.5,0.1,128,256,4554752,3930028908,4.771244525909424,1024,1024,1,1.0
2022-09-24T17:20:48,attention.8.pos-dense.16.relu,10512,33,1.0034925937652588,0.2,0.1,128,64,270336,3930028908,4.623931527137756,1024,1024,1,1.0
2022-09-24T17:20:51,attention.2.pos-mgru.8,7056,46,2.0188355445861816,0.5,0.1,128,256,1507328,3930028908,4.825077414512634,1024,1024,1,1.0
2022-09-24T17:20:52,suffix.4-dense.32.relu-suffix.2,49440,39,1.0099117755889893,0.5,0.1,128,512,2555904,3930028908,3.3755465745925903,1024,1024,1,1.0
2022-09-24T17:21:09,suffix.2-dense.8.relu-suffix.2,8456,1003,16.010966062545776,0.2,0.1,128,128,16433152,3930028908,3.353616237640381,1024,1024,1,1.0
2022-09-24T17:21:11,attention.8-rec.32.relu,17696,37,1.0113422870635986,0.2,0.1,128,128,606208,3930028908,4.491724729537964,1024,1024,1,1.0
2022-09-24T17:21:14,rec.4.tanh-attention.4.pos,2340,78,2.0083088874816895,0.5,0.1,128,64,638976,3930028908,3.853196084499359,1024,1024,1,1.0
2022-09-24T17:21:19,suffix.2-rec.8.tanh-dense.64.relu,21384,150,4.007181882858276,0.2,0.1,128,256,4915200,3930028908,3.1760016083717346,1024,1024,1,1.0
2022-09-24T17:21:21,attention.2.pos-dense.8.relu,4872,35,1.016181468963623,0.2,0.1,128,128,573440,3930028908,4.6152870655059814,1024,1024,1,1.0
2022-09-24T17:21:23,suffix.2-rec.4.relu,3348,103,2.013753652572632,0.5,0.1,128,16,210944,3930028908,3.970017671585083,1024,1024,1,1.0
2022-09-24T17:21:25,suffix.4-rec.4.relu,5396,46,1.0128209590911865,0.5,0.1,128,64,376832,3930028908,3.8929484486579895,1024,1024,1,1.0
2022-09-24T17:21:33,suffix.4-dense.1.relu,1537,409,8.008103847503662,0.5,0.1,128,1024,53608448,3930028908,4.309073448181152,1024,1024,1,1.0
2022-09-24T17:21:35,rec.4.relu-attention.2.pos,2332,32,1.017488956451416,0.5,0.1,128,128,524288,3930028908,4.4300758838653564,1024,1024,1,1.0
2022-09-24T17:21:38,attention.8.pos-dense.32.relu-attention.2.pos,18784,47,2.0057365894317627,0.2,0.1,128,256,1540096,3930028908,4.54441773891449,1024,1024,1,1.0
2022-09-24T17:21:40,suffix.2-rec.4.relu,3348,47,1.0083305835723877,0.5,0.1,128,64,385024,3930028908,4.237489223480225,1024,1024,1,1.0
2022-09-24T17:21:45,rec.16.relu-attention.2.pos,8752,138,4.005046844482422,0.2,0.1,128,512,9043968,3930028908,3.505320429801941,1024,1024,1,1.0
2022-09-24T17:21:47,suffix.8-dense.32.relu-attention.2,74016,35,1.0195891857147217,0.2,0.1,128,128,573440,3930028908,3.5115450620651245,1024,1024,1,1.0
2022-09-24T17:21:50,rec.4.tanh-dense.1.relu,1561,102,2.0119059085845947,0.5,0.1,128,16,208896,3930028908,4.384074330329895,1024,1024,1,1.0
2022-09-24T17:21:51,suffix.2-dense.32.relu-suffix.4,49440,39,1.01478910446167,0.5,0.1,128,512,2555904,3930028908,3.452637493610382,1024,1024,1,1.0
2022-09-24T17:24:00,rec.2.tanh,1286,4891,128.02079486846924,0.5,0.1,128,64,40067072,3930028908,4.050394654273987,1024,1024,1,1.0
2022-09-24T17:24:02,suffix.2-dense.16.relu-dense.16.relu,12832,18,1.0079870223999023,0.2,0.1,128,128,294912,3930028908,4.160243511199951,1024,1024,1,1.0
2022-09-24T17:24:05,attention.4-dense.8.relu-dense.32.relu,10792,53,2.033088445663452,0.2,0.1,128,256,1736704,3930028908,4.170699954032898,1024,1024,1,1.0
2022-09-24T17:24:09,suffix.2-rec.8.tanh-suffix.4,12616,135,4.0188775062561035,0.2,0.1,128,256,4423680,3930028908,3.3962974548339844,1024,1024,1,1.0
2022-09-24T17:24:12,attention.2.pos-dense.4.tanh,2820,13,1.0545668601989746,0.5,0.1,128,2048,3407872,3930028908,4.968984007835388,1024,1024,1,1.0
2022-09-24T17:24:20,rec.32.tanh-rec.32.relu,19776,235,8.03607702255249,0.2,0.1,128,256,7700480,3930028908,3.0534172654151917,1024,1024,1,1.0
2022-09-24T17:24:22,suffix.2-dense.16.relu,12560,54,1.0067689418792725,0.5,0.1,128,128,884736,3930028908,3.4096445441246033,1024,1024,1,1.0
2022-09-24T17:24:25,suffix.2-dense.8.tanh-attention.2.pos,6424,62,2.0056185722351074,0.5,0.1,128,512,4063232,3930028908,3.4298306107521057,1024,1024,1,1.0
2022-09-24T17:24:27,attention.2-rec.32.tanh,17696,44,1.0111782550811768,0.2,0.1,128,64,360448,3930028908,3.764095962047577,1024,1024,1,1.0
2022-09-24T17:24:43,suffix.2-dense.16.relu,12560,704,16.007349014282227,0.2,0.1,128,32,2883584,3930028908,3.2919952869415283,1024,1024,1,1.0
2022-09-24T17:24:48,suffix.4-dense.4.relu,5380,272,4.006098031997681,0.2,0.1,128,128,4456448,3930028908,3.6494871973991394,1024,1024,1,1.0
2022-09-24T17:24:50,suffix.8-dense.32.relu,74016,54,1.0133883953094482,0.1,0.1,128,128,884736,3930028908,3.644603133201599,1024,1024,1,1.0
2022-09-24T17:24:52,rec.16.tanh-rec.16.tanh,9248,67,2.009997844696045,0.2,0.1,128,256,2195456,3930028908,3.6050930619239807,1024,1024,1,1.0
2022-09-24T17:24:54,dense.4.tanh-attention.4,2308,32,1.0203337669372559,0.5,0.1,128,512,2097152,3930028908,4.154068350791931,1024,1024,1,1.0
2022-09-24T17:24:57,rec.4.tanh,2324,118,2.000338554382324,1.0,0.1,128,16,241664,3930028908,4.473475337028503,1024,1024,1,1.0
2022-09-24T17:24:58,suffix.2-dense.8.tanh,6408,56,1.0039682388305664,0.2,0.1,128,128,917504,3930028908,3.780285954475403,1024,1024,1,1.0
2022-09-24T17:25:31,suffix.2-rec.4.tanh,3348,687,32.02695345878601,0.5,0.1,128,2048,180092928,3930028908,3.6474137902259827,1024,1024,1,1.0
2022-09-24T17:25:33,suffix.2-dense.8.relu,6408,50,1.0103285312652588,0.2,0.1,128,256,1638400,3930028908,3.7013943791389465,1024,1024,1,1.0
2022-09-24T17:25:37,suffix.4-dense.32.relu-suffix.2-dense.64.tanh,53600,132,4.021268844604492,0.2,0.1,128,512,8650752,3930028908,2.917002022266388,1024,1024,1,1.0
2022-09-24T17:25:40,rec.2.tanh-attention.4.pos,1294,73,2.010718584060669,0.5,0.1,128,64,598016,3930028908,4.077881574630737,1024,1024,1,1.0
2022-09-24T17:25:42,suffix.2-dense.8.relu-dense.8.relu,6480,33,1.001960277557373,0.2,0.1,128,128,540672,3930028908,4.111015558242798,1024,1024,1,1.0
2022-09-24T17:25:51,rec.16.tanh-rec.16.relu,9248,316,8.00846004486084,0.2,0.1,128,128,5177344,3930028908,3.2399668097496033,1024,1024,1,1.0
2022-09-24T17:25:52,suffix.4-dense.32.relu,41248,54,1.0119285583496094,0.5,0.1,128,128,884736,3930028908,3.267063081264496,1024,1024,1,1.0
2022-09-24T17:25:55,suffix.8-dense.16.relu,37136,123,2.001107931137085,0.2,0.1,128,64,1007616,3930028908,3.266634166240692,1024,1024,1,1.0
2022-09-24T17:25:56,suffix.2-rec.4.tanh,3348,44,1.0032081604003906,0.2,0.1,128,128,720896,3930028908,4.232508897781372,1024,1024,1,1.0
2022-09-24T17:26:01,rec.4.tanh-attention.2,2324,186,4.014508485794067,0.5,0.1,128,16,380928,3930028908,3.8585574626922607,1024,1024,1,1.0
2022-09-24T17:26:03,suffix.2-dense.8.relu,6408,52,1.004120111465454,0.1,0.1,128,128,851968,3930028908,4.331050276756287,1024,1024,1,1.0
2022-09-24T17:26:06,suffix.2-rec.4.relu-suffix.2,4372,78,2.005242109298706,0.5,0.1,128,512,5111808,3930028908,3.7094841599464417,1024,1024,1,1.0
2022-09-24T17:26:08,rec.2.relu-attention.4,1286,24,1.0001647472381592,0.5,0.1,128,512,1572864,3930028908,4.476749539375305,1024,1024,1,1.0
2022-09-24T17:26:24,suffix.2-rec.4.tanh-suffix.2,4372,713,16.02704906463623,0.2,0.1,128,512,46727168,3930028908,3.5339446663856506,1024,1024,1,1.0
2022-09-24T17:26:27,rec.1.tanh-suffix.2-dense.4.relu,1550,77,2.0266361236572266,0.5,0.1,128,32,315392,3930028908,4.3327202796936035,1024,1024,1,1.0
2022-09-24T17:26:28,suffix.2-dense.4.relu,3332,51,1.001915693283081,0.5,0.1,128,16,104448,3930028908,3.990947902202606,1024,1024,1,1.0
2022-09-24T17:26:33,suffix.2-rec.32.tanh-dense.64.relu,36192,134,4.023130893707275,0.2,0.1,128,512,8781824,3930028908,2.9410590529441833,1024,1024,1,1.0
2022-09-24T17:26:35,suffix.4-dense.32.relu,41248,53,1.0004100799560547,0.5,0.1,128,128,868352,3930028908,3.2086644172668457,1024,1024,1,1.0
2022-09-24T17:26:43,suffix.2-rec.32.tanh-dense.64.relu,36192,280,8.005821466445923,0.2,0.1,128,512,18350080,3930028908,2.835633933544159,1024,1024,1,1.0
2022-09-24T17:26:46,suffix.4-rec.8.tanh-dense.64.relu,25480,61,2.014962673187256,0.2,0.1,128,512,3997696,3930028908,3.2850019931793213,1024,1024,1,1.0
2022-09-24T17:26:48,suffix.4-dense.32.relu-attention.2.pos,41312,28,1.0196876525878906,0.5,0.1,128,128,458752,3930028908,4.025269031524658,1024,1024,1,1.0
2022-09-24T17:26:50,suffix.2-mgru.2,2828,25,1.0000338554382324,0.5,0.1,128,16,51200,3930028908,4.327758073806763,1024,1024,1,1.0
2022-09-24T17:26:53,suffix.4-dense.2.relu,2818,137,2.0061023235321045,0.2,0.1,128,32,561152,3930028908,4.130591630935669,1024,1024,1,1.0
2022-09-24T17:26:57,rec.32.tanh-rec.16.tanh,14384,152,4.026738166809082,0.2,0.1,128,128,2490368,3930028908,3.19114226102829,1024,1024,1,1.0
2022-09-24T17:26:59,suffix.2-dense.8.relu,6408,55,1.013242483139038,0.2,0.1,128,128,901120,3930028908,3.7091171741485596,1024,1024,1,1.0
2022-09-24T17:27:01,suffix.4-rec.16.tanh,21008,46,1.0160601139068604,0.5,0.1,128,128,753664,3930028908,3.874774694442749,1024,1024,1,1.0
2022-09-24T17:27:03,suffix.2-dense.4.tanh,3332,104,2.001743793487549,0.5,0.1,128,512,6815744,3930028908,3.6940094232559204,1024,1024,1,1.0
2022-09-24T17:27:05,suffix.2-rec.8.relu-dense.16.relu,8664,29,1.0037834644317627,0.5,0.1,128,128,475136,3930028908,4.167372703552246,1024,1024,1,1.0
2022-09-24T17:27:13,rec.32.tanh-rec.16.tanh,14384,318,8.019770860671997,0.2,0.1,128,128,5210112,3930028908,3.080983340740204,1024,1024,1,1.0
2022-09-24T17:27:19,attention.4-dense.8.tanh-attention.2,4360,180,4.001929521560669,0.5,0.1,128,256,5898240,3930028908,4.154290556907654,1024,1024,1,1.0
2022-09-24T17:27:20,suffix.2-dense.16.tanh-rec.8.relu,10712,26,1.005732536315918,0.5,0.1,128,512,1703936,3930028908,4.350041747093201,1024,1024,1,1.0
2022-09-24T17:27:23,attention.4-dense.32.relu-suffix.2-dense.64.tanh,29024,63,2.002669334411621,0.2,0.1,128,512,4128768,3930028908,3.7619035840034485,1024,1024,1,1.0
2022-09-24T17:27:25,attention.2-rec.16.relu,8720,38,1.0189290046691895,0.5,0.1,128,256,1245184,3930028908,3.9068645238876343,1024,1024,1,1.0
2022-09-24T17:27:58,dense.4.tanh,2308,1491,32.02042579650879,1.0,0.1,128,256,48857088,3930028908,3.902144730091095,1024,1024,1,1.0
2022-09-24T17:28:00,rec.2.tanh-suffix.2-rec.2.tanh,1300,67,2.000153064727783,0.5,0.1,128,32,274432,3930028908,4.187334418296814,1024,1024,1,1.0
2022-09-24T17:28:02,attention.2-dense.1.tanh,769,56,1.0012178421020508,1.0,0.1,128,512,3670016,3930028908,4.483443021774292,1024,1024,1,1.0
2022-09-24T17:28:04,suffix.4-rec.16.relu,21008,43,1.005784511566162,0.5,0.1,128,256,1409024,3930028908,3.574433743953705,1024,1024,1,1.0
2022-09-24T17:28:08,suffix.4-dense.32.tanh-dense.64.tanh,51552,148,4.021515607833862,0.2,0.1,128,512,9699328,3930028908,2.9046377539634705,1024,1024,1,1.0
2022-09-24T17:28:11,suffix.2-rec.2.relu-dense.4.relu,2322,77,2.0068180561065674,0.5,0.1,128,64,630784,3930028908,4.281708240509033,1024,1024,1,1.0
2022-09-24T17:28:13,suffix.2-dense.16.relu,12560,55,1.0062451362609863,0.2,0.1,128,128,901120,3930028908,3.541174352169037,1024,1024,1,1.0
2022-09-24T17:28:29,suffix.2-dense.4.tanh-dense.8.relu,4396,681,16.011868715286255,0.5,0.1,128,512,44630016,3930028908,3.5522665977478027,1024,1024,1,1.0
2022-09-24T17:28:31,dense.16.tanh-attention.2,8464,24,1.0058002471923828,0.5,0.1,128,1024,3145728,3930028908,3.717856705188751,1024,1024,1,1.0
2022-09-24T17:28:34,suffix.2-dense.4.tanh-dense.2.relu,2830,90,2.005988121032715,0.5,0.1,128,64,737280,3930028908,4.482828855514526,1024,1024,1,1.0
2022-09-24T17:28:36,suffix.4-dense.32.relu,41248,55,1.004547357559204,0.5,0.1,128,128,901120,3930028908,3.268649637699127,1024,1024,1,1.0
2022-09-24T17:28:44,suffix.2-dense.4.tanh,3332,454,8.00694489479065,0.5,0.1,128,512,29753344,3930028908,3.646428883075714,1024,1024,1,1.0
2022-09-24T17:28:49,rec.1.relu-suffix.2,1026,250,4.009839773178101,0.5,0.1,128,128,4096000,3930028908,4.264537692070007,1024,1024,1,1.0
2022-09-24T17:28:51,suffix.2-dense.8.tanh-attention.2.pos,6424,29,1.010673999786377,0.5,0.1,128,32,118784,3930028908,3.74599552154541,1024,1024,1,1.0
2022-09-24T17:28:53,suffix.4-rec.16.relu-dense.64.tanh,34384,60,2.027460813522339,0.2,0.1,128,512,3932160,3930028908,3.252854883670807,1024,1024,1,1.0
2022-09-24T17:28:55,attention.4-dense.32.relu-suffix.2,24864,37,1.004523754119873,0.5,0.1,128,512,2424832,3930028908,4.136655926704407,1024,1024,1,1.0
2022-09-24T17:30:00,suffix.2-dense.4.tanh,3332,1704,64.02031350135803,0.5,0.1,128,2048,446693376,3930028908,3.640398383140564,1024,1024,1,1.0
2022-09-24T17:30:02,suffix.4-rec.16.relu-suffix.2,25104,34,1.001661777496338,0.5,0.1,128,512,2228224,3930028908,nan,1024,1024,1,1.0
2022-09-24T17:30:04,suffix.2-rec.16.tanh-rec.32.tanh,18480,61,2.009185314178467,0.2,0.1,128,256,1998848,3930028908,3.3629117608070374,1024,1024,1,1.0
2022-09-24T17:30:06,suffix.2-mgru.8,10640,27,1.023909091949463,0.2,0.1,128,64,221184,3930028908,4.156055212020874,1024,1024,1,1.0
2022-09-24T17:30:11,suffix.4-rec.32.tanh-dense.128.relu,71072,145,4.000662803649902,0.2,0.1,128,256,4751360,3930028908,2.914068579673767,1024,1024,1,1.0
2022-09-24T17:30:18,rec.8.relu-attention.2,4424,1,5.619539976119995,0.5,0.1,128,1024,131072,3930028908,6.745322227478027,1024,1024,1,1.0
2022-09-24T17:30:19,suffix.2-dense.16.relu,12560,43,1.0018517971038818,0.2,0.1,128,512,2818048,3930028908,3.5777745842933655,1024,1024,1,1.0
2022-09-24T17:30:22,suffix.4-dense.32.relu-dense.64.tanh-attention.2,51552,51,2.003739595413208,0.2,0.1,128,512,3342336,3930028908,3.201744496822357,1024,1024,1,1.0
2022-09-24T17:30:24,suffix.2-rec.16.tanh-dense.16.relu,13088,29,1.0091173648834229,0.5,0.1,128,128,475136,3930028908,4.791560888290405,1024,1024,1,1.0
2022-09-24T17:30:33,suffix.2-dense.4.tanh,3332,217,8.018474817276001,0.5,0.1,128,2048,56885248,3930028908,3.640500545501709,1024,1024,1,1.0
2022-09-24T17:30:35,attention.2-dense.16.relu,8464,42,1.006756067276001,0.2,0.1,128,512,2752512,3930028908,3.957250416278839,1024,1024,1,1.0
2022-09-24T17:30:37,attention.2-dense.1.tanh,769,131,2.00496768951416,1.0,0.1,128,512,8585216,3930028908,4.399737596511841,1024,1024,1,1.0
2022-09-24T17:30:42,rec.8.tanh-dense.4.relu,3436,159,4.00807523727417,0.2,0.1,128,256,5210112,3930028908,3.6851919889450073,1024,1024,1,1.0
2022-09-24T17:30:44,suffix.2-dense.8.tanh-attention.2,6408,22,1.0129938125610352,0.5,0.1,128,1024,2883584,3930028908,3.9182437658309937,1024,1024,1,1.0
2022-09-24T17:30:47,suffix.4-dense.32.relu-dense.64.tanh-dense.64.relu,55712,52,2.0245137214660645,0.2,0.1,128,512,3407872,3930028908,3.1477814316749573,1024,1024,1,1.0
2022-09-24T17:30:49,suffix.8-dense.32.relu,74016,55,1.0099103450775146,0.5,0.1,128,128,901120,3930028908,3.6058143973350525,1024,1024,1,1.0
2022-09-24T17:31:05,rec.32.tanh-rec.16.tanh,14384,644,16.01043128967285,0.2,0.1,128,128,10551296,3930028908,3.0297383666038513,1024,1024,1,1.0
2022-09-24T17:31:07,rec.8.relu-attention.2,4424,24,1.0093598365783691,0.5,0.1,128,1024,3145728,3930028908,4.115554928779602,1024,1024,1,1.0
2022-09-24T17:31:10,rec.32.tanh-suffix.2-dense.16.relu,14640,58,2.008507251739502,0.2,0.1,128,256,1900544,3930028908,3.3419395089149475,1024,1024,1,1.0
2022-09-24T17:31:11,suffix.4-dense.8.relu,10504,52,1.0086820125579834,0.5,0.1,128,256,1703936,3930028908,3.564807891845703,1024,1024,1,1.0
2022-09-24T17:31:17,rec.16.tanh-gru.16.relu,10304,93,4.014509439468384,0.2,0.1,128,128,1523712,3930028908,3.298513889312744,1024,1024,1,1.0
2022-09-24T17:31:19,suffix.2-dense.16.tanh-lstm.16,14672,12,1.008392572402954,0.5,0.1,128,128,196608,3930028908,596.763671875,1024,1024,1,1.0
2022-09-24T17:31:21,suffix.4-rec.2.tanh,2822,62,2.00040864944458,0.5,0.1,128,1024,8126464,3930028908,4.062531590461731,1024,1024,1,1.0
2022-09-24T17:31:30,rec.1.relu-suffix.2,1026,518,8.007107973098755,0.5,0.1,128,128,8486912,3930028908,4.284868121147156,1024,1024,1,1.0
2022-09-24T17:31:31,suffix.4-dense.32.relu-suffix.2,49440,43,1.0047862529754639,0.2,0.1,128,128,704512,3930028908,3.3401915431022644,1024,1024,1,1.0
2022-09-24T17:31:36,attention.2-dense.1.tanh,769,291,4.0009050369262695,1.0,0.1,128,512,19070976,3930028908,4.444715976715088,1024,1024,1,1.0
2022-09-24T17:31:38,suffix.4-dense.32.tanh-suffix.2,49440,43,1.0117101669311523,0.2,0.1,128,128,704512,3930028908,3.391771912574768,1024,1024,1,1.0
2022-09-24T17:31:41,suffix.4-dense.32.relu-dense.64.tanh,51552,48,2.0002360343933105,0.2,0.1,128,1024,6291456,3930028908,3.101005494594574,1024,1024,1,1.0
2022-09-24T17:31:42,rec.2.tanh-suffix.2-rec.1.relu,1036,29,1.0038130283355713,0.5,0.1,128,256,950272,3930028908,4.833341360092163,1024,1024,1,1.0
2022-09-24T17:31:45,rec.4.tanh-attention.2,2324,74,2.0214011669158936,1.0,0.1,128,512,4849664,3930028908,3.8561487197875977,1024,1024,1,1.0
2022-09-24T17:31:47,suffix.4-dense.32.relu-suffix.2,49440,45,1.0044372081756592,0.2,0.1,128,64,368640,3930028908,3.3285216093063354,1024,1024,1,1.0
2022-09-24T17:32:19,suffix.4-dense.4.relu,5380,1771,32.029932260513306,0.2,0.1,128,512,116064256,3930028908,3.527830183506012,1024,1024,1,1.0
2022-09-24T17:32:21,attention.4-dense.32.relu-suffix.2,24864,46,1.0059547424316406,0.2,0.1,128,64,376832,3930028908,4.153817653656006,1024,1024,1,1.0
2022-09-24T17:32:26,rec.4.tanh-attention.2,2324,164,4.019307613372803,1.0,0.1,128,512,10747904,3930028908,3.9465033411979675,1024,1024,1,1.0
2022-09-24T17:32:29,attention.2.pos-dense.8.tanh,4872,92,2.0115582942962646,0.2,0.1,128,64,753664,3930028908,4.233975291252136,1024,1024,1,1.0
2022-09-24T17:32:31,suffix.4-dense.32.relu-suffix.2,49440,50,1.0043494701385498,0.2,0.1,128,32,204800,3930028908,3.3853368759155273,1024,1024,1,1.0
2022-09-24T17:32:39,rec.8.tanh-dense.4.relu,3436,343,8.010000467300415,0.2,0.1,128,256,11239424,3930028908,3.5961300134658813,1024,1024,1,1.0
2022-09-24T17:32:41,suffix.8-dense.8.relu,18696,56,1.006110429763794,0.2,0.1,128,64,458752,3930028908,3.741743266582489,1024,1024,1,1.0
2022-09-24T17:32:43,rec.1.relu-dense.1.relu,772,112,2.002805233001709,0.5,0.1,128,128,1835008,3930028908,4.812558650970459,1024,1024,1,1.0
2022-09-24T17:32:45,suffix.4-dense.32.tanh-suffix.2,49440,47,1.0087478160858154,0.2,0.1,128,64,385024,3930028908,3.3747249245643616,1024,1024,1,1.0
2022-09-24T17:32:50,suffix.2-rec.16.tanh-attention.4.pos,12880,138,4.023530960083008,0.2,0.1,128,256,4521984,3930028908,3.291044056415558,1024,1024,1,1.0
2022-09-24T17:32:52,suffix.2-rec.4.tanh,3348,47,1.014233112335205,0.5,0.1,128,32,192512,3930028908,3.8734527826309204,1024,1024,1,1.0
2022-09-24T17:32:55,rec.2.tanh-attention.2,1286,89,2.007396936416626,0.5,0.1,128,16,182272,3930028908,4.138406276702881,1024,1024,1,1.0
2022-09-24T17:32:56,suffix.2-dense.8.tanh-suffix.2,8456,39,1.001680612564087,0.5,0.1,128,512,2555904,3930028908,3.542702794075012,1024,1024,1,1.0
2022-09-24T17:33:13,rec.2.tanh-suffix.2-dense.8.relu,2862,724,16.021036863327026,0.5,0.1,128,32,2965504,3930028908,3.867676317691803,1024,1024,1,1.0
2022-09-24T17:33:14,dense.4.tanh,2308,62,1.004638671875,0.5,0.1,128,32,253952,3930028908,4.020303905010223,1024,1024,1,1.0
2022-09-24T17:33:17,rec.32.tanh-dense.16.relu-attention.2,14128,54,2.014573812484741,0.2,0.1,128,256,1769472,3930028908,3.414231538772583,1024,1024,1,1.0
2022-09-24T17:33:26,rec.32.tanh-rec.8.relu,11880,297,8.00226616859436,0.2,0.1,128,256,9732096,3930028908,3.135800540447235,1024,1024,1,1.0
2022-09-24T17:33:28,dense.2.relu-attention.2.pos,1286,27,1.0163025856018066,0.5,0.1,128,512,1769472,3930028908,4.6048301458358765,1024,1024,1,1.0
2022-09-24T17:33:33,rec.32.tanh-dense.16.relu,14128,167,4.001741170883179,0.2,0.1,128,128,2736128,3930028908,3.1825950741767883,1024,1024,1,1.0
2022-09-24T17:33:34,suffix.4-dense.32.relu-suffix.2-dense.64.relu,53600,30,1.0191574096679688,0.2,0.1,128,64,245760,3930028908,3.5029601454734802,1024,1024,1,1.0
2022-09-24T17:33:37,attention.8-dense.16.relu,8464,117,2.0014164447784424,0.2,0.1,128,64,958464,3930028908,4.229933977127075,1024,1024,1,1.0
2022-09-24T17:33:39,suffix.4-rec.16.tanh-suffix.2,25104,42,1.004361867904663,0.2,0.1,128,64,344064,3930028908,3.5562124252319336,1024,1024,1,1.0
2022-09-24T17:33:42,suffix.2-dense.8.tanh-attention.2.pos-dense.8.relu,6496,52,2.0285067558288574,0.5,0.1,128,512,3407872,3930028908,4.1157190799713135,1024,1024,1,1.0
2022-09-24T17:33:44,attention.8-dense.8.relu,4360,50,1.004523515701294,0.2,0.1,128,64,409600,3930028908,4.4892578125,1024,1024,1,1.0
2022-09-24T17:33:49,rec.16.tanh-rec.8.relu,6872,145,4.000283241271973,0.2,0.1,128,256,4751360,3930028908,3.3908159136772156,1024,1024,1,1.0
2022-09-24T17:33:50,suffix.2-dense.8.relu,6408,54,1.0115966796875,0.5,0.1,128,64,442368,3930028908,3.6434122920036316,1024,1024,1,1.0
2022-09-24T17:33:53,dense.4.tanh-attention.2,2308,97,2.000718116760254,0.5,0.1,128,32,397312,3930028908,3.9297596216201782,1024,1024,1,1.0
2022-09-24T17:33:55,suffix.4-dense.32.relu-rec.32.tanh,43328,32,1.013096809387207,0.2,0.1,128,64,262144,3930028908,3.6253973245620728,1024,1024,1,1.0
2022-09-24T17:34:04,rec.32.tanh-mgru.32,21856,212,8.006454706192017,0.2,0.1,128,256,6946816,3930028908,2.9712319374084473,1024,1024,1,1.0
2022-09-24T17:34:20,rec.16.tanh-rec.16.relu,9248,666,16.005379676818848,0.2,0.1,128,128,10911744,3930028908,3.204788386821747,1024,1024,1,1.0
2022-09-24T17:34:22,attention.2-dense.8.tanh-attention.2.pos,4376,27,1.006946086883545,0.5,0.1,128,32,110592,3930028908,4.057280421257019,1024,1024,1,1.0
2022-09-24T17:34:25,rec.4.tanh-attention.2.pos,2332,65,2.013167142868042,0.5,0.1,128,512,4259840,3930028908,3.780835211277008,1024,1024,1,1.0
2022-09-24T17:34:30,rec.4.tanh-dense.8.relu,3388,164,4.015033006668091,0.2,0.1,128,256,5373952,3930028908,3.6813206672668457,1024,1024,1,1.0
2022-09-24T17:34:32,suffix.8-dense.32.tanh,74016,56,1.003298044204712,0.2,0.1,128,64,458752,3930028908,3.321951746940613,1024,1024,1,1.0
2022-09-24T17:34:33,suffix.2-dense.8.tanh-suffix.2-dense.16.relu,8728,29,1.0236318111419678,0.5,0.1,128,512,1900544,3930028908,3.8380271196365356,1024,1024,1,1.0
2022-09-24T17:34:36,attention.2.pos-dense.8.relu,4872,52,2.024397134780884,0.2,0.1,128,1024,6815744,3930028908,4.498825192451477,1024,1024,1,1.0
2022-09-24T17:34:38,suffix.4-dense.8.tanh-suffix.2,12552,39,1.01458740234375,0.5,0.1,128,512,2555904,3930028908,3.601356863975525,1024,1024,1,1.0
2022-09-24T17:34:43,attention.2-dense.16.tanh,8464,226,4.014804363250732,0.5,0.1,128,512,14811136,3930028908,3.568920850753784,1024,1024,1,1.0
2022-09-24T17:34:44,suffix.2-dense.8.tanh-suffix.2,8456,42,1.0033483505249023,0.5,0.1,128,512,2752512,3930028908,3.513224720954895,1024,1024,1,1.0
2022-09-24T17:34:47,suffix.8-dense.32.tanh,74016,132,2.010006904602051,0.2,0.1,128,64,1081344,3930028908,3.1389557123184204,1024,1024,1,1.0
2022-09-24T17:35:19,rec.32.tanh-rec.16.tanh,14384,1305,32.02093553543091,0.2,0.1,128,128,21381120,3930028908,2.984220862388611,1024,1024,1,1.0
2022-09-24T17:35:22,attention.8.pos-dense.32.tanh,18720,33,1.0010499954223633,0.2,0.1,128,64,270336,3930028908,4.670585513114929,1024,1024,1,1.0
2022-09-24T17:35:31,suffix.2-mgru.16-suffix.2-dense.64.relu,35680,204,8.01888108253479,0.2,0.1,128,256,6684672,3930028908,2.8639004826545715,1024,1024,1,1.0
2022-09-24T17:35:32,suffix.4-rec.16.tanh,21008,48,1.0116922855377197,0.5,0.1,128,64,393216,3930028908,3.709471881389618,1024,1024,1,1.0
2022-09-24T17:35:35,suffix.2-rec.32.tanh-dense.32.relu,26944,75,2.01194429397583,0.2,0.1,128,128,1228800,3930028908,3.221441328525543,1024,1024,1,1.0
2022-09-24T17:35:37,suffix.2-dense.8.tanh-suffix.2,8456,43,1.00565505027771,0.5,0.1,128,512,2818048,3930028908,3.526078999042511,1024,1024,1,1.0
2022-09-24T17:35:42,rec.16.tanh-gru.8.tanh,7272,96,4.030242204666138,0.2,0.1,128,128,1572864,3930028908,3.5601378083229065,1024,1024,1,1.0
2022-09-24T17:35:45,suffix.2-mgru.16-dense.64.relu,34656,49,2.021815061569214,0.2,0.1,128,128,802816,3930028908,3.2909281849861145,1024,1024,1,1.0
2022-09-24T17:35:46,suffix.4-dense.32.tanh,41248,61,1.0075843334197998,0.2,0.1,128,64,499712,3930028908,3.327725410461426,1024,1024,1,1.0
2022-09-24T17:36:51,suffix.2-rec.4.tanh-attention.2,3348,2312,64.02248573303223,0.5,0.1,128,512,151519232,3930028908,3.6501559019088745,1024,1024,1,1.0
2022-09-24T17:36:53,dense.2.tanh-suffix.2-dense.4.relu,1814,36,1.0057780742645264,0.5,0.1,128,32,147456,3930028908,4.189217805862427,1024,1024,1,1.0
2022-09-24T17:36:56,suffix.4-dense.32.relu-suffix.2,49440,113,2.0066325664520264,0.2,0.1,128,64,925696,3930028908,3.109612286090851,1024,1024,1,1.0
2022-09-24T17:36:57,suffix.4-dense.16.relu,20752,60,1.0056586265563965,0.5,0.1,128,64,491520,3930028908,3.456960678100586,1024,1024,1,1.0
2022-09-24T17:37:02,suffix.4-rec.8.relu-suffix.4,16712,191,4.0062336921691895,0.2,0.1,128,256,6258688,3930028908,3.295294165611267,1024,1024,1,1.0
2022-09-24T17:37:03,suffix.4-dense.32.tanh-dense.32.relu,42304,38,1.011183738708496,0.2,0.1,128,64,311296,3930028908,3.3792471885681152,1024,1024,1,1.0
2022-09-24T17:37:06,rec.16.tanh-suffix.2-dense.16.relu,9248,69,2.014146566390991,0.2,0.1,128,256,2260992,3930028908,3.393037736415863,1024,1024,1,1.0
2022-09-24T17:37:15,rec.32.tanh,17696,438,8.014781951904297,0.2,0.1,128,256,14352384,3930028908,3.0142507553100586,1024,1024,1,1.0
2022-09-24T17:37:17,attention.4.pos-dense.8.tanh-suffix.2,7432,22,1.0068271160125732,0.5,0.1,128,512,1441792,3930028908,4.908918738365173,1024,1024,1,1.0
2022-09-24T17:37:33,suffix.2-dense.2.relu,1794,724,16.002756595611572,0.2,0.1,128,1024,94896128,3930028908,3.9213573336601257,1024,1024,1,1.0
2022-09-24T17:37:35,suffix.2-dense.32.tanh-suffix.4,49440,41,1.00419020652771,0.5,0.1,128,256,1343488,3930028908,3.8725955486297607,1024,1024,1,1.0
2022-09-24T17:37:38,attention.8.pos-dense.32.tanh,18720,88,2.005629062652588,0.2,0.1,128,64,720896,3930028908,4.08113694190979,1024,1024,1,1.0
2022-09-24T17:37:40,suffix.4-rec.4.tanh-suffix.2,6420,33,1.008540391921997,0.5,0.1,128,512,2162688,3930028908,3.813992917537689,1024,1024,1,1.0
2022-09-24T17:37:44,dense.16.relu-dense.16.relu,8736,185,4.002928972244263,0.2,0.1,128,256,6062080,3930028908,3.728773057460785,1024,1024,1,1.0
2022-09-24T17:37:46,rec.1.tanh-suffix.2,1026,47,1.0008292198181152,0.5,0.1,128,32,192512,3930028908,4.355358839035034,1024,1024,1,1.0
2022-09-24T17:37:49,suffix.2-mgru.4-attention.2.pos,5424,41,2.000983476638794,0.5,0.1,128,512,2686976,3930028908,3.7615602612495422,1024,1024,1,1.0
2022-09-24T17:37:51,suffix.4-dense.32.tanh-dense.16.relu,37680,37,1.0114879608154297,0.2,0.1,128,64,303104,3930028908,3.479209303855896,1024,1024,1,1.0
2022-09-24T17:39:59,rec.2.tanh-suffix.2,1798,4842,128.02853202819824,0.2,0.1,128,256,158662656,3930028908,3.9165817499160767,1024,1024,1,1.0
2022-09-24T17:40:02,dense.2.tanh-attention.2,1282,54,2.01241135597229,0.5,0.1,128,32,221184,3930028908,4.1750839948654175,1024,1024,1,1.0
2022-09-24T17:40:04,dense.2.tanh-suffix.2,1794,52,1.0117714405059814,1.0,0.1,128,32,212992,3930028908,4.141639947891235,1024,1024,1,1.0
2022-09-24T17:40:09,suffix.4-dense.32.relu-dense.64.tanh,51552,88,4.020971775054932,0.2,0.1,128,1024,11534336,3930028908,2.9788026809692383,1024,1024,1,1.0
2022-09-24T17:40:11,attention.4.pos-dense.32.tanh-dense.16.relu,14128,20,1.0171611309051514,0.2,0.1,128,64,163840,3930028908,4.878597259521484,1024,1024,1,1.0
2022-09-24T17:40:20,suffix.2-mgru.1-attention.2.pos,1542,216,8.001642942428589,0.5,0.1,128,256,7077888,3930028908,4.221424698829651,1024,1024,1,1.0
2022-09-24T17:40:23,attention.2-rec.8.tanh,4424,88,2.009180784225464,0.5,0.1,128,256,2883584,3930028908,3.675845980644226,1024,1024,1,1.0
2022-09-24T17:40:24,suffix.4-rec.2.tanh-suffix.2,3334,30,1.011096715927124,0.5,0.1,128,512,1966080,3930028908,4.336172699928284,1024,1024,1,1.0
2022-09-24T17:40:26,attention.4.pos-dense.32.tanh-suffix.2,25888,30,1.0125560760498047,0.2,0.1,128,64,245760,3930028908,4.378512978553772,1024,1024,1,1.0
2022-09-24T17:40:32,suffix.2-rec.8.tanh-attention.4.pos,6504,136,4.012449026107788,0.2,0.1,128,256,4456448,3930028908,3.507689118385315,1024,1024,1,1.0
2022-09-24T17:40:34,rec.1.relu,770,140,2.0029642581939697,0.2,0.1,128,128,2293760,3930028908,4.4231754541397095,1024,1024,1,1.0
2022-09-24T17:40:36,suffix.2-rec.4.relu-suffix.2,4372,33,1.0198464393615723,0.5,0.1,128,512,2162688,3930028908,3.9947956204414368,1024,1024,1,1.0
2022-09-24T17:40:52,suffix.4-dense.16.relu-dense.64.tanh,34128,520,16.0038423538208,0.2,0.1,128,256,17039360,3930028908,2.951323628425598,1024,1024,1,1.0
2022-09-24T17:40:54,suffix.4-dense.32.tanh-attention.2,41248,32,1.0121221542358398,0.2,0.1,128,64,262144,3930028908,3.647587537765503,1024,1024,1,1.0
2022-09-24T17:40:57,rec.1.relu,770,148,2.010638952255249,1.0,0.1,128,128,2424832,3930028908,4.504141569137573,1024,1024,1,1.0
2022-09-24T17:40:59,dense.4.tanh-suffix.2-rec.2.tanh,1818,31,1.010587453842163,0.5,0.1,128,32,126976,3930028908,4.399309873580933,1024,1024,1,1.0
2022-09-24T17:41:09,rec.2.tanh-attention.4.pos,1294,173,4.011931657791138,0.5,0.1,128,64,1417216,3930028908,4.029313921928406,1024,1024,1,1.0
2022-09-24T17:41:11,suffix.2-dense.8.tanh-suffix.2,8456,41,1.0093624591827393,0.5,0.1,128,256,1343488,3930028908,3.588981032371521,1024,1024,1,1.0
2022-09-24T17:41:14,attention.4.pos-dense.16.relu-dense.64.tanh,22864,54,2.004176378250122,0.2,0.1,128,256,1769472,3930028908,4.422775030136108,1024,1024,1,1.0
2022-09-24T17:41:23,rec.4.tanh-attention.2,2324,389,8.016533613204956,0.5,0.1,128,16,796672,3930028908,3.8545453548431396,1024,1024,1,1.0
2022-09-24T17:41:25,dense.2.tanh-suffix.2-rec.2.relu,1296,27,1.0041618347167969,0.5,0.1,128,32,110592,3930028908,4.614100337028503,1024,1024,1,1.0
2022-09-24T17:41:27,suffix.4-dense.32.tanh-dense.32.relu,42304,87,2.0089495182037354,0.2,0.1,128,64,712704,3930028908,3.1241701245307922,1024,1024,1,1.0
2022-09-24T17:41:29,attention.2.pos-rec.4.tanh,2836,29,1.0104777812957764,0.5,0.1,128,32,118784,3930028908,4.894983887672424,1024,1024,1,1.0
2022-09-24T17:42:02,suffix.2-dense.2.relu,1794,1064,32.03040599822998,0.2,0.1,128,1024,139460608,3930028908,3.8869933485984802,1024,1024,1,1.0
2022-09-24T17:42:03,rec.1.relu-suffix.2,1026,48,1.0103673934936523,1.0,0.1,128,32,196608,3930028908,4.822378396987915,1024,1024,1,1.0
2022-09-24T17:42:08,rec.2.tanh-suffix.2-rec.2.tanh,1300,151,4.016660213470459,0.5,0.1,128,32,618496,3930028908,4.14609968662262,1024,1024,1,1.0
2022-09-24T17:42:11,attention.4.pos-dense.32.relu-suffix.2,25888,79,2.01096510887146,0.2,0.1,128,64,647168,3930028908,4.217247843742371,1024,1024,1,1.0
2022-09-24T17:42:13,attention.4-rec.4.tanh-suffix.2,3348,31,1.016474723815918,0.5,0.1,128,512,2031616,3930028908,4.232251524925232,1024,1024,1,1.0
2022-09-24T17:42:15,attention.4-dense.32.tanh-dense.32.relu,17728,34,1.0044455528259277,0.2,0.1,128,64,278528,3930028908,4.211831331253052,1024,1024,1,1.0
2022-09-24T17:42:24,suffix.4-dense.32.tanh-dense.64.tanh,51552,301,8.001267910003662,0.2,0.1,128,512,19726336,3930028908,2.8094098567962646,1024,1024,1,1.0
2022-09-24T17:42:26,rec.1.relu-suffix.2,1026,121,2.0044424533843994,1.0,0.1,128,32,495616,3930028908,nan,1024,1024,1,1.0
2022-09-24T17:42:28,dense.8.tanh-suffix.2,6408,49,1.014716625213623,0.5,0.1,128,256,1605632,3930028908,3.6175153255462646,1024,1024,1,1.0
2022-09-24T17:42:33,rec.32.tanh,17696,228,4.009531497955322,0.2,0.1,128,128,3735552,3930028908,3.1462297439575195,1024,1024,1,1.0
2022-09-24T17:42:35,attention.2-dense.8.tanh-suffix.2,6408,41,1.0070488452911377,0.5,0.1,128,256,1343488,3930028908,3.737653911113739,1024,1024,1,1.0
2022-09-24T17:42:37,attention.2-rec.1.relu,770,124,2.0098681449890137,1.0,0.1,128,256,4063232,3930028908,4.820774078369141,1024,1024,1,1.0
2022-09-24T17:42:39,dense.2.tanh-suffix.2-rec.1.relu,1032,32,1.0151152610778809,0.5,0.1,128,32,131072,3930028908,4.829105377197266,1024,1024,1,1.0
2022-09-24T17:42:56,suffix.2-rec.16.tanh-suffix.4,25104,764,16.016528844833374,0.2,0.1,128,256,25034752,3930028908,3.028678834438324,1024,1024,1,1.0
2022-09-24T17:42:58,attention.2.pos-dense.4.relu,2820,33,1.0039005279541016,0.5,0.1,128,16,67584,3930028908,4.769450306892395,1024,1024,1,1.0
2022-09-24T17:43:00,suffix.4-dense.4.relu,5380,102,2.0170092582702637,0.2,0.1,128,512,6684672,3930028908,3.7277438640594482,1024,1024,1,1.0
2022-09-24T17:43:05,rec.16.tanh-rec.4.tanh,5732,145,4.001998662948608,0.2,0.1,128,256,4751360,3930028908,3.655491352081299,1024,1024,1,1.0
2022-09-24T17:43:07,attention.4.pos-dense.32.relu-suffix.2,25888,31,1.0132384300231934,0.2,0.1,128,32,126976,3930028908,4.750436067581177,1024,1024,1,1.0
2022-09-24T17:43:10,suffix.2-mgru.8-attention.2,10640,42,2.0039620399475098,0.5,0.1,128,512,2752512,3930028908,3.5844825506210327,1024,1024,1,1.0
2022-09-24T17:43:12,mgru.1,1028,40,1.0164732933044434,0.5,0.1,128,8,40960,3930028908,4.427838683128357,1024,1024,1,1.0
2022-09-24T17:43:20,rec.8.tanh,4424,508,8.009573459625244,0.5,0.1,128,16,1040384,3930028908,3.6556369066238403,1024,1024,1,1.0
2022-09-24T17:43:22,suffix.4-rec.32.relu-suffix.2,50464,39,1.002012014389038,0.2,0.1,128,64,319488,3930028908,3.4380274415016174,1024,1024,1,1.0
2022-09-24T17:43:27,rec.1.tanh-suffix.2-dense.4.relu,1550,181,4.018547534942627,0.5,0.1,128,32,741376,3930028908,4.464692115783691,1024,1024,1,1.0
2022-09-24T17:43:29,suffix.4-dense.16.relu-suffix.2,24848,114,2.0001580715179443,0.2,0.1,128,64,933888,3930028908,3.2509478330612183,1024,1024,1,1.0
2022-09-24T17:43:31,dense.8.relu-suffix.2,6408,51,1.0065054893493652,0.5,0.1,128,256,1671168,3930028908,3.7827736139297485,1024,1024,1,1.0
2022-09-24T17:43:33,suffix.2-dense.8.tanh-suffix.2,8456,43,1.0143487453460693,0.5,0.1,128,256,1409024,3930028908,3.5602288246154785,1024,1024,1,1.0
2022-09-24T17:43:36,attention.4.pos-dense.32.tanh-dense.32.relu,18752,67,2.0199522972106934,0.2,0.1,128,64,548864,3930028908,4.048868179321289,1024,1024,1,1.0
2022-09-24T17:43:38,dense.2.tanh-suffix.2-gru.2.relu,1324,16,1.0221989154815674,0.5,0.1,128,32,65536,3930028908,4.727684497833252,1024,1024,1,1.0
2022-09-24T17:44:43,mgru.1-attention.4.pos,1032,2103,64.02137517929077,0.5,0.1,128,256,68911104,3930028908,4.2438167333602905,1024,1024,1,1.0
2022-09-24T17:44:47,rec.8.tanh-rec.16.relu,6872,153,4.022676706314087,0.2,0.1,128,128,2506752,3930028908,3.419027626514435,1024,1024,1,1.0
2022-09-24T17:44:49,attention.4.pos-dense.32.relu-dense.32.relu,18752,28,1.0144357681274414,0.2,0.1,128,32,114688,3930028908,4.651114463806152,1024,1024,1,1.0
2022-09-24T17:44:52,suffix.4-dense.8.relu,10504,115,2.002814292907715,0.5,0.1,128,256,3768320,3930028908,3.474411964416504,1024,1024,1,1.0
2022-09-24T17:44:54,rec.1.relu-suffix.2-dense.4.relu,1550,32,1.0081140995025635,0.5,0.1,128,32,131072,3930028908,4.835330128669739,1024,1024,1,1.0
2022-09-24T17:45:03,rec.2.tanh-attention.4.pos,1294,365,8.002189636230469,0.5,0.1,128,64,2990080,3930028908,4.09822940826416,1024,1024,1,1.0
2022-09-24T17:45:04,dense.1.tanh-suffix.2,1025,40,1.0097618103027344,0.5,0.1,128,1024,5242880,3930028908,4.451649308204651,1024,1024,1,1.0
2022-09-24T17:45:07,attention.4.pos-dense.32.relu-suffix.2-dense.64.relu,30048,51,2.0272610187530518,0.2,0.1,128,256,1671168,3930028908,4.541128158569336,1024,1024,1,1.0
2022-09-24T17:45:10,suffix.2-dense.16.tanh-dense.16.relu-attention.2,12832,22,1.0084288120269775,0.5,0.1,128,128,360448,3930028908,4.065842986106873,1024,1024,1,1.0
2022-09-24T17:45:14,suffix.2-rec.8.relu,6472,225,4.016708612442017,0.2,0.1,128,32,921600,3930028908,3.4546228647232056,1024,1024,1,1.0
2022-09-24T17:45:16,dense.8.tanh-suffix.2-dense.16.relu,6680,32,1.0033557415008545,0.5,0.1,128,256,1048576,3930028908,3.803253650665283,1024,1024,1,1.0
2022-09-24T17:45:19,suffix.2-dense.32.relu-suffix.2-dense.64.tanh,37216,66,2.022146701812744,0.2,0.1,128,512,4325376,3930028908,3.0932198762893677,1024,1024,1,1.0
2022-09-24T17:45:35,suffix.2-rec.16.tanh-dense.64.relu,26192,624,16.00606870651245,0.2,0.1,128,256,20447232,3930028908,2.926212728023529,1024,1024,1,1.0
2022-09-24T17:45:37,gru.4.relu-suffix.2,5436,18,1.0099155902862549,0.5,0.1,128,256,589824,3930028908,4.3559030294418335,1024,1024,1,1.0
2022-09-24T17:46:10,attention.2-rec.4.tanh,2324,1925,32.01348662376404,0.5,0.1,128,16,3942400,3930028908,3.8422456979751587,1024,1024,1,1.0
2022-09-24T17:46:12,dense.1.tanh-suffix.2,1025,50,1.014338731765747,0.2,0.1,128,512,3276800,3930028908,4.7233394384384155,1024,1024,1,1.0
2022-09-24T17:46:14,suffix.4-dense.32.relu-dense.64.tanh,51552,68,2.002887725830078,0.1,0.1,128,512,4456448,3930028908,3.251864433288574,1024,1024,1,1.0
2022-09-24T17:46:19,rec.16.tanh,8720,238,4.012118101119995,0.2,0.1,128,128,3899392,3930028908,3.334869861602783,1024,1024,1,1.0
2022-09-24T17:46:21,suffix.8-rec.16.relu,37392,42,1.011000156402588,0.2,0.1,128,64,344064,3930028908,3.6208677291870117,1024,1024,1,1.0
2022-09-24T17:46:23,suffix.4-dense.32.relu-dense.64.tanh,51552,69,2.018496036529541,0.2,0.1,128,512,4521984,3930028908,3.0564058423042297,1024,1024,1,1.0
2022-09-24T17:46:25,attention.2-rec.2.relu,1286,42,1.015052318572998,0.5,0.1,128,128,688128,3930028908,4.52610969543457,1024,1024,1,1.0
2022-09-24T17:46:34,rec.8.tanh-dense.32.relu,10856,358,8.018964529037476,0.2,0.1,128,128,5865472,3930028908,3.2904286980628967,1024,1024,1,1.0
2022-09-24T17:46:35,suffix.4-dense.16.tanh,20752,53,1.003734827041626,0.2,0.1,128,256,1736704,3930028908,3.4453994035720825,1024,1024,1,1.0
2022-09-24T17:46:38,suffix.4-dense.32.relu-rec.64.relu,55648,59,2.0050480365753174,0.2,0.1,128,512,3866624,3930028908,3.1955536007881165,1024,1024,1,1.0
2022-09-24T17:46:40,suffix.2-rec.4.tanh,3348,47,1.0028891563415527,0.5,0.1,128,32,192512,3930028908,3.894617438316345,1024,1024,1,1.0
2022-09-24T17:46:45,attention.4-rec.8.tanh,4424,199,4.013404369354248,0.2,0.1,128,256,6520832,3930028908,3.986957013607025,1024,1024,1,1.0
2022-09-24T17:46:46,suffix.4-rec.16.relu-suffix.2,25104,39,1.0010128021240234,0.2,0.1,128,32,159744,3930028908,3.644491672515869,1024,1024,1,1.0
2022-09-24T17:46:49,suffix.4-dense.32.relu-rec.32.tanh,43328,61,2.0153987407684326,0.2,0.1,128,512,3997696,3930028908,3.230933964252472,1024,1024,1,1.0
2022-09-24T17:46:51,suffix.4-dense.32.tanh-dense.64.relu,51552,37,1.0071024894714355,0.2,0.1,128,64,303104,3930028908,3.2604450583457947,1024,1024,1,1.0
2022-09-24T17:51:08,rec.1.tanh-suffix.2,1026,6330,256.048232793808,0.5,0.1,128,2048,1659371520,3930028908,4.240350008010864,1024,1024,1,1.0
